# Generated by Visualization Toolkit
v 7.756826400756836 -3.2832629680633545 -2.0310235023498535
v 7.432149410247803 -2.8536338806152344 -2.0330162048339844
v 7.433747291564941 -2.8532767295837402 -2.0580790042877197
v 7.4383625984191895 -2.8520941734313965 -2.0827391147613525
v 7.4459228515625 -2.850104808807373 -2.106607675552368
v 7.456308364868164 -2.8473398685455322 -2.1293084621429443
v 7.46935510635376 -2.8438432216644287 -2.1504833698272705
v 7.48485803604126 -2.839669704437256 -2.1697981357574463
v 7.502572536468506 -2.834885597229004 -2.186948537826538
v 7.522218704223633 -2.8295657634735107 -2.2016639709472656
v 7.543487548828125 -2.8237946033477783 -2.213712453842163
v 7.566042900085449 -2.8176627159118652 -2.2229039669036865
v 7.589529037475586 -2.811267137527466 -2.229093313217163
v 7.613576412200928 -2.80470871925354 -2.2321829795837402
v 7.6378045082092285 -2.798090696334839 -2.2321245670318604
v 7.661832809448242 -2.7915172576904297 -2.2289185523986816
v 7.685280799865723 -2.78509259223938 -2.2226157188415527
v 7.707779884338379 -2.7789177894592285 -2.213315486907959
v 7.728974342346191 -2.773090124130249 -2.201164484024048
v 7.748530864715576 -2.7677016258239746 -2.186354398727417
v 7.766139984130859 -2.7628371715545654 -2.169118642807007
v 7.781524658203125 -2.758573532104492 -2.149729013442993
v 7.794442176818848 -2.7549779415130615 -2.1284914016723633
v 7.804688930511475 -2.7521071434020996 -2.105740785598755
v 7.812103271484375 -2.7500064373016357 -2.081835985183716
v 7.816567897796631 -2.748708724975586 -2.0571539402008057
v 7.818012714385986 -2.748234748840332 -2.032083749771118
v 7.816414833068848 -2.748591899871826 -2.007020950317383
v 7.8117995262146 -2.749774694442749 -1.98236083984375
v 7.804239273071289 -2.7517640590667725 -1.9584921598434448
v 7.793854236602783 -2.754528760910034 -1.9357913732528687
v 7.780807018280029 -2.758025646209717 -1.914616584777832
v 7.765304088592529 -2.7621989250183105 -1.8953016996383667
v 7.747589588165283 -2.7669832706451416 -1.878151297569275
v 7.727943420410156 -2.7723028659820557 -1.8634357452392578
v 7.706675052642822 -2.778074264526367 -1.85138738155365
v 7.684119701385498 -2.784205913543701 -1.842195987701416
v 7.660633087158203 -2.7906014919281006 -1.8360066413879395
v 7.6365861892700195 -2.7971601486206055 -1.8329167366027832
v 7.6123576164245605 -2.8037781715393066 -1.8329753875732422
v 7.588329792022705 -2.8103513717651367 -1.8361812829971313
v 7.564881324768066 -2.8167760372161865 -1.8424841165542603
v 7.54238224029541 -2.822950839996338 -1.851784348487854
v 7.521187782287598 -2.8287785053253174 -1.8639353513717651
v 7.501631736755371 -2.834167003631592 -1.8787455558776855
v 7.48402214050293 -2.839031457901001 -1.8959813117980957
v 7.468637466430664 -2.843295097351074 -1.9153709411621094
v 7.455719947814941 -2.846890687942505 -1.9366084337234497
v 7.4454731941223145 -2.849761486053467 -1.959359049797058
v 7.438059329986572 -2.8518621921539307 -1.9832638502120972
v 7.433594226837158 -2.8531599044799805 -2.007946014404297
v 7.561686038970947 -3.6225473880767822 -1.6074565649032593
v 7.187487602233887 -3.602895736694336 -1.220688819885254
v 7.170497894287109 -3.5970499515533447 -1.23823881149292
v 7.155035495758057 -3.58845853805542 -1.2560691833496094
v 7.141343593597412 -3.577256917953491 -1.2738984823226929
v 7.129638671875 -3.563621997833252 -1.2914457321166992
v 7.120105266571045 -3.5477685928344727 -1.3084341287612915
v 7.112893104553223 -3.52994704246521 -1.3245958089828491
v 7.10811710357666 -3.5104379653930664 -1.3396759033203125
v 7.105851173400879 -3.489549160003662 -1.3534364700317383
v 7.106132507324219 -3.4676103591918945 -1.365660548210144
v 7.108955383300781 -3.444967269897461 -1.3761554956436157
v 7.114275932312012 -3.4219768047332764 -1.3847556114196777
v 7.122010231018066 -3.3990020751953125 -1.3913253545761108
v 7.132036209106445 -3.3764050006866455 -1.3957611322402954
v 7.144196033477783 -3.3545420169830322 -1.3979928493499756
v 7.158297061920166 -3.3337581157684326 -1.397985577583313
v 7.1741180419921875 -3.314380645751953 -1.395739197731018
v 7.191408634185791 -3.29671573638916 -1.391289234161377
v 7.209896564483643 -3.281041383743286 -1.3847057819366455
v 7.229290008544922 -3.2676053047180176 -1.376092791557312
v 7.249283790588379 -3.2566192150115967 -1.3655860424041748
v 7.269561767578125 -3.2482564449310303 -1.3533512353897095
v 7.289803981781006 -3.2426486015319824 -1.3395812511444092
v 7.3096923828125 -3.239884376525879 -1.3244932889938354
v 7.328912258148193 -3.2400074005126953 -1.3083254098892212
v 7.347160816192627 -3.2430152893066406 -1.2913323640823364
v 7.364150524139404 -3.248861312866211 -1.2737823724746704
v 7.379612922668457 -3.2574527263641357 -1.2559521198272705
v 7.393304824829102 -3.2686543464660645 -1.2381227016448975
v 7.405009746551514 -3.2822892665863037 -1.2205754518508911
v 7.414543628692627 -3.298142433166504 -1.2035870552062988
v 7.421755313873291 -3.3159642219543457 -1.1874253749847412
v 7.426531791687012 -3.3354732990264893 -1.1723453998565674
v 7.428797245025635 -3.3563621044158936 -1.158584713935852
v 7.428516387939453 -3.378300905227661 -1.1463606357574463
v 7.425693035125732 -3.4009439945220947 -1.1358658075332642
v 7.420372486114502 -3.4239342212677 -1.1272656917572021
v 7.412638187408447 -3.446909189224243 -1.120695948600769
v 7.402612209320068 -3.46950626373291 -1.1162601709365845
v 7.390452861785889 -3.4913692474365234 -1.1140283346176147
v 7.376351356506348 -3.512153148651123 -1.114035725593567
v 7.360530376434326 -3.5315306186676025 -1.1162821054458618
v 7.343239784240723 -3.5491955280303955 -1.120732069015503
v 7.324751853942871 -3.5648696422576904 -1.1273154020309448
v 7.305358409881592 -3.578305721282959 -1.1359285116195679
v 7.285365104675293 -3.58929181098938 -1.146435260772705
v 7.265087127685547 -3.5976548194885254 -1.1586700677871704
v 7.244844436645508 -3.6032626628875732 -1.1724400520324707
v 7.224956035614014 -3.6060268878936768 -1.1875278949737549
v 7.20573616027832 -3.6059038639068604 -1.2036958932876587
v 7.8476643562316895 -3.2712600231170654 -1.9489729404449463
v 7.594685077667236 -2.8045620918273926 -1.8584483861923218
v 7.592886447906494 -2.8013927936553955 -1.8832987546920776
v 7.594222068786621 -2.7978689670562744 -1.9081306457519531
v 7.598670482635498 -2.794046640396118 -1.932552456855774
v 7.606162071228027 -2.7899856567382812 -1.956178903579712
v 7.616578578948975 -2.785750389099121 -1.978637456893921
v 7.62975549697876 -2.781407594680786 -1.9995739459991455
v 7.645484924316406 -2.7770256996154785 -2.01865816116333
v 7.663518905639648 -2.7726738452911377 -2.0355892181396484
v 7.683572769165039 -2.768420696258545 -2.050100088119507
v 7.705330848693848 -2.7643330097198486 -2.0619616508483887
v 7.728449821472168 -2.7604758739471436 -2.0709872245788574
v 7.752564907073975 -2.7569093704223633 -2.0770342350006104
v 7.77729606628418 -2.753690481185913 -2.080007553100586
v 7.802252769470215 -2.7508692741394043 -2.079859972000122
v 7.827042102813721 -2.748490810394287 -2.076594114303589
v 7.8512725830078125 -2.7465922832489014 -2.070261240005493
v 7.8745622634887695 -2.745203733444214 -2.0609612464904785
v 7.896543502807617 -2.744347095489502 -2.0488409996032715
v 7.916870594024658 -2.7440357208251953 -2.0340914726257324
v 7.935222148895264 -2.744274854660034 -2.0169453620910645
v 7.951308727264404 -2.7450602054595947 -1.9976730346679688
v 7.964877128601074 -2.746379852294922 -1.9765784740447998
v 7.975712776184082 -2.7482128143310547 -1.9539942741394043
v 7.983645439147949 -2.750530242919922 -1.93027663230896
v 7.988549709320068 -2.753295421600342 -1.9057995080947876
v 7.9903483390808105 -2.756464958190918 -1.8809491395950317
v 7.989012718200684 -2.75998854637146 -1.8561172485351562
v 7.984564304351807 -2.7638111114501953 -1.8316954374313354
v 7.977072715759277 -2.767871856689453 -1.8080689907073975
v 7.96665620803833 -2.7721071243286133 -1.7856104373931885
v 7.953479290008545 -2.7764499187469482 -1.7646738290786743
v 7.937749862670898 -2.780831813812256 -1.7455896139144897
v 7.919715881347656 -2.7851836681365967 -1.7286585569381714
v 7.899662017822266 -2.7894370555877686 -1.7141478061676025
v 7.877903938293457 -2.7935245037078857 -1.7022861242294312
v 7.854784965515137 -2.79738187789917 -1.6932605504989624
v 7.83066987991333 -2.800948143005371 -1.6872135400772095
v 7.805938720703125 -2.8041672706604004 -1.6842403411865234
v 7.78098201751709 -2.80698823928833 -1.6843879222869873
v 7.756192684173584 -2.8093667030334473 -1.6876537799835205
v 7.731962203979492 -2.811265230178833 -1.6939866542816162
v 7.708672523498535 -2.8126537799835205 -1.7032865285873413
v 7.6866912841796875 -2.8135104179382324 -1.715406894683838
v 7.6663641929626465 -2.813821792602539 -1.7301563024520874
v 7.648012638092041 -2.8135828971862793 -1.747302532196045
v 7.6319260597229 -2.8127973079681396 -1.7665748596191406
v 7.6183576583862305 -2.8114776611328125 -1.7876694202423096
v 7.607522010803223 -2.8096446990966797 -1.810253620147705
v 7.5995893478393555 -2.8073275089263916 -1.8339712619781494
v 7.49028205871582 -3.4885478019714355 -1.8287595510482788
v 7.011913776397705 -3.331904888153076 -1.637378215789795
v 7.00452184677124 -3.3276333808898926 -1.6609989404678345
v 6.999210357666016 -3.320990562438965 -1.6846312284469604
v 6.996062278747559 -3.312081813812256 -1.7079023122787476
v 6.9951276779174805 -3.3010473251342773 -1.730445384979248
v 6.9964213371276855 -3.2880609035491943 -1.7519047260284424
v 6.999923229217529 -3.273327589035034 -1.771942138671875
v 7.005577087402344 -3.257079839706421 -1.7902413606643677
v 7.013294696807861 -3.2395737171173096 -1.8065139055252075
v 7.022953987121582 -3.2210850715637207 -1.8205032348632812
v 7.034402847290039 -3.201906204223633 -1.8319885730743408
v 7.047460079193115 -3.1823387145996094 -1.8407889604568481
v 7.061920642852783 -3.162691831588745 -1.8467655181884766
v 7.0775556564331055 -3.143275022506714 -1.8498239517211914
v 7.094119548797607 -3.1243948936462402 -1.8499161005020142
v 7.111350059509277 -3.106348752975464 -1.8470404148101807
v 7.128975868225098 -3.089421510696411 -1.8412424325942993
v 7.146718978881836 -3.0738797187805176 -1.832613468170166
v 7.164299964904785 -3.059969186782837 -1.8212895393371582
v 7.181440830230713 -3.0479085445404053 -1.807449221611023
v 7.197871685028076 -3.037888526916504 -1.7913110256195068
v 7.213333606719971 -3.030066728591919 -1.7731292247772217
v 7.2275824546813965 -3.024566888809204 -1.7531906366348267
v 7.24039363861084 -3.0214755535125732 -1.7318097352981567
v 7.251564979553223 -3.020841598510742 -1.7093236446380615
v 7.26092004776001 -3.022674798965454 -1.6860870122909546
v 7.268311977386475 -3.0269463062286377 -1.662466287612915
v 7.273623943328857 -3.0335888862609863 -1.638833999633789
v 7.2767720222473145 -3.0424978733062744 -1.615562915802002
v 7.277706146240234 -3.053532361984253 -1.5930198431015015
v 7.276412487030029 -3.066518783569336 -1.5715605020523071
v 7.272911071777344 -3.081252098083496 -1.551523208618164
v 7.267256736755371 -3.0974998474121094 -1.5332238674163818
v 7.259539604187012 -3.1150059700012207 -1.516951322555542
v 7.249880313873291 -3.1334943771362305 -1.5029619932174683
v 7.238431453704834 -3.1526734828948975 -1.4914766550064087
v 7.225374221801758 -3.172240972518921 -1.4826762676239014
v 7.21091365814209 -3.191887855529785 -1.476699709892273
v 7.195278167724609 -3.2113044261932373 -1.473641276359558
v 7.178714752197266 -3.23018479347229 -1.4735491275787354
v 7.161484241485596 -3.2482309341430664 -1.4764248132705688
v 7.143858432769775 -3.265158176422119 -1.4822227954864502
v 7.126115322113037 -3.2806997299194336 -1.490851879119873
v 7.108534336090088 -3.2946105003356934 -1.5021758079528809
v 7.09139347076416 -3.306671142578125 -1.5160160064697266
v 7.074962139129639 -3.3166911602020264 -1.5321542024612427
v 7.059500217437744 -3.3245129585266113 -1.5503360033035278
v 7.045251846313477 -3.330012798309326 -1.5702745914459229
v 7.032440662384033 -3.333104133605957 -1.5916554927825928
v 7.02126932144165 -3.333738088607788 -1.614141583442688
v 7.335470676422119 -3.908487558364868 -1.8805900812149048
v 6.868072986602783 -4.146570205688477 -1.7587053775787354
v 6.8617424964904785 -4.145242214202881 -1.7829744815826416
v 6.8552680015563965 -4.140790939331055 -1.8068300485610962
v 6.848751544952393 -4.133285999298096 -1.8298959732055664
v 6.842295169830322 -4.1228461265563965 -1.8518083095550537
v 6.836001873016357 -4.109636306762695 -1.8722217082977295
v 6.829969882965088 -4.0938639640808105 -1.8908140659332275
v 6.8242950439453125 -4.075778484344482 -1.907292366027832
v 6.819066047668457 -4.055664539337158 -1.9213964939117432
v 6.814366340637207 -4.033840179443359 -1.9329041242599487
v 6.810269355773926 -4.01064920425415 -1.9416338205337524
v 6.806839466094971 -3.986456871032715 -1.9474478960037231
v 6.804131984710693 -3.9616453647613525 -1.9502546787261963
v 6.802188396453857 -3.93660569190979 -1.9500097036361694
v 6.801039695739746 -3.9117326736450195 -1.9467171430587769
v 6.800704002380371 -3.887418746948242 -1.9404287338256836
v 6.801187038421631 -3.8640472888946533 -1.931243658065796
v 6.802480220794678 -3.841986894607544 -1.9193068742752075
v 6.804564476013184 -3.8215854167938232 -1.9048064947128296
v 6.807405948638916 -3.8031647205352783 -1.8879711627960205
v 6.810959815979004 -3.787015199661255 -1.869066596031189
v 6.815170764923096 -3.7733914852142334 -1.848390817642212
v 6.819971561431885 -3.7625083923339844 -1.8262698650360107
v 6.825286865234375 -3.75453782081604 -1.8030526638031006
v 6.831033229827881 -3.749605417251587 -1.779105305671692
v 6.8371195793151855 -3.747788667678833 -1.7548054456710815
v 6.843449592590332 -3.7491166591644287 -1.7305363416671753
v 6.849924087524414 -3.753567934036255 -1.7066807746887207
v 6.856441020965576 -3.761072874069214 -1.68361496925354
v 6.862896919250488 -3.771512508392334 -1.6617025136947632
v 6.869190216064453 -3.7847228050231934 -1.6412891149520874
v 6.875222206115723 -3.800494909286499 -1.6226967573165894
v 6.880897521972656 -3.8185806274414062 -1.6062184572219849
v 6.8861260414123535 -3.8386940956115723 -1.5921143293380737
v 6.890826225280762 -3.86051869392395 -1.5806066989898682
v 6.894923210144043 -3.883709669113159 -1.5718770027160645
v 6.89835262298584 -3.9079020023345947 -1.5660629272460938
v 6.901060581207275 -3.932713508605957 -1.5632562637329102
v 6.903004169464111 -3.9577531814575195 -1.5635011196136475
v 6.904152870178223 -3.98262619972229 -1.56679368019104
v 6.9044880867004395 -4.006939888000488 -1.5730820894241333
v 6.904005527496338 -4.030311584472656 -1.582267165184021
v 6.902711868286133 -4.052371978759766 -1.594204068183899
v 6.900628089904785 -4.072773456573486 -1.6087044477462769
v 6.897786617279053 -4.091194152832031 -1.6255396604537964
v 6.894232273101807 -4.107343673706055 -1.644444227218628
v 6.890021800994873 -4.120967388153076 -1.665120005607605
v 6.885220527648926 -4.131850242614746 -1.6872409582138062
v 6.8799052238464355 -4.1398210525512695 -1.7104581594467163
v 6.87415885925293 -4.144753456115723 -1.734405517578125
v 7.423226833343506 -3.525224447250366 -1.9600449800491333
v 6.901205062866211 -3.4098880290985107 -1.8953112363815308
v 6.899201393127441 -3.4076926708221436 -1.9202508926391602
v 6.89900016784668 -3.4029242992401123 -1.9449095726013184
v 6.900604724884033 -3.395658016204834 -1.968898057937622
v 6.903988838195801 -3.3860082626342773 -1.9918383359909058
v 6.90910005569458 -3.3741273880004883 -2.0133683681488037
v 6.915857791900635 -3.3602025508880615 -2.033148765563965
v 6.924154758453369 -3.3444535732269287 -2.0508675575256348
v 6.9338603019714355 -3.3271288871765137 -2.0662450790405273
v 6.944821834564209 -3.3085014820098877 -2.0790393352508545
v 6.956866264343262 -3.288865089416504 -2.089047908782959
v 6.969803333282471 -3.2685296535491943 -2.096113681793213
v 6.983428955078125 -3.2478156089782715 -2.1001245975494385
v 6.997529029846191 -3.2270498275756836 -2.101017713546753
v 7.011880874633789 -3.206559658050537 -2.09877872467041
v 7.026257514953613 -3.1866683959960938 -2.0934431552886963
v 7.040432929992676 -3.167689800262451 -2.085095167160034
v 7.054183006286621 -3.1499228477478027 -2.073866367340088
v 7.067291736602783 -3.133647918701172 -2.059933662414551
v 7.0795512199401855 -3.119121551513672 -2.0435168743133545
v 7.090769290924072 -3.1065731048583984 -2.0248751640319824
v 7.100768089294434 -3.0962002277374268 -2.0043020248413086
v 7.109390735626221 -3.0881667137145996 -1.9821224212646484
v 7.1165008544921875 -3.08259916305542 -1.9586857557296753
v 7.121985912322998 -3.079585313796997 -1.9343619346618652
v 7.125760078430176 -3.0791726112365723 -1.9095343351364136
v 7.127763748168945 -3.0813677310943604 -1.8845945596694946
v 7.127964973449707 -3.0861361026763916 -1.859935998916626
v 7.1263604164123535 -3.093402624130249 -1.8359473943710327
v 7.122976303100586 -3.1030523777008057 -1.8130072355270386
v 7.117865085601807 -3.1149332523345947 -1.7914772033691406
v 7.111107349395752 -3.1288578510284424 -1.7716968059539795
v 7.102810382843018 -3.144606828689575 -1.7539780139923096
v 7.093104839324951 -3.1619317531585693 -1.7386003732681274
v 7.082143306732178 -3.1805591583251953 -1.7258062362670898
v 7.070098876953125 -3.200195550918579 -1.7157975435256958
v 7.057161808013916 -3.2205309867858887 -1.7087318897247314
v 7.043536186218262 -3.2412450313568115 -1.7047209739685059
v 7.029436111450195 -3.2620108127593994 -1.7038278579711914
v 7.015084266662598 -3.282500743865967 -1.7060667276382446
v 7.000707626342773 -3.30239200592041 -1.7114022970199585
v 6.986532211303711 -3.321370840072632 -1.7197504043579102
v 6.972782135009766 -3.3391377925872803 -1.7309792041778564
v 6.9596734046936035 -3.355412721633911 -1.7449119091033936
v 6.947413921356201 -3.369939088821411 -1.7613285779953003
v 6.9361958503723145 -3.3824875354766846 -1.779970407485962
v 6.926197052001953 -3.3928604125976562 -1.8005434274673462
v 6.917574405670166 -3.4008939266204834 -1.822723150253296
v 6.910464286804199 -3.406461477279663 -1.8461596965789795
v 6.904979228973389 -3.409475326538086 -1.870483636856079
v 7.600724697113037 -3.3567581176757812 -2.1063523292541504
v 7.170461654663086 -3.0425782203674316 -2.184868812561035
v 7.175013065338135 -3.0435171127319336 -2.2095513343811035
v 7.182149410247803 -3.042755126953125 -2.2336201667785645
v 7.191757678985596 -3.040304660797119 -2.2566962242126465
v 7.203686237335205 -3.0362038612365723 -2.2784152030944824
v 7.217747211456299 -3.030517816543579 -2.2984347343444824
v 7.2337188720703125 -3.0233359336853027 -2.316439151763916
v 7.251348972320557 -3.0147716999053955 -2.332144260406494
v 7.270359992980957 -3.004960060119629 -2.3453025817871094
v 7.290451526641846 -2.99405574798584 -2.3557066917419434
v 7.311307430267334 -2.9822306632995605 -2.363192319869995
v 7.3325982093811035 -2.9696714878082275 -2.3676414489746094
v 7.353988170623779 -2.956576108932495 -2.3689839839935303
v 7.375140190124512 -2.9431512355804443 -2.3671987056732178
v 7.395720481872559 -2.9296083450317383 -2.362313747406006
v 7.415404796600342 -2.916161060333252 -2.3544063568115234
v 7.433882236480713 -2.903021812438965 -2.3436007499694824
v 7.450861930847168 -2.890397310256958 -2.3300678730010986
v 7.466075420379639 -2.8784868717193604 -2.314020872116089
v 7.479283809661865 -2.867478370666504 -2.295712947845459
v 7.4902777671813965 -2.8575453758239746 -2.275432586669922
v 7.498884201049805 -2.848844528198242 -2.253499746322632
v 7.50496768951416 -2.841513156890869 -2.2302606105804443
v 7.508432388305664 -2.8356666564941406 -2.2060811519622803
v 7.509222984313965 -2.831397533416748 -2.1813430786132812
v 7.507327556610107 -2.828772783279419 -2.1564364433288574
v 7.502776145935059 -2.827833890914917 -2.131753921508789
v 7.495639801025391 -2.8285958766937256 -2.107684850692749
v 7.486031532287598 -2.8310465812683105 -2.084609031677246
v 7.474102973937988 -2.8351471424102783 -2.06289005279541
v 7.4600419998168945 -2.8408331871032715 -2.04287052154541
v 7.444070339202881 -2.848015069961548 -2.0248661041259766
v 7.426440238952637 -2.856579303741455 -2.0091609954833984
v 7.407429218292236 -2.8663909435272217 -1.9960025548934937
v 7.387337684631348 -2.8772952556610107 -1.9855984449386597
v 7.366481781005859 -2.88912034034729 -1.978112816810608
v 7.34519100189209 -2.901679515838623 -1.9736636877059937
v 7.323801040649414 -2.9147748947143555 -1.9723211526870728
v 7.302649021148682 -2.9282000064849854 -1.9741064310073853
v 7.282068729400635 -2.9417426586151123 -1.9789913892745972
v 7.262384414672852 -2.9551899433135986 -1.9868988990783691
v 7.2439069747924805 -2.968329429626465 -1.9977043867111206
v 7.226927280426025 -2.9809536933898926 -2.011237382888794
v 7.211713790893555 -2.9928641319274902 -2.0272843837738037
v 7.198505401611328 -3.0038726329803467 -2.0455923080444336
v 7.187511444091797 -3.013805627822876 -2.0658726692199707
v 7.178905010223389 -3.0225064754486084 -2.0878055095672607
v 7.172821521759033 -3.0298378467559814 -2.1110446453094482
v 7.169356822967529 -3.03568434715271 -2.1352241039276123
v 7.1685662269592285 -3.0399537086486816 -2.1599621772766113
v 7.127517223358154 -0.5998200178146362 -2.0383150577545166
v 7.787413120269775 -3.0157480239868164 -2.0306692123413086
v 7.126901626586914 -0.6000277996063232 -2.050856351852417
v 7.786797523498535 -3.015955686569214 -2.043210506439209
v 7.124774932861328 -0.6006478071212769 -2.0632174015045166
v 7.784670829772949 -3.016575813293457 -2.0555715560913086
v 7.1211700439453125 -0.6016703844070435 -2.0752034187316895
v 7.781065940856934 -3.0175981521606445 -2.0675575733184814
v 7.116143703460693 -0.6030794382095337 -2.086625337600708
v 7.7760396003723145 -3.0190072059631348 -2.0789794921875
v 7.109776020050049 -0.604852557182312 -2.0973029136657715
v 7.76967191696167 -3.020780563354492 -2.0896573066711426
v 7.102166652679443 -0.6069618463516235 -2.1070680618286133
v 7.7620625495910645 -3.0228896141052246 -2.0994222164154053
v 7.093436241149902 -0.6093741655349731 -2.1157662868499756
v 7.753331661224365 -3.025301933288574 -2.1081206798553467
v 7.08372163772583 -0.612051248550415 -2.123260974884033
v 7.743617534637451 -3.0279791355133057 -2.115615129470825
v 7.073176383972168 -0.6149511337280273 -2.1294333934783936
v 7.733072280883789 -3.030879020690918 -2.1217875480651855
v 7.061967372894287 -0.618027925491333 -2.1341865062713623
v 7.721863269805908 -3.0339558124542236 -2.1265406608581543
v 7.0502705574035645 -0.6212331056594849 -2.1374454498291016
v 7.7101664543151855 -3.037160873413086 -2.1297996044158936
v 7.038270950317383 -0.6245161294937134 -2.1391584873199463
v 7.698166847229004 -3.0404438972473145 -2.1315126419067383
v 7.026157379150391 -0.6278253793716431 -2.139298677444458
v 7.686053276062012 -3.043753147125244 -2.131653070449829
v 7.014121055603027 -0.6311084032058716 -2.137864112854004
v 7.674016952514648 -3.0470361709594727 -2.130218267440796
v 7.002352237701416 -0.6343135833740234 -2.1348772048950195
v 7.662248134613037 -3.050241470336914 -2.1272313594818115
v 6.9910359382629395 -0.6373903751373291 -2.130385160446167
v 7.6509318351745605 -3.0533182621002197 -2.122739315032959
v 6.980350494384766 -0.6402902603149414 -2.1244585514068604
v 7.640246391296387 -3.056218147277832 -2.1168127059936523
v 6.970465183258057 -0.6429673433303833 -2.1171910762786865
v 7.630361080169678 -3.0588951110839844 -2.1095454692840576
v 6.961535453796387 -0.6453796625137329 -2.1086974143981934
v 7.62143087387085 -3.061307430267334 -2.1010515689849854
v 6.953701496124268 -0.6474889516830444 -2.099111318588257
v 7.613597393035889 -3.0634169578552246 -2.091465473175049
v 6.947088241577148 -0.6492620706558228 -2.0885841846466064
v 7.6069841384887695 -3.065189838409424 -2.0809383392333984
v 6.941798686981201 -0.650671124458313 -2.0772817134857178
v 7.601694583892822 -3.066598892211914 -2.0696358680725098
v 6.937917232513428 -0.6516937017440796 -2.065382480621338
v 7.597813129425049 -3.0676217079162598 -2.05773663520813
v 6.93550443649292 -0.6523137092590332 -2.0530738830566406
v 7.595400333404541 -3.068241596221924 -2.0454280376434326
v 6.934598445892334 -0.6525214910507202 -2.0405502319335938
v 7.594494342803955 -3.0684494972229004 -2.0329043865203857
v 6.935214042663574 -0.6523137092590332 -2.0280089378356934
v 7.595109939575195 -3.068241596221924 -2.0203630924224854
v 6.93734073638916 -0.6516937017440796 -2.0156478881835938
v 7.597236633300781 -3.0676217079162598 -2.0080020427703857
v 6.940945625305176 -0.650671124458313 -2.003661870956421
v 7.600841522216797 -3.066598892211914 -1.996016025543213
v 6.945971965789795 -0.6492620706558228 -1.9922398328781128
v 7.605867862701416 -3.065189838409424 -1.9845941066741943
v 6.9523396492004395 -0.6474889516830444 -1.9815622568130493
v 7.6122355461120605 -3.0634169578552246 -1.9739164113998413
v 6.959949016571045 -0.6453796625137329 -1.971797227859497
v 7.619844913482666 -3.061307430267334 -1.964151382446289
v 6.968679904937744 -0.6429673433303833 -1.9630988836288452
v 7.628575325012207 -3.0588951110839844 -1.9554530382156372
v 6.978394031524658 -0.6402902603149414 -1.9556043148040771
v 7.638289928436279 -3.056218147277832 -1.9479585886001587
v 6.98893928527832 -0.6373903751373291 -1.9494318962097168
v 7.648835182189941 -3.0533182621002197 -1.9417860507965088
v 7.000148296356201 -0.6343135833740234 -1.9446786642074585
v 7.660044193267822 -3.050241470336914 -1.93703293800354
v 7.011845111846924 -0.6311084032058716 -1.9414199590682983
v 7.671741008758545 -3.0470361709594727 -1.9337741136550903
v 7.0238447189331055 -0.6278253793716431 -1.939706802368164
v 7.683740615844727 -3.043753147125244 -1.9320610761642456
v 7.035958290100098 -0.6245161294937134 -1.9395664930343628
v 7.695854187011719 -3.0404438972473145 -1.9319206476211548
v 7.047994613647461 -0.6212331056594849 -1.941001057624817
v 7.707890510559082 -3.037160873413086 -1.9333553314208984
v 7.059763431549072 -0.618027925491333 -1.9439879655838013
v 7.719659328460693 -3.0339558124542236 -1.9363422393798828
v 7.071079730987549 -0.6149511337280273 -1.9484801292419434
v 7.73097562789917 -3.030879020690918 -1.9408342838287354
v 7.081765174865723 -0.612051248550415 -1.9544066190719604
v 7.741661071777344 -3.0279791355133057 -1.946760892868042
v 7.091650485992432 -0.6093741655349731 -1.9616740942001343
v 7.751546382904053 -3.025301933288574 -1.9540282487869263
v 7.10058069229126 -0.6069618463516235 -1.9701677560806274
v 7.760476112365723 -3.0228896141052246 -1.962522029876709
v 7.108414173126221 -0.604852557182312 -1.979753851890564
v 7.768310070037842 -3.020780563354492 -1.9721081256866455
v 7.11502742767334 -0.6030794382095337 -1.990281105041504
v 7.774923324584961 -3.0190072059631348 -1.982635259628296
v 7.120316982269287 -0.6016703844070435 -2.0015835762023926
v 7.780212879180908 -3.0175981521606445 -1.9939377307891846
v 7.1241984367370605 -0.6006478071212769 -2.0134828090667725
v 7.784094333648682 -3.016575813293457 -2.0058369636535645
v 7.126611232757568 -0.6000277996063232 -2.0257914066314697
v 7.7865071296691895 -3.015955686569214 -2.0181455612182617
v 3.9034953117370605 -1.0330482721328735 2.7601497173309326
v 7.440136909484863 -3.4310641288757324 -1.4623358249664307
v 3.8936848640441895 -1.033771276473999 2.75234317779541
v 7.430326461791992 -3.4317870140075684 -1.470142126083374
v 3.883624792098999 -1.0359288454055786 2.745142698287964
v 7.420266628265381 -3.4339447021484375 -1.4773426055908203
v 3.87347412109375 -1.0394868850708008 2.738661289215088
v 7.410115718841553 -3.437502861022949 -1.4838240146636963
v 3.8633923530578613 -1.0443893671035767 2.733001470565796
v 7.400034427642822 -3.4424052238464355 -1.4894838333129883
v 3.853538990020752 -1.0505589246749878 2.728252410888672
v 7.390181064605713 -3.448575019836426 -1.4942328929901123
v 3.844069480895996 -1.0578984022140503 2.7244889736175537
v 7.380711078643799 -3.455914258956909 -1.4979963302612305
v 3.835132598876953 -1.0662918090820312 2.7217705249786377
v 7.371774673461914 -3.4643077850341797 -1.5007147789001465
v 3.8268697261810303 -1.0756069421768188 2.720139980316162
v 7.363511562347412 -3.4736227989196777 -1.502345323562622
v 3.819411039352417 -1.0856969356536865 2.71962308883667
v 7.356052875518799 -3.483712673187256 -1.5028622150421143
v 3.8128743171691895 -1.0964025259017944 2.7202277183532715
v 7.349515914916992 -3.4944183826446533 -1.5022575855255127
v 3.8073623180389404 -1.1075549125671387 2.721944808959961
v 7.344004154205322 -3.505570888519287 -1.5005404949188232
v 3.802962303161621 -1.1189782619476318 2.7247469425201416
v 7.339603900909424 -3.5169942378997803 -1.4977383613586426
v 3.799743413925171 -1.1304924488067627 2.7285900115966797
v 7.336385250091553 -3.528508424758911 -1.4938952922821045
v 3.7977566719055176 -1.1419157981872559 2.7334134578704834
v 7.33439826965332 -3.5399317741394043 -1.4890720844268799
v 3.7970330715179443 -1.1530683040618896 2.7391409873962402
v 7.333674907684326 -3.551084041595459 -1.483344316482544
v 3.797584295272827 -1.1637738943099976 2.745682716369629
v 7.334226131439209 -3.5617897510528564 -1.4768028259277344
v 3.7994015216827393 -1.1738637685775757 2.7529349327087402
v 7.336043357849121 -3.5718798637390137 -1.469550371170044
v 3.8024563789367676 -1.1831789016723633 2.7607836723327637
v 7.33909797668457 -3.5811948776245117 -1.4617016315460205
v 3.8067002296447754 -1.1915724277496338 2.7691049575805664
v 7.343341827392578 -3.589588165283203 -1.4533803462982178
v 3.8120663166046143 -1.1989117860794067 2.7777678966522217
v 7.348708152770996 -3.5969276428222656 -1.4447176456451416
v 3.8184702396392822 -1.2050814628601074 2.786635398864746
v 7.355112075805664 -3.603097438812256 -1.4358501434326172
v 3.8258109092712402 -1.2099839448928833 2.795567750930786
v 7.362452507019043 -3.607999801635742 -1.426917552947998
v 3.833972215652466 -1.2135419845581055 2.804424285888672
v 7.370614051818848 -3.611557960510254 -1.4180610179901123
v 3.8428258895874023 -1.215699553489685 2.8130650520324707
v 7.379467487335205 -3.613715410232544 -1.4094202518463135
v 3.852231979370117 -1.216422438621521 2.8213541507720947
v 7.38887357711792 -3.614438533782959 -1.4011313915252686
v 3.8620424270629883 -1.215699553489685 2.829160451889038
v 7.398684024810791 -3.613715410232544 -1.393324851989746
v 3.8721022605895996 -1.2135419845581055 2.8363609313964844
v 7.408743858337402 -3.611557960510254 -1.3861243724822998
v 3.8822531700134277 -1.2099839448928833 2.8428423404693604
v 7.4188947677612305 -3.607999801635742 -1.3796429634094238
v 3.892334461212158 -1.2050814628601074 2.8485021591186523
v 7.428976535797119 -3.603097438812256 -1.3739831447601318
v 3.9021878242492676 -1.1989117860794067 2.8532512187957764
v 7.4388298988342285 -3.5969276428222656 -1.3692340850830078
v 3.9116578102111816 -1.1915724277496338 2.8570146560668945
v 7.448299407958984 -3.589588165283203 -1.3654706478118896
v 3.9205944538116455 -1.1831789016723633 2.8597331047058105
v 7.457236289978027 -3.5811948776245117 -1.3627521991729736
v 3.9288573265075684 -1.1738637685775757 2.861363649368286
v 7.465498924255371 -3.5718798637390137 -1.361121654510498
v 3.9363160133361816 -1.1637738943099976 2.8618805408477783
v 7.472957611083984 -3.5617897510528564 -1.3606047630310059
v 3.9428529739379883 -1.1530683040618896 2.8612759113311768
v 7.479494571685791 -3.551084041595459 -1.3612093925476074
v 3.948364734649658 -1.1419157981872559 2.8595588207244873
v 7.485006332397461 -3.5399317741394043 -1.3629264831542969
v 3.9527649879455566 -1.1304924488067627 2.8567566871643066
v 7.489406585693359 -3.528508424758911 -1.3657286167144775
v 3.9559836387634277 -1.1189782619476318 2.8529136180877686
v 7.4926252365112305 -3.5169942378997803 -1.3695716857910156
v 3.95797061920166 -1.1075549125671387 2.848090410232544
v 7.494612216949463 -3.505570888519287 -1.3743951320648193
v 3.9586939811706543 -1.0964025259017944 2.842362642288208
v 7.495335578918457 -3.4944183826446533 -1.3801226615905762
v 3.9581427574157715 -1.0856969356536865 2.8358211517333984
v 7.494784355163574 -3.483712673187256 -1.3866643905639648
v 3.9563255310058594 -1.0756069421768188 2.828568696975708
v 7.49296760559082 -3.4736227989196777 -1.3939166069030762
v 3.95327091217041 -1.0662918090820312 2.8207199573516846
v 7.489912509918213 -3.4643077850341797 -1.4017653465270996
v 3.9490270614624023 -1.0578984022140503 2.812398672103882
v 7.485668659210205 -3.455914258956909 -1.4100866317749023
v 3.9436607360839844 -1.0505589246749878 2.8037359714508057
v 7.480302810668945 -3.448575019836426 -1.4187495708465576
v 3.9372568130493164 -1.0443893671035767 2.7948684692382812
v 7.473898887634277 -3.4424052238464355 -1.427617073059082
v 3.9299163818359375 -1.0394868850708008 2.785935878753662
v 7.46655797958374 -3.437502861022949 -1.436549425125122
v 3.921754837036133 -1.0359288454055786 2.7770793437957764
v 7.458396911621094 -3.4339447021484375 -1.4454059600830078
v 3.9129014015197754 -1.033771276473999 2.7684385776519775
v 7.449542999267578 -3.4317870140075684 -1.4540467262268066
v 7.191400051116943 3.0667176246643066 -1.1662229299545288
v 7.882903099060059 -3.0076472759246826 -1.9910036325454712
v 7.1812968254089355 3.066580057144165 -1.173680305480957
v 7.872799873352051 -3.007784843444824 -1.9984610080718994
v 7.170355319976807 3.066169500350952 -1.1798300743103027
v 7.861858367919922 -3.008195400238037 -2.004610776901245
v 7.158748149871826 3.0654923915863037 -1.1845753192901611
v 7.850251197814941 -3.0088725090026855 -2.0093560218811035
v 7.146657943725586 3.0645596981048584 -1.1878411769866943
v 7.838160991668701 -3.00980544090271 -2.0126218795776367
v 7.134275913238525 3.063385486602783 -1.1895760297775269
v 7.825778961181641 -3.010979413986206 -2.014356851577759
v 7.121796607971191 3.0619890689849854 -1.1897526979446411
v 7.813300132751465 -3.012376070022583 -2.014533519744873
v 7.109417915344238 3.060391902923584 -1.188368320465088
v 7.8009209632873535 -3.0139732360839844 -2.0131490230560303
v 7.097333908081055 3.058619260787964 -1.185444712638855
v 7.788837432861328 -3.0157458782196045 -2.010225534439087
v 7.085736274719238 3.056699275970459 -1.1810280084609985
v 7.7772393226623535 -3.0176658630371094 -2.0058088302612305
v 7.074807167053223 3.054661989212036 -1.1751878261566162
v 7.766310214996338 -3.019702911376953 -1.9999685287475586
v 7.064718723297119 3.052539825439453 -1.1680161952972412
v 7.756221771240234 -3.0218253135681152 -1.9927970170974731
v 7.055630683898926 3.050366163253784 -1.1596264839172363
v 7.747133731842041 -3.023998975753784 -1.9844071865081787
v 7.0476861000061035 3.048175096511841 -1.1501507759094238
v 7.739189147949219 -3.0261900424957275 -1.9749314785003662
v 7.04101037979126 3.046001434326172 -1.1397385597229004
v 7.732513427734375 -3.0283637046813965 -1.9645192623138428
v 7.035708904266357 3.0438790321350098 -1.128553867340088
v 7.727211952209473 -3.0304858684539795 -1.9533346891403198
v 7.031864643096924 3.041841983795166 -1.1167734861373901
v 7.723367691040039 -3.0325231552124023 -1.941554307937622
v 7.029539108276367 3.039921998977661 -1.1045829057693481
v 7.721042156219482 -3.0344431400299072 -1.92936372756958
v 7.028768062591553 3.038149356842041 -1.0921744108200073
v 7.720271110534668 -3.0362157821655273 -1.9169552326202393
v 7.029564380645752 3.0365521907806396 -1.0797438621520996
v 7.721067428588867 -3.0378129482269287 -1.904524564743042
v 7.031915187835693 3.0351555347442627 -1.0674870014190674
v 7.723418235778809 -3.0392093658447266 -1.8922678232192993
v 7.035783767700195 3.0339815616607666 -1.0555974245071411
v 7.7272868156433105 -3.0403835773468018 -1.8803781270980835
v 7.04110860824585 3.033048629760742 -1.044262409210205
v 7.732611656188965 -3.041316270828247 -1.8690431118011475
v 7.0478057861328125 3.0323715209960938 -1.033660888671875
v 7.739308834075928 -3.0419933795928955 -1.8584415912628174
v 7.055769920349121 3.031960964202881 -1.0239598751068115
v 7.747272968292236 -3.0424039363861084 -1.848740577697754
v 7.064875602722168 3.0318233966827393 -1.0153125524520874
v 7.756378650665283 -3.04254150390625 -1.8400932550430298
v 7.074978828430176 3.031960964202881 -1.0078551769256592
v 7.766481876373291 -3.0424039363861084 -1.8326358795166016
v 7.085920333862305 3.0323715209960938 -1.0017054080963135
v 7.77742338180542 -3.0419933795928955 -1.8264861106872559
v 7.097527503967285 3.033048629760742 -0.9969601035118103
v 7.7890305519104 -3.041316270828247 -1.8217408657073975
v 7.109617710113525 3.0339815616607666 -0.9936942458152771
v 7.801120758056641 -3.0403835773468018 -1.8184750080108643
v 7.121999740600586 3.0351555347442627 -0.9919593334197998
v 7.813502788543701 -3.0392093658447266 -1.8167401552200317
v 7.134478569030762 3.0365521907806396 -0.9917826652526855
v 7.825982093811035 -3.0378129482269287 -1.8165634870529175
v 7.146857738494873 3.038149356842041 -0.9931671023368835
v 7.838360786437988 -3.0362157821655273 -1.8179478645324707
v 7.158941268920898 3.039921998977661 -0.9960907101631165
v 7.850444793701172 -3.0344431400299072 -1.8208714723587036
v 7.170539379119873 3.041841983795166 -1.0005073547363281
v 7.862042427062988 -3.0325231552124023 -1.82528817653656
v 7.181468486785889 3.0438790321350098 -1.00634765625
v 7.872971534729004 -3.0304858684539795 -1.8311283588409424
v 7.191556930541992 3.046001434326172 -1.0135191679000854
v 7.883059978485107 -3.0283637046813965 -1.8382999897003174
v 7.2006449699401855 3.048175096511841 -1.0219089984893799
v 7.892148017883301 -3.0261900424957275 -1.8466897010803223
v 7.208589553833008 3.050366163253784 -1.0313847064971924
v 7.900092601776123 -3.023998975753784 -1.8561654090881348
v 7.215265274047852 3.052539825439453 -1.0417969226837158
v 7.906768321990967 -3.0218253135681152 -1.8665776252746582
v 7.220566749572754 3.054661989212036 -1.0529814958572388
v 7.912069797515869 -3.019702911376953 -1.8777623176574707
v 7.2244110107421875 3.056699275970459 -1.0647618770599365
v 7.915914058685303 -3.0176658630371094 -1.8895426988601685
v 7.226736545562744 3.058619260787964 -1.0769524574279785
v 7.918239593505859 -3.0157458782196045 -1.9017332792282104
v 7.227507591247559 3.060391902923584 -1.0893609523773193
v 7.919010639190674 -3.0139732360839844 -1.9141417741775513
v 7.226711273193359 3.0619890689849854 -1.1017916202545166
v 7.918214321136475 -3.012376070022583 -1.926572322845459
v 7.224360466003418 3.063385486602783 -1.1140483617782593
v 7.915863513946533 -3.010979413986206 -1.9388291835784912
v 7.220491886138916 3.0645596981048584 -1.125938057899475
v 7.911994934082031 -3.00980544090271 -1.9507187604904175
v 7.215167045593262 3.0654923915863037 -1.1372730731964111
v 7.906670093536377 -3.0088725090026855 -1.9620537757873535
v 7.208469867706299 3.066169500350952 -1.1478745937347412
v 7.899972915649414 -3.008195400238037 -1.9726552963256836
v 7.20050573348999 3.066580057144165 -1.1575756072998047
v 7.8920087814331055 -3.007784843444824 -1.982356309890747
v -4.285158634185791 6.996849060058594 3.7293336391448975
v 7.369645118713379 -3.2546579837799072 -1.771817922592163
v -4.290952205657959 6.996232032775879 3.7182090282440186
v 7.363851547241211 -3.255275011062622 -1.782942533493042
v -4.297542572021484 6.994390487670898 3.70767879486084
v 7.3572611808776855 -3.2571165561676025 -1.7934725284576416
v -4.304825305938721 6.9913530349731445 3.697909355163574
v 7.349978446960449 -3.2601535320281982 -1.8032422065734863
v -4.312685489654541 6.98716926574707 3.689054250717163
v 7.342118263244629 -3.264338254928589 -1.8120970726013184
v -4.320999622344971 6.981903076171875 3.681253671646118
v 7.333804130554199 -3.269604444503784 -1.8198978900909424
v -4.329636096954346 6.975638389587402 3.6746301651000977
v 7.325167655944824 -3.275869131088257 -1.8265211582183838
v -4.338459014892578 6.968473434448242 3.6692886352539062
v 7.316344261169434 -3.2830331325531006 -1.8318629264831543
v -4.347329616546631 6.960522651672363 3.6653130054473877
v 7.307474136352539 -3.2909843921661377 -1.8358383178710938
v -4.356107234954834 6.951910018920898 3.662766218185425
v 7.298696517944336 -3.2995965480804443 -1.8383853435516357
v -4.364653587341309 6.94277286529541 3.6616880893707275
v 7.290150165557861 -3.308734655380249 -1.839463472366333
v -4.372834205627441 6.933253288269043 3.6620960235595703
v 7.2819695472717285 -3.318253755569458 -1.8390555381774902
v -4.380519866943359 6.9235029220581055 3.663983106613159
v 7.2742838859558105 -3.3280045986175537 -1.8371682167053223
v -4.387589454650879 6.913674354553223 3.6673200130462646
v 7.267214298248291 -3.3378326892852783 -1.8338313102722168
v -4.393931865692139 6.903923988342285 3.6720540523529053
v 7.260871887207031 -3.347583055496216 -1.8290972709655762
v -4.3994460105896 6.894404411315918 3.678110361099243
v 7.25535774230957 -3.357102632522583 -1.8230409622192383
v -4.404046058654785 6.885266304016113 3.685393810272217
v 7.250757694244385 -3.3662402629852295 -1.8157577514648438
v -4.40765905380249 6.876654624938965 3.693789005279541
v 7.24714469909668 -3.3748528957366943 -1.8073625564575195
v -4.4102277755737305 6.8687028884887695 3.7031638622283936
v 7.2445759773254395 -3.3828036785125732 -1.797987699508667
v -4.411711692810059 6.861538887023926 3.7133705615997314
v 7.243092060089111 -3.389968156814575 -1.787781000137329
v -4.412087917327881 6.855274200439453 3.724247932434082
v 7.242715835571289 -3.396232843399048 -1.7769036293029785
v -4.411349773406982 6.850008010864258 3.7356245517730713
v 7.2434539794921875 -3.401499032974243 -1.7655267715454102
v -4.409509658813477 6.845823287963867 3.747321128845215
v 7.245294094085693 -3.4056832790374756 -1.7538301944732666
v -4.406596660614014 6.84278678894043 3.759153127670288
v 7.248207092285156 -3.4087207317352295 -1.7419984340667725
v -4.402655601501465 6.840945243835449 3.7709338665008545
v 7.252148151397705 -3.41056227684021 -1.730217695236206
v -4.397749900817871 6.840328216552734 3.782477617263794
v 7.257053852081299 -3.411179304122925 -1.7186739444732666
v -4.391956329345703 6.840945243835449 3.793602228164673
v 7.262847423553467 -3.41056227684021 -1.7075493335723877
v -4.385365962982178 6.84278678894043 3.8041322231292725
v 7.269437789916992 -3.4087207317352295 -1.697019100189209
v -4.378083229064941 6.845823287963867 3.813901901245117
v 7.2767205238342285 -3.4056832790374756 -1.6872496604919434
v -4.370223045349121 6.850008010864258 3.822756767272949
v 7.284580707550049 -3.401499032974243 -1.6783945560455322
v -4.361908912658691 6.855274200439453 3.8305575847625732
v 7.2928948402404785 -3.396232843399048 -1.6705939769744873
v -4.353272438049316 6.861538887023926 3.8371808528900146
v 7.3015313148498535 -3.389968156814575 -1.6639704704284668
v -4.344449043273926 6.8687028884887695 3.842522621154785
v 7.310354232788086 -3.3828036785125732 -1.6586289405822754
v -4.335578918457031 6.876654624938965 3.8464980125427246
v 7.319224834442139 -3.3748528957366943 -1.6546533107757568
v -4.326801300048828 6.885266304016113 3.8490450382232666
v 7.328002452850342 -3.3662402629852295 -1.652106523513794
v -4.3182549476623535 6.894404411315918 3.850123167037964
v 7.336548805236816 -3.357102632522583 -1.6510283946990967
v -4.310074329376221 6.903923988342285 3.849715232849121
v 7.344729423522949 -3.347583055496216 -1.6514363288879395
v -4.302388668060303 6.913674354553223 3.847827911376953
v 7.352415084838867 -3.3378326892852783 -1.6533234119415283
v -4.295319080352783 6.9235029220581055 3.8444910049438477
v 7.359484672546387 -3.3280045986175537 -1.6566603183746338
v -4.288976669311523 6.933253288269043 3.839756965637207
v 7.3658270835876465 -3.318253755569458 -1.6613943576812744
v -4.2834625244140625 6.94277286529541 3.833700656890869
v 7.371341228485107 -3.308734655380249 -1.6674506664276123
v -4.278862476348877 6.951910018920898 3.8264174461364746
v 7.375941276550293 -3.2995965480804443 -1.674734115600586
v -4.275249481201172 6.960522651672363 3.8180222511291504
v 7.379554271697998 -3.2909843921661377 -1.6831293106079102
v -4.272680759429932 6.968473434448242 3.808647394180298
v 7.382122993469238 -3.2830331325531006 -1.6925041675567627
v -4.2711968421936035 6.975638389587402 3.79844069480896
v 7.383606910705566 -3.275869131088257 -1.7027108669281006
v -4.270820617675781 6.981903076171875 3.7875633239746094
v 7.383983135223389 -3.269604444503784 -1.7135882377624512
v -4.27155876159668 6.98716926574707 3.776186466217041
v 7.38324499130249 -3.264338254928589 -1.7249648571014404
v -4.2733988761901855 6.9913530349731445 3.7644898891448975
v 7.381404876708984 -3.2601535320281982 -1.736661434173584
v -4.276311874389648 6.994390487670898 3.7526581287384033
v 7.3784918785095215 -3.2571165561676025 -1.7484934329986572
v -4.280252933502197 6.996232032775879 3.740877389907837
v 7.374550819396973 -3.255275011062622 -1.7602741718292236
v -6.790285110473633 -4.940057754516602 1.7420037984848022
v 7.086537837982178 -3.8281333446502686 -1.8167505264282227
v -6.793339729309082 -4.9408440589904785 1.7298481464385986
v 7.0834832191467285 -3.8289194107055664 -1.8289060592651367
v -6.79622745513916 -4.943190097808838 1.7178539037704468
v 7.08059549331665 -3.831265687942505 -1.8409003019332886
v -6.798903465270996 -4.947059154510498 1.7062102556228638
v 7.0779194831848145 -3.835134506225586 -1.8525439500808716
v -6.801325798034668 -4.952389717102051 1.6951007843017578
v 7.075497627258301 -3.840465545654297 -1.863653540611267
v -6.803455352783203 -4.959098815917969 1.684700608253479
v 7.073368072509766 -3.8471744060516357 -1.8740535974502563
v -6.805258750915527 -4.9670796394348145 1.6751738786697388
v 7.071564197540283 -3.8551552295684814 -1.8835804462432861
v -6.806708335876465 -4.9762067794799805 1.6666706800460815
v 7.070114612579346 -3.8642821311950684 -1.8920835256576538
v -6.8077802658081055 -4.986335754394531 1.659325361251831
v 7.069042682647705 -3.8744115829467773 -1.8994289636611938
v -6.80845832824707 -4.997307777404785 1.6532535552978516
v 7.06836462020874 -3.885383129119873 -1.9055007696151733
v -6.808731555938721 -5.008948802947998 1.6485509872436523
v 7.06809139251709 -3.897024393081665 -1.910203218460083
v -6.808595657348633 -5.02107572555542 1.645292043685913
v 7.068227291107178 -3.909151554107666 -1.9134621620178223
v -6.8080525398254395 -5.0334978103637695 1.643527865409851
v 7.068770408630371 -3.9215731620788574 -1.9152263402938843
v -6.8071112632751465 -5.046018123626709 1.6432864665985107
v 7.069711685180664 -3.934093713760376 -1.9154677391052246
v -6.8057861328125 -5.0584397315979 1.6445716619491577
v 7.0710368156433105 -3.9465155601501465 -1.9141826629638672
v -6.804098606109619 -5.070566654205322 1.6473629474639893
v 7.072724342346191 -3.9586424827575684 -1.911391258239746
v -6.802074909210205 -5.082208156585693 1.6516165733337402
v 7.0747480392456055 -3.9702837467193604 -1.9071377515792847
v -6.799747467041016 -5.093179702758789 1.657265305519104
v 7.077075481414795 -3.981255531311035 -1.901489019393921
v -6.797152042388916 -5.103309154510498 1.6642200946807861
v 7.0796709060668945 -3.991384744644165 -1.8945342302322388
v -6.794330596923828 -5.112436294555664 1.6723711490631104
v 7.082492351531982 -4.000511646270752 -1.886383056640625
v -6.791326522827148 -5.12041711807251 1.68159019947052
v 7.085496425628662 -4.008492469787598 -1.8771640062332153
v -6.788188457489014 -5.1271257400512695 1.6917316913604736
v 7.088634490966797 -4.015201568603516 -1.8670226335525513
v -6.7849650382995605 -5.1324567794799805 1.702635645866394
v 7.091858386993408 -4.020532131195068 -1.8561186790466309
v -6.781706809997559 -5.136325836181641 1.7141300439834595
v 7.095116138458252 -4.0244011878967285 -1.8446241617202759
v -6.77846622467041 -5.138671875 1.7260338068008423
v 7.0983567237854 -4.026747226715088 -1.832720398902893
v -6.775293827056885 -5.139457702636719 1.7381591796875
v 7.101529121398926 -4.027533531188965 -1.820595145225525
v -6.7722392082214355 -5.138671875 1.750314712524414
v 7.104583740234375 -4.026747226715088 -1.8084394931793213
v -6.769351482391357 -5.136325836181641 1.762308955192566
v 7.107471466064453 -4.0244011878967285 -1.7964452505111694
v -6.7666754722595215 -5.1324567794799805 1.773952603340149
v 7.110147476196289 -4.020532131195068 -1.7848016023635864
v -6.764253616333008 -5.1271257400512695 1.7850621938705444
v 7.112569808959961 -4.015201568603516 -1.7736921310424805
v -6.762124061584473 -5.12041711807251 1.7954622507095337
v 7.114699363708496 -4.008492469787598 -1.7632919549942017
v -6.76032018661499 -5.112436294555664 1.8049890995025635
v 7.11650276184082 -4.000511646270752 -1.7537652254104614
v -6.758870601654053 -5.103309154510498 1.8134921789169312
v 7.117952346801758 -3.991384744644165 -1.7452620267868042
v -6.757798671722412 -5.093179702758789 1.8208376169204712
v 7.119024276733398 -3.981255531311035 -1.7379167079925537
v -6.757120609283447 -5.082208156585693 1.8269094228744507
v 7.119702339172363 -3.9702837467193604 -1.7318449020385742
v -6.756847381591797 -5.070566654205322 1.8316118717193604
v 7.119975566864014 -3.9586424827575684 -1.727142333984375
v -6.756983280181885 -5.0584397315979 1.8348708152770996
v 7.119839668273926 -3.9465155601501465 -1.7238833904266357
v -6.757526397705078 -5.046018123626709 1.8366349935531616
v 7.119296550750732 -3.934093713760376 -1.7221192121505737
v -6.758467674255371 -5.0334978103637695 1.836876392364502
v 7.1183552742004395 -3.9215731620788574 -1.7218778133392334
v -6.759792804718018 -5.02107572555542 1.8355913162231445
v 7.117030143737793 -3.909151554107666 -1.7231630086898804
v -6.761480331420898 -5.008948802947998 1.8327999114990234
v 7.115342617034912 -3.897024393081665 -1.725954294204712
v -6.7635040283203125 -4.997307777404785 1.828546404838562
v 7.113318920135498 -3.885383129119873 -1.730207920074463
v -6.765831470489502 -4.986335754394531 1.8228976726531982
v 7.110991477966309 -3.8744115829467773 -1.7358566522598267
v -6.768426895141602 -4.9762067794799805 1.8159428834915161
v 7.108396053314209 -3.8642821311950684 -1.7428114414215088
v -6.7712483406066895 -4.9670796394348145 1.8077917098999023
v 7.105574607849121 -3.8551552295684814 -1.750962495803833
v -6.774252414703369 -4.959098815917969 1.7985726594924927
v 7.102570533752441 -3.8471744060516357 -1.7601815462112427
v -6.777390480041504 -4.952389717102051 1.7884312868118286
v 7.099432468414307 -3.840465545654297 -1.7703230381011963
v -6.780614376068115 -4.947059154510498 1.7775273323059082
v 7.0962090492248535 -3.835134506225586 -1.7812269926071167
v -6.783872127532959 -4.943190097808838 1.7660328149795532
v 7.092950820922852 -3.831265687942505 -1.7927213907241821
v -6.787112712860107 -4.9408440589904785 1.7541290521621704
v 7.089710235595703 -3.8289194107055664 -1.804625153541565
v -7.080714702606201 6.531492710113525 0.07964122295379639
v 7.273946285247803 -3.302122116088867 -1.9390517473220825
v -7.082898139953613 6.5308403968811035 0.06729167699813843
v 7.271762847900391 -3.3027749061584473 -1.9514013528823853
v -7.08592414855957 6.528892993927002 0.05526018142700195
v 7.268736839294434 -3.304722309112549 -1.963432788848877
v -7.089745044708252 6.525681495666504 0.04373651742935181
v 7.264915943145752 -3.307933807373047 -1.9749565124511719
v -7.094299793243408 6.521256446838379 0.032902300357818604
v 7.260361194610596 -3.3123583793640137 -1.985790729522705
v -7.099516868591309 6.515687942504883 0.02292853593826294
v 7.255144119262695 -3.3179268836975098 -1.9957644939422607
v -7.1053147315979 6.509063243865967 0.013972461223602295
v 7.2493462562561035 -3.324551582336426 -2.004720687866211
v -7.111600875854492 6.501487731933594 0.00617527961730957
v 7.243060111999512 -3.332127571105957 -2.0125176906585693
v -7.118276596069336 6.493080139160156 -0.0003399848937988281
v 7.236384391784668 -3.3405351638793945 -2.0190329551696777
v -7.125236988067627 6.483973026275635 -0.005470633506774902
v 7.229423999786377 -3.349642276763916 -2.0241637229919434
v -7.13237190246582 6.474310398101807 -0.009135663509368896
v 7.222289085388184 -3.359304904937744 -2.0278286933898926
v -7.13956880569458 6.464244365692139 -0.011277377605438232
v 7.215092182159424 -3.369370937347412 -2.029970407485962
v -7.146714210510254 6.4539337158203125 -0.011861979961395264
v 7.20794677734375 -3.37968111038208 -2.030555009841919
v -7.153695583343506 6.443541049957275 -0.01088017225265503
v 7.200965404510498 -3.390073776245117 -2.0295732021331787
v -7.160402297973633 6.433230876922607 -0.008347570896148682
v 7.194258689880371 -3.4003844261169434 -2.027040481567383
v -7.16672945022583 6.4231648445129395 -0.004303991794586182
v 7.187931537628174 -3.4104504585266113 -2.0229969024658203
v -7.172576904296875 6.413502216339111 0.0011867880821228027
v 7.182084083557129 -3.4201130867004395 -2.0175061225891113
v -7.177852153778076 6.40439510345459 0.008038043975830078
v 7.176808834075928 -3.429220199584961 -2.010654926300049
v -7.182471752166748 6.395987510681152 0.016141891479492188
v 7.172189235687256 -3.4376277923583984 -2.0025510787963867
v -7.186363697052002 6.388411521911621 0.025370419025421143
v 7.168297290802002 -3.4452033042907715 -1.9933226108551025
v -7.18946647644043 6.381786823272705 0.035578131675720215
v 7.165194511413574 -3.4518280029296875 -1.9831149578094482
v -7.191730499267578 6.376218318939209 0.046604037284851074
v 7.162930488586426 -3.4573965072631836 -1.9720890522003174
v -7.193120956420898 6.371793746948242 0.05827420949935913
v 7.1615400314331055 -3.4618215560913086 -1.9604188203811646
v -7.193614959716797 6.368582248687744 0.07040470838546753
v 7.161046028137207 -3.4650330543518066 -1.9482883214950562
v -7.193204879760742 6.366634845733643 0.08280408382415771
v 7.161456108093262 -3.466980457305908 -1.9358888864517212
v -7.191897869110107 6.3659820556640625 0.09527695178985596
v 7.1627631187438965 -3.46763277053833 -1.923416018486023
v -7.189714431762695 6.366634845733643 0.10762655735015869
v 7.164946556091309 -3.466980457305908 -1.9110665321350098
v -7.186688423156738 6.368582248687744 0.11965799331665039
v 7.167972564697266 -3.4650330543518066 -1.8990349769592285
v -7.182867527008057 6.371793746948242 0.1311817169189453
v 7.171793460845947 -3.4618215560913086 -1.8875112533569336
v -7.1783127784729 6.376218318939209 0.14201593399047852
v 7.1763482093811035 -3.4573965072631836 -1.8766770362854004
v -7.173095703125 6.381786823272705 0.15198969841003418
v 7.181565284729004 -3.4518280029296875 -1.8667032718658447
v -7.167297840118408 6.388411521911621 0.16094577312469482
v 7.187363147735596 -3.4452033042907715 -1.8577473163604736
v -7.161011695861816 6.395987510681152 0.16874289512634277
v 7.1936492919921875 -3.4376277923583984 -1.8499500751495361
v -7.154335975646973 6.40439510345459 0.17525815963745117
v 7.200325012207031 -3.429220199584961 -1.8434348106384277
v -7.147375583648682 6.413502216339111 0.18038880825042725
v 7.207285404205322 -3.4201130867004395 -1.8383041620254517
v -7.140240669250488 6.4231648445129395 0.18405389785766602
v 7.214420318603516 -3.4104504585266113 -1.834639072418213
v -7.1330437660217285 6.433230876922607 0.18619561195373535
v 7.221617221832275 -3.4003844261169434 -1.8324973583221436
v -7.125898361206055 6.443541049957275 0.18678021430969238
v 7.228762626647949 -3.390073776245117 -1.8319127559661865
v -7.118916988372803 6.4539337158203125 0.18579840660095215
v 7.235743999481201 -3.37968111038208 -1.8328945636749268
v -7.112210273742676 6.464244365692139 0.1832658052444458
v 7.242450714111328 -3.369370937347412 -1.8354272842407227
v -7.1058831214904785 6.474310398101807 0.1792222261428833
v 7.248777866363525 -3.359304904937744 -1.8394708633422852
v -7.100035667419434 6.483973026275635 0.17373144626617432
v 7.25462532043457 -3.349642276763916 -1.8449616432189941
v -7.094760417938232 6.493080139160156 0.16688013076782227
v 7.2599005699157715 -3.3405351638793945 -1.8518128395080566
v -7.0901408195495605 6.501487731933594 0.1587764024734497
v 7.264520168304443 -3.332127571105957 -1.8599166870117188
v -7.086248874664307 6.509063243865967 0.14954781532287598
v 7.268412113189697 -3.324551582336426 -1.869145154953003
v -7.083146095275879 6.515687942504883 0.13934016227722168
v 7.271514892578125 -3.3179268836975098 -1.8793529272079468
v -7.0808820724487305 6.521256446838379 0.12831425666809082
v 7.273778915405273 -3.3123583793640137 -1.8903788328170776
v -7.07949161529541 6.525681495666504 0.11664402484893799
v 7.275169372558594 -3.307933807373047 -1.9020490646362305
v -7.078997611999512 6.528892993927002 0.10451352596282959
v 7.275663375854492 -3.304722309112549 -1.9141795635223389
v -7.079407691955566 6.5308403968811035 0.09211409091949463
v 7.2752532958984375 -3.3027749061584473 -1.9265788793563843
v 4.8653974533081055 1.2277305126190186 -2.7780961990356445
v 7.551596164703369 -3.092294931411743 -2.118417263031006
v 4.867741584777832 1.2273051738739014 -2.790426015853882
v 7.553940296173096 -3.0927200317382812 -2.1307473182678223
v 4.8687591552734375 1.2260363101959229 -2.8028783798217773
v 7.554957866668701 -3.0939888954162598 -2.1431996822357178
v 4.868433952331543 1.2239439487457275 -2.8152565956115723
v 7.554632186889648 -3.096081495285034 -2.1555778980255127
v 4.8667707443237305 1.2210607528686523 -2.8273656368255615
v 7.552968978881836 -3.0989646911621094 -2.167686939239502
v 4.863796234130859 1.2174322605133057 -2.8390145301818848
v 7.549994468688965 -3.102592945098877 -2.179335594177246
v 4.859557151794434 1.213115930557251 -2.8500192165374756
v 7.545755386352539 -3.1069092750549316 -2.190340280532837
v 4.854120254516602 1.2081797122955322 -2.860206365585327
v 7.540318489074707 -3.1118457317352295 -2.2005276679992676
v 4.84757137298584 1.2027013301849365 -2.869415521621704
v 7.533769607543945 -3.117323875427246 -2.2097365856170654
v 4.84001350402832 1.1967673301696777 -2.8775010108947754
v 7.526212215423584 -3.123257875442505 -2.217822313308716
v 4.83156681060791 1.1904711723327637 -2.88433575630188
v 7.517765045166016 -3.129554033279419 -2.2246570587158203
v 4.822363376617432 1.1839125156402588 -2.8898119926452637
v 7.508562088012695 -3.136112689971924 -2.230133056640625
v 4.812548637390137 1.177194356918335 -2.8938426971435547
v 7.4987473487854 -3.1428310871124268 -2.234163999557495
v 4.8022780418396 1.1704227924346924 -2.896365165710449
v 7.488476753234863 -3.1496026515960693 -2.2366862297058105
v 4.791712760925293 1.1637043952941895 -2.897339105606079
v 7.477911472320557 -3.156320810317993 -2.2376601696014404
v 4.781020164489746 1.1571457386016846 -2.896749258041382
v 7.467218399047852 -3.162879467010498 -2.237070322036743
v 4.770367622375488 1.1508495807647705 -2.8946046829223633
v 7.456566333770752 -3.169175624847412 -2.2349259853363037
v 4.759924411773682 1.1449155807495117 -2.890939712524414
v 7.446123123168945 -3.175109624862671 -2.2312610149383545
v 4.749855041503906 1.1394374370574951 -2.8858118057250977
v 7.436053276062012 -3.1805880069732666 -2.226133108139038
v 4.740317344665527 1.1345009803771973 -2.8793020248413086
v 7.426516056060791 -3.1855242252349854 -2.219623327255249
v 4.7314629554748535 1.1301846504211426 -2.8715128898620605
v 7.417661666870117 -3.18984055519104 -2.211833953857422
v 4.723430633544922 1.126556396484375 -2.862567186355591
v 7.4096293449401855 -3.1934690475463867 -2.2028884887695312
v 4.716347694396973 1.1236732006072998 -2.8526060581207275
v 7.402545928955078 -3.196352243423462 -2.192927360534668
v 4.710325241088867 1.1215806007385254 -2.8417868614196777
v 7.396523952484131 -3.1984446048736572 -2.182107925415039
v 4.705458641052246 1.1203117370605469 -2.830279588699341
v 7.39165735244751 -3.1997134685516357 -2.1706008911132812
v 4.70182466506958 1.1198866367340088 -2.8182663917541504
v 7.388023376464844 -3.200138807296753 -2.1585874557495117
v 4.6994805335998535 1.1203117370605469 -2.805936336517334
v 7.385679244995117 -3.1997134685516357 -2.1462576389312744
v 4.698462963104248 1.1215806007385254 -2.7934839725494385
v 7.384661674499512 -3.1984446048736572 -2.133805274963379
v 4.698788642883301 1.1236732006072998 -2.7811057567596436
v 7.384986877441406 -3.196352243423462 -2.121427059173584
v 4.700451850891113 1.126556396484375 -2.7689967155456543
v 7.386650085449219 -3.1934690475463867 -2.1093180179595947
v 4.703426361083984 1.1301846504211426 -2.75734806060791
v 7.38962459564209 -3.18984055519104 -2.0976691246032715
v 4.70766544342041 1.1345009803771973 -2.7463433742523193
v 7.393863677978516 -3.1855242252349854 -2.0866644382476807
v 4.713102340698242 1.1394374370574951 -2.7361559867858887
v 7.399300575256348 -3.1805880069732666 -2.076477289199829
v 4.719651222229004 1.1449155807495117 -2.726947069168091
v 7.405849456787109 -3.175109624862671 -2.067268133163452
v 4.727208614349365 1.1508495807647705 -2.7188613414764404
v 7.413407325744629 -3.169175624847412 -2.059182643890381
v 4.735655784606934 1.1571457386016846 -2.712026596069336
v 7.421854019165039 -3.162879467010498 -2.0523478984832764
v 4.744858741760254 1.1637043952941895 -2.7065505981445312
v 7.431057453155518 -3.156320810317993 -2.0468716621398926
v 4.754673480987549 1.1704227924346924 -2.702519655227661
v 7.4408721923828125 -3.1496026515960693 -2.0428409576416016
v 4.764944076538086 1.177194356918335 -2.6999974250793457
v 7.45114278793335 -3.1428310871124268 -2.040318489074707
v 4.775509357452393 1.1839125156402588 -2.699023485183716
v 7.461708068847656 -3.136112689971924 -2.039344549179077
v 4.786202430725098 1.1904711723327637 -2.699613332748413
v 7.472400665283203 -3.129554033279419 -2.0399343967437744
v 4.796854496002197 1.1967673301696777 -2.7017576694488525
v 7.483053207397461 -3.123257875442505 -2.042078971862793
v 4.807297706604004 1.2027013301849365 -2.7054226398468018
v 7.493496417999268 -3.117323875427246 -2.045743942260742
v 4.8173675537109375 1.2081797122955322 -2.710550546646118
v 7.503565788269043 -3.1118457317352295 -2.0508718490600586
v 4.826904773712158 1.213115930557251 -2.7170603275299072
v 7.513103485107422 -3.1069092750549316 -2.0573816299438477
v 4.835759162902832 1.2174322605133057 -2.7248497009277344
v 7.521957874298096 -3.102592945098877 -2.0651707649230957
v 4.843791484832764 1.2210607528686523 -2.733795166015625
v 7.529990196228027 -3.0989646911621094 -2.0741164684295654
v 4.850874900817871 1.2239439487457275 -2.7437562942504883
v 7.537073135375977 -3.096081495285034 -2.0840775966644287
v 4.856896877288818 1.2260363101959229 -2.754575729370117
v 7.543095588684082 -3.0939888954162598 -2.0948967933654785
v 4.8617634773254395 1.2273051738739014 -2.766082763671875
v 7.547962188720703 -3.0927200317382812 -2.1064040660858154
v 6.807091236114502 0.19378793239593506 -1.4420274496078491
v 6.807091236114502 0.19378793239593506 -2.6420273780822754
v 6.871962547302246 0.19378793239593506 -1.445544719696045
v 6.936073303222656 0.19378793239593506 -1.4560551643371582
v 6.998672008514404 0.19378793239593506 -1.473435640335083
v 7.059024810791016 0.19378793239593506 -1.4974822998046875
v 7.116423606872559 0.19378793239593506 -1.5279130935668945
v 7.170195579528809 0.19378793239593506 -1.5643715858459473
v 7.219710826873779 0.19378793239593506 -1.606430172920227
v 7.264388561248779 0.19378793239593506 -1.6535956859588623
v 7.303704738616943 0.19378793239593506 -1.7053152322769165
v 7.337198257446289 0.19378793239593506 -1.7609823942184448
v 7.364477157592773 0.19378793239593506 -1.8199446201324463
v 7.385221481323242 0.19378793239593506 -1.8815104961395264
v 7.399187088012695 0.19378793239593506 -1.9449583292007446
v 7.4062113761901855 0.19378793239593506 -2.0095441341400146
v 7.4062113761901855 0.19378793239593506 -2.0745108127593994
v 7.399187088012695 0.19378793239593506 -2.139096736907959
v 7.385221481323242 0.19378793239593506 -2.2025444507598877
v 7.364477157592773 0.19378793239593506 -2.2641103267669678
v 7.337198257446289 0.19378793239593506 -2.3230724334716797
v 7.303704738616943 0.19378793239593506 -2.378739833831787
v 7.264388561248779 0.19378793239593506 -2.4304592609405518
v 7.219710826873779 0.19378793239593506 -2.4776248931884766
v 7.170195579528809 0.19378793239593506 -2.519683361053467
v 7.116423606872559 0.19378793239593506 -2.5561418533325195
v 7.059024810791016 0.19378793239593506 -2.5865726470947266
v 6.998672008514404 0.19378793239593506 -2.610619306564331
v 6.936073303222656 0.19378793239593506 -2.627999782562256
v 6.871962547302246 0.19378793239593506 -2.638510227203369
v 6.870544910430908 0.20727545022964478 -1.445544719696045
v 6.933254718780518 0.22060485184192657 -1.4560551643371582
v 6.994485855102539 0.2336198389530182 -1.473435640335083
v 7.053519248962402 0.2461678385734558 -1.4974822998046875
v 7.109663963317871 0.2581017315387726 -1.5279130935668945
v 7.162261009216309 0.26928162574768066 -1.5643715858459473
v 7.210694313049316 0.2795763909816742 -1.606430172920227
v 7.254395484924316 0.2888653874397278 -1.6535956859588623
v 7.292852401733398 0.297039657831192 -1.7053152322769165
v 7.3256144523620605 0.30400341749191284 -1.7609823942184448
v 7.352296829223633 0.309675008058548 -1.8199446201324463
v 7.37258768081665 0.3139879107475281 -1.8815104961395264
v 7.386248588562012 0.316891610622406 -1.9449583292007446
v 7.393118858337402 0.31835198402404785 -2.0095441341400146
v 7.393118858337402 0.31835198402404785 -2.0745108127593994
v 7.386248588562012 0.316891610622406 -2.139096736907959
v 7.37258768081665 0.3139879107475281 -2.2025444507598877
v 7.352296829223633 0.309675008058548 -2.2641103267669678
v 7.3256144523620605 0.30400341749191284 -2.3230724334716797
v 7.292852401733398 0.297039657831192 -2.378739833831787
v 7.254395484924316 0.2888653874397278 -2.4304592609405518
v 7.210694313049316 0.2795763909816742 -2.4776248931884766
v 7.162261009216309 0.26928162574768066 -2.519683361053467
v 7.109663963317871 0.2581017315387726 -2.5561418533325195
v 7.053519248962402 0.2461678385734558 -2.5865726470947266
v 6.994485855102539 0.2336198389530182 -2.610619306564331
v 6.933254718780518 0.22060485184192657 -2.627999782562256
v 6.870544910430908 0.20727545022964478 -2.638510227203369
v 6.866353988647461 0.22017350792884827 -1.445544719696045
v 6.924922466278076 0.2462497502565384 -1.4560551643371582
v 6.982109069824219 0.27171090245246887 -1.473435640335083
v 7.037243843078613 0.29625850915908813 -1.4974822998046875
v 7.089680194854736 0.3196047246456146 -1.5279130935668945
v 7.138803482055664 0.34147584438323975 -1.5643715858459473
v 7.184038162231445 0.36161547899246216 -1.606430172920227
v 7.224853038787842 0.37978747487068176 -1.6535956859588623
v 7.260770320892334 0.3957788050174713 -1.7053152322769165
v 7.29136848449707 0.40940195322036743 -1.7609823942184448
v 7.316288948059082 0.42049723863601685 -1.8199446201324463
v 7.335239410400391 0.42893457412719727 -1.8815104961395264
v 7.347997665405273 0.43461501598358154 -1.9449583292007446
v 7.354414463043213 0.43747201561927795 -2.0095441341400146
v 7.354414463043213 0.43747201561927795 -2.0745108127593994
v 7.347997665405273 0.43461501598358154 -2.139096736907959
v 7.335239410400391 0.42893457412719727 -2.2025444507598877
v 7.316288948059082 0.42049723863601685 -2.2641103267669678
v 7.29136848449707 0.40940195322036743 -2.3230724334716797
v 7.260770320892334 0.3957788050174713 -2.378739833831787
v 7.224853038787842 0.37978747487068176 -2.4304592609405518
v 7.184038162231445 0.36161547899246216 -2.4776248931884766
v 7.138803482055664 0.34147584438323975 -2.519683361053467
v 7.089680194854736 0.3196047246456146 -2.5561418533325195
v 7.037243843078613 0.29625850915908813 -2.5865726470947266
v 6.982109069824219 0.27171090245246887 -2.610619306564331
v 6.924922466278076 0.2462497502565384 -2.627999782562256
v 6.866353988647461 0.22017350792884827 -2.638510227203369
v 6.8595733642578125 0.23191839456558228 -1.445544719696045
v 6.911439895629883 0.26960182189941406 -1.4560551643371582
v 6.962083339691162 0.30639636516571045 -1.473435640335083
v 7.010909557342529 0.3418707251548767 -1.4974822998046875
v 7.057346343994141 0.3756089210510254 -1.5279130935668945
v 7.100849151611328 0.407215416431427 -1.5643715858459473
v 7.1409077644348145 0.4363197088241577 -1.606430172920227
v 7.1770524978637695 0.46258050203323364 -1.6535956859588623
v 7.208859920501709 0.4856899678707123 -1.7053152322769165
v 7.235957145690918 0.5053771734237671 -1.7609823942184448
v 7.258026123046875 0.5214111804962158 -1.8199446201324463
v 7.274808406829834 0.5336042046546936 -1.8815104961395264
v 7.286107063293457 0.5418131351470947 -1.9449583292007446
v 7.291789531707764 0.5459418296813965 -2.0095441341400146
v 7.291789531707764 0.5459418296813965 -2.0745108127593994
v 7.286107063293457 0.5418131351470947 -2.139096736907959
v 7.274808406829834 0.5336042046546936 -2.2025444507598877
v 7.258026123046875 0.5214111804962158 -2.2641103267669678
v 7.235957145690918 0.5053771734237671 -2.3230724334716797
v 7.208859920501709 0.4856899678707123 -2.378739833831787
v 7.1770524978637695 0.46258050203323364 -2.4304592609405518
v 7.1409077644348145 0.4363197088241577 -2.4776248931884766
v 7.100849151611328 0.407215416431427 -2.519683361053467
v 7.057346343994141 0.3756089210510254 -2.5561418533325195
v 7.010909557342529 0.3418707251548767 -2.5865726470947266
v 6.962083339691162 0.30639636516571045 -2.610619306564331
v 6.911439895629883 0.26960182189941406 -2.627999782562256
v 6.8595733642578125 0.23191839456558228 -2.638510227203369
v 6.850498676300049 0.24199679493904114 -1.445544719696045
v 6.893397331237793 0.2896404266357422 -1.4560551643371582
v 6.935283660888672 0.3361603021621704 -1.473435640335083
v 6.975667476654053 0.3810109794139862 -1.4974822998046875
v 7.014074802398682 0.42366665601730347 -1.5279130935668945
v 7.050055503845215 0.4636271893978119 -1.5643715858459473
v 7.083187580108643 0.5004241466522217 -1.606430172920227
v 7.1130828857421875 0.5336259603500366 -1.6535956859588623
v 7.139390468597412 0.5628436207771301 -1.7053152322769165
v 7.161802291870117 0.5877343416213989 -1.7609823942184448
v 7.180055141448975 0.608006477355957 -1.8199446201324463
v 7.193935871124268 0.6234222650527954 -1.8815104961395264
v 7.203280925750732 0.6338009834289551 -1.9449583292007446
v 7.207980632781982 0.6390209197998047 -2.0095441341400146
v 7.207980632781982 0.6390209197998047 -2.0745108127593994
v 7.203280925750732 0.6338009834289551 -2.139096736907959
v 7.193935871124268 0.6234222650527954 -2.2025444507598877
v 7.180055141448975 0.608006477355957 -2.2641103267669678
v 7.161802291870117 0.5877343416213989 -2.3230724334716797
v 7.139390468597412 0.5628436207771301 -2.378739833831787
v 7.1130828857421875 0.5336259603500366 -2.4304592609405518
v 7.083187580108643 0.5004241466522217 -2.4776248931884766
v 7.050055503845215 0.4636271893978119 -2.519683361053467
v 7.014074802398682 0.42366665601730347 -2.5561418533325195
v 6.975667476654053 0.3810109794139862 -2.5865726470947266
v 6.935283660888672 0.3361603021621704 -2.610619306564331
v 6.893397331237793 0.2896404266357422 -2.627999782562256
v 6.850498676300049 0.24199679493904114 -2.638510227203369
v 6.839527130126953 0.24996823072433472 -1.445544719696045
v 6.871582508087158 0.30548983812332153 -1.4560551643371582
v 6.902881622314453 0.35970187187194824 -1.473435640335083
v 6.93305778503418 0.4119687080383301 -1.4974822998046875
v 6.961757183074951 0.46167758107185364 -1.5279130935668945
v 6.988643646240234 0.5082457065582275 -1.5643715858459473
v 7.013401031494141 0.5511270761489868 -1.606430172920227
v 7.035739898681641 0.5898189544677734 -1.6535956859588623
v 7.055397987365723 0.6238677501678467 -1.7053152322769165
v 7.072144985198975 0.652874231338501 -1.7609823942184448
v 7.085784435272217 0.6764984130859375 -1.8199446201324463
v 7.096156120300293 0.6944631934165955 -1.8815104961395264
v 7.103139400482178 0.7065580487251282 -1.9449583292007446
v 7.106651306152344 0.7126411199569702 -2.0095441341400146
v 7.106651306152344 0.7126411199569702 -2.0745108127593994
v 7.103139400482178 0.7065580487251282 -2.139096736907959
v 7.096156120300293 0.6944631934165955 -2.2025444507598877
v 7.085784435272217 0.6764984130859375 -2.2641103267669678
v 7.072144985198975 0.652874231338501 -2.3230724334716797
v 7.055397987365723 0.6238677501678467 -2.378739833831787
v 7.035739898681641 0.5898189544677734 -2.4304592609405518
v 7.013401031494141 0.5511270761489868 -2.4776248931884766
v 6.988643646240234 0.5082457065582275 -2.519683361053467
v 6.961757183074951 0.46167758107185364 -2.5561418533325195
v 6.93305778503418 0.4119687080383301 -2.5865726470947266
v 6.902881622314453 0.35970187187194824 -2.610619306564331
v 6.871582508087158 0.30548983812332153 -2.627999782562256
v 6.839527130126953 0.24996823072433472 -2.638510227203369
v 6.827137470245361 0.25548431277275085 -1.445544719696045
v 6.846949100494385 0.3164573609828949 -1.4560551643371582
v 6.866292953491211 0.37599220871925354 -1.473435640335083
v 6.884943008422852 0.43339088559150696 -1.4974822998046875
v 6.902680397033691 0.487980455160141 -1.5279130935668945
v 6.919296741485596 0.5391208529472351 -1.5643715858459473
v 6.934597969055176 0.5862125754356384 -1.606430172920227
v 6.948403835296631 0.6287034749984741 -1.6535956859588623
v 6.960553169250488 0.6660953760147095 -1.7053152322769165
v 6.970903396606445 0.6979498863220215 -1.7609823942184448
v 6.97933292388916 0.7238935232162476 -1.8199446201324463
v 6.985743045806885 0.7436222434043884 -1.8815104961395264
v 6.990058898925781 0.7569046020507812 -1.9449583292007446
v 6.992229461669922 0.7635849714279175 -2.0095441341400146
v 6.992229461669922 0.7635849714279175 -2.0745108127593994
v 6.990058898925781 0.7569046020507812 -2.139096736907959
v 6.985743045806885 0.7436222434043884 -2.2025444507598877
v 6.97933292388916 0.7238935232162476 -2.2641103267669678
v 6.970903396606445 0.6979498863220215 -2.3230724334716797
v 6.960553169250488 0.6660953760147095 -2.378739833831787
v 6.948403835296631 0.6287034749984741 -2.4304592609405518
v 6.934597969055176 0.5862125754356384 -2.4776248931884766
v 6.919296741485596 0.5391208529472351 -2.519683361053467
v 6.902680397033691 0.487980455160141 -2.5561418533325195
v 6.884943008422852 0.43339088559150696 -2.5865726470947266
v 6.866292953491211 0.37599220871925354 -2.610619306564331
v 6.846949100494385 0.3164573609828949 -2.627999782562256
v 6.827137470245361 0.25548431277275085 -2.638510227203369
v 6.813872337341309 0.2583039700984955 -1.445544719696045
v 6.820573329925537 0.3220636248588562 -1.4560551643371582
v 6.827116966247559 0.38431936502456665 -1.473435640335083
v 6.833425521850586 0.4443412721157074 -1.4974822998046875
v 6.839425086975098 0.5014256834983826 -1.5279130935668945
v 6.845046043395996 0.5549033284187317 -1.5643715858459473
v 6.850221633911133 0.60414719581604 -1.606430172920227
v 6.854891777038574 0.6485800743103027 -1.6535956859588623
v 6.859001636505127 0.6876808404922485 -1.7053152322769165
v 6.862502574920654 0.7209911942481995 -1.7609823942184448
v 6.865354061126709 0.7481205463409424 -1.8199446201324463
v 6.867522239685059 0.7687508463859558 -1.8815104961395264
v 6.868982315063477 0.782640278339386 -1.9449583292007446
v 6.869716167449951 0.7896259427070618 -2.0095441341400146
v 6.869716167449951 0.7896259427070618 -2.0745108127593994
v 6.868982315063477 0.782640278339386 -2.139096736907959
v 6.867522239685059 0.7687508463859558 -2.2025444507598877
v 6.865354061126709 0.7481205463409424 -2.2641103267669678
v 6.862502574920654 0.7209911942481995 -2.3230724334716797
v 6.859001636505127 0.6876808404922485 -2.378739833831787
v 6.854891777038574 0.6485800743103027 -2.4304592609405518
v 6.850221633911133 0.60414719581604 -2.4776248931884766
v 6.845046043395996 0.5549033284187317 -2.519683361053467
v 6.839425086975098 0.5014256834983826 -2.5561418533325195
v 6.833425521850586 0.4443412721157074 -2.5865726470947266
v 6.827116966247559 0.38431936502456665 -2.610619306564331
v 6.820573329925537 0.3220636248588562 -2.627999782562256
v 6.813872337341309 0.2583039700984955 -2.638510227203369
v 6.800310134887695 0.2583039700984955 -1.445544719696045
v 6.793609142303467 0.3220636248588562 -1.4560551643371582
v 6.787065505981445 0.38431936502456665 -1.473435640335083
v 6.780756950378418 0.4443412721157074 -1.4974822998046875
v 6.774757385253906 0.5014256834983826 -1.5279130935668945
v 6.769136428833008 0.5549033284187317 -1.5643715858459473
v 6.763960838317871 0.60414719581604 -1.606430172920227
v 6.75929069519043 0.6485800743103027 -1.6535956859588623
v 6.755180835723877 0.6876808404922485 -1.7053152322769165
v 6.75167989730835 0.7209911942481995 -1.7609823942184448
v 6.748828411102295 0.7481205463409424 -1.8199446201324463
v 6.746660232543945 0.7687508463859558 -1.8815104961395264
v 6.745200157165527 0.782640278339386 -1.9449583292007446
v 6.744466304779053 0.7896259427070618 -2.0095441341400146
v 6.744466304779053 0.7896259427070618 -2.0745108127593994
v 6.745200157165527 0.782640278339386 -2.139096736907959
v 6.746660232543945 0.7687508463859558 -2.2025444507598877
v 6.748828411102295 0.7481205463409424 -2.2641103267669678
v 6.75167989730835 0.7209911942481995 -2.3230724334716797
v 6.755180835723877 0.6876808404922485 -2.378739833831787
v 6.75929069519043 0.6485800743103027 -2.4304592609405518
v 6.763960838317871 0.60414719581604 -2.4776248931884766
v 6.769136428833008 0.5549033284187317 -2.519683361053467
v 6.774757385253906 0.5014256834983826 -2.5561418533325195
v 6.780756950378418 0.4443412721157074 -2.5865726470947266
v 6.787065505981445 0.38431936502456665 -2.610619306564331
v 6.793609142303467 0.3220636248588562 -2.627999782562256
v 6.800310134887695 0.2583039700984955 -2.638510227203369
v 6.787045001983643 0.25548431277275085 -1.445544719696045
v 6.767233371734619 0.3164573609828949 -1.4560551643371582
v 6.747889518737793 0.37599220871925354 -1.473435640335083
v 6.729239463806152 0.43339088559150696 -1.4974822998046875
v 6.7115020751953125 0.487980455160141 -1.5279130935668945
v 6.694885730743408 0.5391208529472351 -1.5643715858459473
v 6.679584503173828 0.5862125754356384 -1.606430172920227
v 6.665778636932373 0.6287034749984741 -1.6535956859588623
v 6.653629302978516 0.6660953760147095 -1.7053152322769165
v 6.643279075622559 0.6979498863220215 -1.7609823942184448
v 6.634849548339844 0.7238935232162476 -1.8199446201324463
v 6.628439426422119 0.7436222434043884 -1.8815104961395264
v 6.624123573303223 0.7569046020507812 -1.9449583292007446
v 6.621953010559082 0.7635849714279175 -2.0095441341400146
v 6.621953010559082 0.7635849714279175 -2.0745108127593994
v 6.624123573303223 0.7569046020507812 -2.139096736907959
v 6.628439426422119 0.7436222434043884 -2.2025444507598877
v 6.634849548339844 0.7238935232162476 -2.2641103267669678
v 6.643279075622559 0.6979498863220215 -2.3230724334716797
v 6.653629302978516 0.6660953760147095 -2.378739833831787
v 6.665778636932373 0.6287034749984741 -2.4304592609405518
v 6.679584503173828 0.5862125754356384 -2.4776248931884766
v 6.694885730743408 0.5391208529472351 -2.519683361053467
v 6.7115020751953125 0.487980455160141 -2.5561418533325195
v 6.729239463806152 0.43339088559150696 -2.5865726470947266
v 6.747889518737793 0.37599220871925354 -2.610619306564331
v 6.767233371734619 0.3164573609828949 -2.627999782562256
v 6.787045001983643 0.25548431277275085 -2.638510227203369
v 6.774655342102051 0.24996823072433472 -1.445544719696045
v 6.742599964141846 0.30548983812332153 -1.4560551643371582
v 6.711300849914551 0.35970187187194824 -1.473435640335083
v 6.681124687194824 0.4119687080383301 -1.4974822998046875
v 6.652425289154053 0.46167758107185364 -1.5279130935668945
v 6.6255388259887695 0.5082457065582275 -1.5643715858459473
v 6.600781440734863 0.5511270761489868 -1.606430172920227
v 6.578442573547363 0.5898189544677734 -1.6535956859588623
v 6.558784484863281 0.6238677501678467 -1.7053152322769165
v 6.542037487030029 0.652874231338501 -1.7609823942184448
v 6.528398036956787 0.6764984130859375 -1.8199446201324463
v 6.518026351928711 0.6944631934165955 -1.8815104961395264
v 6.511043071746826 0.7065580487251282 -1.9449583292007446
v 6.50753116607666 0.7126411199569702 -2.0095441341400146
v 6.50753116607666 0.7126411199569702 -2.0745108127593994
v 6.511043071746826 0.7065580487251282 -2.139096736907959
v 6.518026351928711 0.6944631934165955 -2.2025444507598877
v 6.528398036956787 0.6764984130859375 -2.2641103267669678
v 6.542037487030029 0.652874231338501 -2.3230724334716797
v 6.558784484863281 0.6238677501678467 -2.378739833831787
v 6.578442573547363 0.5898189544677734 -2.4304592609405518
v 6.600781440734863 0.5511270761489868 -2.4776248931884766
v 6.6255388259887695 0.5082457065582275 -2.519683361053467
v 6.652425289154053 0.46167758107185364 -2.5561418533325195
v 6.681124687194824 0.4119687080383301 -2.5865726470947266
v 6.711300849914551 0.35970187187194824 -2.610619306564331
v 6.742599964141846 0.30548983812332153 -2.627999782562256
v 6.774655342102051 0.24996823072433472 -2.638510227203369
v 6.763683795928955 0.24199679493904114 -1.445544719696045
v 6.720785140991211 0.2896404266357422 -1.4560551643371582
v 6.678898811340332 0.3361603021621704 -1.473435640335083
v 6.638514995574951 0.3810109794139862 -1.4974822998046875
v 6.600107669830322 0.42366665601730347 -1.5279130935668945
v 6.564126968383789 0.4636271893978119 -1.5643715858459473
v 6.530994892120361 0.5004241466522217 -1.606430172920227
v 6.501099586486816 0.5336259603500366 -1.6535956859588623
v 6.474792003631592 0.5628436207771301 -1.7053152322769165
v 6.452380180358887 0.5877343416213989 -1.7609823942184448
v 6.434127330780029 0.608006477355957 -1.8199446201324463
v 6.420246601104736 0.6234222650527954 -1.8815104961395264
v 6.4109015464782715 0.6338009834289551 -1.9449583292007446
v 6.4062018394470215 0.6390209197998047 -2.0095441341400146
v 6.4062018394470215 0.6390209197998047 -2.0745108127593994
v 6.4109015464782715 0.6338009834289551 -2.139096736907959
v 6.420246601104736 0.6234222650527954 -2.2025444507598877
v 6.434127330780029 0.608006477355957 -2.2641103267669678
v 6.452380180358887 0.5877343416213989 -2.3230724334716797
v 6.474792003631592 0.5628436207771301 -2.378739833831787
v 6.501099586486816 0.5336259603500366 -2.4304592609405518
v 6.530994892120361 0.5004241466522217 -2.4776248931884766
v 6.564126968383789 0.4636271893978119 -2.519683361053467
v 6.600107669830322 0.42366665601730347 -2.5561418533325195
v 6.638514995574951 0.3810109794139862 -2.5865726470947266
v 6.678898811340332 0.3361603021621704 -2.610619306564331
v 6.720785140991211 0.2896404266357422 -2.627999782562256
v 6.763683795928955 0.24199679493904114 -2.638510227203369
v 6.754609107971191 0.23191839456558228 -1.445544719696045
v 6.702742576599121 0.26960182189941406 -1.4560551643371582
v 6.652099132537842 0.30639636516571045 -1.473435640335083
v 6.603272914886475 0.3418707251548767 -1.4974822998046875
v 6.556836128234863 0.3756089210510254 -1.5279130935668945
v 6.513333320617676 0.407215416431427 -1.5643715858459473
v 6.4732747077941895 0.4363197088241577 -1.606430172920227
v 6.437129974365234 0.46258050203323364 -1.6535956859588623
v 6.405322551727295 0.4856899678707123 -1.7053152322769165
v 6.378225326538086 0.5053771734237671 -1.7609823942184448
v 6.356156349182129 0.5214111804962158 -1.8199446201324463
v 6.33937406539917 0.5336042046546936 -1.8815104961395264
v 6.328075408935547 0.5418131351470947 -1.9449583292007446
v 6.32239294052124 0.5459418296813965 -2.0095441341400146
v 6.32239294052124 0.5459418296813965 -2.0745108127593994
v 6.328075408935547 0.5418131351470947 -2.139096736907959
v 6.33937406539917 0.5336042046546936 -2.2025444507598877
v 6.356156349182129 0.5214111804962158 -2.2641103267669678
v 6.378225326538086 0.5053771734237671 -2.3230724334716797
v 6.405322551727295 0.4856899678707123 -2.378739833831787
v 6.437129974365234 0.46258050203323364 -2.4304592609405518
v 6.4732747077941895 0.4363197088241577 -2.4776248931884766
v 6.513333320617676 0.407215416431427 -2.519683361053467
v 6.556836128234863 0.3756089210510254 -2.5561418533325195
v 6.603272914886475 0.3418707251548767 -2.5865726470947266
v 6.652099132537842 0.30639636516571045 -2.610619306564331
v 6.702742576599121 0.26960182189941406 -2.627999782562256
v 6.754609107971191 0.23191839456558228 -2.638510227203369
v 6.747828483581543 0.22017350792884827 -1.445544719696045
v 6.689260005950928 0.2462497502565384 -1.4560551643371582
v 6.632073402404785 0.27171090245246887 -1.473435640335083
v 6.576938629150391 0.29625850915908813 -1.4974822998046875
v 6.524502277374268 0.3196047246456146 -1.5279130935668945
v 6.47537899017334 0.34147584438323975 -1.5643715858459473
v 6.430144309997559 0.36161547899246216 -1.606430172920227
v 6.389329433441162 0.37978747487068176 -1.6535956859588623
v 6.35341215133667 0.3957788050174713 -1.7053152322769165
v 6.322813987731934 0.40940195322036743 -1.7609823942184448
v 6.297893524169922 0.42049723863601685 -1.8199446201324463
v 6.278943061828613 0.42893457412719727 -1.8815104961395264
v 6.2661848068237305 0.43461501598358154 -1.9449583292007446
v 6.259768009185791 0.43747201561927795 -2.0095441341400146
v 6.259768009185791 0.43747201561927795 -2.0745108127593994
v 6.2661848068237305 0.43461501598358154 -2.139096736907959
v 6.278943061828613 0.42893457412719727 -2.2025444507598877
v 6.297893524169922 0.42049723863601685 -2.2641103267669678
v 6.322813987731934 0.40940195322036743 -2.3230724334716797
v 6.35341215133667 0.3957788050174713 -2.378739833831787
v 6.389329433441162 0.37978747487068176 -2.4304592609405518
v 6.430144309997559 0.36161547899246216 -2.4776248931884766
v 6.47537899017334 0.34147584438323975 -2.519683361053467
v 6.524502277374268 0.3196047246456146 -2.5561418533325195
v 6.576938629150391 0.29625850915908813 -2.5865726470947266
v 6.632073402404785 0.27171090245246887 -2.610619306564331
v 6.689260005950928 0.2462497502565384 -2.627999782562256
v 6.747828483581543 0.22017350792884827 -2.638510227203369
v 6.743637561798096 0.20727545022964478 -1.445544719696045
v 6.680927753448486 0.22060485184192657 -1.4560551643371582
v 6.619696617126465 0.2336198389530182 -1.473435640335083
v 6.560663223266602 0.2461678385734558 -1.4974822998046875
v 6.504518508911133 0.2581017315387726 -1.5279130935668945
v 6.451921463012695 0.26928162574768066 -1.5643715858459473
v 6.4034881591796875 0.2795763909816742 -1.606430172920227
v 6.3597869873046875 0.2888653874397278 -1.6535956859588623
v 6.3213300704956055 0.297039657831192 -1.7053152322769165
v 6.288568019866943 0.30400341749191284 -1.7609823942184448
v 6.261885643005371 0.309675008058548 -1.8199446201324463
v 6.2415947914123535 0.3139879107475281 -1.8815104961395264
v 6.227933883666992 0.316891610622406 -1.9449583292007446
v 6.221063613891602 0.31835198402404785 -2.0095441341400146
v 6.221063613891602 0.31835198402404785 -2.0745108127593994
v 6.227933883666992 0.316891610622406 -2.139096736907959
v 6.2415947914123535 0.3139879107475281 -2.2025444507598877
v 6.261885643005371 0.309675008058548 -2.2641103267669678
v 6.288568019866943 0.30400341749191284 -2.3230724334716797
v 6.3213300704956055 0.297039657831192 -2.378739833831787
v 6.3597869873046875 0.2888653874397278 -2.4304592609405518
v 6.4034881591796875 0.2795763909816742 -2.4776248931884766
v 6.451921463012695 0.26928162574768066 -2.519683361053467
v 6.504518508911133 0.2581017315387726 -2.5561418533325195
v 6.560663223266602 0.2461678385734558 -2.5865726470947266
v 6.619696617126465 0.2336198389530182 -2.610619306564331
v 6.680927753448486 0.22060485184192657 -2.627999782562256
v 6.743637561798096 0.20727545022964478 -2.638510227203369
v 6.742219924926758 0.19378793239593506 -1.445544719696045
v 6.678109169006348 0.19378793239593506 -1.4560551643371582
v 6.6155104637146 0.19378793239593506 -1.473435640335083
v 6.555157661437988 0.19378793239593506 -1.4974822998046875
v 6.497758865356445 0.19378793239593506 -1.5279130935668945
v 6.443986892700195 0.19378793239593506 -1.5643715858459473
v 6.394471645355225 0.19378793239593506 -1.606430172920227
v 6.349793910980225 0.19378793239593506 -1.6535956859588623
v 6.3104777336120605 0.19378793239593506 -1.7053152322769165
v 6.276984214782715 0.19378793239593506 -1.7609823942184448
v 6.2497053146362305 0.19378793239593506 -1.8199446201324463
v 6.228960990905762 0.19378793239593506 -1.8815104961395264
v 6.214995384216309 0.19378793239593506 -1.9449583292007446
v 6.207971096038818 0.19378793239593506 -2.0095441341400146
v 6.207971096038818 0.19378793239593506 -2.0745108127593994
v 6.214995384216309 0.19378793239593506 -2.139096736907959
v 6.228960990905762 0.19378793239593506 -2.2025444507598877
v 6.2497053146362305 0.19378793239593506 -2.2641103267669678
v 6.276984214782715 0.19378793239593506 -2.3230724334716797
v 6.3104777336120605 0.19378793239593506 -2.378739833831787
v 6.349793910980225 0.19378793239593506 -2.4304592609405518
v 6.394471645355225 0.19378793239593506 -2.4776248931884766
v 6.443986892700195 0.19378793239593506 -2.519683361053467
v 6.497758865356445 0.19378793239593506 -2.5561418533325195
v 6.555157661437988 0.19378793239593506 -2.5865726470947266
v 6.6155104637146 0.19378793239593506 -2.610619306564331
v 6.678109169006348 0.19378793239593506 -2.627999782562256
v 6.742219924926758 0.19378793239593506 -2.638510227203369
v 6.743637561798096 0.18030041456222534 -1.445544719696045
v 6.680927753448486 0.16697101294994354 -1.4560551643371582
v 6.619696617126465 0.15395602583885193 -1.473435640335083
v 6.560663223266602 0.1414080262184143 -1.4974822998046875
v 6.504518508911133 0.12947413325309753 -1.5279130935668945
v 6.451921463012695 0.11829425394535065 -1.5643715858459473
v 6.4034881591796875 0.10799948126077652 -1.606430172920227
v 6.3597869873046875 0.09871049225330353 -1.6535956859588623
v 6.3213300704956055 0.0905361995100975 -1.7053152322769165
v 6.288568019866943 0.08357243984937668 -1.7609823942184448
v 6.261885643005371 0.07790085673332214 -1.8199446201324463
v 6.2415947914123535 0.07358794659376144 -1.8815104961395264
v 6.227933883666992 0.0706842690706253 -1.9449583292007446
v 6.221063613891602 0.06922387331724167 -2.0095441341400146
v 6.221063613891602 0.06922387331724167 -2.0745108127593994
v 6.227933883666992 0.0706842690706253 -2.139096736907959
v 6.2415947914123535 0.07358794659376144 -2.2025444507598877
v 6.261885643005371 0.07790085673332214 -2.2641103267669678
v 6.288568019866943 0.08357243984937668 -2.3230724334716797
v 6.3213300704956055 0.0905361995100975 -2.378739833831787
v 6.3597869873046875 0.09871049225330353 -2.4304592609405518
v 6.4034881591796875 0.10799948126077652 -2.4776248931884766
v 6.451921463012695 0.11829425394535065 -2.519683361053467
v 6.504518508911133 0.12947413325309753 -2.5561418533325195
v 6.560663223266602 0.1414080262184143 -2.5865726470947266
v 6.619696617126465 0.15395602583885193 -2.610619306564331
v 6.680927753448486 0.16697101294994354 -2.627999782562256
v 6.743637561798096 0.18030041456222534 -2.638510227203369
v 6.747828483581543 0.16740235686302185 -1.445544719696045
v 6.689260005950928 0.14132611453533173 -1.4560551643371582
v 6.632073402404785 0.11586495488882065 -1.473435640335083
v 6.576938629150391 0.09131736308336258 -1.4974822998046875
v 6.524502277374268 0.0679711401462555 -1.5279130935668945
v 6.47537899017334 0.04610002040863037 -1.5643715858459473
v 6.430144309997559 0.02596038579940796 -1.606430172920227
v 6.389329433441162 0.0077883899211883545 -1.6535956859588623
v 6.35341215133667 -0.008202940225601196 -1.7053152322769165
v 6.322813987731934 -0.02182610332965851 -1.7609823942184448
v 6.297893524169922 -0.03292138874530792 -1.8199446201324463
v 6.278943061828613 -0.04135872423648834 -1.8815104961395264
v 6.2661848068237305 -0.04703916609287262 -1.9449583292007446
v 6.259768009185791 -0.04989615082740784 -2.0095441341400146
v 6.259768009185791 -0.04989615082740784 -2.0745108127593994
v 6.2661848068237305 -0.04703916609287262 -2.139096736907959
v 6.278943061828613 -0.04135872423648834 -2.2025444507598877
v 6.297893524169922 -0.03292138874530792 -2.2641103267669678
v 6.322813987731934 -0.02182610332965851 -2.3230724334716797
v 6.35341215133667 -0.008202940225601196 -2.378739833831787
v 6.389329433441162 0.0077883899211883545 -2.4304592609405518
v 6.430144309997559 0.02596038579940796 -2.4776248931884766
v 6.47537899017334 0.04610002040863037 -2.519683361053467
v 6.524502277374268 0.0679711401462555 -2.5561418533325195
v 6.576938629150391 0.09131736308336258 -2.5865726470947266
v 6.632073402404785 0.11586495488882065 -2.610619306564331
v 6.689260005950928 0.14132611453533173 -2.627999782562256
v 6.747828483581543 0.16740235686302185 -2.638510227203369
v 6.754609107971191 0.15565747022628784 -1.445544719696045
v 6.702742576599121 0.11797405779361725 -1.4560551643371582
v 6.652099132537842 0.08117949217557907 -1.473435640335083
v 6.603272914886475 0.0457051545381546 -1.4974822998046875
v 6.556836128234863 0.01196695864200592 -1.5279130935668945
v 6.513333320617676 -0.019639551639556885 -1.5643715858459473
v 6.4732747077941895 -0.048743829131126404 -1.606430172920227
v 6.437129974365234 -0.07500463724136353 -1.6535956859588623
v 6.405322551727295 -0.09811410307884216 -1.7053152322769165
v 6.378225326538086 -0.11780127882957458 -1.7609823942184448
v 6.356156349182129 -0.1338353455066681 -1.8199446201324463
v 6.33937406539917 -0.1460283398628235 -1.8815104961395264
v 6.328075408935547 -0.154237300157547 -1.9449583292007446
v 6.32239294052124 -0.15836599469184875 -2.0095441341400146
v 6.32239294052124 -0.15836599469184875 -2.0745108127593994
v 6.328075408935547 -0.154237300157547 -2.139096736907959
v 6.33937406539917 -0.1460283398628235 -2.2025444507598877
v 6.356156349182129 -0.1338353455066681 -2.2641103267669678
v 6.378225326538086 -0.11780127882957458 -2.3230724334716797
v 6.405322551727295 -0.09811410307884216 -2.378739833831787
v 6.437129974365234 -0.07500463724136353 -2.4304592609405518
v 6.4732747077941895 -0.048743829131126404 -2.4776248931884766
v 6.513333320617676 -0.019639551639556885 -2.519683361053467
v 6.556836128234863 0.01196695864200592 -2.5561418533325195
v 6.603272914886475 0.0457051545381546 -2.5865726470947266
v 6.652099132537842 0.08117949217557907 -2.610619306564331
v 6.702742576599121 0.11797405779361725 -2.627999782562256
v 6.754609107971191 0.15565747022628784 -2.638510227203369
v 6.763683795928955 0.14557906985282898 -1.445544719696045
v 6.720785140991211 0.09793543070554733 -1.4560551643371582
v 6.678898811340332 0.05141556262969971 -1.473435640335083
v 6.638514995574951 0.006564885377883911 -1.4974822998046875
v 6.600107669830322 -0.036090776324272156 -1.5279130935668945
v 6.564126968383789 -0.07605132460594177 -1.5643715858459473
v 6.530994892120361 -0.11284825205802917 -1.606430172920227
v 6.501099586486816 -0.1460501253604889 -1.6535956859588623
v 6.474792003631592 -0.17526775598526 -1.7053152322769165
v 6.452380180358887 -0.2001585066318512 -1.7609823942184448
v 6.434127330780029 -0.22043061256408691 -1.8199446201324463
v 6.420246601104736 -0.2358463704586029 -1.8815104961395264
v 6.4109015464782715 -0.24622508883476257 -1.9449583292007446
v 6.4062018394470215 -0.2514450252056122 -2.0095441341400146
v 6.4062018394470215 -0.2514450252056122 -2.0745108127593994
v 6.4109015464782715 -0.24622508883476257 -2.139096736907959
v 6.420246601104736 -0.2358463704586029 -2.2025444507598877
v 6.434127330780029 -0.22043061256408691 -2.2641103267669678
v 6.452380180358887 -0.2001585066318512 -2.3230724334716797
v 6.474792003631592 -0.17526775598526 -2.378739833831787
v 6.501099586486816 -0.1460501253604889 -2.4304592609405518
v 6.530994892120361 -0.11284825205802917 -2.4776248931884766
v 6.564126968383789 -0.07605132460594177 -2.519683361053467
v 6.600107669830322 -0.036090776324272156 -2.5561418533325195
v 6.638514995574951 0.006564885377883911 -2.5865726470947266
v 6.678898811340332 0.05141556262969971 -2.610619306564331
v 6.720785140991211 0.09793543070554733 -2.627999782562256
v 6.763683795928955 0.14557906985282898 -2.638510227203369
v 6.774655342102051 0.1376076340675354 -1.445544719696045
v 6.742599964141846 0.08208601176738739 -1.4560551643371582
v 6.711300849914551 0.027873992919921875 -1.473435640335083
v 6.681124687194824 -0.02439284324645996 -1.4974822998046875
v 6.652425289154053 -0.07410171627998352 -1.5279130935668945
v 6.6255388259887695 -0.12066981196403503 -1.5643715858459473
v 6.600781440734863 -0.1635511815547943 -1.606430172920227
v 6.578442573547363 -0.20224308967590332 -1.6535956859588623
v 6.558784484863281 -0.23629188537597656 -1.7053152322769165
v 6.542037487030029 -0.26529839634895325 -1.7609823942184448
v 6.528398036956787 -0.288922518491745 -1.8199446201324463
v 6.518026351928711 -0.30688732862472534 -1.8815104961395264
v 6.511043071746826 -0.31898218393325806 -1.9449583292007446
v 6.50753116607666 -0.3250652551651001 -2.0095441341400146
v 6.50753116607666 -0.3250652551651001 -2.0745108127593994
v 6.511043071746826 -0.31898218393325806 -2.139096736907959
v 6.518026351928711 -0.30688732862472534 -2.2025444507598877
v 6.528398036956787 -0.288922518491745 -2.2641103267669678
v 6.542037487030029 -0.26529839634895325 -2.3230724334716797
v 6.558784484863281 -0.23629188537597656 -2.378739833831787
v 6.578442573547363 -0.20224308967590332 -2.4304592609405518
v 6.600781440734863 -0.1635511815547943 -2.4776248931884766
v 6.6255388259887695 -0.12066981196403503 -2.519683361053467
v 6.652425289154053 -0.07410171627998352 -2.5561418533325195
v 6.681124687194824 -0.02439284324645996 -2.5865726470947266
v 6.711300849914551 0.027873992919921875 -2.610619306564331
v 6.742599964141846 0.08208601176738739 -2.627999782562256
v 6.774655342102051 0.1376076340675354 -2.638510227203369
v 6.787045001983643 0.13209155201911926 -1.445544719696045
v 6.767233371734619 0.07111851125955582 -1.4560551643371582
v 6.747889518737793 0.011583656072616577 -1.473435640335083
v 6.729239463806152 -0.04581502079963684 -1.4974822998046875
v 6.7115020751953125 -0.10040459036827087 -1.5279130935668945
v 6.694885730743408 -0.151544988155365 -1.5643715858459473
v 6.679584503173828 -0.1986367106437683 -1.606430172920227
v 6.665778636932373 -0.24112758040428162 -1.6535956859588623
v 6.653629302978516 -0.27851948142051697 -1.7053152322769165
v 6.643279075622559 -0.31037402153015137 -1.7609823942184448
v 6.634849548339844 -0.33631765842437744 -1.8199446201324463
v 6.628439426422119 -0.3560463786125183 -1.8815104961395264
v 6.624123573303223 -0.36932873725891113 -1.9449583292007446
v 6.621953010559082 -0.37600910663604736 -2.0095441341400146
v 6.621953010559082 -0.37600910663604736 -2.0745108127593994
v 6.624123573303223 -0.36932873725891113 -2.139096736907959
v 6.628439426422119 -0.3560463786125183 -2.2025444507598877
v 6.634849548339844 -0.33631765842437744 -2.2641103267669678
v 6.643279075622559 -0.31037402153015137 -2.3230724334716797
v 6.653629302978516 -0.27851948142051697 -2.378739833831787
v 6.665778636932373 -0.24112758040428162 -2.4304592609405518
v 6.679584503173828 -0.1986367106437683 -2.4776248931884766
v 6.694885730743408 -0.151544988155365 -2.519683361053467
v 6.7115020751953125 -0.10040459036827087 -2.5561418533325195
v 6.729239463806152 -0.04581502079963684 -2.5865726470947266
v 6.747889518737793 0.011583656072616577 -2.610619306564331
v 6.767233371734619 0.07111851125955582 -2.627999782562256
v 6.787045001983643 0.13209155201911926 -2.638510227203369
v 6.800310134887695 0.12927189469337463 -1.445544719696045
v 6.793609142303467 0.06551223993301392 -1.4560551643371582
v 6.787065505981445 0.0032565146684646606 -1.473435640335083
v 6.780756950378418 -0.05676540732383728 -1.4974822998046875
v 6.774757385253906 -0.11384981870651245 -1.5279130935668945
v 6.769136428833008 -0.16732746362686157 -1.5643715858459473
v 6.763960838317871 -0.2165713608264923 -1.606430172920227
v 6.75929069519043 -0.26100417971611023 -1.6535956859588623
v 6.755180835723877 -0.3001049757003784 -1.7053152322769165
v 6.75167989730835 -0.33341532945632935 -1.7609823942184448
v 6.748828411102295 -0.36054468154907227 -1.8199446201324463
v 6.746660232543945 -0.3811749815940857 -1.8815104961395264
v 6.745200157165527 -0.39506441354751587 -1.9449583292007446
v 6.744466304779053 -0.40205007791519165 -2.0095441341400146
v 6.744466304779053 -0.40205007791519165 -2.0745108127593994
v 6.745200157165527 -0.39506441354751587 -2.139096736907959
v 6.746660232543945 -0.3811749815940857 -2.2025444507598877
v 6.748828411102295 -0.36054468154907227 -2.2641103267669678
v 6.75167989730835 -0.33341532945632935 -2.3230724334716797
v 6.755180835723877 -0.3001049757003784 -2.378739833831787
v 6.75929069519043 -0.26100417971611023 -2.4304592609405518
v 6.763960838317871 -0.2165713608264923 -2.4776248931884766
v 6.769136428833008 -0.16732746362686157 -2.519683361053467
v 6.774757385253906 -0.11384981870651245 -2.5561418533325195
v 6.780756950378418 -0.05676540732383728 -2.5865726470947266
v 6.787065505981445 0.0032565146684646606 -2.610619306564331
v 6.793609142303467 0.06551223993301392 -2.627999782562256
v 6.800310134887695 0.12927189469337463 -2.638510227203369
v 6.813872337341309 0.12927189469337463 -1.445544719696045
v 6.820573329925537 0.06551223993301392 -1.4560551643371582
v 6.827116966247559 0.0032565146684646606 -1.473435640335083
v 6.833425521850586 -0.05676540732383728 -1.4974822998046875
v 6.839425086975098 -0.11384981870651245 -1.5279130935668945
v 6.845046043395996 -0.16732746362686157 -1.5643715858459473
v 6.850221633911133 -0.2165713608264923 -1.606430172920227
v 6.854891777038574 -0.26100417971611023 -1.6535956859588623
v 6.859001636505127 -0.3001049757003784 -1.7053152322769165
v 6.862502574920654 -0.33341532945632935 -1.7609823942184448
v 6.865354061126709 -0.36054468154907227 -1.8199446201324463
v 6.867522239685059 -0.3811749815940857 -1.8815104961395264
v 6.868982315063477 -0.39506441354751587 -1.9449583292007446
v 6.869716167449951 -0.40205007791519165 -2.0095441341400146
v 6.869716167449951 -0.40205007791519165 -2.0745108127593994
v 6.868982315063477 -0.39506441354751587 -2.139096736907959
v 6.867522239685059 -0.3811749815940857 -2.2025444507598877
v 6.865354061126709 -0.36054468154907227 -2.2641103267669678
v 6.862502574920654 -0.33341532945632935 -2.3230724334716797
v 6.859001636505127 -0.3001049757003784 -2.378739833831787
v 6.854891777038574 -0.26100417971611023 -2.4304592609405518
v 6.850221633911133 -0.2165713608264923 -2.4776248931884766
v 6.845046043395996 -0.16732746362686157 -2.519683361053467
v 6.839425086975098 -0.11384981870651245 -2.5561418533325195
v 6.833425521850586 -0.05676540732383728 -2.5865726470947266
v 6.827116966247559 0.0032565146684646606 -2.610619306564331
v 6.820573329925537 0.06551223993301392 -2.627999782562256
v 6.813872337341309 0.12927189469337463 -2.638510227203369
v 6.827137470245361 0.13209155201911926 -1.445544719696045
v 6.846949100494385 0.07111851125955582 -1.4560551643371582
v 6.866292953491211 0.011583656072616577 -1.473435640335083
v 6.884943008422852 -0.04581502079963684 -1.4974822998046875
v 6.902680397033691 -0.10040459036827087 -1.5279130935668945
v 6.919296741485596 -0.151544988155365 -1.5643715858459473
v 6.934597969055176 -0.1986367106437683 -1.606430172920227
v 6.948403835296631 -0.24112758040428162 -1.6535956859588623
v 6.960553169250488 -0.27851948142051697 -1.7053152322769165
v 6.970903396606445 -0.31037402153015137 -1.7609823942184448
v 6.97933292388916 -0.33631765842437744 -1.8199446201324463
v 6.985743045806885 -0.3560463786125183 -1.8815104961395264
v 6.990058898925781 -0.36932873725891113 -1.9449583292007446
v 6.992229461669922 -0.37600910663604736 -2.0095441341400146
v 6.992229461669922 -0.37600910663604736 -2.0745108127593994
v 6.990058898925781 -0.36932873725891113 -2.139096736907959
v 6.985743045806885 -0.3560463786125183 -2.2025444507598877
v 6.97933292388916 -0.33631765842437744 -2.2641103267669678
v 6.970903396606445 -0.31037402153015137 -2.3230724334716797
v 6.960553169250488 -0.27851948142051697 -2.378739833831787
v 6.948403835296631 -0.24112758040428162 -2.4304592609405518
v 6.934597969055176 -0.1986367106437683 -2.4776248931884766
v 6.919296741485596 -0.151544988155365 -2.519683361053467
v 6.902680397033691 -0.10040459036827087 -2.5561418533325195
v 6.884943008422852 -0.04581502079963684 -2.5865726470947266
v 6.866292953491211 0.011583656072616577 -2.610619306564331
v 6.846949100494385 0.07111851125955582 -2.627999782562256
v 6.827137470245361 0.13209155201911926 -2.638510227203369
v 6.839527130126953 0.1376076340675354 -1.445544719696045
v 6.871582508087158 0.08208601176738739 -1.4560551643371582
v 6.902881622314453 0.027873992919921875 -1.473435640335083
v 6.93305778503418 -0.02439284324645996 -1.4974822998046875
v 6.961757183074951 -0.07410171627998352 -1.5279130935668945
v 6.988643646240234 -0.12066981196403503 -1.5643715858459473
v 7.013401031494141 -0.1635511815547943 -1.606430172920227
v 7.035739898681641 -0.20224308967590332 -1.6535956859588623
v 7.055397987365723 -0.23629188537597656 -1.7053152322769165
v 7.072144985198975 -0.26529839634895325 -1.7609823942184448
v 7.085784435272217 -0.288922518491745 -1.8199446201324463
v 7.096156120300293 -0.30688732862472534 -1.8815104961395264
v 7.103139400482178 -0.31898218393325806 -1.9449583292007446
v 7.106651306152344 -0.3250652551651001 -2.0095441341400146
v 7.106651306152344 -0.3250652551651001 -2.0745108127593994
v 7.103139400482178 -0.31898218393325806 -2.139096736907959
v 7.096156120300293 -0.30688732862472534 -2.2025444507598877
v 7.085784435272217 -0.288922518491745 -2.2641103267669678
v 7.072144985198975 -0.26529839634895325 -2.3230724334716797
v 7.055397987365723 -0.23629188537597656 -2.378739833831787
v 7.035739898681641 -0.20224308967590332 -2.4304592609405518
v 7.013401031494141 -0.1635511815547943 -2.4776248931884766
v 6.988643646240234 -0.12066981196403503 -2.519683361053467
v 6.961757183074951 -0.07410171627998352 -2.5561418533325195
v 6.93305778503418 -0.02439284324645996 -2.5865726470947266
v 6.902881622314453 0.027873992919921875 -2.610619306564331
v 6.871582508087158 0.08208601176738739 -2.627999782562256
v 6.839527130126953 0.1376076340675354 -2.638510227203369
v 6.850498676300049 0.14557906985282898 -1.445544719696045
v 6.893397331237793 0.09793543070554733 -1.4560551643371582
v 6.935283660888672 0.05141556262969971 -1.473435640335083
v 6.975667476654053 0.006564885377883911 -1.4974822998046875
v 7.014074802398682 -0.036090776324272156 -1.5279130935668945
v 7.050055503845215 -0.07605132460594177 -1.5643715858459473
v 7.083187580108643 -0.11284825205802917 -1.606430172920227
v 7.1130828857421875 -0.1460501253604889 -1.6535956859588623
v 7.139390468597412 -0.17526775598526 -1.7053152322769165
v 7.161802291870117 -0.2001585066318512 -1.7609823942184448
v 7.180055141448975 -0.22043061256408691 -1.8199446201324463
v 7.193935871124268 -0.2358463704586029 -1.8815104961395264
v 7.203280925750732 -0.24622508883476257 -1.9449583292007446
v 7.207980632781982 -0.2514450252056122 -2.0095441341400146
v 7.207980632781982 -0.2514450252056122 -2.0745108127593994
v 7.203280925750732 -0.24622508883476257 -2.139096736907959
v 7.193935871124268 -0.2358463704586029 -2.2025444507598877
v 7.180055141448975 -0.22043061256408691 -2.2641103267669678
v 7.161802291870117 -0.2001585066318512 -2.3230724334716797
v 7.139390468597412 -0.17526775598526 -2.378739833831787
v 7.1130828857421875 -0.1460501253604889 -2.4304592609405518
v 7.083187580108643 -0.11284825205802917 -2.4776248931884766
v 7.050055503845215 -0.07605132460594177 -2.519683361053467
v 7.014074802398682 -0.036090776324272156 -2.5561418533325195
v 6.975667476654053 0.006564885377883911 -2.5865726470947266
v 6.935283660888672 0.05141556262969971 -2.610619306564331
v 6.893397331237793 0.09793543070554733 -2.627999782562256
v 6.850498676300049 0.14557906985282898 -2.638510227203369
v 6.8595733642578125 0.15565747022628784 -1.445544719696045
v 6.911439895629883 0.11797405779361725 -1.4560551643371582
v 6.962083339691162 0.08117949217557907 -1.473435640335083
v 7.010909557342529 0.0457051545381546 -1.4974822998046875
v 7.057346343994141 0.01196695864200592 -1.5279130935668945
v 7.100849151611328 -0.019639551639556885 -1.5643715858459473
v 7.1409077644348145 -0.048743829131126404 -1.606430172920227
v 7.1770524978637695 -0.07500463724136353 -1.6535956859588623
v 7.208859920501709 -0.09811410307884216 -1.7053152322769165
v 7.235957145690918 -0.11780127882957458 -1.7609823942184448
v 7.258026123046875 -0.1338353455066681 -1.8199446201324463
v 7.274808406829834 -0.1460283398628235 -1.8815104961395264
v 7.286107063293457 -0.154237300157547 -1.9449583292007446
v 7.291789531707764 -0.15836599469184875 -2.0095441341400146
v 7.291789531707764 -0.15836599469184875 -2.0745108127593994
v 7.286107063293457 -0.154237300157547 -2.139096736907959
v 7.274808406829834 -0.1460283398628235 -2.2025444507598877
v 7.258026123046875 -0.1338353455066681 -2.2641103267669678
v 7.235957145690918 -0.11780127882957458 -2.3230724334716797
v 7.208859920501709 -0.09811410307884216 -2.378739833831787
v 7.1770524978637695 -0.07500463724136353 -2.4304592609405518
v 7.1409077644348145 -0.048743829131126404 -2.4776248931884766
v 7.100849151611328 -0.019639551639556885 -2.519683361053467
v 7.057346343994141 0.01196695864200592 -2.5561418533325195
v 7.010909557342529 0.0457051545381546 -2.5865726470947266
v 6.962083339691162 0.08117949217557907 -2.610619306564331
v 6.911439895629883 0.11797405779361725 -2.627999782562256
v 6.8595733642578125 0.15565747022628784 -2.638510227203369
v 6.866353988647461 0.16740235686302185 -1.445544719696045
v 6.924922466278076 0.14132611453533173 -1.4560551643371582
v 6.982109069824219 0.11586495488882065 -1.473435640335083
v 7.037243843078613 0.09131736308336258 -1.4974822998046875
v 7.089680194854736 0.0679711401462555 -1.5279130935668945
v 7.138803482055664 0.04610002040863037 -1.5643715858459473
v 7.184038162231445 0.02596038579940796 -1.606430172920227
v 7.224853038787842 0.0077883899211883545 -1.6535956859588623
v 7.260770320892334 -0.008202940225601196 -1.7053152322769165
v 7.29136848449707 -0.02182610332965851 -1.7609823942184448
v 7.316288948059082 -0.03292138874530792 -1.8199446201324463
v 7.335239410400391 -0.04135872423648834 -1.8815104961395264
v 7.347997665405273 -0.04703916609287262 -1.9449583292007446
v 7.354414463043213 -0.04989615082740784 -2.0095441341400146
v 7.354414463043213 -0.04989615082740784 -2.0745108127593994
v 7.347997665405273 -0.04703916609287262 -2.139096736907959
v 7.335239410400391 -0.04135872423648834 -2.2025444507598877
v 7.316288948059082 -0.03292138874530792 -2.2641103267669678
v 7.29136848449707 -0.02182610332965851 -2.3230724334716797
v 7.260770320892334 -0.008202940225601196 -2.378739833831787
v 7.224853038787842 0.0077883899211883545 -2.4304592609405518
v 7.184038162231445 0.02596038579940796 -2.4776248931884766
v 7.138803482055664 0.04610002040863037 -2.519683361053467
v 7.089680194854736 0.0679711401462555 -2.5561418533325195
v 7.037243843078613 0.09131736308336258 -2.5865726470947266
v 6.982109069824219 0.11586495488882065 -2.610619306564331
v 6.924922466278076 0.14132611453533173 -2.627999782562256
v 6.866353988647461 0.16740235686302185 -2.638510227203369
v 6.870544910430908 0.18030041456222534 -1.445544719696045
v 6.933254718780518 0.16697101294994354 -1.4560551643371582
v 6.994485855102539 0.15395602583885193 -1.473435640335083
v 7.053519248962402 0.1414080262184143 -1.4974822998046875
v 7.109663963317871 0.12947413325309753 -1.5279130935668945
v 7.162261009216309 0.11829425394535065 -1.5643715858459473
v 7.210694313049316 0.10799948126077652 -1.606430172920227
v 7.254395484924316 0.09871049225330353 -1.6535956859588623
v 7.292852401733398 0.0905361995100975 -1.7053152322769165
v 7.3256144523620605 0.08357243984937668 -1.7609823942184448
v 7.352296829223633 0.07790085673332214 -1.8199446201324463
v 7.37258768081665 0.07358794659376144 -1.8815104961395264
v 7.386248588562012 0.0706842690706253 -1.9449583292007446
v 7.393118858337402 0.06922387331724167 -2.0095441341400146
v 7.393118858337402 0.06922387331724167 -2.0745108127593994
v 7.386248588562012 0.0706842690706253 -2.139096736907959
v 7.37258768081665 0.07358794659376144 -2.2025444507598877
v 7.352296829223633 0.07790085673332214 -2.2641103267669678
v 7.3256144523620605 0.08357243984937668 -2.3230724334716797
v 7.292852401733398 0.0905361995100975 -2.378739833831787
v 7.254395484924316 0.09871049225330353 -2.4304592609405518
v 7.210694313049316 0.10799948126077652 -2.4776248931884766
v 7.162261009216309 0.11829425394535065 -2.519683361053467
v 7.109663963317871 0.12947413325309753 -2.5561418533325195
v 7.053519248962402 0.1414080262184143 -2.5865726470947266
v 6.994485855102539 0.15395602583885193 -2.610619306564331
v 6.933254718780518 0.16697101294994354 -2.627999782562256
v 6.870544910430908 0.18030041456222534 -2.638510227203369
v 3.377448320388794 -0.7854295372962952 3.9882102012634277
v 3.377448320388794 -0.7854295372962952 2.788209915161133
v 3.442319631576538 -0.7854295372962952 3.9846928119659424
v 3.5064306259155273 -0.7854295372962952 3.974182367324829
v 3.5690293312072754 -0.7854295372962952 3.9568018913269043
v 3.6293816566467285 -0.7854295372962952 3.9327552318573
v 3.6867806911468506 -0.7854295372962952 3.9023244380950928
v 3.7405529022216797 -0.7854295372962952 3.86586594581604
v 3.7900679111480713 -0.7854295372962952 3.8238072395324707
v 3.8347456455230713 -0.7854295372962952 3.776641845703125
v 3.8740618228912354 -0.7854295372962952 3.7249221801757812
v 3.90755558013916 -0.7854295372962952 3.669255256652832
v 3.9348344802856445 -0.7854295372962952 3.610292911529541
v 3.955578327178955 -0.7854295372962952 3.548727035522461
v 3.9695441722869873 -0.7854295372962952 3.4852793216705322
v 3.9765682220458984 -0.7854295372962952 3.4206933975219727
v 3.9765682220458984 -0.7854295372962952 3.355726718902588
v 3.9695441722869873 -0.7854295372962952 3.2911407947540283
v 3.955578327178955 -0.7854295372962952 3.2276930809020996
v 3.9348344802856445 -0.7854295372962952 3.1661272048950195
v 3.90755558013916 -0.7854295372962952 3.1071648597717285
v 3.8740618228912354 -0.7854295372962952 3.0514979362487793
v 3.8347456455230713 -0.7854295372962952 2.9997782707214355
v 3.7900679111480713 -0.7854295372962952 2.95261287689209
v 3.7405529022216797 -0.7854295372962952 2.9105541706085205
v 3.6867806911468506 -0.7854295372962952 2.8740956783294678
v 3.6293816566467285 -0.7854295372962952 2.8436648845672607
v 3.5690293312072754 -0.7854295372962952 2.8196182250976562
v 3.5064306259155273 -0.7854295372962952 2.8022377490997314
v 3.442319631576538 -0.7854295372962952 2.791727304458618
v 3.4409022331237793 -0.7719420194625854 3.9846928119659424
v 3.5036120414733887 -0.7586126327514648 3.974182367324829
v 3.564842700958252 -0.7455976009368896 3.9568018913269043
v 3.6238763332366943 -0.7330496311187744 3.9327552318573
v 3.680021047592163 -0.7211157083511353 3.9023244380950928
v 3.7326180934906006 -0.7099358439445496 3.86586594581604
v 3.7810511589050293 -0.6996411085128784 3.8238072395324707
v 3.8247525691986084 -0.6903520822525024 3.776641845703125
v 3.8632094860076904 -0.6821777820587158 3.7249221801757812
v 3.8959712982177734 -0.6752140522003174 3.669255256652832
v 3.922654151916504 -0.6695424318313599 3.610292911529541
v 3.9429447650909424 -0.6652295589447021 3.548727035522461
v 3.9566054344177246 -0.6623258590698242 3.4852793216705322
v 3.9634761810302734 -0.6608654856681824 3.4206933975219727
v 3.9634761810302734 -0.6608654856681824 3.355726718902588
v 3.9566054344177246 -0.6623258590698242 3.2911407947540283
v 3.9429447650909424 -0.6652295589447021 3.2276930809020996
v 3.922654151916504 -0.6695424318313599 3.1661272048950195
v 3.8959712982177734 -0.6752140522003174 3.1071648597717285
v 3.8632094860076904 -0.6821777820587158 3.0514979362487793
v 3.8247525691986084 -0.6903520822525024 2.9997782707214355
v 3.7810511589050293 -0.6996411085128784 2.95261287689209
v 3.7326180934906006 -0.7099358439445496 2.9105541706085205
v 3.680021047592163 -0.7211157083511353 2.8740956783294678
v 3.6238763332366943 -0.7330496311187744 2.8436648845672607
v 3.564842700958252 -0.7455976009368896 2.8196182250976562
v 3.5036120414733887 -0.7586126327514648 2.8022377490997314
v 3.4409022331237793 -0.7719420194625854 2.791727304458618
v 3.436711311340332 -0.7590439319610596 3.9846928119659424
v 3.495279550552368 -0.732967734336853 3.974182367324829
v 3.5524661540985107 -0.707506537437439 3.9568018913269043
v 3.6076009273529053 -0.6829589605331421 3.9327552318573
v 3.6600375175476074 -0.659612774848938 3.9023244380950928
v 3.709160804748535 -0.6377416253089905 3.86586594581604
v 3.7543952465057373 -0.6176019906997681 3.8238072395324707
v 3.795210123062134 -0.5994299650192261 3.776641845703125
v 3.831127166748047 -0.5834386348724365 3.7249221801757812
v 3.861725330352783 -0.5698155164718628 3.669255256652832
v 3.886645793914795 -0.5587202310562134 3.610292911529541
v 3.9055962562561035 -0.550282895565033 3.548727035522461
v 3.9183549880981445 -0.5446024537086487 3.4852793216705322
v 3.924771785736084 -0.5417454242706299 3.4206933975219727
v 3.924771785736084 -0.5417454242706299 3.355726718902588
v 3.9183549880981445 -0.5446024537086487 3.2911407947540283
v 3.9055962562561035 -0.550282895565033 3.2276930809020996
v 3.886645793914795 -0.5587202310562134 3.1661272048950195
v 3.861725330352783 -0.5698155164718628 3.1071648597717285
v 3.831127166748047 -0.5834386348724365 3.0514979362487793
v 3.795210123062134 -0.5994299650192261 2.9997782707214355
v 3.7543952465057373 -0.6176019906997681 2.95261287689209
v 3.709160804748535 -0.6377416253089905 2.9105541706085205
v 3.6600375175476074 -0.659612774848938 2.8740956783294678
v 3.6076009273529053 -0.6829589605331421 2.8436648845672607
v 3.5524661540985107 -0.707506537437439 2.8196182250976562
v 3.495279550552368 -0.732967734336853 2.8022377490997314
v 3.436711311340332 -0.7590439319610596 2.791727304458618
v 3.4299304485321045 -0.747299075126648 3.9846928119659424
v 3.481797218322754 -0.7096156477928162 3.974182367324829
v 3.532440662384033 -0.6728211045265198 3.9568018913269043
v 3.5812668800354004 -0.6373467445373535 3.9327552318573
v 3.6277034282684326 -0.6036085486412048 3.9023244380950928
v 3.671205997467041 -0.5720020532608032 3.86586594581604
v 3.7112646102905273 -0.5428977608680725 3.8238072395324707
v 3.7474095821380615 -0.5166369676589966 3.776641845703125
v 3.779217004776001 -0.49352750182151794 3.7249221801757812
v 3.806313991546631 -0.4738403260707855 3.669255256652832
v 3.828382968902588 -0.457806259393692 3.610292911529541
v 3.845165252685547 -0.4456132650375366 3.548727035522461
v 3.85646390914917 -0.4374043047428131 3.4852793216705322
v 3.8621466159820557 -0.43327561020851135 3.4206933975219727
v 3.8621466159820557 -0.43327561020851135 3.355726718902588
v 3.85646390914917 -0.4374043047428131 3.2911407947540283
v 3.845165252685547 -0.4456132650375366 3.2276930809020996
v 3.828382968902588 -0.457806259393692 3.1661272048950195
v 3.806313991546631 -0.4738403260707855 3.1071648597717285
v 3.779217004776001 -0.49352750182151794 3.0514979362487793
v 3.7474095821380615 -0.5166369676589966 2.9997782707214355
v 3.7112646102905273 -0.5428977608680725 2.95261287689209
v 3.671205997467041 -0.5720020532608032 2.9105541706085205
v 3.6277034282684326 -0.6036085486412048 2.8740956783294678
v 3.5812668800354004 -0.6373467445373535 2.8436648845672607
v 3.532440662384033 -0.6728211045265198 2.8196182250976562
v 3.481797218322754 -0.7096156477928162 2.8022377490997314
v 3.4299304485321045 -0.747299075126648 2.791727304458618
v 3.420855760574341 -0.7372207045555115 3.9846928119659424
v 3.463754415512085 -0.689577043056488 3.974182367324829
v 3.505640983581543 -0.6430571675300598 3.9568018913269043
v 3.546024799346924 -0.5982065200805664 3.9327552318573
v 3.5844321250915527 -0.5555508136749268 3.9023244380950928
v 3.620412588119507 -0.5155903100967407 3.86586594581604
v 3.6535449028015137 -0.47879335284233093 3.8238072395324707
v 3.6834399700164795 -0.4455914795398712 3.776641845703125
v 3.709747552871704 -0.4163738489151001 3.7249221801757812
v 3.732159376144409 -0.3914830982685089 3.669255256652832
v 3.7504124641418457 -0.3712109923362732 3.610292911529541
v 3.7642927169799805 -0.3557952344417572 3.548727035522461
v 3.7736377716064453 -0.34541651606559753 3.4852793216705322
v 3.7783379554748535 -0.3401965796947479 3.4206933975219727
v 3.7783379554748535 -0.3401965796947479 3.355726718902588
v 3.7736377716064453 -0.34541651606559753 3.2911407947540283
v 3.7642927169799805 -0.3557952344417572 3.2276930809020996
v 3.7504124641418457 -0.3712109923362732 3.1661272048950195
v 3.732159376144409 -0.3914830982685089 3.1071648597717285
v 3.709747552871704 -0.4163738489151001 3.0514979362487793
v 3.6834399700164795 -0.4455914795398712 2.9997782707214355
v 3.6535449028015137 -0.47879335284233093 2.95261287689209
v 3.620412588119507 -0.5155903100967407 2.9105541706085205
v 3.5844321250915527 -0.5555508136749268 2.8740956783294678
v 3.546024799346924 -0.5982065200805664 2.8436648845672607
v 3.505640983581543 -0.6430571675300598 2.8196182250976562
v 3.463754415512085 -0.689577043056488 2.8022377490997314
v 3.420855760574341 -0.7372207045555115 2.791727304458618
v 3.409883975982666 -0.7292492389678955 3.9846928119659424
v 3.441939353942871 -0.6737276315689087 3.974182367324829
v 3.473238706588745 -0.619515597820282 3.9568018913269043
v 3.503415107727051 -0.5672487616539001 3.9327552318573
v 3.5321145057678223 -0.5175398588180542 3.9023244380950928
v 3.5590004920959473 -0.4709717929363251 3.86586594581604
v 3.5837581157684326 -0.4280904233455658 3.8238072395324707
v 3.6060969829559326 -0.3893985152244568 3.776641845703125
v 3.6257550716400146 -0.35534971952438354 3.7249221801757812
v 3.6425018310546875 -0.32634320855140686 3.669255256652832
v 3.6561412811279297 -0.3027190864086151 3.610292911529541
v 3.666513442993164 -0.28475427627563477 3.548727035522461
v 3.6734962463378906 -0.27265942096710205 3.4852793216705322
v 3.6770083904266357 -0.26657634973526 3.4206933975219727
v 3.6770083904266357 -0.26657634973526 3.355726718902588
v 3.6734962463378906 -0.27265942096710205 3.2911407947540283
v 3.666513442993164 -0.28475427627563477 3.2276930809020996
v 3.6561412811279297 -0.3027190864086151 3.1661272048950195
v 3.6425018310546875 -0.32634320855140686 3.1071648597717285
v 3.6257550716400146 -0.35534971952438354 3.0514979362487793
v 3.6060969829559326 -0.3893985152244568 2.9997782707214355
v 3.5837581157684326 -0.4280904233455658 2.95261287689209
v 3.5590004920959473 -0.4709717929363251 2.9105541706085205
v 3.5321145057678223 -0.5175398588180542 2.8740956783294678
v 3.503415107727051 -0.5672487616539001 2.8436648845672607
v 3.473238706588745 -0.619515597820282 2.8196182250976562
v 3.441939353942871 -0.6737276315689087 2.8022377490997314
v 3.409883975982666 -0.7292492389678955 2.791727304458618
v 3.3974947929382324 -0.7237331867218018 3.9846928119659424
v 3.4173059463500977 -0.6627601385116577 3.974182367324829
v 3.436650037765503 -0.6032252311706543 3.9568018913269043
v 3.4553000926971436 -0.5458265542984009 3.9327552318573
v 3.4730372428894043 -0.49123701453208923 3.9023244380950928
v 3.4896538257598877 -0.4400966167449951 3.86586594581604
v 3.5049548149108887 -0.3930048942565918 3.8238072395324707
v 3.518760919570923 -0.3505140244960785 3.776641845703125
v 3.5309102535247803 -0.31312212347984314 3.7249221801757812
v 3.5412604808807373 -0.28126758337020874 3.669255256652832
v 3.549690008163452 -0.25532394647598267 3.610292911529541
v 3.556100368499756 -0.2355952262878418 3.548727035522461
v 3.5604159832000732 -0.22231286764144897 3.4852793216705322
v 3.562586545944214 -0.21563249826431274 3.4206933975219727
v 3.562586545944214 -0.21563249826431274 3.355726718902588
v 3.5604159832000732 -0.22231286764144897 3.2911407947540283
v 3.556100368499756 -0.2355952262878418 3.2276930809020996
v 3.549690008163452 -0.25532394647598267 3.1661272048950195
v 3.5412604808807373 -0.28126758337020874 3.1071648597717285
v 3.5309102535247803 -0.31312212347984314 3.0514979362487793
v 3.518760919570923 -0.3505140244960785 2.9997782707214355
v 3.5049548149108887 -0.3930048942565918 2.95261287689209
v 3.4896538257598877 -0.4400966167449951 2.9105541706085205
v 3.4730372428894043 -0.49123701453208923 2.8740956783294678
v 3.4553000926971436 -0.5458265542984009 2.8436648845672607
v 3.436650037765503 -0.6032252311706543 2.8196182250976562
v 3.4173059463500977 -0.6627601385116577 2.8022377490997314
v 3.3974947929382324 -0.7237331867218018 2.791727304458618
v 3.3842291831970215 -0.7209135293960571 3.9846928119659424
v 3.390930652618408 -0.657153844833374 3.974182367324829
v 3.3974740505218506 -0.5948981046676636 3.9568018913269043
v 3.403782606124878 -0.5348762273788452 3.9327552318573
v 3.4097824096679688 -0.47779178619384766 3.9023244380950928
v 3.415403127670288 -0.42431414127349854 3.86586594581604
v 3.420578718185425 -0.3750702440738678 3.8238072395324707
v 3.425248861312866 -0.3306374251842499 3.776641845703125
v 3.42935848236084 -0.2915366291999817 3.7249221801757812
v 3.4328596591949463 -0.25822627544403076 3.669255256652832
v 3.435710906982422 -0.23109692335128784 3.610292911529541
v 3.4378793239593506 -0.21046662330627441 3.548727035522461
v 3.4393391609191895 -0.19657719135284424 3.4852793216705322
v 3.4400734901428223 -0.18959152698516846 3.4206933975219727
v 3.4400734901428223 -0.18959152698516846 3.355726718902588
v 3.4393391609191895 -0.19657719135284424 3.2911407947540283
v 3.4378793239593506 -0.21046662330627441 3.2276930809020996
v 3.435710906982422 -0.23109692335128784 3.1661272048950195
v 3.4328596591949463 -0.25822627544403076 3.1071648597717285
v 3.42935848236084 -0.2915366291999817 3.0514979362487793
v 3.425248861312866 -0.3306374251842499 2.9997782707214355
v 3.420578718185425 -0.3750702440738678 2.95261287689209
v 3.415403127670288 -0.42431414127349854 2.9105541706085205
v 3.4097824096679688 -0.47779178619384766 2.8740956783294678
v 3.403782606124878 -0.5348762273788452 2.8436648845672607
v 3.3974740505218506 -0.5948981046676636 2.8196182250976562
v 3.390930652618408 -0.657153844833374 2.8022377490997314
v 3.3842291831970215 -0.7209135293960571 2.791727304458618
v 3.3706674575805664 -0.7209135293960571 3.9846928119659424
v 3.3639659881591797 -0.657153844833374 3.974182367324829
v 3.3574225902557373 -0.5948981046676636 3.9568018913269043
v 3.35111403465271 -0.5348762273788452 3.9327552318573
v 3.345114231109619 -0.47779178619384766 3.9023244380950928
v 3.3394935131073 -0.42431414127349854 3.86586594581604
v 3.334317922592163 -0.3750702440738678 3.8238072395324707
v 3.3296477794647217 -0.3306374251842499 3.776641845703125
v 3.325538158416748 -0.2915366291999817 3.7249221801757812
v 3.3220369815826416 -0.25822627544403076 3.669255256652832
v 3.319185733795166 -0.23109692335128784 3.610292911529541
v 3.3170173168182373 -0.21046662330627441 3.548727035522461
v 3.3155574798583984 -0.19657719135284424 3.4852793216705322
v 3.3148231506347656 -0.18959152698516846 3.4206933975219727
v 3.3148231506347656 -0.18959152698516846 3.355726718902588
v 3.3155574798583984 -0.19657719135284424 3.2911407947540283
v 3.3170173168182373 -0.21046662330627441 3.2276930809020996
v 3.319185733795166 -0.23109692335128784 3.1661272048950195
v 3.3220369815826416 -0.25822627544403076 3.1071648597717285
v 3.325538158416748 -0.2915366291999817 3.0514979362487793
v 3.3296477794647217 -0.3306374251842499 2.9997782707214355
v 3.334317922592163 -0.3750702440738678 2.95261287689209
v 3.3394935131073 -0.42431414127349854 2.9105541706085205
v 3.345114231109619 -0.47779178619384766 2.8740956783294678
v 3.35111403465271 -0.5348762273788452 2.8436648845672607
v 3.3574225902557373 -0.5948981046676636 2.8196182250976562
v 3.3639659881591797 -0.657153844833374 2.8022377490997314
v 3.3706674575805664 -0.7209135293960571 2.791727304458618
v 3.3574018478393555 -0.7237331867218018 3.9846928119659424
v 3.3375906944274902 -0.6627601385116577 3.974182367324829
v 3.318246603012085 -0.6032252311706543 3.9568018913269043
v 3.2995965480804443 -0.5458265542984009 3.9327552318573
v 3.2818593978881836 -0.49123701453208923 3.9023244380950928
v 3.2652428150177 -0.4400966167449951 3.86586594581604
v 3.249941825866699 -0.3930048942565918 3.8238072395324707
v 3.236135721206665 -0.3505140244960785 3.776641845703125
v 3.2239863872528076 -0.31312212347984314 3.7249221801757812
v 3.2136361598968506 -0.28126758337020874 3.669255256652832
v 3.2052066326141357 -0.25532394647598267 3.610292911529541
v 3.198796272277832 -0.2355952262878418 3.548727035522461
v 3.1944806575775146 -0.22231286764144897 3.4852793216705322
v 3.192310094833374 -0.21563249826431274 3.4206933975219727
v 3.192310094833374 -0.21563249826431274 3.355726718902588
v 3.1944806575775146 -0.22231286764144897 3.2911407947540283
v 3.198796272277832 -0.2355952262878418 3.2276930809020996
v 3.2052066326141357 -0.25532394647598267 3.1661272048950195
v 3.2136361598968506 -0.28126758337020874 3.1071648597717285
v 3.2239863872528076 -0.31312212347984314 3.0514979362487793
v 3.236135721206665 -0.3505140244960785 2.9997782707214355
v 3.249941825866699 -0.3930048942565918 2.95261287689209
v 3.2652428150177 -0.4400966167449951 2.9105541706085205
v 3.2818593978881836 -0.49123701453208923 2.8740956783294678
v 3.2995965480804443 -0.5458265542984009 2.8436648845672607
v 3.318246603012085 -0.6032252311706543 2.8196182250976562
v 3.3375906944274902 -0.6627601385116577 2.8022377490997314
v 3.3574018478393555 -0.7237331867218018 2.791727304458618
v 3.345012664794922 -0.7292492389678955 3.9846928119659424
v 3.312957286834717 -0.6737276315689087 3.974182367324829
v 3.2816579341888428 -0.619515597820282 3.9568018913269043
v 3.251481533050537 -0.5672487616539001 3.9327552318573
v 3.2227821350097656 -0.5175398588180542 3.9023244380950928
v 3.1958961486816406 -0.4709717929363251 3.86586594581604
v 3.1711385250091553 -0.4280904233455658 3.8238072395324707
v 3.1487996578216553 -0.3893985152244568 3.776641845703125
v 3.1291415691375732 -0.35534971952438354 3.7249221801757812
v 3.1123948097229004 -0.32634320855140686 3.669255256652832
v 3.098755359649658 -0.3027190864086151 3.610292911529541
v 3.088383197784424 -0.28475427627563477 3.548727035522461
v 3.0814003944396973 -0.27265942096710205 3.4852793216705322
v 3.077888250350952 -0.26657634973526 3.4206933975219727
v 3.077888250350952 -0.26657634973526 3.355726718902588
v 3.0814003944396973 -0.27265942096710205 3.2911407947540283
v 3.088383197784424 -0.28475427627563477 3.2276930809020996
v 3.098755359649658 -0.3027190864086151 3.1661272048950195
v 3.1123948097229004 -0.32634320855140686 3.1071648597717285
v 3.1291415691375732 -0.35534971952438354 3.0514979362487793
v 3.1487996578216553 -0.3893985152244568 2.9997782707214355
v 3.1711385250091553 -0.4280904233455658 2.95261287689209
v 3.1958961486816406 -0.4709717929363251 2.9105541706085205
v 3.2227821350097656 -0.5175398588180542 2.8740956783294678
v 3.251481533050537 -0.5672487616539001 2.8436648845672607
v 3.2816579341888428 -0.619515597820282 2.8196182250976562
v 3.312957286834717 -0.6737276315689087 2.8022377490997314
v 3.345012664794922 -0.7292492389678955 2.791727304458618
v 3.334040880203247 -0.7372207045555115 3.9846928119659424
v 3.291142225265503 -0.689577043056488 3.974182367324829
v 3.249255657196045 -0.6430571675300598 3.9568018913269043
v 3.208871841430664 -0.5982065200805664 3.9327552318573
v 3.170464515686035 -0.5555508136749268 3.9023244380950928
v 3.134484052658081 -0.5155903100967407 3.86586594581604
v 3.101351737976074 -0.47879335284233093 3.8238072395324707
v 3.0714566707611084 -0.4455914795398712 3.776641845703125
v 3.045149087905884 -0.4163738489151001 3.7249221801757812
v 3.0227372646331787 -0.3914830982685089 3.669255256652832
v 3.004484176635742 -0.3712109923362732 3.610292911529541
v 2.9906039237976074 -0.3557952344417572 3.548727035522461
v 2.9812588691711426 -0.34541651606559753 3.4852793216705322
v 2.9765586853027344 -0.3401965796947479 3.4206933975219727
v 2.9765586853027344 -0.3401965796947479 3.355726718902588
v 2.9812588691711426 -0.34541651606559753 3.2911407947540283
v 2.9906039237976074 -0.3557952344417572 3.2276930809020996
v 3.004484176635742 -0.3712109923362732 3.1661272048950195
v 3.0227372646331787 -0.3914830982685089 3.1071648597717285
v 3.045149087905884 -0.4163738489151001 3.0514979362487793
v 3.0714566707611084 -0.4455914795398712 2.9997782707214355
v 3.101351737976074 -0.47879335284233093 2.95261287689209
v 3.134484052658081 -0.5155903100967407 2.9105541706085205
v 3.170464515686035 -0.5555508136749268 2.8740956783294678
v 3.208871841430664 -0.5982065200805664 2.8436648845672607
v 3.249255657196045 -0.6430571675300598 2.8196182250976562
v 3.291142225265503 -0.689577043056488 2.8022377490997314
v 3.334040880203247 -0.7372207045555115 2.791727304458618
v 3.3249661922454834 -0.747299075126648 3.9846928119659424
v 3.273099422454834 -0.7096156477928162 3.974182367324829
v 3.2224559783935547 -0.6728211045265198 3.9568018913269043
v 3.1736297607421875 -0.6373467445373535 3.9327552318573
v 3.1271932125091553 -0.6036085486412048 3.9023244380950928
v 3.083690643310547 -0.5720020532608032 3.86586594581604
v 3.0436320304870605 -0.5428977608680725 3.8238072395324707
v 3.0074870586395264 -0.5166369676589966 3.776641845703125
v 2.975679636001587 -0.49352750182151794 3.7249221801757812
v 2.948582649230957 -0.4738403260707855 3.669255256652832
v 2.926513671875 -0.457806259393692 3.610292911529541
v 2.909731388092041 -0.4456132650375366 3.548727035522461
v 2.898432731628418 -0.4374043047428131 3.4852793216705322
v 2.8927500247955322 -0.43327561020851135 3.4206933975219727
v 2.8927500247955322 -0.43327561020851135 3.355726718902588
v 2.898432731628418 -0.4374043047428131 3.2911407947540283
v 2.909731388092041 -0.4456132650375366 3.2276930809020996
v 2.926513671875 -0.457806259393692 3.1661272048950195
v 2.948582649230957 -0.4738403260707855 3.1071648597717285
v 2.975679636001587 -0.49352750182151794 3.0514979362487793
v 3.0074870586395264 -0.5166369676589966 2.9997782707214355
v 3.0436320304870605 -0.5428977608680725 2.95261287689209
v 3.083690643310547 -0.5720020532608032 2.9105541706085205
v 3.1271932125091553 -0.6036085486412048 2.8740956783294678
v 3.1736297607421875 -0.6373467445373535 2.8436648845672607
v 3.2224559783935547 -0.6728211045265198 2.8196182250976562
v 3.273099422454834 -0.7096156477928162 2.8022377490997314
v 3.3249661922454834 -0.747299075126648 2.791727304458618
v 3.318185329437256 -0.7590439319610596 3.9846928119659424
v 3.2596170902252197 -0.732967734336853 3.974182367324829
v 3.202430486679077 -0.707506537437439 3.9568018913269043
v 3.1472957134246826 -0.6829589605331421 3.9327552318573
v 3.0948591232299805 -0.659612774848938 3.9023244380950928
v 3.0457358360290527 -0.6377416253089905 3.86586594581604
v 3.0005013942718506 -0.6176019906997681 3.8238072395324707
v 2.959686517715454 -0.5994299650192261 3.776641845703125
v 2.923769474029541 -0.5834386348724365 3.7249221801757812
v 2.8931713104248047 -0.5698155164718628 3.669255256652832
v 2.868250846862793 -0.5587202310562134 3.610292911529541
v 2.8493003845214844 -0.550282895565033 3.548727035522461
v 2.8365416526794434 -0.5446024537086487 3.4852793216705322
v 2.830124855041504 -0.5417454242706299 3.4206933975219727
v 2.830124855041504 -0.5417454242706299 3.355726718902588
v 2.8365416526794434 -0.5446024537086487 3.2911407947540283
v 2.8493003845214844 -0.550282895565033 3.2276930809020996
v 2.868250846862793 -0.5587202310562134 3.1661272048950195
v 2.8931713104248047 -0.5698155164718628 3.1071648597717285
v 2.923769474029541 -0.5834386348724365 3.0514979362487793
v 2.959686517715454 -0.5994299650192261 2.9997782707214355
v 3.0005013942718506 -0.6176019906997681 2.95261287689209
v 3.0457358360290527 -0.6377416253089905 2.9105541706085205
v 3.0948591232299805 -0.659612774848938 2.8740956783294678
v 3.1472957134246826 -0.6829589605331421 2.8436648845672607
v 3.202430486679077 -0.707506537437439 2.8196182250976562
v 3.2596170902252197 -0.732967734336853 2.8022377490997314
v 3.318185329437256 -0.7590439319610596 2.791727304458618
v 3.3139944076538086 -0.7719420194625854 3.9846928119659424
v 3.251284599304199 -0.7586126327514648 3.974182367324829
v 3.190053939819336 -0.7455976009368896 3.9568018913269043
v 3.1310203075408936 -0.7330496311187744 3.9327552318573
v 3.074875593185425 -0.7211157083511353 3.9023244380950928
v 3.0222785472869873 -0.7099358439445496 3.86586594581604
v 2.9738454818725586 -0.6996411085128784 3.8238072395324707
v 2.9301440715789795 -0.6903520822525024 3.776641845703125
v 2.8916871547698975 -0.6821777820587158 3.7249221801757812
v 2.8589253425598145 -0.6752140522003174 3.669255256652832
v 2.832242488861084 -0.6695424318313599 3.610292911529541
v 2.8119518756866455 -0.6652295589447021 3.548727035522461
v 2.7982912063598633 -0.6623258590698242 3.4852793216705322
v 2.7914204597473145 -0.6608654856681824 3.4206933975219727
v 2.7914204597473145 -0.6608654856681824 3.355726718902588
v 2.7982912063598633 -0.6623258590698242 3.2911407947540283
v 2.8119518756866455 -0.6652295589447021 3.2276930809020996
v 2.832242488861084 -0.6695424318313599 3.1661272048950195
v 2.8589253425598145 -0.6752140522003174 3.1071648597717285
v 2.8916871547698975 -0.6821777820587158 3.0514979362487793
v 2.9301440715789795 -0.6903520822525024 2.9997782707214355
v 2.9738454818725586 -0.6996411085128784 2.95261287689209
v 3.0222785472869873 -0.7099358439445496 2.9105541706085205
v 3.074875593185425 -0.7211157083511353 2.8740956783294678
v 3.1310203075408936 -0.7330496311187744 2.8436648845672607
v 3.190053939819336 -0.7455976009368896 2.8196182250976562
v 3.251284599304199 -0.7586126327514648 2.8022377490997314
v 3.3139944076538086 -0.7719420194625854 2.791727304458618
v 3.31257700920105 -0.7854295372962952 3.9846928119659424
v 3.2484660148620605 -0.7854295372962952 3.974182367324829
v 3.1858673095703125 -0.7854295372962952 3.9568018913269043
v 3.1255149841308594 -0.7854295372962952 3.9327552318573
v 3.0681159496307373 -0.7854295372962952 3.9023244380950928
v 3.014343738555908 -0.7854295372962952 3.86586594581604
v 2.9648287296295166 -0.7854295372962952 3.8238072395324707
v 2.9201509952545166 -0.7854295372962952 3.776641845703125
v 2.8808348178863525 -0.7854295372962952 3.7249221801757812
v 2.8473410606384277 -0.7854295372962952 3.669255256652832
v 2.8200621604919434 -0.7854295372962952 3.610292911529541
v 2.799318313598633 -0.7854295372962952 3.548727035522461
v 2.7853524684906006 -0.7854295372962952 3.4852793216705322
v 2.7783284187316895 -0.7854295372962952 3.4206933975219727
v 2.7783284187316895 -0.7854295372962952 3.355726718902588
v 2.7853524684906006 -0.7854295372962952 3.2911407947540283
v 2.799318313598633 -0.7854295372962952 3.2276930809020996
v 2.8200621604919434 -0.7854295372962952 3.1661272048950195
v 2.8473410606384277 -0.7854295372962952 3.1071648597717285
v 2.8808348178863525 -0.7854295372962952 3.0514979362487793
v 2.9201509952545166 -0.7854295372962952 2.9997782707214355
v 2.9648287296295166 -0.7854295372962952 2.95261287689209
v 3.014343738555908 -0.7854295372962952 2.9105541706085205
v 3.0681159496307373 -0.7854295372962952 2.8740956783294678
v 3.1255149841308594 -0.7854295372962952 2.8436648845672607
v 3.1858673095703125 -0.7854295372962952 2.8196182250976562
v 3.2484660148620605 -0.7854295372962952 2.8022377490997314
v 3.31257700920105 -0.7854295372962952 2.791727304458618
v 3.3139944076538086 -0.7989170551300049 3.9846928119659424
v 3.251284599304199 -0.8122464418411255 3.974182367324829
v 3.190053939819336 -0.8252614736557007 3.9568018913269043
v 3.1310203075408936 -0.8378094434738159 3.9327552318573
v 3.074875593185425 -0.8497433662414551 3.9023244380950928
v 3.0222785472869873 -0.8609232306480408 3.86586594581604
v 2.9738454818725586 -0.8712179660797119 3.8238072395324707
v 2.9301440715789795 -0.8805069923400879 3.776641845703125
v 2.8916871547698975 -0.8886812925338745 3.7249221801757812
v 2.8589253425598145 -0.895645022392273 3.669255256652832
v 2.832242488861084 -0.9013166427612305 3.610292911529541
v 2.8119518756866455 -0.9056295156478882 3.548727035522461
v 2.7982912063598633 -0.9085332155227661 3.4852793216705322
v 2.7914204597473145 -0.909993588924408 3.4206933975219727
v 2.7914204597473145 -0.909993588924408 3.355726718902588
v 2.7982912063598633 -0.9085332155227661 3.2911407947540283
v 2.8119518756866455 -0.9056295156478882 3.2276930809020996
v 2.832242488861084 -0.9013166427612305 3.1661272048950195
v 2.8589253425598145 -0.895645022392273 3.1071648597717285
v 2.8916871547698975 -0.8886812925338745 3.0514979362487793
v 2.9301440715789795 -0.8805069923400879 2.9997782707214355
v 2.9738454818725586 -0.8712179660797119 2.95261287689209
v 3.0222785472869873 -0.8609232306480408 2.9105541706085205
v 3.074875593185425 -0.8497433662414551 2.8740956783294678
v 3.1310203075408936 -0.8378094434738159 2.8436648845672607
v 3.190053939819336 -0.8252614736557007 2.8196182250976562
v 3.251284599304199 -0.8122464418411255 2.8022377490997314
v 3.3139944076538086 -0.7989170551300049 2.791727304458618
v 3.318185329437256 -0.8118151426315308 3.9846928119659424
v 3.2596170902252197 -0.8378913402557373 3.974182367324829
v 3.202430486679077 -0.8633525371551514 3.9568018913269043
v 3.1472957134246826 -0.8879001140594482 3.9327552318573
v 3.0948591232299805 -0.9112462997436523 3.9023244380950928
v 3.0457358360290527 -0.9331174492835999 3.86586594581604
v 3.0005013942718506 -0.9532570838928223 3.8238072395324707
v 2.959686517715454 -0.9714291095733643 3.776641845703125
v 2.923769474029541 -0.9874204397201538 3.7249221801757812
v 2.8931713104248047 -1.0010435581207275 3.669255256652832
v 2.868250846862793 -1.012138843536377 3.610292911529541
v 2.8493003845214844 -1.0205762386322021 3.548727035522461
v 2.8365416526794434 -1.0262566804885864 3.4852793216705322
v 2.830124855041504 -1.0291136503219604 3.4206933975219727
v 2.830124855041504 -1.0291136503219604 3.355726718902588
v 2.8365416526794434 -1.0262566804885864 3.2911407947540283
v 2.8493003845214844 -1.0205762386322021 3.2276930809020996
v 2.868250846862793 -1.012138843536377 3.1661272048950195
v 2.8931713104248047 -1.0010435581207275 3.1071648597717285
v 2.923769474029541 -0.9874204397201538 3.0514979362487793
v 2.959686517715454 -0.9714291095733643 2.9997782707214355
v 3.0005013942718506 -0.9532570838928223 2.95261287689209
v 3.0457358360290527 -0.9331174492835999 2.9105541706085205
v 3.0948591232299805 -0.9112462997436523 2.8740956783294678
v 3.1472957134246826 -0.8879001140594482 2.8436648845672607
v 3.202430486679077 -0.8633525371551514 2.8196182250976562
v 3.2596170902252197 -0.8378913402557373 2.8022377490997314
v 3.318185329437256 -0.8118151426315308 2.791727304458618
v 3.3249661922454834 -0.8235599994659424 3.9846928119659424
v 3.273099422454834 -0.8612434267997742 3.974182367324829
v 3.2224559783935547 -0.8980379700660706 3.9568018913269043
v 3.1736297607421875 -0.9335123300552368 3.9327552318573
v 3.1271932125091553 -0.9672505259513855 3.9023244380950928
v 3.083690643310547 -0.9988570213317871 3.86586594581604
v 3.0436320304870605 -1.027961254119873 3.8238072395324707
v 3.0074870586395264 -1.0542221069335938 3.776641845703125
v 2.975679636001587 -1.07733154296875 3.7249221801757812
v 2.948582649230957 -1.0970187187194824 3.669255256652832
v 2.926513671875 -1.1130528450012207 3.610292911529541
v 2.909731388092041 -1.1252458095550537 3.548727035522461
v 2.898432731628418 -1.1334547996520996 3.4852793216705322
v 2.8927500247955322 -1.1375834941864014 3.4206933975219727
v 2.8927500247955322 -1.1375834941864014 3.355726718902588
v 2.898432731628418 -1.1334547996520996 3.2911407947540283
v 2.909731388092041 -1.1252458095550537 3.2276930809020996
v 2.926513671875 -1.1130528450012207 3.1661272048950195
v 2.948582649230957 -1.0970187187194824 3.1071648597717285
v 2.975679636001587 -1.07733154296875 3.0514979362487793
v 3.0074870586395264 -1.0542221069335938 2.9997782707214355
v 3.0436320304870605 -1.027961254119873 2.95261287689209
v 3.083690643310547 -0.9988570213317871 2.9105541706085205
v 3.1271932125091553 -0.9672505259513855 2.8740956783294678
v 3.1736297607421875 -0.9335123300552368 2.8436648845672607
v 3.2224559783935547 -0.8980379700660706 2.8196182250976562
v 3.273099422454834 -0.8612434267997742 2.8022377490997314
v 3.3249661922454834 -0.8235599994659424 2.791727304458618
v 3.334040880203247 -0.8336383700370789 3.9846928119659424
v 3.291142225265503 -0.8812820315361023 3.974182367324829
v 3.249255657196045 -0.9278019070625305 3.9568018913269043
v 3.208871841430664 -0.9726525545120239 3.9327552318573
v 3.170464515686035 -1.0153082609176636 3.9023244380950928
v 3.134484052658081 -1.0552687644958496 3.86586594581604
v 3.101351737976074 -1.092065691947937 3.8238072395324707
v 3.0714566707611084 -1.1252676248550415 3.776641845703125
v 3.045149087905884 -1.1544852256774902 3.7249221801757812
v 3.0227372646331787 -1.1793760061264038 3.669255256652832
v 3.004484176635742 -1.199648141860962 3.610292911529541
v 2.9906039237976074 -1.2150638103485107 3.548727035522461
v 2.9812588691711426 -1.2254425287246704 3.4852793216705322
v 2.9765586853027344 -1.23066246509552 3.4206933975219727
v 2.9765586853027344 -1.23066246509552 3.355726718902588
v 2.9812588691711426 -1.2254425287246704 3.2911407947540283
v 2.9906039237976074 -1.2150638103485107 3.2276930809020996
v 3.004484176635742 -1.199648141860962 3.1661272048950195
v 3.0227372646331787 -1.1793760061264038 3.1071648597717285
v 3.045149087905884 -1.1544852256774902 3.0514979362487793
v 3.0714566707611084 -1.1252676248550415 2.9997782707214355
v 3.101351737976074 -1.092065691947937 2.95261287689209
v 3.134484052658081 -1.0552687644958496 2.9105541706085205
v 3.170464515686035 -1.0153082609176636 2.8740956783294678
v 3.208871841430664 -0.9726525545120239 2.8436648845672607
v 3.249255657196045 -0.9278019070625305 2.8196182250976562
v 3.291142225265503 -0.8812820315361023 2.8022377490997314
v 3.334040880203247 -0.8336383700370789 2.791727304458618
v 3.345012664794922 -0.8416098356246948 3.9846928119659424
v 3.312957286834717 -0.8971314430236816 3.974182367324829
v 3.2816579341888428 -0.9513434767723083 3.9568018913269043
v 3.251481533050537 -1.003610372543335 3.9327552318573
v 3.2227821350097656 -1.0533192157745361 3.9023244380950928
v 3.1958961486816406 -1.0998872518539429 3.86586594581604
v 3.1711385250091553 -1.1427686214447021 3.8238072395324707
v 3.1487996578216553 -1.1814606189727783 3.776641845703125
v 3.1291415691375732 -1.2155094146728516 3.7249221801757812
v 3.1123948097229004 -1.2445158958435059 3.669255256652832
v 3.098755359649658 -1.2681399583816528 3.610292911529541
v 3.088383197784424 -1.2861047983169556 3.548727035522461
v 3.0814003944396973 -1.2981996536254883 3.4852793216705322
v 3.077888250350952 -1.3042826652526855 3.4206933975219727
v 3.077888250350952 -1.3042826652526855 3.355726718902588
v 3.0814003944396973 -1.2981996536254883 3.2911407947540283
v 3.088383197784424 -1.2861047983169556 3.2276930809020996
v 3.098755359649658 -1.2681399583816528 3.1661272048950195
v 3.1123948097229004 -1.2445158958435059 3.1071648597717285
v 3.1291415691375732 -1.2155094146728516 3.0514979362487793
v 3.1487996578216553 -1.1814606189727783 2.9997782707214355
v 3.1711385250091553 -1.1427686214447021 2.95261287689209
v 3.1958961486816406 -1.0998872518539429 2.9105541706085205
v 3.2227821350097656 -1.0533192157745361 2.8740956783294678
v 3.251481533050537 -1.003610372543335 2.8436648845672607
v 3.2816579341888428 -0.9513434767723083 2.8196182250976562
v 3.312957286834717 -0.8971314430236816 2.8022377490997314
v 3.345012664794922 -0.8416098356246948 2.791727304458618
v 3.3574018478393555 -0.8471258878707886 3.9846928119659424
v 3.3375906944274902 -0.9080989360809326 3.974182367324829
v 3.318246603012085 -0.967633843421936 3.9568018913269043
v 3.2995965480804443 -1.0250325202941895 3.9327552318573
v 3.2818593978881836 -1.0796220302581787 3.9023244380950928
v 3.2652428150177 -1.1307624578475952 3.86586594581604
v 3.249941825866699 -1.1778541803359985 3.8238072395324707
v 3.236135721206665 -1.2203450202941895 3.776641845703125
v 3.2239863872528076 -1.2577369213104248 3.7249221801757812
v 3.2136361598968506 -1.2895915508270264 3.669255256652832
v 3.2052066326141357 -1.315535068511963 3.610292911529541
v 3.198796272277832 -1.3352638483047485 3.548727035522461
v 3.1944806575775146 -1.3485462665557861 3.4852793216705322
v 3.192310094833374 -1.3552265167236328 3.4206933975219727
v 3.192310094833374 -1.3552265167236328 3.355726718902588
v 3.1944806575775146 -1.3485462665557861 3.2911407947540283
v 3.198796272277832 -1.3352638483047485 3.2276930809020996
v 3.2052066326141357 -1.315535068511963 3.1661272048950195
v 3.2136361598968506 -1.2895915508270264 3.1071648597717285
v 3.2239863872528076 -1.2577369213104248 3.0514979362487793
v 3.236135721206665 -1.2203450202941895 2.9997782707214355
v 3.249941825866699 -1.1778541803359985 2.95261287689209
v 3.2652428150177 -1.1307624578475952 2.9105541706085205
v 3.2818593978881836 -1.0796220302581787 2.8740956783294678
v 3.2995965480804443 -1.0250325202941895 2.8436648845672607
v 3.318246603012085 -0.967633843421936 2.8196182250976562
v 3.3375906944274902 -0.9080989360809326 2.8022377490997314
v 3.3574018478393555 -0.8471258878707886 2.791727304458618
v 3.3706674575805664 -0.8499455451965332 3.9846928119659424
v 3.3639659881591797 -0.9137052297592163 3.974182367324829
v 3.3574225902557373 -0.9759609699249268 3.9568018913269043
v 3.35111403465271 -1.0359828472137451 3.9327552318573
v 3.345114231109619 -1.0930672883987427 3.9023244380950928
v 3.3394935131073 -1.1465449333190918 3.86586594581604
v 3.334317922592163 -1.195788860321045 3.8238072395324707
v 3.3296477794647217 -1.240221619606018 3.776641845703125
v 3.325538158416748 -1.2793223857879639 3.7249221801757812
v 3.3220369815826416 -1.3126327991485596 3.669255256652832
v 3.319185733795166 -1.3397622108459473 3.610292911529541
v 3.3170173168182373 -1.360392451286316 3.548727035522461
v 3.3155574798583984 -1.374281883239746 3.4852793216705322
v 3.3148231506347656 -1.3812675476074219 3.4206933975219727
v 3.3148231506347656 -1.3812675476074219 3.355726718902588
v 3.3155574798583984 -1.374281883239746 3.2911407947540283
v 3.3170173168182373 -1.360392451286316 3.2276930809020996
v 3.319185733795166 -1.3397622108459473 3.1661272048950195
v 3.3220369815826416 -1.3126327991485596 3.1071648597717285
v 3.325538158416748 -1.2793223857879639 3.0514979362487793
v 3.3296477794647217 -1.240221619606018 2.9997782707214355
v 3.334317922592163 -1.195788860321045 2.95261287689209
v 3.3394935131073 -1.1465449333190918 2.9105541706085205
v 3.345114231109619 -1.0930672883987427 2.8740956783294678
v 3.35111403465271 -1.0359828472137451 2.8436648845672607
v 3.3574225902557373 -0.9759609699249268 2.8196182250976562
v 3.3639659881591797 -0.9137052297592163 2.8022377490997314
v 3.3706674575805664 -0.8499455451965332 2.791727304458618
v 3.3842291831970215 -0.8499455451965332 3.9846928119659424
v 3.390930652618408 -0.9137052297592163 3.974182367324829
v 3.3974740505218506 -0.9759609699249268 3.9568018913269043
v 3.403782606124878 -1.0359828472137451 3.9327552318573
v 3.4097824096679688 -1.0930672883987427 3.9023244380950928
v 3.415403127670288 -1.1465449333190918 3.86586594581604
v 3.420578718185425 -1.195788860321045 3.8238072395324707
v 3.425248861312866 -1.240221619606018 3.776641845703125
v 3.42935848236084 -1.2793223857879639 3.7249221801757812
v 3.4328596591949463 -1.3126327991485596 3.669255256652832
v 3.435710906982422 -1.3397622108459473 3.610292911529541
v 3.4378793239593506 -1.360392451286316 3.548727035522461
v 3.4393391609191895 -1.374281883239746 3.4852793216705322
v 3.4400734901428223 -1.3812675476074219 3.4206933975219727
v 3.4400734901428223 -1.3812675476074219 3.355726718902588
v 3.4393391609191895 -1.374281883239746 3.2911407947540283
v 3.4378793239593506 -1.360392451286316 3.2276930809020996
v 3.435710906982422 -1.3397622108459473 3.1661272048950195
v 3.4328596591949463 -1.3126327991485596 3.1071648597717285
v 3.42935848236084 -1.2793223857879639 3.0514979362487793
v 3.425248861312866 -1.240221619606018 2.9997782707214355
v 3.420578718185425 -1.195788860321045 2.95261287689209
v 3.415403127670288 -1.1465449333190918 2.9105541706085205
v 3.4097824096679688 -1.0930672883987427 2.8740956783294678
v 3.403782606124878 -1.0359828472137451 2.8436648845672607
v 3.3974740505218506 -0.9759609699249268 2.8196182250976562
v 3.390930652618408 -0.9137052297592163 2.8022377490997314
v 3.3842291831970215 -0.8499455451965332 2.791727304458618
v 3.3974947929382324 -0.8471258878707886 3.9846928119659424
v 3.4173059463500977 -0.9080989360809326 3.974182367324829
v 3.436650037765503 -0.967633843421936 3.9568018913269043
v 3.4553000926971436 -1.0250325202941895 3.9327552318573
v 3.4730372428894043 -1.0796220302581787 3.9023244380950928
v 3.4896538257598877 -1.1307624578475952 3.86586594581604
v 3.5049548149108887 -1.1778541803359985 3.8238072395324707
v 3.518760919570923 -1.2203450202941895 3.776641845703125
v 3.5309102535247803 -1.2577369213104248 3.7249221801757812
v 3.5412604808807373 -1.2895915508270264 3.669255256652832
v 3.549690008163452 -1.315535068511963 3.610292911529541
v 3.556100368499756 -1.3352638483047485 3.548727035522461
v 3.5604159832000732 -1.3485462665557861 3.4852793216705322
v 3.562586545944214 -1.3552265167236328 3.4206933975219727
v 3.562586545944214 -1.3552265167236328 3.355726718902588
v 3.5604159832000732 -1.3485462665557861 3.2911407947540283
v 3.556100368499756 -1.3352638483047485 3.2276930809020996
v 3.549690008163452 -1.315535068511963 3.1661272048950195
v 3.5412604808807373 -1.2895915508270264 3.1071648597717285
v 3.5309102535247803 -1.2577369213104248 3.0514979362487793
v 3.518760919570923 -1.2203450202941895 2.9997782707214355
v 3.5049548149108887 -1.1778541803359985 2.95261287689209
v 3.4896538257598877 -1.1307624578475952 2.9105541706085205
v 3.4730372428894043 -1.0796220302581787 2.8740956783294678
v 3.4553000926971436 -1.0250325202941895 2.8436648845672607
v 3.436650037765503 -0.967633843421936 2.8196182250976562
v 3.4173059463500977 -0.9080989360809326 2.8022377490997314
v 3.3974947929382324 -0.8471258878707886 2.791727304458618
v 3.409883975982666 -0.8416098356246948 3.9846928119659424
v 3.441939353942871 -0.8971314430236816 3.974182367324829
v 3.473238706588745 -0.9513434767723083 3.9568018913269043
v 3.503415107727051 -1.003610372543335 3.9327552318573
v 3.5321145057678223 -1.0533192157745361 3.9023244380950928
v 3.5590004920959473 -1.0998872518539429 3.86586594581604
v 3.5837581157684326 -1.1427686214447021 3.8238072395324707
v 3.6060969829559326 -1.1814606189727783 3.776641845703125
v 3.6257550716400146 -1.2155094146728516 3.7249221801757812
v 3.6425018310546875 -1.2445158958435059 3.669255256652832
v 3.6561412811279297 -1.2681399583816528 3.610292911529541
v 3.666513442993164 -1.2861047983169556 3.548727035522461
v 3.6734962463378906 -1.2981996536254883 3.4852793216705322
v 3.6770083904266357 -1.3042826652526855 3.4206933975219727
v 3.6770083904266357 -1.3042826652526855 3.355726718902588
v 3.6734962463378906 -1.2981996536254883 3.2911407947540283
v 3.666513442993164 -1.2861047983169556 3.2276930809020996
v 3.6561412811279297 -1.2681399583816528 3.1661272048950195
v 3.6425018310546875 -1.2445158958435059 3.1071648597717285
v 3.6257550716400146 -1.2155094146728516 3.0514979362487793
v 3.6060969829559326 -1.1814606189727783 2.9997782707214355
v 3.5837581157684326 -1.1427686214447021 2.95261287689209
v 3.5590004920959473 -1.0998872518539429 2.9105541706085205
v 3.5321145057678223 -1.0533192157745361 2.8740956783294678
v 3.503415107727051 -1.003610372543335 2.8436648845672607
v 3.473238706588745 -0.9513434767723083 2.8196182250976562
v 3.441939353942871 -0.8971314430236816 2.8022377490997314
v 3.409883975982666 -0.8416098356246948 2.791727304458618
v 3.420855760574341 -0.8336383700370789 3.9846928119659424
v 3.463754415512085 -0.8812820315361023 3.974182367324829
v 3.505640983581543 -0.9278019070625305 3.9568018913269043
v 3.546024799346924 -0.9726525545120239 3.9327552318573
v 3.5844321250915527 -1.0153082609176636 3.9023244380950928
v 3.620412588119507 -1.0552687644958496 3.86586594581604
v 3.6535449028015137 -1.092065691947937 3.8238072395324707
v 3.6834399700164795 -1.1252676248550415 3.776641845703125
v 3.709747552871704 -1.1544852256774902 3.7249221801757812
v 3.732159376144409 -1.1793760061264038 3.669255256652832
v 3.7504124641418457 -1.199648141860962 3.610292911529541
v 3.7642927169799805 -1.2150638103485107 3.548727035522461
v 3.7736377716064453 -1.2254425287246704 3.4852793216705322
v 3.7783379554748535 -1.23066246509552 3.4206933975219727
v 3.7783379554748535 -1.23066246509552 3.355726718902588
v 3.7736377716064453 -1.2254425287246704 3.2911407947540283
v 3.7642927169799805 -1.2150638103485107 3.2276930809020996
v 3.7504124641418457 -1.199648141860962 3.1661272048950195
v 3.732159376144409 -1.1793760061264038 3.1071648597717285
v 3.709747552871704 -1.1544852256774902 3.0514979362487793
v 3.6834399700164795 -1.1252676248550415 2.9997782707214355
v 3.6535449028015137 -1.092065691947937 2.95261287689209
v 3.620412588119507 -1.0552687644958496 2.9105541706085205
v 3.5844321250915527 -1.0153082609176636 2.8740956783294678
v 3.546024799346924 -0.9726525545120239 2.8436648845672607
v 3.505640983581543 -0.9278019070625305 2.8196182250976562
v 3.463754415512085 -0.8812820315361023 2.8022377490997314
v 3.420855760574341 -0.8336383700370789 2.791727304458618
v 3.4299304485321045 -0.8235599994659424 3.9846928119659424
v 3.481797218322754 -0.8612434267997742 3.974182367324829
v 3.532440662384033 -0.8980379700660706 3.9568018913269043
v 3.5812668800354004 -0.9335123300552368 3.9327552318573
v 3.6277034282684326 -0.9672505259513855 3.9023244380950928
v 3.671205997467041 -0.9988570213317871 3.86586594581604
v 3.7112646102905273 -1.027961254119873 3.8238072395324707
v 3.7474095821380615 -1.0542221069335938 3.776641845703125
v 3.779217004776001 -1.07733154296875 3.7249221801757812
v 3.806313991546631 -1.0970187187194824 3.669255256652832
v 3.828382968902588 -1.1130528450012207 3.610292911529541
v 3.845165252685547 -1.1252458095550537 3.548727035522461
v 3.85646390914917 -1.1334547996520996 3.4852793216705322
v 3.8621466159820557 -1.1375834941864014 3.4206933975219727
v 3.8621466159820557 -1.1375834941864014 3.355726718902588
v 3.85646390914917 -1.1334547996520996 3.2911407947540283
v 3.845165252685547 -1.1252458095550537 3.2276930809020996
v 3.828382968902588 -1.1130528450012207 3.1661272048950195
v 3.806313991546631 -1.0970187187194824 3.1071648597717285
v 3.779217004776001 -1.07733154296875 3.0514979362487793
v 3.7474095821380615 -1.0542221069335938 2.9997782707214355
v 3.7112646102905273 -1.027961254119873 2.95261287689209
v 3.671205997467041 -0.9988570213317871 2.9105541706085205
v 3.6277034282684326 -0.9672505259513855 2.8740956783294678
v 3.5812668800354004 -0.9335123300552368 2.8436648845672607
v 3.532440662384033 -0.8980379700660706 2.8196182250976562
v 3.481797218322754 -0.8612434267997742 2.8022377490997314
v 3.4299304485321045 -0.8235599994659424 2.791727304458618
v 3.436711311340332 -0.8118151426315308 3.9846928119659424
v 3.495279550552368 -0.8378913402557373 3.974182367324829
v 3.5524661540985107 -0.8633525371551514 3.9568018913269043
v 3.6076009273529053 -0.8879001140594482 3.9327552318573
v 3.6600375175476074 -0.9112462997436523 3.9023244380950928
v 3.709160804748535 -0.9331174492835999 3.86586594581604
v 3.7543952465057373 -0.9532570838928223 3.8238072395324707
v 3.795210123062134 -0.9714291095733643 3.776641845703125
v 3.831127166748047 -0.9874204397201538 3.7249221801757812
v 3.861725330352783 -1.0010435581207275 3.669255256652832
v 3.886645793914795 -1.012138843536377 3.610292911529541
v 3.9055962562561035 -1.0205762386322021 3.548727035522461
v 3.9183549880981445 -1.0262566804885864 3.4852793216705322
v 3.924771785736084 -1.0291136503219604 3.4206933975219727
v 3.924771785736084 -1.0291136503219604 3.355726718902588
v 3.9183549880981445 -1.0262566804885864 3.2911407947540283
v 3.9055962562561035 -1.0205762386322021 3.2276930809020996
v 3.886645793914795 -1.012138843536377 3.1661272048950195
v 3.861725330352783 -1.0010435581207275 3.1071648597717285
v 3.831127166748047 -0.9874204397201538 3.0514979362487793
v 3.795210123062134 -0.9714291095733643 2.9997782707214355
v 3.7543952465057373 -0.9532570838928223 2.95261287689209
v 3.709160804748535 -0.9331174492835999 2.9105541706085205
v 3.6600375175476074 -0.9112462997436523 2.8740956783294678
v 3.6076009273529053 -0.8879001140594482 2.8436648845672607
v 3.5524661540985107 -0.8633525371551514 2.8196182250976562
v 3.495279550552368 -0.8378913402557373 2.8022377490997314
v 3.436711311340332 -0.8118151426315308 2.791727304458618
v 3.4409022331237793 -0.7989170551300049 3.9846928119659424
v 3.5036120414733887 -0.8122464418411255 3.974182367324829
v 3.564842700958252 -0.8252614736557007 3.9568018913269043
v 3.6238763332366943 -0.8378094434738159 3.9327552318573
v 3.680021047592163 -0.8497433662414551 3.9023244380950928
v 3.7326180934906006 -0.8609232306480408 3.86586594581604
v 3.7810511589050293 -0.8712179660797119 3.8238072395324707
v 3.8247525691986084 -0.8805069923400879 3.776641845703125
v 3.8632094860076904 -0.8886812925338745 3.7249221801757812
v 3.8959712982177734 -0.895645022392273 3.669255256652832
v 3.922654151916504 -0.9013166427612305 3.610292911529541
v 3.9429447650909424 -0.9056295156478882 3.548727035522461
v 3.9566054344177246 -0.9085332155227661 3.4852793216705322
v 3.9634761810302734 -0.909993588924408 3.4206933975219727
v 3.9634761810302734 -0.909993588924408 3.355726718902588
v 3.9566054344177246 -0.9085332155227661 3.2911407947540283
v 3.9429447650909424 -0.9056295156478882 3.2276930809020996
v 3.922654151916504 -0.9013166427612305 3.1661272048950195
v 3.8959712982177734 -0.895645022392273 3.1071648597717285
v 3.8632094860076904 -0.8886812925338745 3.0514979362487793
v 3.8247525691986084 -0.8805069923400879 2.9997782707214355
v 3.7810511589050293 -0.8712179660797119 2.95261287689209
v 3.7326180934906006 -0.8609232306480408 2.9105541706085205
v 3.680021047592163 -0.8497433662414551 2.8740956783294678
v 3.6238763332366943 -0.8378094434738159 2.8436648845672607
v 3.564842700958252 -0.8252614736557007 2.8196182250976562
v 3.5036120414733887 -0.8122464418411255 2.8022377490997314
v 3.4409022331237793 -0.7989170551300049 2.791727304458618
v 7.032857894897461 3.8862335681915283 -0.3771243691444397
v 7.032857894897461 3.8862335681915283 -1.5771243572235107
v 7.097729206085205 3.8862335681915283 -0.3806416392326355
v 7.161839962005615 3.8862335681915283 -0.3911520838737488
v 7.224438667297363 3.8862335681915283 -0.4085325002670288
v 7.284791469573975 3.8862335681915283 -0.4325791597366333
v 7.342190265655518 3.8862335681915283 -0.4630100727081299
v 7.395962238311768 3.8862335681915283 -0.4994685649871826
v 7.445477485656738 3.8862335681915283 -0.5415270924568176
v 7.490155220031738 3.8862335681915283 -0.5886926651000977
v 7.529471397399902 3.8862335681915283 -0.6404121518135071
v 7.562964916229248 3.8862335681915283 -0.6960793137550354
v 7.590243816375732 3.8862335681915283 -0.7550414800643921
v 7.610987663269043 3.8862335681915283 -0.8166073560714722
v 7.624953746795654 3.8862335681915283 -0.8800551891326904
v 7.6319780349731445 3.8862335681915283 -0.9446410536766052
v 7.6319780349731445 3.8862335681915283 -1.0096077919006348
v 7.624953746795654 3.8862335681915283 -1.0741935968399048
v 7.610987663269043 3.8862335681915283 -1.137641429901123
v 7.590243816375732 3.8862335681915283 -1.1992073059082031
v 7.562964916229248 3.8862335681915283 -1.258169412612915
v 7.529471397399902 3.8862335681915283 -1.3138365745544434
v 7.490155220031738 3.8862335681915283 -1.3655561208724976
v 7.445477485656738 3.8862335681915283 -1.4127216339111328
v 7.395962238311768 3.8862335681915283 -1.4547802209854126
v 7.342190265655518 3.8862335681915283 -1.4912387132644653
v 7.284791469573975 3.8862335681915283 -1.521669626235962
v 7.224438667297363 3.8862335681915283 -1.5457162857055664
v 7.161839962005615 3.8862335681915283 -1.5630967617034912
v 7.097729206085205 3.8862335681915283 -1.5736072063446045
v 7.096311569213867 3.899721145629883 -0.3806416392326355
v 7.159021377563477 3.913050413131714 -0.3911520838737488
v 7.220252513885498 3.926065444946289 -0.4085325002670288
v 7.279285907745361 3.9386134147644043 -0.4325791597366333
v 7.33543062210083 3.950547456741333 -0.4630100727081299
v 7.388027667999268 3.9617271423339844 -0.4994685649871826
v 7.436460971832275 3.97202205657959 -0.5415270924568176
v 7.480162143707275 3.981311082839966 -0.5886926651000977
v 7.518619060516357 3.989485263824463 -0.6404121518135071
v 7.5513811111450195 3.9964489936828613 -0.6960793137550354
v 7.57806396484375 4.002120494842529 -0.7550414800643921
v 7.598354339599609 4.006433486938477 -0.8166073560714722
v 7.612015247344971 4.009337425231934 -0.8800551891326904
v 7.6188859939575195 4.010797500610352 -0.9446410536766052
v 7.6188859939575195 4.010797500610352 -1.0096077919006348
v 7.612015247344971 4.009337425231934 -1.0741935968399048
v 7.598354339599609 4.006433486938477 -1.137641429901123
v 7.57806396484375 4.002120494842529 -1.1992073059082031
v 7.5513811111450195 3.9964489936828613 -1.258169412612915
v 7.518619060516357 3.989485263824463 -1.3138365745544434
v 7.480162143707275 3.981311082839966 -1.3655561208724976
v 7.436460971832275 3.97202205657959 -1.4127216339111328
v 7.388027667999268 3.9617271423339844 -1.4547802209854126
v 7.33543062210083 3.950547456741333 -1.4912387132644653
v 7.279285907745361 3.9386134147644043 -1.521669626235962
v 7.220252513885498 3.926065444946289 -1.5457162857055664
v 7.159021377563477 3.913050413131714 -1.5630967617034912
v 7.096311569213867 3.899721145629883 -1.5736072063446045
v 7.09212064743042 3.912619113922119 -0.3806416392326355
v 7.150689125061035 3.9386954307556152 -0.3911520838737488
v 7.207875728607178 3.9641566276550293 -0.4085325002670288
v 7.263010501861572 3.988704204559326 -0.4325791597366333
v 7.315446853637695 4.012050151824951 -0.4630100727081299
v 7.364570617675781 4.033921241760254 -0.4994685649871826
v 7.409804821014404 4.054060935974121 -0.5415270924568176
v 7.450619697570801 4.072233200073242 -0.5886926651000977
v 7.486536979675293 4.088224411010742 -0.6404121518135071
v 7.517135143280029 4.1018476486206055 -0.6960793137550354
v 7.542055130004883 4.112942695617676 -0.7550414800643921
v 7.56100606918335 4.12138032913208 -0.8166073560714722
v 7.573764324188232 4.127060890197754 -0.8800551891326904
v 7.580181121826172 4.129917621612549 -0.9446410536766052
v 7.580181121826172 4.129917621612549 -1.0096077919006348
v 7.573764324188232 4.127060890197754 -1.0741935968399048
v 7.56100606918335 4.12138032913208 -1.137641429901123
v 7.542055130004883 4.112942695617676 -1.1992073059082031
v 7.517135143280029 4.1018476486206055 -1.258169412612915
v 7.486536979675293 4.088224411010742 -1.3138365745544434
v 7.450619697570801 4.072233200073242 -1.3655561208724976
v 7.409804821014404 4.054060935974121 -1.4127216339111328
v 7.364570617675781 4.033921241760254 -1.4547802209854126
v 7.315446853637695 4.012050151824951 -1.4912387132644653
v 7.263010501861572 3.988704204559326 -1.521669626235962
v 7.207875728607178 3.9641566276550293 -1.5457162857055664
v 7.150689125061035 3.9386954307556152 -1.5630967617034912
v 7.09212064743042 3.912619113922119 -1.5736072063446045
v 7.0853400230407715 3.9243640899658203 -0.3806416392326355
v 7.137206554412842 3.9620473384857178 -0.3911520838737488
v 7.187849998474121 3.9988420009613037 -0.4085325002670288
v 7.236676216125488 4.034316539764404 -0.4325791597366333
v 7.2831130027771 4.068054676055908 -0.4630100727081299
v 7.326615810394287 4.099660873413086 -0.4994685649871826
v 7.366674423217773 4.128765106201172 -0.5415270924568176
v 7.4028191566467285 4.155025959014893 -0.5886926651000977
v 7.434626579284668 4.178135395050049 -0.6404121518135071
v 7.461723804473877 4.197822570800781 -0.6960793137550354
v 7.483792781829834 4.2138566970825195 -0.7550414800643921
v 7.500575065612793 4.226049900054932 -0.8166073560714722
v 7.511873722076416 4.234258651733398 -0.8800551891326904
v 7.517556190490723 4.238387584686279 -0.9446410536766052
v 7.517556190490723 4.238387584686279 -1.0096077919006348
v 7.511873722076416 4.234258651733398 -1.0741935968399048
v 7.500575065612793 4.226049900054932 -1.137641429901123
v 7.483792781829834 4.2138566970825195 -1.1992073059082031
v 7.461723804473877 4.197822570800781 -1.258169412612915
v 7.434626579284668 4.178135395050049 -1.3138365745544434
v 7.4028191566467285 4.155025959014893 -1.3655561208724976
v 7.366674423217773 4.128765106201172 -1.4127216339111328
v 7.326615810394287 4.099660873413086 -1.4547802209854126
v 7.2831130027771 4.068054676055908 -1.4912387132644653
v 7.236676216125488 4.034316539764404 -1.521669626235962
v 7.187849998474121 3.9988420009613037 -1.5457162857055664
v 7.137206554412842 3.9620473384857178 -1.5630967617034912
v 7.0853400230407715 3.9243640899658203 -1.5736072063446045
v 7.076265335083008 3.9344425201416016 -0.3806416392326355
v 7.119163990020752 3.982086181640625 -0.3911520838737488
v 7.161050796508789 4.028605937957764 -0.4085325002670288
v 7.201434135437012 4.073456764221191 -0.4325791597366333
v 7.239841461181641 4.116112232208252 -0.4630100727081299
v 7.275822162628174 4.156072616577148 -0.4994685649871826
v 7.308954238891602 4.192869663238525 -0.5415270924568176
v 7.3388495445251465 4.226071834564209 -0.5886926651000977
v 7.365157127380371 4.255289077758789 -0.6404121518135071
v 7.387568950653076 4.280179977416992 -0.6960793137550354
v 7.405821800231934 4.30045223236084 -0.7550414800643921
v 7.419702529907227 4.315867900848389 -0.8166073560714722
v 7.429047584533691 4.326246738433838 -0.8800551891326904
v 7.433747291564941 4.3314666748046875 -0.9446410536766052
v 7.433747291564941 4.3314666748046875 -1.0096077919006348
v 7.429047584533691 4.326246738433838 -1.0741935968399048
v 7.419702529907227 4.315867900848389 -1.137641429901123
v 7.405821800231934 4.30045223236084 -1.1992073059082031
v 7.387568950653076 4.280179977416992 -1.258169412612915
v 7.365157127380371 4.255289077758789 -1.3138365745544434
v 7.3388495445251465 4.226071834564209 -1.3655561208724976
v 7.308954238891602 4.192869663238525 -1.4127216339111328
v 7.275822162628174 4.156072616577148 -1.4547802209854126
v 7.239841461181641 4.116112232208252 -1.4912387132644653
v 7.201434135437012 4.073456764221191 -1.521669626235962
v 7.161050796508789 4.028605937957764 -1.5457162857055664
v 7.119163990020752 3.982086181640625 -1.5630967617034912
v 7.076265335083008 3.9344425201416016 -1.5736072063446045
v 7.065293788909912 3.942413806915283 -0.3806416392326355
v 7.097349166870117 3.9979355335235596 -0.3911520838737488
v 7.128648281097412 4.052147388458252 -0.4085325002670288
v 7.158824443817139 4.104414463043213 -0.4325791597366333
v 7.18752384185791 4.154123306274414 -0.4630100727081299
v 7.214410305023193 4.200691223144531 -0.4994685649871826
v 7.2391676902771 4.24357271194458 -0.5415270924568176
v 7.2615065574646 4.282264709472656 -0.5886926651000977
v 7.281164646148682 4.31631326675415 -0.6404121518135071
v 7.297911643981934 4.345319747924805 -0.6960793137550354
v 7.311551094055176 4.36894416809082 -0.7550414800643921
v 7.321922779083252 4.386909008026123 -0.8166073560714722
v 7.328906059265137 4.399003505706787 -0.8800551891326904
v 7.332417964935303 4.405086517333984 -0.9446410536766052
v 7.332417964935303 4.405086517333984 -1.0096077919006348
v 7.328906059265137 4.399003505706787 -1.0741935968399048
v 7.321922779083252 4.386909008026123 -1.137641429901123
v 7.311551094055176 4.36894416809082 -1.1992073059082031
v 7.297911643981934 4.345319747924805 -1.258169412612915
v 7.281164646148682 4.31631326675415 -1.3138365745544434
v 7.2615065574646 4.282264709472656 -1.3655561208724976
v 7.2391676902771 4.24357271194458 -1.4127216339111328
v 7.214410305023193 4.200691223144531 -1.4547802209854126
v 7.18752384185791 4.154123306274414 -1.4912387132644653
v 7.158824443817139 4.104414463043213 -1.521669626235962
v 7.128648281097412 4.052147388458252 -1.5457162857055664
v 7.097349166870117 3.9979355335235596 -1.5630967617034912
v 7.065293788909912 3.942413806915283 -1.5736072063446045
v 7.05290412902832 3.947929859161377 -0.3806416392326355
v 7.072715759277344 4.0089030265808105 -0.3911520838737488
v 7.09205961227417 4.0684380531311035 -0.4085325002670288
v 7.1107096672058105 4.125836372375488 -0.4325791597366333
v 7.12844705581665 4.180426120758057 -0.4630100727081299
v 7.145063400268555 4.231566429138184 -0.4994685649871826
v 7.160364151000977 4.278658390045166 -0.5415270924568176
v 7.17417049407959 4.321148872375488 -0.5886926651000977
v 7.186319828033447 4.358541011810303 -0.6404121518135071
v 7.196670055389404 4.390395641326904 -0.6960793137550354
v 7.205099582672119 4.416338920593262 -0.7550414800643921
v 7.211509704589844 4.436068058013916 -0.8166073560714722
v 7.21582555770874 4.449350357055664 -0.8800551891326904
v 7.217996120452881 4.45603084564209 -0.9446410536766052
v 7.217996120452881 4.45603084564209 -1.0096077919006348
v 7.21582555770874 4.449350357055664 -1.0741935968399048
v 7.211509704589844 4.436068058013916 -1.137641429901123
v 7.205099582672119 4.416338920593262 -1.1992073059082031
v 7.196670055389404 4.390395641326904 -1.258169412612915
v 7.186319828033447 4.358541011810303 -1.3138365745544434
v 7.17417049407959 4.321148872375488 -1.3655561208724976
v 7.160364151000977 4.278658390045166 -1.4127216339111328
v 7.145063400268555 4.231566429138184 -1.4547802209854126
v 7.12844705581665 4.180426120758057 -1.4912387132644653
v 7.1107096672058105 4.125836372375488 -1.521669626235962
v 7.09205961227417 4.0684380531311035 -1.5457162857055664
v 7.072715759277344 4.0089030265808105 -1.5630967617034912
v 7.05290412902832 3.947929859161377 -1.5736072063446045
v 7.039638996124268 3.950749635696411 -0.3806416392326355
v 7.046339988708496 4.014509201049805 -0.3911520838737488
v 7.052883625030518 4.076765060424805 -0.4085325002670288
v 7.059192180633545 4.136786937713623 -0.4325791597366333
v 7.065191745758057 4.19387149810791 -0.4630100727081299
v 7.070812702178955 4.247348785400391 -0.4994685649871826
v 7.075988292694092 4.296592712402344 -0.5415270924568176
v 7.080658435821533 4.3410258293151855 -0.5886926651000977
v 7.084768295288086 4.380126476287842 -0.6404121518135071
v 7.088269233703613 4.4134368896484375 -0.6960793137550354
v 7.091120719909668 4.440566062927246 -0.7550414800643921
v 7.093288898468018 4.461196422576904 -0.8166073560714722
v 7.0947489738464355 4.475085735321045 -0.8800551891326904
v 7.09548282623291 4.482071399688721 -0.9446410536766052
v 7.09548282623291 4.482071399688721 -1.0096077919006348
v 7.0947489738464355 4.475085735321045 -1.0741935968399048
v 7.093288898468018 4.461196422576904 -1.137641429901123
v 7.091120719909668 4.440566062927246 -1.1992073059082031
v 7.088269233703613 4.4134368896484375 -1.258169412612915
v 7.084768295288086 4.380126476287842 -1.3138365745544434
v 7.080658435821533 4.3410258293151855 -1.3655561208724976
v 7.075988292694092 4.296592712402344 -1.4127216339111328
v 7.070812702178955 4.247348785400391 -1.4547802209854126
v 7.065191745758057 4.19387149810791 -1.4912387132644653
v 7.059192180633545 4.136786937713623 -1.521669626235962
v 7.052883625030518 4.076765060424805 -1.5457162857055664
v 7.046339988708496 4.014509201049805 -1.5630967617034912
v 7.039638996124268 3.950749635696411 -1.5736072063446045
v 7.026076793670654 3.950749635696411 -0.3806416392326355
v 7.019375801086426 4.014509201049805 -0.3911520838737488
v 7.012832164764404 4.076765060424805 -0.4085325002670288
v 7.006523609161377 4.136786937713623 -0.4325791597366333
v 7.000524044036865 4.19387149810791 -0.4630100727081299
v 6.994903087615967 4.247348785400391 -0.4994685649871826
v 6.98972749710083 4.296592712402344 -0.5415270924568176
v 6.985057353973389 4.3410258293151855 -0.5886926651000977
v 6.980947494506836 4.380126476287842 -0.6404121518135071
v 6.977446556091309 4.4134368896484375 -0.6960793137550354
v 6.974595069885254 4.440566062927246 -0.7550414800643921
v 6.972426891326904 4.461196422576904 -0.8166073560714722
v 6.970966815948486 4.475085735321045 -0.8800551891326904
v 6.970232963562012 4.482071399688721 -0.9446410536766052
v 6.970232963562012 4.482071399688721 -1.0096077919006348
v 6.970966815948486 4.475085735321045 -1.0741935968399048
v 6.972426891326904 4.461196422576904 -1.137641429901123
v 6.974595069885254 4.440566062927246 -1.1992073059082031
v 6.977446556091309 4.4134368896484375 -1.258169412612915
v 6.980947494506836 4.380126476287842 -1.3138365745544434
v 6.985057353973389 4.3410258293151855 -1.3655561208724976
v 6.98972749710083 4.296592712402344 -1.4127216339111328
v 6.994903087615967 4.247348785400391 -1.4547802209854126
v 7.000524044036865 4.19387149810791 -1.4912387132644653
v 7.006523609161377 4.136786937713623 -1.521669626235962
v 7.012832164764404 4.076765060424805 -1.5457162857055664
v 7.019375801086426 4.014509201049805 -1.5630967617034912
v 7.026076793670654 3.950749635696411 -1.5736072063446045
v 7.012811660766602 3.947929859161377 -0.3806416392326355
v 6.993000030517578 4.0089030265808105 -0.3911520838737488
v 6.973656177520752 4.0684380531311035 -0.4085325002670288
v 6.955006122589111 4.125836372375488 -0.4325791597366333
v 6.9372687339782715 4.180426120758057 -0.4630100727081299
v 6.920652389526367 4.231566429138184 -0.4994685649871826
v 6.905351638793945 4.278658390045166 -0.5415270924568176
v 6.891545295715332 4.321148872375488 -0.5886926651000977
v 6.879395961761475 4.358541011810303 -0.6404121518135071
v 6.869045734405518 4.390395641326904 -0.6960793137550354
v 6.860616207122803 4.416338920593262 -0.7550414800643921
v 6.854206085205078 4.436068058013916 -0.8166073560714722
v 6.849890232086182 4.449350357055664 -0.8800551891326904
v 6.847719669342041 4.45603084564209 -0.9446410536766052
v 6.847719669342041 4.45603084564209 -1.0096077919006348
v 6.849890232086182 4.449350357055664 -1.0741935968399048
v 6.854206085205078 4.436068058013916 -1.137641429901123
v 6.860616207122803 4.416338920593262 -1.1992073059082031
v 6.869045734405518 4.390395641326904 -1.258169412612915
v 6.879395961761475 4.358541011810303 -1.3138365745544434
v 6.891545295715332 4.321148872375488 -1.3655561208724976
v 6.905351638793945 4.278658390045166 -1.4127216339111328
v 6.920652389526367 4.231566429138184 -1.4547802209854126
v 6.9372687339782715 4.180426120758057 -1.4912387132644653
v 6.955006122589111 4.125836372375488 -1.521669626235962
v 6.973656177520752 4.0684380531311035 -1.5457162857055664
v 6.993000030517578 4.0089030265808105 -1.5630967617034912
v 7.012811660766602 3.947929859161377 -1.5736072063446045
v 7.00042200088501 3.942413806915283 -0.3806416392326355
v 6.968366622924805 3.9979355335235596 -0.3911520838737488
v 6.93706750869751 4.052147388458252 -0.4085325002670288
v 6.906891345977783 4.104414463043213 -0.4325791597366333
v 6.878191947937012 4.154123306274414 -0.4630100727081299
v 6.8513054847717285 4.200691223144531 -0.4994685649871826
v 6.826548099517822 4.24357271194458 -0.5415270924568176
v 6.804209232330322 4.282264709472656 -0.5886926651000977
v 6.78455114364624 4.31631326675415 -0.6404121518135071
v 6.767804145812988 4.345319747924805 -0.6960793137550354
v 6.754164695739746 4.36894416809082 -0.7550414800643921
v 6.74379301071167 4.386909008026123 -0.8166073560714722
v 6.736809730529785 4.399003505706787 -0.8800551891326904
v 6.733297824859619 4.405086517333984 -0.9446410536766052
v 6.733297824859619 4.405086517333984 -1.0096077919006348
v 6.736809730529785 4.399003505706787 -1.0741935968399048
v 6.74379301071167 4.386909008026123 -1.137641429901123
v 6.754164695739746 4.36894416809082 -1.1992073059082031
v 6.767804145812988 4.345319747924805 -1.258169412612915
v 6.78455114364624 4.31631326675415 -1.3138365745544434
v 6.804209232330322 4.282264709472656 -1.3655561208724976
v 6.826548099517822 4.24357271194458 -1.4127216339111328
v 6.8513054847717285 4.200691223144531 -1.4547802209854126
v 6.878191947937012 4.154123306274414 -1.4912387132644653
v 6.906891345977783 4.104414463043213 -1.521669626235962
v 6.93706750869751 4.052147388458252 -1.5457162857055664
v 6.968366622924805 3.9979355335235596 -1.5630967617034912
v 7.00042200088501 3.942413806915283 -1.5736072063446045
v 6.989450454711914 3.9344425201416016 -0.3806416392326355
v 6.94655179977417 3.982086181640625 -0.3911520838737488
v 6.904664993286133 4.028605937957764 -0.4085325002670288
v 6.86428165435791 4.073456764221191 -0.4325791597366333
v 6.825874328613281 4.116112232208252 -0.4630100727081299
v 6.789893627166748 4.156072616577148 -0.4994685649871826
v 6.75676155090332 4.192869663238525 -0.5415270924568176
v 6.726866245269775 4.226071834564209 -0.5886926651000977
v 6.700558662414551 4.255289077758789 -0.6404121518135071
v 6.678146839141846 4.280179977416992 -0.6960793137550354
v 6.659893989562988 4.30045223236084 -0.7550414800643921
v 6.646013259887695 4.315867900848389 -0.8166073560714722
v 6.6366682052612305 4.326246738433838 -0.8800551891326904
v 6.6319684982299805 4.3314666748046875 -0.9446410536766052
v 6.6319684982299805 4.3314666748046875 -1.0096077919006348
v 6.6366682052612305 4.326246738433838 -1.0741935968399048
v 6.646013259887695 4.315867900848389 -1.137641429901123
v 6.659893989562988 4.30045223236084 -1.1992073059082031
v 6.678146839141846 4.280179977416992 -1.258169412612915
v 6.700558662414551 4.255289077758789 -1.3138365745544434
v 6.726866245269775 4.226071834564209 -1.3655561208724976
v 6.75676155090332 4.192869663238525 -1.4127216339111328
v 6.789893627166748 4.156072616577148 -1.4547802209854126
v 6.825874328613281 4.116112232208252 -1.4912387132644653
v 6.86428165435791 4.073456764221191 -1.521669626235962
v 6.904664993286133 4.028605937957764 -1.5457162857055664
v 6.94655179977417 3.982086181640625 -1.5630967617034912
v 6.989450454711914 3.9344425201416016 -1.5736072063446045
v 6.98037576675415 3.9243640899658203 -0.3806416392326355
v 6.92850923538208 3.9620473384857178 -0.3911520838737488
v 6.877865791320801 3.9988420009613037 -0.4085325002670288
v 6.829039573669434 4.034316539764404 -0.4325791597366333
v 6.782602787017822 4.068054676055908 -0.4630100727081299
v 6.739099979400635 4.099660873413086 -0.4994685649871826
v 6.699041366577148 4.128765106201172 -0.5415270924568176
v 6.662896633148193 4.155025959014893 -0.5886926651000977
v 6.631089210510254 4.178135395050049 -0.6404121518135071
v 6.603991985321045 4.197822570800781 -0.6960793137550354
v 6.581923007965088 4.2138566970825195 -0.7550414800643921
v 6.565140724182129 4.226049900054932 -0.8166073560714722
v 6.553842067718506 4.234258651733398 -0.8800551891326904
v 6.548159599304199 4.238387584686279 -0.9446410536766052
v 6.548159599304199 4.238387584686279 -1.0096077919006348
v 6.553842067718506 4.234258651733398 -1.0741935968399048
v 6.565140724182129 4.226049900054932 -1.137641429901123
v 6.581923007965088 4.2138566970825195 -1.1992073059082031
v 6.603991985321045 4.197822570800781 -1.258169412612915
v 6.631089210510254 4.178135395050049 -1.3138365745544434
v 6.662896633148193 4.155025959014893 -1.3655561208724976
v 6.699041366577148 4.128765106201172 -1.4127216339111328
v 6.739099979400635 4.099660873413086 -1.4547802209854126
v 6.782602787017822 4.068054676055908 -1.4912387132644653
v 6.829039573669434 4.034316539764404 -1.521669626235962
v 6.877865791320801 3.9988420009613037 -1.5457162857055664
v 6.92850923538208 3.9620473384857178 -1.5630967617034912
v 6.98037576675415 3.9243640899658203 -1.5736072063446045
v 6.973595142364502 3.912619113922119 -0.3806416392326355
v 6.915026664733887 3.9386954307556152 -0.3911520838737488
v 6.857840061187744 3.9641566276550293 -0.4085325002670288
v 6.80270528793335 3.988704204559326 -0.4325791597366333
v 6.750268936157227 4.012050151824951 -0.4630100727081299
v 6.701145172119141 4.033921241760254 -0.4994685649871826
v 6.655910968780518 4.054060935974121 -0.5415270924568176
v 6.615096092224121 4.072233200073242 -0.5886926651000977
v 6.579178810119629 4.088224411010742 -0.6404121518135071
v 6.548580646514893 4.1018476486206055 -0.6960793137550354
v 6.523660659790039 4.112942695617676 -0.7550414800643921
v 6.504709720611572 4.12138032913208 -0.8166073560714722
v 6.4919514656066895 4.127060890197754 -0.8800551891326904
v 6.48553466796875 4.129917621612549 -0.9446410536766052
v 6.48553466796875 4.129917621612549 -1.0096077919006348
v 6.4919514656066895 4.127060890197754 -1.0741935968399048
v 6.504709720611572 4.12138032913208 -1.137641429901123
v 6.523660659790039 4.112942695617676 -1.1992073059082031
v 6.548580646514893 4.1018476486206055 -1.258169412612915
v 6.579178810119629 4.088224411010742 -1.3138365745544434
v 6.615096092224121 4.072233200073242 -1.3655561208724976
v 6.655910968780518 4.054060935974121 -1.4127216339111328
v 6.701145172119141 4.033921241760254 -1.4547802209854126
v 6.750268936157227 4.012050151824951 -1.4912387132644653
v 6.80270528793335 3.988704204559326 -1.521669626235962
v 6.857840061187744 3.9641566276550293 -1.5457162857055664
v 6.915026664733887 3.9386954307556152 -1.5630967617034912
v 6.973595142364502 3.912619113922119 -1.5736072063446045
v 6.969404220581055 3.899721145629883 -0.3806416392326355
v 6.906694412231445 3.913050413131714 -0.3911520838737488
v 6.845463275909424 3.926065444946289 -0.4085325002670288
v 6.7864298820495605 3.9386134147644043 -0.4325791597366333
v 6.730285167694092 3.950547456741333 -0.4630100727081299
v 6.677688121795654 3.9617271423339844 -0.4994685649871826
v 6.6292548179626465 3.97202205657959 -0.5415270924568176
v 6.5855536460876465 3.981311082839966 -0.5886926651000977
v 6.5470967292785645 3.989485263824463 -0.6404121518135071
v 6.514334678649902 3.9964489936828613 -0.6960793137550354
v 6.487651824951172 4.002120494842529 -0.7550414800643921
v 6.4673614501953125 4.006433486938477 -0.8166073560714722
v 6.453700542449951 4.009337425231934 -0.8800551891326904
v 6.446829795837402 4.010797500610352 -0.9446410536766052
v 6.446829795837402 4.010797500610352 -1.0096077919006348
v 6.453700542449951 4.009337425231934 -1.0741935968399048
v 6.4673614501953125 4.006433486938477 -1.137641429901123
v 6.487651824951172 4.002120494842529 -1.1992073059082031
v 6.514334678649902 3.9964489936828613 -1.258169412612915
v 6.5470967292785645 3.989485263824463 -1.3138365745544434
v 6.5855536460876465 3.981311082839966 -1.3655561208724976
v 6.6292548179626465 3.97202205657959 -1.4127216339111328
v 6.677688121795654 3.9617271423339844 -1.4547802209854126
v 6.730285167694092 3.950547456741333 -1.4912387132644653
v 6.7864298820495605 3.9386134147644043 -1.521669626235962
v 6.845463275909424 3.926065444946289 -1.5457162857055664
v 6.906694412231445 3.913050413131714 -1.5630967617034912
v 6.969404220581055 3.899721145629883 -1.5736072063446045
v 6.967986583709717 3.8862335681915283 -0.3806416392326355
v 6.903875827789307 3.8862335681915283 -0.3911520838737488
v 6.841277122497559 3.8862335681915283 -0.4085325002670288
v 6.780924320220947 3.8862335681915283 -0.4325791597366333
v 6.723525524139404 3.8862335681915283 -0.4630100727081299
v 6.669753551483154 3.8862335681915283 -0.4994685649871826
v 6.620238304138184 3.8862335681915283 -0.5415270924568176
v 6.575560569763184 3.8862335681915283 -0.5886926651000977
v 6.5362443923950195 3.8862335681915283 -0.6404121518135071
v 6.502750873565674 3.8862335681915283 -0.6960793137550354
v 6.4754719734191895 3.8862335681915283 -0.7550414800643921
v 6.454728126525879 3.8862335681915283 -0.8166073560714722
v 6.440762042999268 3.8862335681915283 -0.8800551891326904
v 6.433737754821777 3.8862335681915283 -0.9446410536766052
v 6.433737754821777 3.8862335681915283 -1.0096077919006348
v 6.440762042999268 3.8862335681915283 -1.0741935968399048
v 6.454728126525879 3.8862335681915283 -1.137641429901123
v 6.4754719734191895 3.8862335681915283 -1.1992073059082031
v 6.502750873565674 3.8862335681915283 -1.258169412612915
v 6.5362443923950195 3.8862335681915283 -1.3138365745544434
v 6.575560569763184 3.8862335681915283 -1.3655561208724976
v 6.620238304138184 3.8862335681915283 -1.4127216339111328
v 6.669753551483154 3.8862335681915283 -1.4547802209854126
v 6.723525524139404 3.8862335681915283 -1.4912387132644653
v 6.780924320220947 3.8862335681915283 -1.521669626235962
v 6.841277122497559 3.8862335681915283 -1.5457162857055664
v 6.903875827789307 3.8862335681915283 -1.5630967617034912
v 6.967986583709717 3.8862335681915283 -1.5736072063446045
v 6.969404220581055 3.872745990753174 -0.3806416392326355
v 6.906694412231445 3.8594167232513428 -0.3911520838737488
v 6.845463275909424 3.8464016914367676 -0.4085325002670288
v 6.7864298820495605 3.8338537216186523 -0.4325791597366333
v 6.730285167694092 3.8219196796417236 -0.4630100727081299
v 6.677688121795654 3.8107399940490723 -0.4994685649871826
v 6.6292548179626465 3.800445079803467 -0.5415270924568176
v 6.5855536460876465 3.791156053543091 -0.5886926651000977
v 6.5470967292785645 3.7829818725585938 -0.6404121518135071
v 6.514334678649902 3.7760181427001953 -0.6960793137550354
v 6.487651824951172 3.7703464031219482 -0.7550414800643921
v 6.4673614501953125 3.76603364944458 -0.8166073560714722
v 6.453700542449951 3.763129949569702 -0.8800551891326904
v 6.446829795837402 3.761669397354126 -0.9446410536766052
v 6.446829795837402 3.761669397354126 -1.0096077919006348
v 6.453700542449951 3.763129949569702 -1.0741935968399048
v 6.4673614501953125 3.76603364944458 -1.137641429901123
v 6.487651824951172 3.7703464031219482 -1.1992073059082031
v 6.514334678649902 3.7760181427001953 -1.258169412612915
v 6.5470967292785645 3.7829818725585938 -1.3138365745544434
v 6.5855536460876465 3.791156053543091 -1.3655561208724976
v 6.6292548179626465 3.800445079803467 -1.4127216339111328
v 6.677688121795654 3.8107399940490723 -1.4547802209854126
v 6.730285167694092 3.8219196796417236 -1.4912387132644653
v 6.7864298820495605 3.8338537216186523 -1.521669626235962
v 6.845463275909424 3.8464016914367676 -1.5457162857055664
v 6.906694412231445 3.8594167232513428 -1.5630967617034912
v 6.969404220581055 3.872745990753174 -1.5736072063446045
v 6.973595142364502 3.8598480224609375 -0.3806416392326355
v 6.915026664733887 3.8337717056274414 -0.3911520838737488
v 6.857840061187744 3.8083105087280273 -0.4085325002670288
v 6.80270528793335 3.7837629318237305 -0.4325791597366333
v 6.750268936157227 3.7604167461395264 -0.4630100727081299
v 6.701145172119141 3.7385456562042236 -0.4994685649871826
v 6.655910968780518 3.7184059619903564 -0.5415270924568176
v 6.615096092224121 3.7002339363098145 -0.5886926651000977
v 6.579178810119629 3.6842427253723145 -0.6404121518135071
v 6.548580646514893 3.670619487762451 -0.6960793137550354
v 6.523660659790039 3.6595242023468018 -0.7550414800643921
v 6.504709720611572 3.6510868072509766 -0.8166073560714722
v 6.4919514656066895 3.645406484603882 -0.8800551891326904
v 6.48553466796875 3.642549514770508 -0.9446410536766052
v 6.48553466796875 3.642549514770508 -1.0096077919006348
v 6.4919514656066895 3.645406484603882 -1.0741935968399048
v 6.504709720611572 3.6510868072509766 -1.137641429901123
v 6.523660659790039 3.6595242023468018 -1.1992073059082031
v 6.548580646514893 3.670619487762451 -1.258169412612915
v 6.579178810119629 3.6842427253723145 -1.3138365745544434
v 6.615096092224121 3.7002339363098145 -1.3655561208724976
v 6.655910968780518 3.7184059619903564 -1.4127216339111328
v 6.701145172119141 3.7385456562042236 -1.4547802209854126
v 6.750268936157227 3.7604167461395264 -1.4912387132644653
v 6.80270528793335 3.7837629318237305 -1.521669626235962
v 6.857840061187744 3.8083105087280273 -1.5457162857055664
v 6.915026664733887 3.8337717056274414 -1.5630967617034912
v 6.973595142364502 3.8598480224609375 -1.5736072063446045
v 6.98037576675415 3.8481030464172363 -0.3806416392326355
v 6.92850923538208 3.810419797897339 -0.3911520838737488
v 6.877865791320801 3.773625135421753 -0.4085325002670288
v 6.829039573669434 3.7381508350372314 -0.4325791597366333
v 6.782602787017822 3.7044126987457275 -0.4630100727081299
v 6.739099979400635 3.6728060245513916 -0.4994685649871826
v 6.699041366577148 3.6437017917633057 -0.5415270924568176
v 6.662896633148193 3.617440938949585 -0.5886926651000977
v 6.631089210510254 3.5943315029144287 -0.6404121518135071
v 6.603991985321045 3.5746443271636963 -0.6960793137550354
v 6.581923007965088 3.558610200881958 -0.7550414800643921
v 6.565140724182129 3.546417236328125 -0.8166073560714722
v 6.553842067718506 3.538208246231079 -0.8800551891326904
v 6.548159599304199 3.5340795516967773 -0.9446410536766052
v 6.548159599304199 3.5340795516967773 -1.0096077919006348
v 6.553842067718506 3.538208246231079 -1.0741935968399048
v 6.565140724182129 3.546417236328125 -1.137641429901123
v 6.581923007965088 3.558610200881958 -1.1992073059082031
v 6.603991985321045 3.5746443271636963 -1.258169412612915
v 6.631089210510254 3.5943315029144287 -1.3138365745544434
v 6.662896633148193 3.617440938949585 -1.3655561208724976
v 6.699041366577148 3.6437017917633057 -1.4127216339111328
v 6.739099979400635 3.6728060245513916 -1.4547802209854126
v 6.782602787017822 3.7044126987457275 -1.4912387132644653
v 6.829039573669434 3.7381508350372314 -1.521669626235962
v 6.877865791320801 3.773625135421753 -1.5457162857055664
v 6.92850923538208 3.810419797897339 -1.5630967617034912
v 6.98037576675415 3.8481030464172363 -1.5736072063446045
v 6.989450454711914 3.838024616241455 -0.3806416392326355
v 6.94655179977417 3.7903809547424316 -0.3911520838737488
v 6.904664993286133 3.743861198425293 -0.4085325002670288
v 6.86428165435791 3.6990106105804443 -0.4325791597366333
v 6.825874328613281 3.6563549041748047 -0.4630100727081299
v 6.789893627166748 3.616394281387329 -0.4994685649871826
v 6.75676155090332 3.5795974731445312 -0.5415270924568176
v 6.726866245269775 3.5463955402374268 -0.5886926651000977
v 6.700558662414551 3.5171778202056885 -0.6404121518135071
v 6.678146839141846 3.4922871589660645 -0.6960793137550354
v 6.659893989562988 3.472014904022217 -0.7550414800643921
v 6.646013259887695 3.456599235534668 -0.8166073560714722
v 6.6366682052612305 3.446220636367798 -0.8800551891326904
v 6.6319684982299805 3.4410006999969482 -0.9446410536766052
v 6.6319684982299805 3.4410006999969482 -1.0096077919006348
v 6.6366682052612305 3.446220636367798 -1.0741935968399048
v 6.646013259887695 3.456599235534668 -1.137641429901123
v 6.659893989562988 3.472014904022217 -1.1992073059082031
v 6.678146839141846 3.4922871589660645 -1.258169412612915
v 6.700558662414551 3.5171778202056885 -1.3138365745544434
v 6.726866245269775 3.5463955402374268 -1.3655561208724976
v 6.75676155090332 3.5795974731445312 -1.4127216339111328
v 6.789893627166748 3.616394281387329 -1.4547802209854126
v 6.825874328613281 3.6563549041748047 -1.4912387132644653
v 6.86428165435791 3.6990106105804443 -1.521669626235962
v 6.904664993286133 3.743861198425293 -1.5457162857055664
v 6.94655179977417 3.7903809547424316 -1.5630967617034912
v 6.989450454711914 3.838024616241455 -1.5736072063446045
v 7.00042200088501 3.8300533294677734 -0.3806416392326355
v 6.968366622924805 3.774531602859497 -0.3911520838737488
v 6.93706750869751 3.7203197479248047 -0.4085325002670288
v 6.906891345977783 3.6680526733398438 -0.4325791597366333
v 6.878191947937012 3.6183438301086426 -0.4630100727081299
v 6.8513054847717285 3.5717759132385254 -0.4994685649871826
v 6.826548099517822 3.5288944244384766 -0.5415270924568176
v 6.804209232330322 3.4902024269104004 -0.5886926651000977
v 6.78455114364624 3.4561538696289062 -0.6404121518135071
v 6.767804145812988 3.427147150039673 -0.6960793137550354
v 6.754164695739746 3.4035232067108154 -0.7550414800643921
v 6.74379301071167 3.3855583667755127 -0.8166073560714722
v 6.736809730529785 3.3734633922576904 -0.8800551891326904
v 6.733297824859619 3.367380380630493 -0.9446410536766052
v 6.733297824859619 3.367380380630493 -1.0096077919006348
v 6.736809730529785 3.3734633922576904 -1.0741935968399048
v 6.74379301071167 3.3855583667755127 -1.137641429901123
v 6.754164695739746 3.4035232067108154 -1.1992073059082031
v 6.767804145812988 3.427147150039673 -1.258169412612915
v 6.78455114364624 3.4561538696289062 -1.3138365745544434
v 6.804209232330322 3.4902024269104004 -1.3655561208724976
v 6.826548099517822 3.5288944244384766 -1.4127216339111328
v 6.8513054847717285 3.5717759132385254 -1.4547802209854126
v 6.878191947937012 3.6183438301086426 -1.4912387132644653
v 6.906891345977783 3.6680526733398438 -1.521669626235962
v 6.93706750869751 3.7203197479248047 -1.5457162857055664
v 6.968366622924805 3.774531602859497 -1.5630967617034912
v 7.00042200088501 3.8300533294677734 -1.5736072063446045
v 7.012811660766602 3.8245372772216797 -0.3806416392326355
v 6.993000030517578 3.763564109802246 -0.3911520838737488
v 6.973656177520752 3.7040293216705322 -0.4085325002670288
v 6.955006122589111 3.6466305255889893 -0.4325791597366333
v 6.9372687339782715 3.592041015625 -0.4630100727081299
v 6.920652389526367 3.540900707244873 -0.4994685649871826
v 6.905351638793945 3.4938089847564697 -0.5415270924568176
v 6.891545295715332 3.4513180255889893 -0.5886926651000977
v 6.879395961761475 3.413926124572754 -0.6404121518135071
v 6.869045734405518 3.3820714950561523 -0.6960793137550354
v 6.860616207122803 3.356127977371216 -0.7550414800643921
v 6.854206085205078 3.3363993167877197 -0.8166073560714722
v 6.849890232086182 3.3231167793273926 -0.8800551891326904
v 6.847719669342041 3.316436529159546 -0.9446410536766052
v 6.847719669342041 3.316436529159546 -1.0096077919006348
v 6.849890232086182 3.3231167793273926 -1.0741935968399048
v 6.854206085205078 3.3363993167877197 -1.137641429901123
v 6.860616207122803 3.356127977371216 -1.1992073059082031
v 6.869045734405518 3.3820714950561523 -1.258169412612915
v 6.879395961761475 3.413926124572754 -1.3138365745544434
v 6.891545295715332 3.4513180255889893 -1.3655561208724976
v 6.905351638793945 3.4938089847564697 -1.4127216339111328
v 6.920652389526367 3.540900707244873 -1.4547802209854126
v 6.9372687339782715 3.592041015625 -1.4912387132644653
v 6.955006122589111 3.6466305255889893 -1.521669626235962
v 6.973656177520752 3.7040293216705322 -1.5457162857055664
v 6.993000030517578 3.763564109802246 -1.5630967617034912
v 7.012811660766602 3.8245372772216797 -1.5736072063446045
v 7.026076793670654 3.8217175006866455 -0.3806416392326355
v 7.019375801086426 3.757957935333252 -0.3911520838737488
v 7.012832164764404 3.695702075958252 -0.4085325002670288
v 7.006523609161377 3.6356801986694336 -0.4325791597366333
v 7.000524044036865 3.5785958766937256 -0.4630100727081299
v 6.994903087615967 3.525118112564087 -0.4994685649871826
v 6.98972749710083 3.475874185562134 -0.5415270924568176
v 6.985057353973389 3.43144154548645 -0.5886926651000977
v 6.980947494506836 3.392340660095215 -0.6404121518135071
v 6.977446556091309 3.359030246734619 -0.6960793137550354
v 6.974595069885254 3.3319010734558105 -0.7550414800643921
v 6.972426891326904 3.3112707138061523 -0.8166073560714722
v 6.970966815948486 3.2973811626434326 -0.8800551891326904
v 6.970232963562012 3.290395498275757 -0.9446410536766052
v 6.970232963562012 3.290395498275757 -1.0096077919006348
v 6.970966815948486 3.2973811626434326 -1.0741935968399048
v 6.972426891326904 3.3112707138061523 -1.137641429901123
v 6.974595069885254 3.3319010734558105 -1.1992073059082031
v 6.977446556091309 3.359030246734619 -1.258169412612915
v 6.980947494506836 3.392340660095215 -1.3138365745544434
v 6.985057353973389 3.43144154548645 -1.3655561208724976
v 6.98972749710083 3.475874185562134 -1.4127216339111328
v 6.994903087615967 3.525118112564087 -1.4547802209854126
v 7.000524044036865 3.5785958766937256 -1.4912387132644653
v 7.006523609161377 3.6356801986694336 -1.521669626235962
v 7.012832164764404 3.695702075958252 -1.5457162857055664
v 7.019375801086426 3.757957935333252 -1.5630967617034912
v 7.026076793670654 3.8217175006866455 -1.5736072063446045
v 7.039638996124268 3.8217175006866455 -0.3806416392326355
v 7.046339988708496 3.757957935333252 -0.3911520838737488
v 7.052883625030518 3.695702075958252 -0.4085325002670288
v 7.059192180633545 3.6356801986694336 -0.4325791597366333
v 7.065191745758057 3.5785958766937256 -0.4630100727081299
v 7.070812702178955 3.525118112564087 -0.4994685649871826
v 7.075988292694092 3.475874185562134 -0.5415270924568176
v 7.080658435821533 3.43144154548645 -0.5886926651000977
v 7.084768295288086 3.392340660095215 -0.6404121518135071
v 7.088269233703613 3.359030246734619 -0.6960793137550354
v 7.091120719909668 3.3319010734558105 -0.7550414800643921
v 7.093288898468018 3.3112707138061523 -0.8166073560714722
v 7.0947489738464355 3.2973811626434326 -0.8800551891326904
v 7.09548282623291 3.290395498275757 -0.9446410536766052
v 7.09548282623291 3.290395498275757 -1.0096077919006348
v 7.0947489738464355 3.2973811626434326 -1.0741935968399048
v 7.093288898468018 3.3112707138061523 -1.137641429901123
v 7.091120719909668 3.3319010734558105 -1.1992073059082031
v 7.088269233703613 3.359030246734619 -1.258169412612915
v 7.084768295288086 3.392340660095215 -1.3138365745544434
v 7.080658435821533 3.43144154548645 -1.3655561208724976
v 7.075988292694092 3.475874185562134 -1.4127216339111328
v 7.070812702178955 3.525118112564087 -1.4547802209854126
v 7.065191745758057 3.5785958766937256 -1.4912387132644653
v 7.059192180633545 3.6356801986694336 -1.521669626235962
v 7.052883625030518 3.695702075958252 -1.5457162857055664
v 7.046339988708496 3.757957935333252 -1.5630967617034912
v 7.039638996124268 3.8217175006866455 -1.5736072063446045
v 7.05290412902832 3.8245372772216797 -0.3806416392326355
v 7.072715759277344 3.763564109802246 -0.3911520838737488
v 7.09205961227417 3.7040293216705322 -0.4085325002670288
v 7.1107096672058105 3.6466305255889893 -0.4325791597366333
v 7.12844705581665 3.592041015625 -0.4630100727081299
v 7.145063400268555 3.540900707244873 -0.4994685649871826
v 7.160364151000977 3.4938089847564697 -0.5415270924568176
v 7.17417049407959 3.4513180255889893 -0.5886926651000977
v 7.186319828033447 3.413926124572754 -0.6404121518135071
v 7.196670055389404 3.3820714950561523 -0.6960793137550354
v 7.205099582672119 3.356127977371216 -0.7550414800643921
v 7.211509704589844 3.3363993167877197 -0.8166073560714722
v 7.21582555770874 3.3231167793273926 -0.8800551891326904
v 7.217996120452881 3.316436529159546 -0.9446410536766052
v 7.217996120452881 3.316436529159546 -1.0096077919006348
v 7.21582555770874 3.3231167793273926 -1.0741935968399048
v 7.211509704589844 3.3363993167877197 -1.137641429901123
v 7.205099582672119 3.356127977371216 -1.1992073059082031
v 7.196670055389404 3.3820714950561523 -1.258169412612915
v 7.186319828033447 3.413926124572754 -1.3138365745544434
v 7.17417049407959 3.4513180255889893 -1.3655561208724976
v 7.160364151000977 3.4938089847564697 -1.4127216339111328
v 7.145063400268555 3.540900707244873 -1.4547802209854126
v 7.12844705581665 3.592041015625 -1.4912387132644653
v 7.1107096672058105 3.6466305255889893 -1.521669626235962
v 7.09205961227417 3.7040293216705322 -1.5457162857055664
v 7.072715759277344 3.763564109802246 -1.5630967617034912
v 7.05290412902832 3.8245372772216797 -1.5736072063446045
v 7.065293788909912 3.8300533294677734 -0.3806416392326355
v 7.097349166870117 3.774531602859497 -0.3911520838737488
v 7.128648281097412 3.7203197479248047 -0.4085325002670288
v 7.158824443817139 3.6680526733398438 -0.4325791597366333
v 7.18752384185791 3.6183438301086426 -0.4630100727081299
v 7.214410305023193 3.5717759132385254 -0.4994685649871826
v 7.2391676902771 3.5288944244384766 -0.5415270924568176
v 7.2615065574646 3.4902024269104004 -0.5886926651000977
v 7.281164646148682 3.4561538696289062 -0.6404121518135071
v 7.297911643981934 3.427147150039673 -0.6960793137550354
v 7.311551094055176 3.4035232067108154 -0.7550414800643921
v 7.321922779083252 3.3855583667755127 -0.8166073560714722
v 7.328906059265137 3.3734633922576904 -0.8800551891326904
v 7.332417964935303 3.367380380630493 -0.9446410536766052
v 7.332417964935303 3.367380380630493 -1.0096077919006348
v 7.328906059265137 3.3734633922576904 -1.0741935968399048
v 7.321922779083252 3.3855583667755127 -1.137641429901123
v 7.311551094055176 3.4035232067108154 -1.1992073059082031
v 7.297911643981934 3.427147150039673 -1.258169412612915
v 7.281164646148682 3.4561538696289062 -1.3138365745544434
v 7.2615065574646 3.4902024269104004 -1.3655561208724976
v 7.2391676902771 3.5288944244384766 -1.4127216339111328
v 7.214410305023193 3.5717759132385254 -1.4547802209854126
v 7.18752384185791 3.6183438301086426 -1.4912387132644653
v 7.158824443817139 3.6680526733398438 -1.521669626235962
v 7.128648281097412 3.7203197479248047 -1.5457162857055664
v 7.097349166870117 3.774531602859497 -1.5630967617034912
v 7.065293788909912 3.8300533294677734 -1.5736072063446045
v 7.076265335083008 3.838024616241455 -0.3806416392326355
v 7.119163990020752 3.7903809547424316 -0.3911520838737488
v 7.161050796508789 3.743861198425293 -0.4085325002670288
v 7.201434135437012 3.6990106105804443 -0.4325791597366333
v 7.239841461181641 3.6563549041748047 -0.4630100727081299
v 7.275822162628174 3.616394281387329 -0.4994685649871826
v 7.308954238891602 3.5795974731445312 -0.5415270924568176
v 7.3388495445251465 3.5463955402374268 -0.5886926651000977
v 7.365157127380371 3.5171778202056885 -0.6404121518135071
v 7.387568950653076 3.4922871589660645 -0.6960793137550354
v 7.405821800231934 3.472014904022217 -0.7550414800643921
v 7.419702529907227 3.456599235534668 -0.8166073560714722
v 7.429047584533691 3.446220636367798 -0.8800551891326904
v 7.433747291564941 3.4410006999969482 -0.9446410536766052
v 7.433747291564941 3.4410006999969482 -1.0096077919006348
v 7.429047584533691 3.446220636367798 -1.0741935968399048
v 7.419702529907227 3.456599235534668 -1.137641429901123
v 7.405821800231934 3.472014904022217 -1.1992073059082031
v 7.387568950653076 3.4922871589660645 -1.258169412612915
v 7.365157127380371 3.5171778202056885 -1.3138365745544434
v 7.3388495445251465 3.5463955402374268 -1.3655561208724976
v 7.308954238891602 3.5795974731445312 -1.4127216339111328
v 7.275822162628174 3.616394281387329 -1.4547802209854126
v 7.239841461181641 3.6563549041748047 -1.4912387132644653
v 7.201434135437012 3.6990106105804443 -1.521669626235962
v 7.161050796508789 3.743861198425293 -1.5457162857055664
v 7.119163990020752 3.7903809547424316 -1.5630967617034912
v 7.076265335083008 3.838024616241455 -1.5736072063446045
v 7.0853400230407715 3.8481030464172363 -0.3806416392326355
v 7.137206554412842 3.810419797897339 -0.3911520838737488
v 7.187849998474121 3.773625135421753 -0.4085325002670288
v 7.236676216125488 3.7381508350372314 -0.4325791597366333
v 7.2831130027771 3.7044126987457275 -0.4630100727081299
v 7.326615810394287 3.6728060245513916 -0.4994685649871826
v 7.366674423217773 3.6437017917633057 -0.5415270924568176
v 7.4028191566467285 3.617440938949585 -0.5886926651000977
v 7.434626579284668 3.5943315029144287 -0.6404121518135071
v 7.461723804473877 3.5746443271636963 -0.6960793137550354
v 7.483792781829834 3.558610200881958 -0.7550414800643921
v 7.500575065612793 3.546417236328125 -0.8166073560714722
v 7.511873722076416 3.538208246231079 -0.8800551891326904
v 7.517556190490723 3.5340795516967773 -0.9446410536766052
v 7.517556190490723 3.5340795516967773 -1.0096077919006348
v 7.511873722076416 3.538208246231079 -1.0741935968399048
v 7.500575065612793 3.546417236328125 -1.137641429901123
v 7.483792781829834 3.558610200881958 -1.1992073059082031
v 7.461723804473877 3.5746443271636963 -1.258169412612915
v 7.434626579284668 3.5943315029144287 -1.3138365745544434
v 7.4028191566467285 3.617440938949585 -1.3655561208724976
v 7.366674423217773 3.6437017917633057 -1.4127216339111328
v 7.326615810394287 3.6728060245513916 -1.4547802209854126
v 7.2831130027771 3.7044126987457275 -1.4912387132644653
v 7.236676216125488 3.7381508350372314 -1.521669626235962
v 7.187849998474121 3.773625135421753 -1.5457162857055664
v 7.137206554412842 3.810419797897339 -1.5630967617034912
v 7.0853400230407715 3.8481030464172363 -1.5736072063446045
v 7.09212064743042 3.8598480224609375 -0.3806416392326355
v 7.150689125061035 3.8337717056274414 -0.3911520838737488
v 7.207875728607178 3.8083105087280273 -0.4085325002670288
v 7.263010501861572 3.7837629318237305 -0.4325791597366333
v 7.315446853637695 3.7604167461395264 -0.4630100727081299
v 7.364570617675781 3.7385456562042236 -0.4994685649871826
v 7.409804821014404 3.7184059619903564 -0.5415270924568176
v 7.450619697570801 3.7002339363098145 -0.5886926651000977
v 7.486536979675293 3.6842427253723145 -0.6404121518135071
v 7.517135143280029 3.670619487762451 -0.6960793137550354
v 7.542055130004883 3.6595242023468018 -0.7550414800643921
v 7.56100606918335 3.6510868072509766 -0.8166073560714722
v 7.573764324188232 3.645406484603882 -0.8800551891326904
v 7.580181121826172 3.642549514770508 -0.9446410536766052
v 7.580181121826172 3.642549514770508 -1.0096077919006348
v 7.573764324188232 3.645406484603882 -1.0741935968399048
v 7.56100606918335 3.6510868072509766 -1.137641429901123
v 7.542055130004883 3.6595242023468018 -1.1992073059082031
v 7.517135143280029 3.670619487762451 -1.258169412612915
v 7.486536979675293 3.6842427253723145 -1.3138365745544434
v 7.450619697570801 3.7002339363098145 -1.3655561208724976
v 7.409804821014404 3.7184059619903564 -1.4127216339111328
v 7.364570617675781 3.7385456562042236 -1.4547802209854126
v 7.315446853637695 3.7604167461395264 -1.4912387132644653
v 7.263010501861572 3.7837629318237305 -1.521669626235962
v 7.207875728607178 3.8083105087280273 -1.5457162857055664
v 7.150689125061035 3.8337717056274414 -1.5630967617034912
v 7.09212064743042 3.8598480224609375 -1.5736072063446045
v 7.096311569213867 3.872745990753174 -0.3806416392326355
v 7.159021377563477 3.8594167232513428 -0.3911520838737488
v 7.220252513885498 3.8464016914367676 -0.4085325002670288
v 7.279285907745361 3.8338537216186523 -0.4325791597366333
v 7.33543062210083 3.8219196796417236 -0.4630100727081299
v 7.388027667999268 3.8107399940490723 -0.4994685649871826
v 7.436460971832275 3.800445079803467 -0.5415270924568176
v 7.480162143707275 3.791156053543091 -0.5886926651000977
v 7.518619060516357 3.7829818725585938 -0.6404121518135071
v 7.5513811111450195 3.7760181427001953 -0.6960793137550354
v 7.57806396484375 3.7703464031219482 -0.7550414800643921
v 7.598354339599609 3.76603364944458 -0.8166073560714722
v 7.612015247344971 3.763129949569702 -0.8800551891326904
v 7.6188859939575195 3.761669397354126 -0.9446410536766052
v 7.6188859939575195 3.761669397354126 -1.0096077919006348
v 7.612015247344971 3.763129949569702 -1.0741935968399048
v 7.598354339599609 3.76603364944458 -1.137641429901123
v 7.57806396484375 3.7703464031219482 -1.1992073059082031
v 7.5513811111450195 3.7760181427001953 -1.258169412612915
v 7.518619060516357 3.7829818725585938 -1.3138365745544434
v 7.480162143707275 3.791156053543091 -1.3655561208724976
v 7.436460971832275 3.800445079803467 -1.4127216339111328
v 7.388027667999268 3.8107399940490723 -1.4547802209854126
v 7.33543062210083 3.8219196796417236 -1.4912387132644653
v 7.279285907745361 3.8338537216186523 -1.521669626235962
v 7.220252513885498 3.8464016914367676 -1.5457162857055664
v 7.159021377563477 3.8594167232513428 -1.5630967617034912
v 7.096311569213867 3.872745990753174 -1.5736072063446045
v -4.9430251121521 7.447727203369141 4.639851093292236
v -4.9430251121521 7.447727203369141 3.4398512840270996
v -4.8781538009643555 7.447727203369141 4.63633394241333
v -4.814043045043945 7.447727203369141 4.625823497772217
v -4.751444339752197 7.447727203369141 4.608443260192871
v -4.691091537475586 7.447727203369141 4.5843963623046875
v -4.633692741394043 7.447727203369141 4.5539655685424805
v -4.579920768737793 7.447727203369141 4.517507076263428
v -4.530405521392822 7.447727203369141 4.4754486083984375
v -4.485727787017822 7.447727203369141 4.428282737731934
v -4.446411609649658 7.447727203369141 4.376563549041748
v -4.4129180908203125 7.447727203369141 4.320896148681641
v -4.385639190673828 7.447727203369141 4.261934280395508
v -4.364894866943359 7.447727203369141 4.200368404388428
v -4.350929260253906 7.447727203369141 4.13692045211792
v -4.343904972076416 7.447727203369141 4.0723347663879395
v -4.343904972076416 7.447727203369141 4.0073676109313965
v -4.350929260253906 7.447727203369141 3.942781925201416
v -4.364894866943359 7.447727203369141 3.8793342113494873
v -4.385639190673828 7.447727203369141 3.8177683353424072
v -4.4129180908203125 7.447727203369141 3.7588062286376953
v -4.446411609649658 7.447727203369141 3.703138828277588
v -4.485727787017822 7.447727203369141 3.6514194011688232
v -4.530405521392822 7.447727203369141 3.6042537689208984
v -4.579920768737793 7.447727203369141 3.562195301055908
v -4.633692741394043 7.447727203369141 3.5257368087768555
v -4.691091537475586 7.447727203369141 3.4953060150146484
v -4.751444339752197 7.447727203369141 3.471259355545044
v -4.814043045043945 7.447727203369141 3.453878879547119
v -4.8781538009643555 7.447727203369141 3.443368434906006
v -4.879571437835693 7.461214542388916 4.63633394241333
v -4.816861629486084 7.474544048309326 4.625823497772217
v -4.7556304931640625 7.4875593185424805 4.608443260192871
v -4.696597099304199 7.500107288360596 4.5843963623046875
v -4.6404523849487305 7.512041091918945 4.5539655685424805
v -4.587855339050293 7.523221015930176 4.517507076263428
v -4.539422035217285 7.533515453338623 4.4754486083984375
v -4.495720863342285 7.542804718017578 4.428282737731934
v -4.457263946533203 7.550979137420654 4.376563549041748
v -4.424501895904541 7.557942867279053 4.320896148681641
v -4.397819519042969 7.563614368438721 4.261934280395508
v -4.377528667449951 7.567927360534668 4.200368404388428
v -4.36386775970459 7.570830821990967 4.13692045211792
v -4.356997489929199 7.572291374206543 4.0723347663879395
v -4.356997489929199 7.572291374206543 4.0073676109313965
v -4.36386775970459 7.570830821990967 3.942781925201416
v -4.377528667449951 7.567927360534668 3.8793342113494873
v -4.397819519042969 7.563614368438721 3.8177683353424072
v -4.424501895904541 7.557942867279053 3.7588062286376953
v -4.457263946533203 7.550979137420654 3.703138828277588
v -4.495720863342285 7.542804718017578 3.6514194011688232
v -4.539422035217285 7.533515453338623 3.6042537689208984
v -4.587855339050293 7.523221015930176 3.562195301055908
v -4.6404523849487305 7.512041091918945 3.5257368087768555
v -4.696597099304199 7.500107288360596 3.4953060150146484
v -4.7556304931640625 7.4875593185424805 3.471259355545044
v -4.816861629486084 7.474544048309326 3.453878879547119
v -4.879571437835693 7.461214542388916 3.443368434906006
v -4.883762359619141 7.4741129875183105 4.63633394241333
v -4.825193881988525 7.500188827514648 4.625823497772217
v -4.768007278442383 7.5256500244140625 4.608443260192871
v -4.712872505187988 7.550197601318359 4.5843963623046875
v -4.660436153411865 7.573544025421143 4.5539655685424805
v -4.6113128662109375 7.595415115356445 4.517507076263428
v -4.566078186035156 7.6155548095703125 4.4754486083984375
v -4.52526330947876 7.633726596832275 4.428282737731934
v -4.489346027374268 7.649718284606934 4.376563549041748
v -4.458747863769531 7.663341045379639 4.320896148681641
v -4.4338274002075195 7.674436569213867 4.261934280395508
v -4.414876937866211 7.682873725891113 4.200368404388428
v -4.402118682861328 7.688554286956787 4.13692045211792
v -4.395701885223389 7.69141149520874 4.0723347663879395
v -4.395701885223389 7.69141149520874 4.0073676109313965
v -4.402118682861328 7.688554286956787 3.942781925201416
v -4.414876937866211 7.682873725891113 3.8793342113494873
v -4.4338274002075195 7.674436569213867 3.8177683353424072
v -4.458747863769531 7.663341045379639 3.7588062286376953
v -4.489346027374268 7.649718284606934 3.703138828277588
v -4.52526330947876 7.633726596832275 3.6514194011688232
v -4.566078186035156 7.6155548095703125 3.6042537689208984
v -4.6113128662109375 7.595415115356445 3.562195301055908
v -4.660436153411865 7.573544025421143 3.5257368087768555
v -4.712872505187988 7.550197601318359 3.4953060150146484
v -4.768007278442383 7.5256500244140625 3.471259355545044
v -4.825193881988525 7.500188827514648 3.453878879547119
v -4.883762359619141 7.4741129875183105 3.443368434906006
v -4.890542984008789 7.4858574867248535 4.63633394241333
v -4.838676452636719 7.52354097366333 4.625823497772217
v -4.7880330085754395 7.560335636138916 4.608443260192871
v -4.739206790924072 7.5958099365234375 4.5843963623046875
v -4.692770004272461 7.629548072814941 4.5539655685424805
v -4.649267196655273 7.661154747009277 4.517507076263428
v -4.609208583831787 7.690258979797363 4.4754486083984375
v -4.573063850402832 7.716519832611084 4.428282737731934
v -4.541256427764893 7.73962926864624 4.376563549041748
v -4.514159202575684 7.759316444396973 4.320896148681641
v -4.492090225219727 7.775350570678711 4.261934280395508
v -4.475307941436768 7.787543296813965 4.200368404388428
v -4.4640092849731445 7.79575252532959 4.13692045211792
v -4.458326816558838 7.7998809814453125 4.0723347663879395
v -4.458326816558838 7.7998809814453125 4.0073676109313965
v -4.4640092849731445 7.79575252532959 3.942781925201416
v -4.475307941436768 7.787543296813965 3.8793342113494873
v -4.492090225219727 7.775350570678711 3.8177683353424072
v -4.514159202575684 7.759316444396973 3.7588062286376953
v -4.541256427764893 7.73962926864624 3.703138828277588
v -4.573063850402832 7.716519832611084 3.6514194011688232
v -4.609208583831787 7.690258979797363 3.6042537689208984
v -4.649267196655273 7.661154747009277 3.562195301055908
v -4.692770004272461 7.629548072814941 3.5257368087768555
v -4.739206790924072 7.5958099365234375 3.4953060150146484
v -4.7880330085754395 7.560335636138916 3.471259355545044
v -4.838676452636719 7.52354097366333 3.453878879547119
v -4.890542984008789 7.4858574867248535 3.443368434906006
v -4.899617671966553 7.495935916900635 4.63633394241333
v -4.856719017028809 7.543579578399658 4.625823497772217
v -4.81483268737793 7.590099334716797 4.608443260192871
v -4.774448871612549 7.634950160980225 4.5843963623046875
v -4.73604154586792 7.677606105804443 4.5539655685424805
v -4.700060844421387 7.71756649017334 4.517507076263428
v -4.666928768157959 7.754363536834717 4.4754486083984375
v -4.637033462524414 7.787565231323242 4.428282737731934
v -4.6107258796691895 7.8167829513549805 4.376563549041748
v -4.588314056396484 7.841673851013184 4.320896148681641
v -4.570061206817627 7.861945629119873 4.261934280395508
v -4.556180477142334 7.877361297607422 4.200368404388428
v -4.546835422515869 7.887740135192871 4.13692045211792
v -4.542135715484619 7.892960071563721 4.0723347663879395
v -4.542135715484619 7.892960071563721 4.0073676109313965
v -4.546835422515869 7.887740135192871 3.942781925201416
v -4.556180477142334 7.877361297607422 3.8793342113494873
v -4.570061206817627 7.861945629119873 3.8177683353424072
v -4.588314056396484 7.841673851013184 3.7588062286376953
v -4.6107258796691895 7.8167829513549805 3.703138828277588
v -4.637033462524414 7.787565231323242 3.6514194011688232
v -4.666928768157959 7.754363536834717 3.6042537689208984
v -4.700060844421387 7.71756649017334 3.562195301055908
v -4.73604154586792 7.677606105804443 3.5257368087768555
v -4.774448871612549 7.634950160980225 3.4953060150146484
v -4.81483268737793 7.590099334716797 3.471259355545044
v -4.856719017028809 7.543579578399658 3.453878879547119
v -4.899617671966553 7.495935916900635 3.443368434906006
v -4.910589218139648 7.503907680511475 4.63633394241333
v -4.878533840179443 7.559429168701172 4.625823497772217
v -4.847234725952148 7.613641262054443 4.608443260192871
v -4.817058563232422 7.665907859802246 4.5843963623046875
v -4.78835916519165 7.715616703033447 4.5539655685424805
v -4.761472702026367 7.762185096740723 4.517507076263428
v -4.736715316772461 7.805066108703613 4.4754486083984375
v -4.714376449584961 7.8437581062316895 4.428282737731934
v -4.694718360900879 7.877807140350342 4.376563549041748
v -4.677971363067627 7.906813621520996 4.320896148681641
v -4.664331912994385 7.9304375648498535 4.261934280395508
v -4.653960227966309 7.948402404785156 4.200368404388428
v -4.646976947784424 7.9604973793029785 4.13692045211792
v -4.643465042114258 7.966580390930176 4.0723347663879395
v -4.643465042114258 7.966580390930176 4.0073676109313965
v -4.646976947784424 7.9604973793029785 3.942781925201416
v -4.653960227966309 7.948402404785156 3.8793342113494873
v -4.664331912994385 7.9304375648498535 3.8177683353424072
v -4.677971363067627 7.906813621520996 3.7588062286376953
v -4.694718360900879 7.877807140350342 3.703138828277588
v -4.714376449584961 7.8437581062316895 3.6514194011688232
v -4.736715316772461 7.805066108703613 3.6042537689208984
v -4.761472702026367 7.762185096740723 3.562195301055908
v -4.78835916519165 7.715616703033447 3.5257368087768555
v -4.817058563232422 7.665907859802246 3.4953060150146484
v -4.847234725952148 7.613641262054443 3.471259355545044
v -4.878533840179443 7.559429168701172 3.453878879547119
v -4.910589218139648 7.503907680511475 3.443368434906006
v -4.92297887802124 7.509423732757568 4.63633394241333
v -4.903167247772217 7.570396423339844 4.625823497772217
v -4.883823394775391 7.629931449890137 4.608443260192871
v -4.86517333984375 7.68733024597168 4.5843963623046875
v -4.84743595123291 7.74191951751709 4.5539655685424805
v -4.830819606781006 7.793060302734375 4.517507076263428
v -4.815518379211426 7.840151786804199 4.4754486083984375
v -4.801712512969971 7.88264274597168 4.428282737731934
v -4.789563179016113 7.920034408569336 4.376563549041748
v -4.779212951660156 7.9518890380859375 4.320896148681641
v -4.770783424377441 7.977832794189453 4.261934280395508
v -4.764373302459717 7.997561454772949 4.200368404388428
v -4.76005744934082 8.010844230651855 4.13692045211792
v -4.75788688659668 8.017524719238281 4.0723347663879395
v -4.75788688659668 8.017524719238281 4.0073676109313965
v -4.76005744934082 8.010844230651855 3.942781925201416
v -4.764373302459717 7.997561454772949 3.8793342113494873
v -4.770783424377441 7.977832794189453 3.8177683353424072
v -4.779212951660156 7.9518890380859375 3.7588062286376953
v -4.789563179016113 7.920034408569336 3.703138828277588
v -4.801712512969971 7.88264274597168 3.6514194011688232
v -4.815518379211426 7.840151786804199 3.6042537689208984
v -4.830819606781006 7.793060302734375 3.562195301055908
v -4.84743595123291 7.74191951751709 3.5257368087768555
v -4.86517333984375 7.68733024597168 3.4953060150146484
v -4.883823394775391 7.629931449890137 3.471259355545044
v -4.903167247772217 7.570396423339844 3.453878879547119
v -4.92297887802124 7.509423732757568 3.443368434906006
v -4.936244010925293 7.512243270874023 4.63633394241333
v -4.9295430183410645 7.576003074645996 4.625823497772217
v -4.922999382019043 7.638258457183838 4.608443260192871
v -4.916690826416016 7.698280334472656 4.5843963623046875
v -4.910691261291504 7.755364894866943 4.5539655685424805
v -4.9050703048706055 7.808842658996582 4.517507076263428
v -4.899894714355469 7.858086585998535 4.4754486083984375
v -4.895224571228027 7.902519226074219 4.428282737731934
v -4.891114711761475 7.941619873046875 4.376563549041748
v -4.887613773345947 7.974930286407471 4.320896148681641
v -4.884762287139893 8.002059936523438 4.261934280395508
v -4.882594108581543 8.022689819335938 4.200368404388428
v -4.881134033203125 8.036579132080078 4.13692045211792
v -4.88040018081665 8.043564796447754 4.0723347663879395
v -4.88040018081665 8.043564796447754 4.0073676109313965
v -4.881134033203125 8.036579132080078 3.942781925201416
v -4.882594108581543 8.022689819335938 3.8793342113494873
v -4.884762287139893 8.002059936523438 3.8177683353424072
v -4.887613773345947 7.974930286407471 3.7588062286376953
v -4.891114711761475 7.941619873046875 3.703138828277588
v -4.895224571228027 7.902519226074219 3.6514194011688232
v -4.899894714355469 7.858086585998535 3.6042537689208984
v -4.9050703048706055 7.808842658996582 3.562195301055908
v -4.910691261291504 7.755364894866943 3.5257368087768555
v -4.916690826416016 7.698280334472656 3.4953060150146484
v -4.922999382019043 7.638258457183838 3.471259355545044
v -4.9295430183410645 7.576003074645996 3.453878879547119
v -4.936244010925293 7.512243270874023 3.443368434906006
v -4.949806213378906 7.512243270874023 4.63633394241333
v -4.956507205963135 7.576003074645996 4.625823497772217
v -4.963050842285156 7.638258457183838 4.608443260192871
v -4.969359397888184 7.698280334472656 4.5843963623046875
v -4.975358963012695 7.755364894866943 4.5539655685424805
v -4.980979919433594 7.808842658996582 4.517507076263428
v -4.9861555099487305 7.858086585998535 4.4754486083984375
v -4.990825653076172 7.902519226074219 4.428282737731934
v -4.994935512542725 7.941619873046875 4.376563549041748
v -4.998436450958252 7.974930286407471 4.320896148681641
v -5.001287937164307 8.002059936523438 4.261934280395508
v -5.003456115722656 8.022689819335938 4.200368404388428
v -5.004916191101074 8.036579132080078 4.13692045211792
v -5.005650043487549 8.043564796447754 4.0723347663879395
v -5.005650043487549 8.043564796447754 4.0073676109313965
v -5.004916191101074 8.036579132080078 3.942781925201416
v -5.003456115722656 8.022689819335938 3.8793342113494873
v -5.001287937164307 8.002059936523438 3.8177683353424072
v -4.998436450958252 7.974930286407471 3.7588062286376953
v -4.994935512542725 7.941619873046875 3.703138828277588
v -4.990825653076172 7.902519226074219 3.6514194011688232
v -4.9861555099487305 7.858086585998535 3.6042537689208984
v -4.980979919433594 7.808842658996582 3.562195301055908
v -4.975358963012695 7.755364894866943 3.5257368087768555
v -4.969359397888184 7.698280334472656 3.4953060150146484
v -4.963050842285156 7.638258457183838 3.471259355545044
v -4.956507205963135 7.576003074645996 3.453878879547119
v -4.949806213378906 7.512243270874023 3.443368434906006
v -4.963071346282959 7.509423732757568 4.63633394241333
v -4.982882976531982 7.570396423339844 4.625823497772217
v -5.002226829528809 7.629931449890137 4.608443260192871
v -5.020876884460449 7.68733024597168 4.5843963623046875
v -5.038614273071289 7.74191951751709 4.5539655685424805
v -5.055230617523193 7.793060302734375 4.517507076263428
v -5.070531845092773 7.840151786804199 4.4754486083984375
v -5.0843377113342285 7.88264274597168 4.428282737731934
v -5.096487045288086 7.920034408569336 4.376563549041748
v -5.106837272644043 7.9518890380859375 4.320896148681641
v -5.115266799926758 7.977832794189453 4.261934280395508
v -5.121676921844482 7.997561454772949 4.200368404388428
v -5.125992774963379 8.010844230651855 4.13692045211792
v -5.1281633377075195 8.017524719238281 4.0723347663879395
v -5.1281633377075195 8.017524719238281 4.0073676109313965
v -5.125992774963379 8.010844230651855 3.942781925201416
v -5.121676921844482 7.997561454772949 3.8793342113494873
v -5.115266799926758 7.977832794189453 3.8177683353424072
v -5.106837272644043 7.9518890380859375 3.7588062286376953
v -5.096487045288086 7.920034408569336 3.703138828277588
v -5.0843377113342285 7.88264274597168 3.6514194011688232
v -5.070531845092773 7.840151786804199 3.6042537689208984
v -5.055230617523193 7.793060302734375 3.562195301055908
v -5.038614273071289 7.74191951751709 3.5257368087768555
v -5.020876884460449 7.68733024597168 3.4953060150146484
v -5.002226829528809 7.629931449890137 3.471259355545044
v -4.982882976531982 7.570396423339844 3.453878879547119
v -4.963071346282959 7.509423732757568 3.443368434906006
v -4.975461006164551 7.503907680511475 4.63633394241333
v -5.007516384124756 7.559429168701172 4.625823497772217
v -5.038815498352051 7.613641262054443 4.608443260192871
v -5.068991661071777 7.665907859802246 4.5843963623046875
v -5.097691059112549 7.715616703033447 4.5539655685424805
v -5.124577522277832 7.762185096740723 4.517507076263428
v -5.149334907531738 7.805066108703613 4.4754486083984375
v -5.171673774719238 7.8437581062316895 4.428282737731934
v -5.19133186340332 7.877807140350342 4.376563549041748
v -5.208078861236572 7.906813621520996 4.320896148681641
v -5.2217183113098145 7.9304375648498535 4.261934280395508
v -5.232089996337891 7.948402404785156 4.200368404388428
v -5.239073276519775 7.9604973793029785 4.13692045211792
v -5.242585182189941 7.966580390930176 4.0723347663879395
v -5.242585182189941 7.966580390930176 4.0073676109313965
v -5.239073276519775 7.9604973793029785 3.942781925201416
v -5.232089996337891 7.948402404785156 3.8793342113494873
v -5.2217183113098145 7.9304375648498535 3.8177683353424072
v -5.208078861236572 7.906813621520996 3.7588062286376953
v -5.19133186340332 7.877807140350342 3.703138828277588
v -5.171673774719238 7.8437581062316895 3.6514194011688232
v -5.149334907531738 7.805066108703613 3.6042537689208984
v -5.124577522277832 7.762185096740723 3.562195301055908
v -5.097691059112549 7.715616703033447 3.5257368087768555
v -5.068991661071777 7.665907859802246 3.4953060150146484
v -5.038815498352051 7.613641262054443 3.471259355545044
v -5.007516384124756 7.559429168701172 3.453878879547119
v -4.975461006164551 7.503907680511475 3.443368434906006
v -4.9864325523376465 7.495935916900635 4.63633394241333
v -5.029331207275391 7.543579578399658 4.625823497772217
v -5.0712175369262695 7.590099334716797 4.608443260192871
v -5.11160135269165 7.634950160980225 4.5843963623046875
v -5.150008678436279 7.677606105804443 4.5539655685424805
v -5.1859893798828125 7.71756649017334 4.517507076263428
v -5.21912145614624 7.754363536834717 4.4754486083984375
v -5.249016761779785 7.787565231323242 4.428282737731934
v -5.27532434463501 7.8167829513549805 4.376563549041748
v -5.297736167907715 7.841673851013184 4.320896148681641
v -5.315989017486572 7.861945629119873 4.261934280395508
v -5.329869747161865 7.877361297607422 4.200368404388428
v -5.33921480178833 7.887740135192871 4.13692045211792
v -5.34391450881958 7.892960071563721 4.0723347663879395
v -5.34391450881958 7.892960071563721 4.0073676109313965
v -5.33921480178833 7.887740135192871 3.942781925201416
v -5.329869747161865 7.877361297607422 3.8793342113494873
v -5.315989017486572 7.861945629119873 3.8177683353424072
v -5.297736167907715 7.841673851013184 3.7588062286376953
v -5.27532434463501 7.8167829513549805 3.703138828277588
v -5.249016761779785 7.787565231323242 3.6514194011688232
v -5.21912145614624 7.754363536834717 3.6042537689208984
v -5.1859893798828125 7.71756649017334 3.562195301055908
v -5.150008678436279 7.677606105804443 3.5257368087768555
v -5.11160135269165 7.634950160980225 3.4953060150146484
v -5.0712175369262695 7.590099334716797 3.471259355545044
v -5.029331207275391 7.543579578399658 3.453878879547119
v -4.9864325523376465 7.495935916900635 3.443368434906006
v -4.99550724029541 7.4858574867248535 4.63633394241333
v -5.0473737716674805 7.52354097366333 4.625823497772217
v -5.09801721572876 7.560335636138916 4.608443260192871
v -5.146843433380127 7.5958099365234375 4.5843963623046875
v -5.193280220031738 7.629548072814941 4.5539655685424805
v -5.236783027648926 7.661154747009277 4.517507076263428
v -5.276841640472412 7.690258979797363 4.4754486083984375
v -5.312986373901367 7.716519832611084 4.428282737731934
v -5.344793796539307 7.73962926864624 4.376563549041748
v -5.371891021728516 7.759316444396973 4.320896148681641
v -5.393959999084473 7.775350570678711 4.261934280395508
v -5.410742282867432 7.787543296813965 4.200368404388428
v -5.422040939331055 7.79575252532959 4.13692045211792
v -5.427723407745361 7.7998809814453125 4.0723347663879395
v -5.427723407745361 7.7998809814453125 4.0073676109313965
v -5.422040939331055 7.79575252532959 3.942781925201416
v -5.410742282867432 7.787543296813965 3.8793342113494873
v -5.393959999084473 7.775350570678711 3.8177683353424072
v -5.371891021728516 7.759316444396973 3.7588062286376953
v -5.344793796539307 7.73962926864624 3.703138828277588
v -5.312986373901367 7.716519832611084 3.6514194011688232
v -5.276841640472412 7.690258979797363 3.6042537689208984
v -5.236783027648926 7.661154747009277 3.562195301055908
v -5.193280220031738 7.629548072814941 3.5257368087768555
v -5.146843433380127 7.5958099365234375 3.4953060150146484
v -5.09801721572876 7.560335636138916 3.471259355545044
v -5.0473737716674805 7.52354097366333 3.453878879547119
v -4.99550724029541 7.4858574867248535 3.443368434906006
v -5.002287864685059 7.4741129875183105 4.63633394241333
v -5.060856342315674 7.500188827514648 4.625823497772217
v -5.118042945861816 7.5256500244140625 4.608443260192871
v -5.173177719116211 7.550197601318359 4.5843963623046875
v -5.225614070892334 7.573544025421143 4.5539655685424805
v -5.274737358093262 7.595415115356445 4.517507076263428
v -5.319972038269043 7.6155548095703125 4.4754486083984375
v -5.3607869148254395 7.633726596832275 4.428282737731934
v -5.396704196929932 7.649718284606934 4.376563549041748
v -5.427302360534668 7.663341045379639 4.320896148681641
v -5.45222282409668 7.674436569213867 4.261934280395508
v -5.471173286437988 7.682873725891113 4.200368404388428
v -5.483931541442871 7.688554286956787 4.13692045211792
v -5.4903483390808105 7.69141149520874 4.0723347663879395
v -5.4903483390808105 7.69141149520874 4.0073676109313965
v -5.483931541442871 7.688554286956787 3.942781925201416
v -5.471173286437988 7.682873725891113 3.8793342113494873
v -5.45222282409668 7.674436569213867 3.8177683353424072
v -5.427302360534668 7.663341045379639 3.7588062286376953
v -5.396704196929932 7.649718284606934 3.703138828277588
v -5.3607869148254395 7.633726596832275 3.6514194011688232
v -5.319972038269043 7.6155548095703125 3.6042537689208984
v -5.274737358093262 7.595415115356445 3.562195301055908
v -5.225614070892334 7.573544025421143 3.5257368087768555
v -5.173177719116211 7.550197601318359 3.4953060150146484
v -5.118042945861816 7.5256500244140625 3.471259355545044
v -5.060856342315674 7.500188827514648 3.453878879547119
v -5.002287864685059 7.4741129875183105 3.443368434906006
v -5.006478786468506 7.461214542388916 4.63633394241333
v -5.069188594818115 7.474544048309326 4.625823497772217
v -5.130419731140137 7.4875593185424805 4.608443260192871
v -5.189453125 7.500107288360596 4.5843963623046875
v -5.245597839355469 7.512041091918945 4.5539655685424805
v -5.298194885253906 7.523221015930176 4.517507076263428
v -5.346628189086914 7.533515453338623 4.4754486083984375
v -5.390329360961914 7.542804718017578 4.428282737731934
v -5.428786277770996 7.550979137420654 4.376563549041748
v -5.461548328399658 7.557942867279053 4.320896148681641
v -5.4882307052612305 7.563614368438721 4.261934280395508
v -5.508521556854248 7.567927360534668 4.200368404388428
v -5.522182464599609 7.570830821990967 4.13692045211792
v -5.529052734375 7.572291374206543 4.0723347663879395
v -5.529052734375 7.572291374206543 4.0073676109313965
v -5.522182464599609 7.570830821990967 3.942781925201416
v -5.508521556854248 7.567927360534668 3.8793342113494873
v -5.4882307052612305 7.563614368438721 3.8177683353424072
v -5.461548328399658 7.557942867279053 3.7588062286376953
v -5.428786277770996 7.550979137420654 3.703138828277588
v -5.390329360961914 7.542804718017578 3.6514194011688232
v -5.346628189086914 7.533515453338623 3.6042537689208984
v -5.298194885253906 7.523221015930176 3.562195301055908
v -5.245597839355469 7.512041091918945 3.5257368087768555
v -5.189453125 7.500107288360596 3.4953060150146484
v -5.130419731140137 7.4875593185424805 3.471259355545044
v -5.069188594818115 7.474544048309326 3.453878879547119
v -5.006478786468506 7.461214542388916 3.443368434906006
v -5.007896423339844 7.447727203369141 4.63633394241333
v -5.072007179260254 7.447727203369141 4.625823497772217
v -5.134605884552002 7.447727203369141 4.608443260192871
v -5.194958686828613 7.447727203369141 4.5843963623046875
v -5.252357482910156 7.447727203369141 4.5539655685424805
v -5.306129455566406 7.447727203369141 4.517507076263428
v -5.355644702911377 7.447727203369141 4.4754486083984375
v -5.400322437286377 7.447727203369141 4.428282737731934
v -5.439638614654541 7.447727203369141 4.376563549041748
v -5.473132133483887 7.447727203369141 4.320896148681641
v -5.500411033630371 7.447727203369141 4.261934280395508
v -5.52115535736084 7.447727203369141 4.200368404388428
v -5.535120964050293 7.447727203369141 4.13692045211792
v -5.542145252227783 7.447727203369141 4.0723347663879395
v -5.542145252227783 7.447727203369141 4.0073676109313965
v -5.535120964050293 7.447727203369141 3.942781925201416
v -5.52115535736084 7.447727203369141 3.8793342113494873
v -5.500411033630371 7.447727203369141 3.8177683353424072
v -5.473132133483887 7.447727203369141 3.7588062286376953
v -5.439638614654541 7.447727203369141 3.703138828277588
v -5.400322437286377 7.447727203369141 3.6514194011688232
v -5.355644702911377 7.447727203369141 3.6042537689208984
v -5.306129455566406 7.447727203369141 3.562195301055908
v -5.252357482910156 7.447727203369141 3.5257368087768555
v -5.194958686828613 7.447727203369141 3.4953060150146484
v -5.134605884552002 7.447727203369141 3.471259355545044
v -5.072007179260254 7.447727203369141 3.453878879547119
v -5.007896423339844 7.447727203369141 3.443368434906006
v -5.006478786468506 7.434239864349365 4.63633394241333
v -5.069188594818115 7.420910358428955 4.625823497772217
v -5.130419731140137 7.407895088195801 4.608443260192871
v -5.189453125 7.3953471183776855 4.5843963623046875
v -5.245597839355469 7.383413314819336 4.5539655685424805
v -5.298194885253906 7.3722333908081055 4.517507076263428
v -5.346628189086914 7.361938953399658 4.4754486083984375
v -5.390329360961914 7.352649688720703 4.428282737731934
v -5.428786277770996 7.344475269317627 4.376563549041748
v -5.461548328399658 7.3375115394592285 4.320896148681641
v -5.4882307052612305 7.3318400382995605 4.261934280395508
v -5.508521556854248 7.327527046203613 4.200368404388428
v -5.522182464599609 7.3246235847473145 4.13692045211792
v -5.529052734375 7.323163032531738 4.0723347663879395
v -5.529052734375 7.323163032531738 4.0073676109313965
v -5.522182464599609 7.3246235847473145 3.942781925201416
v -5.508521556854248 7.327527046203613 3.8793342113494873
v -5.4882307052612305 7.3318400382995605 3.8177683353424072
v -5.461548328399658 7.3375115394592285 3.7588062286376953
v -5.428786277770996 7.344475269317627 3.703138828277588
v -5.390329360961914 7.352649688720703 3.6514194011688232
v -5.346628189086914 7.361938953399658 3.6042537689208984
v -5.298194885253906 7.3722333908081055 3.562195301055908
v -5.245597839355469 7.383413314819336 3.5257368087768555
v -5.189453125 7.3953471183776855 3.4953060150146484
v -5.130419731140137 7.407895088195801 3.471259355545044
v -5.069188594818115 7.420910358428955 3.453878879547119
v -5.006478786468506 7.434239864349365 3.443368434906006
v -5.002287864685059 7.421341419219971 4.63633394241333
v -5.060856342315674 7.395265579223633 4.625823497772217
v -5.118042945861816 7.369804382324219 4.608443260192871
v -5.173177719116211 7.345256805419922 4.5843963623046875
v -5.225614070892334 7.321910381317139 4.5539655685424805
v -5.274737358093262 7.300039291381836 4.517507076263428
v -5.319972038269043 7.279899597167969 4.4754486083984375
v -5.3607869148254395 7.261727809906006 4.428282737731934
v -5.396704196929932 7.245736122131348 4.376563549041748
v -5.427302360534668 7.232113361358643 4.320896148681641
v -5.45222282409668 7.221017837524414 4.261934280395508
v -5.471173286437988 7.212580680847168 4.200368404388428
v -5.483931541442871 7.206900119781494 4.13692045211792
v -5.4903483390808105 7.204042911529541 4.0723347663879395
v -5.4903483390808105 7.204042911529541 4.0073676109313965
v -5.483931541442871 7.206900119781494 3.942781925201416
v -5.471173286437988 7.212580680847168 3.8793342113494873
v -5.45222282409668 7.221017837524414 3.8177683353424072
v -5.427302360534668 7.232113361358643 3.7588062286376953
v -5.396704196929932 7.245736122131348 3.703138828277588
v -5.3607869148254395 7.261727809906006 3.6514194011688232
v -5.319972038269043 7.279899597167969 3.6042537689208984
v -5.274737358093262 7.300039291381836 3.562195301055908
v -5.225614070892334 7.321910381317139 3.5257368087768555
v -5.173177719116211 7.345256805419922 3.4953060150146484
v -5.118042945861816 7.369804382324219 3.471259355545044
v -5.060856342315674 7.395265579223633 3.453878879547119
v -5.002287864685059 7.421341419219971 3.443368434906006
v -4.99550724029541 7.409596920013428 4.63633394241333
v -5.0473737716674805 7.371913433074951 4.625823497772217
v -5.09801721572876 7.335118770599365 4.608443260192871
v -5.146843433380127 7.299644470214844 4.5843963623046875
v -5.193280220031738 7.26590633392334 4.5539655685424805
v -5.236783027648926 7.234299659729004 4.517507076263428
v -5.276841640472412 7.205195426940918 4.4754486083984375
v -5.312986373901367 7.178934574127197 4.428282737731934
v -5.344793796539307 7.155825138092041 4.376563549041748
v -5.371891021728516 7.136137962341309 4.320896148681641
v -5.393959999084473 7.12010383605957 4.261934280395508
v -5.410742282867432 7.107911109924316 4.200368404388428
v -5.422040939331055 7.099701881408691 4.13692045211792
v -5.427723407745361 7.095573425292969 4.0723347663879395
v -5.427723407745361 7.095573425292969 4.0073676109313965
v -5.422040939331055 7.099701881408691 3.942781925201416
v -5.410742282867432 7.107911109924316 3.8793342113494873
v -5.393959999084473 7.12010383605957 3.8177683353424072
v -5.371891021728516 7.136137962341309 3.7588062286376953
v -5.344793796539307 7.155825138092041 3.703138828277588
v -5.312986373901367 7.178934574127197 3.6514194011688232
v -5.276841640472412 7.205195426940918 3.6042537689208984
v -5.236783027648926 7.234299659729004 3.562195301055908
v -5.193280220031738 7.26590633392334 3.5257368087768555
v -5.146843433380127 7.299644470214844 3.4953060150146484
v -5.09801721572876 7.335118770599365 3.471259355545044
v -5.0473737716674805 7.371913433074951 3.453878879547119
v -4.99550724029541 7.409596920013428 3.443368434906006
v -4.9864325523376465 7.3995184898376465 4.63633394241333
v -5.029331207275391 7.351874828338623 4.625823497772217
v -5.0712175369262695 7.305355072021484 4.608443260192871
v -5.11160135269165 7.260504245758057 4.5843963623046875
v -5.150008678436279 7.217848300933838 4.5539655685424805
v -5.1859893798828125 7.177887916564941 4.517507076263428
v -5.21912145614624 7.1410908699035645 4.4754486083984375
v -5.249016761779785 7.107889175415039 4.428282737731934
v -5.27532434463501 7.078671455383301 4.376563549041748
v -5.297736167907715 7.053780555725098 4.320896148681641
v -5.315989017486572 7.033508777618408 4.261934280395508
v -5.329869747161865 7.018093109130859 4.200368404388428
v -5.33921480178833 7.00771427154541 4.13692045211792
v -5.34391450881958 7.0024943351745605 4.0723347663879395
v -5.34391450881958 7.0024943351745605 4.0073676109313965
v -5.33921480178833 7.00771427154541 3.942781925201416
v -5.329869747161865 7.018093109130859 3.8793342113494873
v -5.315989017486572 7.033508777618408 3.8177683353424072
v -5.297736167907715 7.053780555725098 3.7588062286376953
v -5.27532434463501 7.078671455383301 3.703138828277588
v -5.249016761779785 7.107889175415039 3.6514194011688232
v -5.21912145614624 7.1410908699035645 3.6042537689208984
v -5.1859893798828125 7.177887916564941 3.562195301055908
v -5.150008678436279 7.217848300933838 3.5257368087768555
v -5.11160135269165 7.260504245758057 3.4953060150146484
v -5.0712175369262695 7.305355072021484 3.471259355545044
v -5.029331207275391 7.351874828338623 3.453878879547119
v -4.9864325523376465 7.3995184898376465 3.443368434906006
v -4.975461006164551 7.391546726226807 4.63633394241333
v -5.007516384124756 7.336025238037109 4.625823497772217
v -5.038815498352051 7.281813144683838 4.608443260192871
v -5.068991661071777 7.229546546936035 4.5843963623046875
v -5.097691059112549 7.179837703704834 4.5539655685424805
v -5.124577522277832 7.133269309997559 4.517507076263428
v -5.149334907531738 7.090388298034668 4.4754486083984375
v -5.171673774719238 7.051696300506592 4.428282737731934
v -5.19133186340332 7.0176472663879395 4.376563549041748
v -5.208078861236572 6.988640785217285 4.320896148681641
v -5.2217183113098145 6.965016841888428 4.261934280395508
v -5.232089996337891 6.947052001953125 4.200368404388428
v -5.239073276519775 6.934957027435303 4.13692045211792
v -5.242585182189941 6.9288740158081055 4.0723347663879395
v -5.242585182189941 6.9288740158081055 4.0073676109313965
v -5.239073276519775 6.934957027435303 3.942781925201416
v -5.232089996337891 6.947052001953125 3.8793342113494873
v -5.2217183113098145 6.965016841888428 3.8177683353424072
v -5.208078861236572 6.988640785217285 3.7588062286376953
v -5.19133186340332 7.0176472663879395 3.703138828277588
v -5.171673774719238 7.051696300506592 3.6514194011688232
v -5.149334907531738 7.090388298034668 3.6042537689208984
v -5.124577522277832 7.133269309997559 3.562195301055908
v -5.097691059112549 7.179837703704834 3.5257368087768555
v -5.068991661071777 7.229546546936035 3.4953060150146484
v -5.038815498352051 7.281813144683838 3.471259355545044
v -5.007516384124756 7.336025238037109 3.453878879547119
v -4.975461006164551 7.391546726226807 3.443368434906006
v -4.963071346282959 7.386030673980713 4.63633394241333
v -4.982882976531982 7.3250579833984375 4.625823497772217
v -5.002226829528809 7.2655229568481445 4.608443260192871
v -5.020876884460449 7.208124160766602 4.5843963623046875
v -5.038614273071289 7.153534889221191 4.5539655685424805
v -5.055230617523193 7.102394104003906 4.517507076263428
v -5.070531845092773 7.055302619934082 4.4754486083984375
v -5.0843377113342285 7.012811660766602 4.428282737731934
v -5.096487045288086 6.975419998168945 4.376563549041748
v -5.106837272644043 6.943565368652344 4.320896148681641
v -5.115266799926758 6.917621612548828 4.261934280395508
v -5.121676921844482 6.897892951965332 4.200368404388428
v -5.125992774963379 6.884610652923584 4.13692045211792
v -5.1281633377075195 6.877930164337158 4.0723347663879395
v -5.1281633377075195 6.877930164337158 4.0073676109313965
v -5.125992774963379 6.884610652923584 3.942781925201416
v -5.121676921844482 6.897892951965332 3.8793342113494873
v -5.115266799926758 6.917621612548828 3.8177683353424072
v -5.106837272644043 6.943565368652344 3.7588062286376953
v -5.096487045288086 6.975419998168945 3.703138828277588
v -5.0843377113342285 7.012811660766602 3.6514194011688232
v -5.070531845092773 7.055302619934082 3.6042537689208984
v -5.055230617523193 7.102394104003906 3.562195301055908
v -5.038614273071289 7.153534889221191 3.5257368087768555
v -5.020876884460449 7.208124160766602 3.4953060150146484
v -5.002226829528809 7.2655229568481445 3.471259355545044
v -4.982882976531982 7.3250579833984375 3.453878879547119
v -4.963071346282959 7.386030673980713 3.443368434906006
v -4.949806213378906 7.383211135864258 4.63633394241333
v -4.956507205963135 7.319451332092285 4.625823497772217
v -4.963050842285156 7.257195949554443 4.608443260192871
v -4.969359397888184 7.197174072265625 4.5843963623046875
v -4.975358963012695 7.140089511871338 4.5539655685424805
v -4.980979919433594 7.086611747741699 4.517507076263428
v -4.9861555099487305 7.037367820739746 4.4754486083984375
v -4.990825653076172 6.9929351806640625 4.428282737731934
v -4.994935512542725 6.953834533691406 4.376563549041748
v -4.998436450958252 6.9205241203308105 4.320896148681641
v -5.001287937164307 6.893394470214844 4.261934280395508
v -5.003456115722656 6.8727641105651855 4.200368404388428
v -5.004916191101074 6.858874797821045 4.13692045211792
v -5.005650043487549 6.851889133453369 4.0723347663879395
v -5.005650043487549 6.851889133453369 4.0073676109313965
v -5.004916191101074 6.858874797821045 3.942781925201416
v -5.003456115722656 6.8727641105651855 3.8793342113494873
v -5.001287937164307 6.893394470214844 3.8177683353424072
v -4.998436450958252 6.9205241203308105 3.7588062286376953
v -4.994935512542725 6.953834533691406 3.703138828277588
v -4.990825653076172 6.9929351806640625 3.6514194011688232
v -4.9861555099487305 7.037367820739746 3.6042537689208984
v -4.980979919433594 7.086611747741699 3.562195301055908
v -4.975358963012695 7.140089511871338 3.5257368087768555
v -4.969359397888184 7.197174072265625 3.4953060150146484
v -4.963050842285156 7.257195949554443 3.471259355545044
v -4.956507205963135 7.319451332092285 3.453878879547119
v -4.949806213378906 7.383211135864258 3.443368434906006
v -4.936244010925293 7.383211135864258 4.63633394241333
v -4.9295430183410645 7.319451332092285 4.625823497772217
v -4.922999382019043 7.257195949554443 4.608443260192871
v -4.916690826416016 7.197174072265625 4.5843963623046875
v -4.910691261291504 7.140089511871338 4.5539655685424805
v -4.9050703048706055 7.086611747741699 4.517507076263428
v -4.899894714355469 7.037367820739746 4.4754486083984375
v -4.895224571228027 6.9929351806640625 4.428282737731934
v -4.891114711761475 6.953834533691406 4.376563549041748
v -4.887613773345947 6.9205241203308105 4.320896148681641
v -4.884762287139893 6.893394470214844 4.261934280395508
v -4.882594108581543 6.8727641105651855 4.200368404388428
v -4.881134033203125 6.858874797821045 4.13692045211792
v -4.88040018081665 6.851889133453369 4.0723347663879395
v -4.88040018081665 6.851889133453369 4.0073676109313965
v -4.881134033203125 6.858874797821045 3.942781925201416
v -4.882594108581543 6.8727641105651855 3.8793342113494873
v -4.884762287139893 6.893394470214844 3.8177683353424072
v -4.887613773345947 6.9205241203308105 3.7588062286376953
v -4.891114711761475 6.953834533691406 3.703138828277588
v -4.895224571228027 6.9929351806640625 3.6514194011688232
v -4.899894714355469 7.037367820739746 3.6042537689208984
v -4.9050703048706055 7.086611747741699 3.562195301055908
v -4.910691261291504 7.140089511871338 3.5257368087768555
v -4.916690826416016 7.197174072265625 3.4953060150146484
v -4.922999382019043 7.257195949554443 3.471259355545044
v -4.9295430183410645 7.319451332092285 3.453878879547119
v -4.936244010925293 7.383211135864258 3.443368434906006
v -4.92297887802124 7.386030673980713 4.63633394241333
v -4.903167247772217 7.3250579833984375 4.625823497772217
v -4.883823394775391 7.2655229568481445 4.608443260192871
v -4.86517333984375 7.208124160766602 4.5843963623046875
v -4.84743595123291 7.153534889221191 4.5539655685424805
v -4.830819606781006 7.102394104003906 4.517507076263428
v -4.815518379211426 7.055302619934082 4.4754486083984375
v -4.801712512969971 7.012811660766602 4.428282737731934
v -4.789563179016113 6.975419998168945 4.376563549041748
v -4.779212951660156 6.943565368652344 4.320896148681641
v -4.770783424377441 6.917621612548828 4.261934280395508
v -4.764373302459717 6.897892951965332 4.200368404388428
v -4.76005744934082 6.884610652923584 4.13692045211792
v -4.75788688659668 6.877930164337158 4.0723347663879395
v -4.75788688659668 6.877930164337158 4.0073676109313965
v -4.76005744934082 6.884610652923584 3.942781925201416
v -4.764373302459717 6.897892951965332 3.8793342113494873
v -4.770783424377441 6.917621612548828 3.8177683353424072
v -4.779212951660156 6.943565368652344 3.7588062286376953
v -4.789563179016113 6.975419998168945 3.703138828277588
v -4.801712512969971 7.012811660766602 3.6514194011688232
v -4.815518379211426 7.055302619934082 3.6042537689208984
v -4.830819606781006 7.102394104003906 3.562195301055908
v -4.84743595123291 7.153534889221191 3.5257368087768555
v -4.86517333984375 7.208124160766602 3.4953060150146484
v -4.883823394775391 7.2655229568481445 3.471259355545044
v -4.903167247772217 7.3250579833984375 3.453878879547119
v -4.92297887802124 7.386030673980713 3.443368434906006
v -4.910589218139648 7.391546726226807 4.63633394241333
v -4.878533840179443 7.336025238037109 4.625823497772217
v -4.847234725952148 7.281813144683838 4.608443260192871
v -4.817058563232422 7.229546546936035 4.5843963623046875
v -4.78835916519165 7.179837703704834 4.5539655685424805
v -4.761472702026367 7.133269309997559 4.517507076263428
v -4.736715316772461 7.090388298034668 4.4754486083984375
v -4.714376449584961 7.051696300506592 4.428282737731934
v -4.694718360900879 7.0176472663879395 4.376563549041748
v -4.677971363067627 6.988640785217285 4.320896148681641
v -4.664331912994385 6.965016841888428 4.261934280395508
v -4.653960227966309 6.947052001953125 4.200368404388428
v -4.646976947784424 6.934957027435303 4.13692045211792
v -4.643465042114258 6.9288740158081055 4.0723347663879395
v -4.643465042114258 6.9288740158081055 4.0073676109313965
v -4.646976947784424 6.934957027435303 3.942781925201416
v -4.653960227966309 6.947052001953125 3.8793342113494873
v -4.664331912994385 6.965016841888428 3.8177683353424072
v -4.677971363067627 6.988640785217285 3.7588062286376953
v -4.694718360900879 7.0176472663879395 3.703138828277588
v -4.714376449584961 7.051696300506592 3.6514194011688232
v -4.736715316772461 7.090388298034668 3.6042537689208984
v -4.761472702026367 7.133269309997559 3.562195301055908
v -4.78835916519165 7.179837703704834 3.5257368087768555
v -4.817058563232422 7.229546546936035 3.4953060150146484
v -4.847234725952148 7.281813144683838 3.471259355545044
v -4.878533840179443 7.336025238037109 3.453878879547119
v -4.910589218139648 7.391546726226807 3.443368434906006
v -4.899617671966553 7.3995184898376465 4.63633394241333
v -4.856719017028809 7.351874828338623 4.625823497772217
v -4.81483268737793 7.305355072021484 4.608443260192871
v -4.774448871612549 7.260504245758057 4.5843963623046875
v -4.73604154586792 7.217848300933838 4.5539655685424805
v -4.700060844421387 7.177887916564941 4.517507076263428
v -4.666928768157959 7.1410908699035645 4.4754486083984375
v -4.637033462524414 7.107889175415039 4.428282737731934
v -4.6107258796691895 7.078671455383301 4.376563549041748
v -4.588314056396484 7.053780555725098 4.320896148681641
v -4.570061206817627 7.033508777618408 4.261934280395508
v -4.556180477142334 7.018093109130859 4.200368404388428
v -4.546835422515869 7.00771427154541 4.13692045211792
v -4.542135715484619 7.0024943351745605 4.0723347663879395
v -4.542135715484619 7.0024943351745605 4.0073676109313965
v -4.546835422515869 7.00771427154541 3.942781925201416
v -4.556180477142334 7.018093109130859 3.8793342113494873
v -4.570061206817627 7.033508777618408 3.8177683353424072
v -4.588314056396484 7.053780555725098 3.7588062286376953
v -4.6107258796691895 7.078671455383301 3.703138828277588
v -4.637033462524414 7.107889175415039 3.6514194011688232
v -4.666928768157959 7.1410908699035645 3.6042537689208984
v -4.700060844421387 7.177887916564941 3.562195301055908
v -4.73604154586792 7.217848300933838 3.5257368087768555
v -4.774448871612549 7.260504245758057 3.4953060150146484
v -4.81483268737793 7.305355072021484 3.471259355545044
v -4.856719017028809 7.351874828338623 3.453878879547119
v -4.899617671966553 7.3995184898376465 3.443368434906006
v -4.890542984008789 7.409596920013428 4.63633394241333
v -4.838676452636719 7.371913433074951 4.625823497772217
v -4.7880330085754395 7.335118770599365 4.608443260192871
v -4.739206790924072 7.299644470214844 4.5843963623046875
v -4.692770004272461 7.26590633392334 4.5539655685424805
v -4.649267196655273 7.234299659729004 4.517507076263428
v -4.609208583831787 7.205195426940918 4.4754486083984375
v -4.573063850402832 7.178934574127197 4.428282737731934
v -4.541256427764893 7.155825138092041 4.376563549041748
v -4.514159202575684 7.136137962341309 4.320896148681641
v -4.492090225219727 7.12010383605957 4.261934280395508
v -4.475307941436768 7.107911109924316 4.200368404388428
v -4.4640092849731445 7.099701881408691 4.13692045211792
v -4.458326816558838 7.095573425292969 4.0723347663879395
v -4.458326816558838 7.095573425292969 4.0073676109313965
v -4.4640092849731445 7.099701881408691 3.942781925201416
v -4.475307941436768 7.107911109924316 3.8793342113494873
v -4.492090225219727 7.12010383605957 3.8177683353424072
v -4.514159202575684 7.136137962341309 3.7588062286376953
v -4.541256427764893 7.155825138092041 3.703138828277588
v -4.573063850402832 7.178934574127197 3.6514194011688232
v -4.609208583831787 7.205195426940918 3.6042537689208984
v -4.649267196655273 7.234299659729004 3.562195301055908
v -4.692770004272461 7.26590633392334 3.5257368087768555
v -4.739206790924072 7.299644470214844 3.4953060150146484
v -4.7880330085754395 7.335118770599365 3.471259355545044
v -4.838676452636719 7.371913433074951 3.453878879547119
v -4.890542984008789 7.409596920013428 3.443368434906006
v -4.883762359619141 7.421341419219971 4.63633394241333
v -4.825193881988525 7.395265579223633 4.625823497772217
v -4.768007278442383 7.369804382324219 4.608443260192871
v -4.712872505187988 7.345256805419922 4.5843963623046875
v -4.660436153411865 7.321910381317139 4.5539655685424805
v -4.6113128662109375 7.300039291381836 4.517507076263428
v -4.566078186035156 7.279899597167969 4.4754486083984375
v -4.52526330947876 7.261727809906006 4.428282737731934
v -4.489346027374268 7.245736122131348 4.376563549041748
v -4.458747863769531 7.232113361358643 4.320896148681641
v -4.4338274002075195 7.221017837524414 4.261934280395508
v -4.414876937866211 7.212580680847168 4.200368404388428
v -4.402118682861328 7.206900119781494 4.13692045211792
v -4.395701885223389 7.204042911529541 4.0723347663879395
v -4.395701885223389 7.204042911529541 4.0073676109313965
v -4.402118682861328 7.206900119781494 3.942781925201416
v -4.414876937866211 7.212580680847168 3.8793342113494873
v -4.4338274002075195 7.221017837524414 3.8177683353424072
v -4.458747863769531 7.232113361358643 3.7588062286376953
v -4.489346027374268 7.245736122131348 3.703138828277588
v -4.52526330947876 7.261727809906006 3.6514194011688232
v -4.566078186035156 7.279899597167969 3.6042537689208984
v -4.6113128662109375 7.300039291381836 3.562195301055908
v -4.660436153411865 7.321910381317139 3.5257368087768555
v -4.712872505187988 7.345256805419922 3.4953060150146484
v -4.768007278442383 7.369804382324219 3.471259355545044
v -4.825193881988525 7.395265579223633 3.453878879547119
v -4.883762359619141 7.421341419219971 3.443368434906006
v -4.879571437835693 7.434239864349365 4.63633394241333
v -4.816861629486084 7.420910358428955 4.625823497772217
v -4.7556304931640625 7.407895088195801 4.608443260192871
v -4.696597099304199 7.3953471183776855 4.5843963623046875
v -4.6404523849487305 7.383413314819336 4.5539655685424805
v -4.587855339050293 7.3722333908081055 4.517507076263428
v -4.539422035217285 7.361938953399658 4.4754486083984375
v -4.495720863342285 7.352649688720703 4.428282737731934
v -4.457263946533203 7.344475269317627 4.376563549041748
v -4.424501895904541 7.3375115394592285 4.320896148681641
v -4.397819519042969 7.3318400382995605 4.261934280395508
v -4.377528667449951 7.327527046203613 4.200368404388428
v -4.36386775970459 7.3246235847473145 4.13692045211792
v -4.356997489929199 7.323163032531738 4.0723347663879395
v -4.356997489929199 7.323163032531738 4.0073676109313965
v -4.36386775970459 7.3246235847473145 3.942781925201416
v -4.377528667449951 7.327527046203613 3.8793342113494873
v -4.397819519042969 7.3318400382995605 3.8177683353424072
v -4.424501895904541 7.3375115394592285 3.7588062286376953
v -4.457263946533203 7.344475269317627 3.703138828277588
v -4.495720863342285 7.352649688720703 3.6514194011688232
v -4.539422035217285 7.361938953399658 3.6042537689208984
v -4.587855339050293 7.3722333908081055 3.562195301055908
v -4.6404523849487305 7.383413314819336 3.5257368087768555
v -4.696597099304199 7.3953471183776855 3.4953060150146484
v -4.7556304931640625 7.407895088195801 3.471259355545044
v -4.816861629486084 7.420910358428955 3.453878879547119
v -4.879571437835693 7.434239864349365 3.443368434906006
v -7.603676795959473 -5.105534076690674 2.550600528717041
v -7.603676795959473 -5.105534076690674 1.3506004810333252
v -7.5388054847717285 -5.105534076690674 2.5470833778381348
v -7.474694728851318 -5.105534076690674 2.5365729331970215
v -7.41209602355957 -5.105534076690674 2.5191924571990967
v -7.351743221282959 -5.105534076690674 2.495145797729492
v -7.294344425201416 -5.105534076690674 2.464714765548706
v -7.240572452545166 -5.105534076690674 2.4282562732696533
v -7.191057205200195 -5.105534076690674 2.386197805404663
v -7.146379470825195 -5.105534076690674 2.3390321731567383
v -7.107063293457031 -5.105534076690674 2.2873127460479736
v -7.0735697746276855 -5.105534076690674 2.2316455841064453
v -7.046290874481201 -5.105534076690674 2.1726834774017334
v -7.025547027587891 -5.105534076690674 2.1111176013946533
v -7.011580944061279 -5.105534076690674 2.0476696491241455
v -7.004556655883789 -5.105534076690674 1.9830838441848755
v -7.004556655883789 -5.105534076690674 1.9181171655654907
v -7.011580944061279 -5.105534076690674 1.8535313606262207
v -7.025547027587891 -5.105534076690674 1.7900835275650024
v -7.046290874481201 -5.105534076690674 1.7285176515579224
v -7.0735697746276855 -5.105534076690674 1.669555425643921
v -7.107063293457031 -5.105534076690674 1.6138882637023926
v -7.146379470825195 -5.105534076690674 1.5621687173843384
v -7.191057205200195 -5.105534076690674 1.5150032043457031
v -7.240572452545166 -5.105534076690674 1.472944736480713
v -7.294344425201416 -5.105534076690674 1.4364862442016602
v -7.351743221282959 -5.105534076690674 1.406055212020874
v -7.41209602355957 -5.105534076690674 1.3820085525512695
v -7.474694728851318 -5.105534076690674 1.3646281957626343
v -7.5388054847717285 -5.105534076690674 1.354117751121521
v -7.540223121643066 -5.092046737670898 2.5470833778381348
v -7.477513313293457 -5.078717231750488 2.5365729331970215
v -7.4162821769714355 -5.065701961517334 2.5191924571990967
v -7.357248783111572 -5.053153991699219 2.495145797729492
v -7.3011040687561035 -5.041220188140869 2.464714765548706
v -7.248507022857666 -5.030040264129639 2.4282562732696533
v -7.200073719024658 -5.019745826721191 2.386197805404663
v -7.156372547149658 -5.010456562042236 2.3390321731567383
v -7.117915630340576 -5.00228214263916 2.2873127460479736
v -7.085153579711914 -4.995318412780762 2.2316455841064453
v -7.058470726013184 -4.989646911621094 2.1726834774017334
v -7.038180351257324 -4.9853339195251465 2.1111176013946533
v -7.024519443511963 -4.982430458068848 2.0476696491241455
v -7.017648696899414 -4.9809699058532715 1.9830838441848755
v -7.017648696899414 -4.9809699058532715 1.9181171655654907
v -7.024519443511963 -4.982430458068848 1.8535313606262207
v -7.038180351257324 -4.9853339195251465 1.7900835275650024
v -7.058470726013184 -4.989646911621094 1.7285176515579224
v -7.085153579711914 -4.995318412780762 1.669555425643921
v -7.117915630340576 -5.00228214263916 1.6138882637023926
v -7.156372547149658 -5.010456562042236 1.5621687173843384
v -7.200073719024658 -5.019745826721191 1.5150032043457031
v -7.248507022857666 -5.030040264129639 1.472944736480713
v -7.3011040687561035 -5.041220188140869 1.4364862442016602
v -7.357248783111572 -5.053153991699219 1.406055212020874
v -7.4162821769714355 -5.065701961517334 1.3820085525512695
v -7.477513313293457 -5.078717231750488 1.3646281957626343
v -7.540223121643066 -5.092046737670898 1.354117751121521
v -7.544414043426514 -5.079148292541504 2.5470833778381348
v -7.485845565795898 -5.053072452545166 2.5365729331970215
v -7.428658962249756 -5.027611255645752 2.5191924571990967
v -7.373524188995361 -5.003063678741455 2.495145797729492
v -7.321087837219238 -4.979717254638672 2.464714765548706
v -7.271964073181152 -4.957846164703369 2.4282562732696533
v -7.226729869842529 -4.937706470489502 2.386197805404663
v -7.185914993286133 -4.919534683227539 2.3390321731567383
v -7.149997711181641 -4.903542995452881 2.2873127460479736
v -7.119399547576904 -4.889920234680176 2.2316455841064453
v -7.094479560852051 -4.878824710845947 2.1726834774017334
v -7.075528621673584 -4.870387554168701 2.1111176013946533
v -7.062770366668701 -4.864706993103027 2.0476696491241455
v -7.056353569030762 -4.861849784851074 1.9830838441848755
v -7.056353569030762 -4.861849784851074 1.9181171655654907
v -7.062770366668701 -4.864706993103027 1.8535313606262207
v -7.075528621673584 -4.870387554168701 1.7900835275650024
v -7.094479560852051 -4.878824710845947 1.7285176515579224
v -7.119399547576904 -4.889920234680176 1.669555425643921
v -7.149997711181641 -4.903542995452881 1.6138882637023926
v -7.185914993286133 -4.919534683227539 1.5621687173843384
v -7.226729869842529 -4.937706470489502 1.5150032043457031
v -7.271964073181152 -4.957846164703369 1.472944736480713
v -7.321087837219238 -4.979717254638672 1.4364862442016602
v -7.373524188995361 -5.003063678741455 1.406055212020874
v -7.428658962249756 -5.027611255645752 1.3820085525512695
v -7.485845565795898 -5.053072452545166 1.3646281957626343
v -7.544414043426514 -5.079148292541504 1.354117751121521
v -7.551194667816162 -5.067403793334961 2.5470833778381348
v -7.499328136444092 -5.029720306396484 2.5365729331970215
v -7.4486846923828125 -4.992925643920898 2.5191924571990967
v -7.399858474731445 -4.957451343536377 2.495145797729492
v -7.353421688079834 -4.923713207244873 2.464714765548706
v -7.3099188804626465 -4.892106533050537 2.4282562732696533
v -7.26986026763916 -4.863002300262451 2.386197805404663
v -7.233715534210205 -4.8367414474487305 2.3390321731567383
v -7.201908111572266 -4.813632011413574 2.2873127460479736
v -7.174810886383057 -4.793944835662842 2.2316455841064453
v -7.1527419090271 -4.7779107093811035 2.1726834774017334
v -7.135959625244141 -4.76571798324585 2.1111176013946533
v -7.124660968780518 -4.757508754730225 2.0476696491241455
v -7.118978500366211 -4.753380298614502 1.9830838441848755
v -7.118978500366211 -4.753380298614502 1.9181171655654907
v -7.124660968780518 -4.757508754730225 1.8535313606262207
v -7.135959625244141 -4.76571798324585 1.7900835275650024
v -7.1527419090271 -4.7779107093811035 1.7285176515579224
v -7.174810886383057 -4.793944835662842 1.669555425643921
v -7.201908111572266 -4.813632011413574 1.6138882637023926
v -7.233715534210205 -4.8367414474487305 1.5621687173843384
v -7.26986026763916 -4.863002300262451 1.5150032043457031
v -7.3099188804626465 -4.892106533050537 1.472944736480713
v -7.353421688079834 -4.923713207244873 1.4364862442016602
v -7.399858474731445 -4.957451343536377 1.406055212020874
v -7.4486846923828125 -4.992925643920898 1.3820085525512695
v -7.499328136444092 -5.029720306396484 1.3646281957626343
v -7.551194667816162 -5.067403793334961 1.354117751121521
v -7.560269355773926 -5.05732536315918 2.5470833778381348
v -7.517370700836182 -5.009681701660156 2.5365729331970215
v -7.4754838943481445 -4.963161468505859 2.5191924571990967
v -7.435100555419922 -4.91831111907959 2.495145797729492
v -7.396693229675293 -4.875655174255371 2.464714765548706
v -7.36071252822876 -4.835694789886475 2.4282562732696533
v -7.327580451965332 -4.798897743225098 2.386197805404663
v -7.297685146331787 -4.765696048736572 2.3390321731567383
v -7.2713775634765625 -4.736478328704834 2.2873127460479736
v -7.248965740203857 -4.711587429046631 2.2316455841064453
v -7.230712890625 -4.691315650939941 2.1726834774017334
v -7.216832160949707 -4.675899982452393 2.1111176013946533
v -7.207487106323242 -4.665521144866943 2.0476696491241455
v -7.202787399291992 -4.660301208496094 1.9830838441848755
v -7.202787399291992 -4.660301208496094 1.9181171655654907
v -7.207487106323242 -4.665521144866943 1.8535313606262207
v -7.216832160949707 -4.675899982452393 1.7900835275650024
v -7.230712890625 -4.691315650939941 1.7285176515579224
v -7.248965740203857 -4.711587429046631 1.669555425643921
v -7.2713775634765625 -4.736478328704834 1.6138882637023926
v -7.297685146331787 -4.765696048736572 1.5621687173843384
v -7.327580451965332 -4.798897743225098 1.5150032043457031
v -7.36071252822876 -4.835694789886475 1.472944736480713
v -7.396693229675293 -4.875655174255371 1.4364862442016602
v -7.435100555419922 -4.91831111907959 1.406055212020874
v -7.4754838943481445 -4.963161468505859 1.3820085525512695
v -7.517370700836182 -5.009681701660156 1.3646281957626343
v -7.560269355773926 -5.05732536315918 1.354117751121521
v -7.5712409019470215 -5.04935359954834 2.5470833778381348
v -7.539185523986816 -4.993832111358643 2.5365729331970215
v -7.5078864097595215 -4.939620018005371 2.5191924571990967
v -7.477710247039795 -4.887353420257568 2.495145797729492
v -7.449010848999023 -4.837644577026367 2.464714765548706
v -7.42212438583374 -4.791076183319092 2.4282562732696533
v -7.397367000579834 -4.748195171356201 2.386197805404663
v -7.375028133392334 -4.709503173828125 2.3390321731567383
v -7.355370044708252 -4.675454139709473 2.2873127460479736
v -7.338623046875 -4.646447658538818 2.2316455841064453
v -7.324983596801758 -4.622823715209961 2.1726834774017334
v -7.314611911773682 -4.604858875274658 2.1111176013946533
v -7.307628631591797 -4.592763900756836 2.0476696491241455
v -7.304116725921631 -4.586680889129639 1.9830838441848755
v -7.304116725921631 -4.586680889129639 1.9181171655654907
v -7.307628631591797 -4.592763900756836 1.8535313606262207
v -7.314611911773682 -4.604858875274658 1.7900835275650024
v -7.324983596801758 -4.622823715209961 1.7285176515579224
v -7.338623046875 -4.646447658538818 1.669555425643921
v -7.355370044708252 -4.675454139709473 1.6138882637023926
v -7.375028133392334 -4.709503173828125 1.5621687173843384
v -7.397367000579834 -4.748195171356201 1.5150032043457031
v -7.42212438583374 -4.791076183319092 1.472944736480713
v -7.449010848999023 -4.837644577026367 1.4364862442016602
v -7.477710247039795 -4.887353420257568 1.406055212020874
v -7.5078864097595215 -4.939620018005371 1.3820085525512695
v -7.539185523986816 -4.993832111358643 1.3646281957626343
v -7.5712409019470215 -5.04935359954834 1.354117751121521
v -7.583630561828613 -5.043837547302246 2.5470833778381348
v -7.56381893157959 -4.982864856719971 2.5365729331970215
v -7.544475078582764 -4.923329830169678 2.5191924571990967
v -7.525825023651123 -4.865931034088135 2.495145797729492
v -7.508087635040283 -4.811341762542725 2.464714765548706
v -7.491471290588379 -4.7602009773254395 2.4282562732696533
v -7.476170539855957 -4.713109493255615 2.386197805404663
v -7.462364196777344 -4.670618534088135 2.3390321731567383
v -7.450214862823486 -4.6332268714904785 2.2873127460479736
v -7.439864635467529 -4.601372241973877 2.2316455841064453
v -7.4314351081848145 -4.575428485870361 2.1726834774017334
v -7.42502498626709 -4.555699825286865 2.1111176013946533
v -7.420709133148193 -4.542417526245117 2.0476696491241455
v -7.418538570404053 -4.535737037658691 1.9830838441848755
v -7.418538570404053 -4.535737037658691 1.9181171655654907
v -7.420709133148193 -4.542417526245117 1.8535313606262207
v -7.42502498626709 -4.555699825286865 1.7900835275650024
v -7.4314351081848145 -4.575428485870361 1.7285176515579224
v -7.439864635467529 -4.601372241973877 1.669555425643921
v -7.450214862823486 -4.6332268714904785 1.6138882637023926
v -7.462364196777344 -4.670618534088135 1.5621687173843384
v -7.476170539855957 -4.713109493255615 1.5150032043457031
v -7.491471290588379 -4.7602009773254395 1.472944736480713
v -7.508087635040283 -4.811341762542725 1.4364862442016602
v -7.525825023651123 -4.865931034088135 1.406055212020874
v -7.544475078582764 -4.923329830169678 1.3820085525512695
v -7.56381893157959 -4.982864856719971 1.3646281957626343
v -7.583630561828613 -5.043837547302246 1.354117751121521
v -7.596895694732666 -5.041018009185791 2.5470833778381348
v -7.5901947021484375 -4.977258205413818 2.5365729331970215
v -7.583651065826416 -4.915002822875977 2.5191924571990967
v -7.577342510223389 -4.854980945587158 2.495145797729492
v -7.571342945098877 -4.797896385192871 2.464714765548706
v -7.5657219886779785 -4.744418621063232 2.4282562732696533
v -7.560546398162842 -4.695174694061279 2.386197805404663
v -7.5558762550354 -4.650742053985596 2.3390321731567383
v -7.551766395568848 -4.611640930175781 2.2873127460479736
v -7.54826545715332 -4.578330993652344 2.2316455841064453
v -7.545413970947266 -4.551201343536377 2.1726834774017334
v -7.543245792388916 -4.530570983886719 2.1111176013946533
v -7.541785717010498 -4.516681671142578 2.0476696491241455
v -7.541051864624023 -4.509696006774902 1.9830838441848755
v -7.541051864624023 -4.509696006774902 1.9181171655654907
v -7.541785717010498 -4.516681671142578 1.8535313606262207
v -7.543245792388916 -4.530570983886719 1.7900835275650024
v -7.545413970947266 -4.551201343536377 1.7285176515579224
v -7.54826545715332 -4.578330993652344 1.669555425643921
v -7.551766395568848 -4.611640930175781 1.6138882637023926
v -7.5558762550354 -4.650742053985596 1.5621687173843384
v -7.560546398162842 -4.695174694061279 1.5150032043457031
v -7.5657219886779785 -4.744418621063232 1.472944736480713
v -7.571342945098877 -4.797896385192871 1.4364862442016602
v -7.577342510223389 -4.854980945587158 1.406055212020874
v -7.583651065826416 -4.915002822875977 1.3820085525512695
v -7.5901947021484375 -4.977258205413818 1.3646281957626343
v -7.596895694732666 -5.041018009185791 1.354117751121521
v -7.610457897186279 -5.041018009185791 2.5470833778381348
v -7.617158889770508 -4.977258205413818 2.5365729331970215
v -7.623702526092529 -4.915002822875977 2.5191924571990967
v -7.630011081695557 -4.854980945587158 2.495145797729492
v -7.636010646820068 -4.797896385192871 2.464714765548706
v -7.641631603240967 -4.744418621063232 2.4282562732696533
v -7.6468071937561035 -4.695174694061279 2.386197805404663
v -7.651477336883545 -4.650742053985596 2.3390321731567383
v -7.655587196350098 -4.611640930175781 2.2873127460479736
v -7.659088134765625 -4.578330993652344 2.2316455841064453
v -7.66193962097168 -4.551201343536377 2.1726834774017334
v -7.664107799530029 -4.530570983886719 2.1111176013946533
v -7.665567874908447 -4.516681671142578 2.0476696491241455
v -7.666301727294922 -4.509696006774902 1.9830838441848755
v -7.666301727294922 -4.509696006774902 1.9181171655654907
v -7.665567874908447 -4.516681671142578 1.8535313606262207
v -7.664107799530029 -4.530570983886719 1.7900835275650024
v -7.66193962097168 -4.551201343536377 1.7285176515579224
v -7.659088134765625 -4.578330993652344 1.669555425643921
v -7.655587196350098 -4.611640930175781 1.6138882637023926
v -7.651477336883545 -4.650742053985596 1.5621687173843384
v -7.6468071937561035 -4.695174694061279 1.5150032043457031
v -7.641631603240967 -4.744418621063232 1.472944736480713
v -7.636010646820068 -4.797896385192871 1.4364862442016602
v -7.630011081695557 -4.854980945587158 1.406055212020874
v -7.623702526092529 -4.915002822875977 1.3820085525512695
v -7.617158889770508 -4.977258205413818 1.3646281957626343
v -7.610457897186279 -5.041018009185791 1.354117751121521
v -7.623723030090332 -5.043837547302246 2.5470833778381348
v -7.6435346603393555 -4.982864856719971 2.5365729331970215
v -7.662878513336182 -4.923329830169678 2.5191924571990967
v -7.681528568267822 -4.865931034088135 2.495145797729492
v -7.699265956878662 -4.811341762542725 2.464714765548706
v -7.715882301330566 -4.7602009773254395 2.4282562732696533
v -7.731183052062988 -4.713109493255615 2.386197805404663
v -7.744989395141602 -4.670618534088135 2.3390321731567383
v -7.757138729095459 -4.6332268714904785 2.2873127460479736
v -7.767488956451416 -4.601372241973877 2.2316455841064453
v -7.775918483734131 -4.575428485870361 2.1726834774017334
v -7.7823286056518555 -4.555699825286865 2.1111176013946533
v -7.786644458770752 -4.542417526245117 2.0476696491241455
v -7.788815021514893 -4.535737037658691 1.9830838441848755
v -7.788815021514893 -4.535737037658691 1.9181171655654907
v -7.786644458770752 -4.542417526245117 1.8535313606262207
v -7.7823286056518555 -4.555699825286865 1.7900835275650024
v -7.775918483734131 -4.575428485870361 1.7285176515579224
v -7.767488956451416 -4.601372241973877 1.669555425643921
v -7.757138729095459 -4.6332268714904785 1.6138882637023926
v -7.744989395141602 -4.670618534088135 1.5621687173843384
v -7.731183052062988 -4.713109493255615 1.5150032043457031
v -7.715882301330566 -4.7602009773254395 1.472944736480713
v -7.699265956878662 -4.811341762542725 1.4364862442016602
v -7.681528568267822 -4.865931034088135 1.406055212020874
v -7.662878513336182 -4.923329830169678 1.3820085525512695
v -7.6435346603393555 -4.982864856719971 1.3646281957626343
v -7.623723030090332 -5.043837547302246 1.354117751121521
v -7.636112689971924 -5.04935359954834 2.5470833778381348
v -7.668168067932129 -4.993832111358643 2.5365729331970215
v -7.699467182159424 -4.939620018005371 2.5191924571990967
v -7.72964334487915 -4.887353420257568 2.495145797729492
v -7.758342742919922 -4.837644577026367 2.464714765548706
v -7.785229206085205 -4.791076183319092 2.4282562732696533
v -7.809986591339111 -4.748195171356201 2.386197805404663
v -7.832325458526611 -4.709503173828125 2.3390321731567383
v -7.851983547210693 -4.675454139709473 2.2873127460479736
v -7.868730545043945 -4.646447658538818 2.2316455841064453
v -7.8823699951171875 -4.622823715209961 2.1726834774017334
v -7.892741680145264 -4.604858875274658 2.1111176013946533
v -7.899724960327148 -4.592763900756836 2.0476696491241455
v -7.9032368659973145 -4.586680889129639 1.9830838441848755
v -7.9032368659973145 -4.586680889129639 1.9181171655654907
v -7.899724960327148 -4.592763900756836 1.8535313606262207
v -7.892741680145264 -4.604858875274658 1.7900835275650024
v -7.8823699951171875 -4.622823715209961 1.7285176515579224
v -7.868730545043945 -4.646447658538818 1.669555425643921
v -7.851983547210693 -4.675454139709473 1.6138882637023926
v -7.832325458526611 -4.709503173828125 1.5621687173843384
v -7.809986591339111 -4.748195171356201 1.5150032043457031
v -7.785229206085205 -4.791076183319092 1.472944736480713
v -7.758342742919922 -4.837644577026367 1.4364862442016602
v -7.72964334487915 -4.887353420257568 1.406055212020874
v -7.699467182159424 -4.939620018005371 1.3820085525512695
v -7.668168067932129 -4.993832111358643 1.3646281957626343
v -7.636112689971924 -5.04935359954834 1.354117751121521
v -7.6470842361450195 -5.05732536315918 2.5470833778381348
v -7.689982891082764 -5.009681701660156 2.5365729331970215
v -7.731869697570801 -4.963161468505859 2.5191924571990967
v -7.772253036499023 -4.91831111907959 2.495145797729492
v -7.810660362243652 -4.875655174255371 2.464714765548706
v -7.8466410636901855 -4.835694789886475 2.4282562732696533
v -7.879773139953613 -4.798897743225098 2.386197805404663
v -7.909668445587158 -4.765696048736572 2.3390321731567383
v -7.935976028442383 -4.736478328704834 2.2873127460479736
v -7.958387851715088 -4.711587429046631 2.2316455841064453
v -7.976640701293945 -4.691315650939941 2.1726834774017334
v -7.990521430969238 -4.675899982452393 2.1111176013946533
v -7.999866485595703 -4.665521144866943 2.0476696491241455
v -8.004566192626953 -4.660301208496094 1.9830838441848755
v -8.004566192626953 -4.660301208496094 1.9181171655654907
v -7.999866485595703 -4.665521144866943 1.8535313606262207
v -7.990521430969238 -4.675899982452393 1.7900835275650024
v -7.976640701293945 -4.691315650939941 1.7285176515579224
v -7.958387851715088 -4.711587429046631 1.669555425643921
v -7.935976028442383 -4.736478328704834 1.6138882637023926
v -7.909668445587158 -4.765696048736572 1.5621687173843384
v -7.879773139953613 -4.798897743225098 1.5150032043457031
v -7.8466410636901855 -4.835694789886475 1.472944736480713
v -7.810660362243652 -4.875655174255371 1.4364862442016602
v -7.772253036499023 -4.91831111907959 1.406055212020874
v -7.731869697570801 -4.963161468505859 1.3820085525512695
v -7.689982891082764 -5.009681701660156 1.3646281957626343
v -7.6470842361450195 -5.05732536315918 1.354117751121521
v -7.656158924102783 -5.067403793334961 2.5470833778381348
v -7.7080254554748535 -5.029720306396484 2.5365729331970215
v -7.758668899536133 -4.992925643920898 2.5191924571990967
v -7.8074951171875 -4.957451343536377 2.495145797729492
v -7.853931903839111 -4.923713207244873 2.464714765548706
v -7.897434711456299 -4.892106533050537 2.4282562732696533
v -7.937493324279785 -4.863002300262451 2.386197805404663
v -7.97363805770874 -4.8367414474487305 2.3390321731567383
v -8.00544548034668 -4.813632011413574 2.2873127460479736
v -8.03254222869873 -4.793944835662842 2.2316455841064453
v -8.054611206054688 -4.7779107093811035 2.1726834774017334
v -8.071393966674805 -4.76571798324585 2.1111176013946533
v -8.08269214630127 -4.757508754730225 2.0476696491241455
v -8.088375091552734 -4.753380298614502 1.9830838441848755
v -8.088375091552734 -4.753380298614502 1.9181171655654907
v -8.08269214630127 -4.757508754730225 1.8535313606262207
v -8.071393966674805 -4.76571798324585 1.7900835275650024
v -8.054611206054688 -4.7779107093811035 1.7285176515579224
v -8.03254222869873 -4.793944835662842 1.669555425643921
v -8.00544548034668 -4.813632011413574 1.6138882637023926
v -7.97363805770874 -4.8367414474487305 1.5621687173843384
v -7.937493324279785 -4.863002300262451 1.5150032043457031
v -7.897434711456299 -4.892106533050537 1.472944736480713
v -7.853931903839111 -4.923713207244873 1.4364862442016602
v -7.8074951171875 -4.957451343536377 1.406055212020874
v -7.758668899536133 -4.992925643920898 1.3820085525512695
v -7.7080254554748535 -5.029720306396484 1.3646281957626343
v -7.656158924102783 -5.067403793334961 1.354117751121521
v -7.662939548492432 -5.079148292541504 2.5470833778381348
v -7.721508026123047 -5.053072452545166 2.5365729331970215
v -7.7786946296691895 -5.027611255645752 2.5191924571990967
v -7.833829402923584 -5.003063678741455 2.495145797729492
v -7.886265754699707 -4.979717254638672 2.464714765548706
v -7.935389518737793 -4.957846164703369 2.4282562732696533
v -7.980623722076416 -4.937706470489502 2.386197805404663
v -8.021438598632812 -4.919534683227539 2.3390321731567383
v -8.057355880737305 -4.903542995452881 2.2873127460479736
v -8.087953567504883 -4.889920234680176 2.2316455841064453
v -8.112874031066895 -4.878824710845947 2.1726834774017334
v -8.131824493408203 -4.870387554168701 2.1111176013946533
v -8.144583702087402 -4.864706993103027 2.0476696491241455
v -8.151000022888184 -4.861849784851074 1.9830838441848755
v -8.151000022888184 -4.861849784851074 1.9181171655654907
v -8.144583702087402 -4.864706993103027 1.8535313606262207
v -8.131824493408203 -4.870387554168701 1.7900835275650024
v -8.112874031066895 -4.878824710845947 1.7285176515579224
v -8.087953567504883 -4.889920234680176 1.669555425643921
v -8.057355880737305 -4.903542995452881 1.6138882637023926
v -8.021438598632812 -4.919534683227539 1.5621687173843384
v -7.980623722076416 -4.937706470489502 1.5150032043457031
v -7.935389518737793 -4.957846164703369 1.472944736480713
v -7.886265754699707 -4.979717254638672 1.4364862442016602
v -7.833829402923584 -5.003063678741455 1.406055212020874
v -7.7786946296691895 -5.027611255645752 1.3820085525512695
v -7.721508026123047 -5.053072452545166 1.3646281957626343
v -7.662939548492432 -5.079148292541504 1.354117751121521
v -7.667130470275879 -5.092046737670898 2.5470833778381348
v -7.729840278625488 -5.078717231750488 2.5365729331970215
v -7.79107141494751 -5.065701961517334 2.5191924571990967
v -7.850104808807373 -5.053153991699219 2.495145797729492
v -7.906249523162842 -5.041220188140869 2.464714765548706
v -7.958846569061279 -5.030040264129639 2.4282562732696533
v -8.007279396057129 -5.019745826721191 2.386197805404663
v -8.050980567932129 -5.010456562042236 2.3390321731567383
v -8.089438438415527 -5.00228214263916 2.2873127460479736
v -8.122200012207031 -4.995318412780762 2.2316455841064453
v -8.148882865905762 -4.989646911621094 2.1726834774017334
v -8.169173240661621 -4.9853339195251465 2.1111176013946533
v -8.182833671569824 -4.982430458068848 2.0476696491241455
v -8.189704895019531 -4.9809699058532715 1.9830838441848755
v -8.189704895019531 -4.9809699058532715 1.9181171655654907
v -8.182833671569824 -4.982430458068848 1.8535313606262207
v -8.169173240661621 -4.9853339195251465 1.7900835275650024
v -8.148882865905762 -4.989646911621094 1.7285176515579224
v -8.122200012207031 -4.995318412780762 1.669555425643921
v -8.089438438415527 -5.00228214263916 1.6138882637023926
v -8.050980567932129 -5.010456562042236 1.5621687173843384
v -8.007279396057129 -5.019745826721191 1.5150032043457031
v -7.958846569061279 -5.030040264129639 1.472944736480713
v -7.906249523162842 -5.041220188140869 1.4364862442016602
v -7.850104808807373 -5.053153991699219 1.406055212020874
v -7.79107141494751 -5.065701961517334 1.3820085525512695
v -7.729840278625488 -5.078717231750488 1.3646281957626343
v -7.667130470275879 -5.092046737670898 1.354117751121521
v -7.668548107147217 -5.105534076690674 2.5470833778381348
v -7.732658863067627 -5.105534076690674 2.5365729331970215
v -7.795257568359375 -5.105534076690674 2.5191924571990967
v -7.855610370635986 -5.105534076690674 2.495145797729492
v -7.913009166717529 -5.105534076690674 2.464714765548706
v -7.966781139373779 -5.105534076690674 2.4282562732696533
v -8.01629638671875 -5.105534076690674 2.386197805404663
v -8.06097412109375 -5.105534076690674 2.3390321731567383
v -8.100290298461914 -5.105534076690674 2.2873127460479736
v -8.133784294128418 -5.105534076690674 2.2316455841064453
v -8.161063194274902 -5.105534076690674 2.1726834774017334
v -8.181806564331055 -5.105534076690674 2.1111176013946533
v -8.195773124694824 -5.105534076690674 2.0476696491241455
v -8.202796936035156 -5.105534076690674 1.9830838441848755
v -8.202796936035156 -5.105534076690674 1.9181171655654907
v -8.195773124694824 -5.105534076690674 1.8535313606262207
v -8.181806564331055 -5.105534076690674 1.7900835275650024
v -8.161063194274902 -5.105534076690674 1.7285176515579224
v -8.133784294128418 -5.105534076690674 1.669555425643921
v -8.100290298461914 -5.105534076690674 1.6138882637023926
v -8.06097412109375 -5.105534076690674 1.5621687173843384
v -8.01629638671875 -5.105534076690674 1.5150032043457031
v -7.966781139373779 -5.105534076690674 1.472944736480713
v -7.913009166717529 -5.105534076690674 1.4364862442016602
v -7.855610370635986 -5.105534076690674 1.406055212020874
v -7.795257568359375 -5.105534076690674 1.3820085525512695
v -7.732658863067627 -5.105534076690674 1.3646281957626343
v -7.668548107147217 -5.105534076690674 1.354117751121521
v -7.667130470275879 -5.119021415710449 2.5470833778381348
v -7.729840278625488 -5.132350921630859 2.5365729331970215
v -7.79107141494751 -5.145366191864014 2.5191924571990967
v -7.850104808807373 -5.157914161682129 2.495145797729492
v -7.906249523162842 -5.1698479652404785 2.464714765548706
v -7.958846569061279 -5.181027889251709 2.4282562732696533
v -8.007279396057129 -5.191322326660156 2.386197805404663
v -8.050980567932129 -5.200611591339111 2.3390321731567383
v -8.089438438415527 -5.2087860107421875 2.2873127460479736
v -8.122200012207031 -5.215749740600586 2.2316455841064453
v -8.148882865905762 -5.221421241760254 2.1726834774017334
v -8.169173240661621 -5.225734233856201 2.1111176013946533
v -8.182833671569824 -5.2286376953125 2.0476696491241455
v -8.189704895019531 -5.230098247528076 1.9830838441848755
v -8.189704895019531 -5.230098247528076 1.9181171655654907
v -8.182833671569824 -5.2286376953125 1.8535313606262207
v -8.169173240661621 -5.225734233856201 1.7900835275650024
v -8.148882865905762 -5.221421241760254 1.7285176515579224
v -8.122200012207031 -5.215749740600586 1.669555425643921
v -8.089438438415527 -5.2087860107421875 1.6138882637023926
v -8.050980567932129 -5.200611591339111 1.5621687173843384
v -8.007279396057129 -5.191322326660156 1.5150032043457031
v -7.958846569061279 -5.181027889251709 1.472944736480713
v -7.906249523162842 -5.1698479652404785 1.4364862442016602
v -7.850104808807373 -5.157914161682129 1.406055212020874
v -7.79107141494751 -5.145366191864014 1.3820085525512695
v -7.729840278625488 -5.132350921630859 1.3646281957626343
v -7.667130470275879 -5.119021415710449 1.354117751121521
v -7.662939548492432 -5.131919860839844 2.5470833778381348
v -7.721508026123047 -5.157995700836182 2.5365729331970215
v -7.7786946296691895 -5.183456897735596 2.5191924571990967
v -7.833829402923584 -5.208004474639893 2.495145797729492
v -7.886265754699707 -5.231350898742676 2.464714765548706
v -7.935389518737793 -5.2532219886779785 2.4282562732696533
v -7.980623722076416 -5.273361682891846 2.386197805404663
v -8.021438598632812 -5.291533470153809 2.3390321731567383
v -8.057355880737305 -5.307525157928467 2.2873127460479736
v -8.087953567504883 -5.321147918701172 2.2316455841064453
v -8.112874031066895 -5.3322434425354 2.1726834774017334
v -8.131824493408203 -5.3406805992126465 2.1111176013946533
v -8.144583702087402 -5.34636116027832 2.0476696491241455
v -8.151000022888184 -5.349218368530273 1.9830838441848755
v -8.151000022888184 -5.349218368530273 1.9181171655654907
v -8.144583702087402 -5.34636116027832 1.8535313606262207
v -8.131824493408203 -5.3406805992126465 1.7900835275650024
v -8.112874031066895 -5.3322434425354 1.7285176515579224
v -8.087953567504883 -5.321147918701172 1.669555425643921
v -8.057355880737305 -5.307525157928467 1.6138882637023926
v -8.021438598632812 -5.291533470153809 1.5621687173843384
v -7.980623722076416 -5.273361682891846 1.5150032043457031
v -7.935389518737793 -5.2532219886779785 1.472944736480713
v -7.886265754699707 -5.231350898742676 1.4364862442016602
v -7.833829402923584 -5.208004474639893 1.406055212020874
v -7.7786946296691895 -5.183456897735596 1.3820085525512695
v -7.721508026123047 -5.157995700836182 1.3646281957626343
v -7.662939548492432 -5.131919860839844 1.354117751121521
v -7.656158924102783 -5.143664360046387 2.5470833778381348
v -7.7080254554748535 -5.181347846984863 2.5365729331970215
v -7.758668899536133 -5.218142509460449 2.5191924571990967
v -7.8074951171875 -5.253616809844971 2.495145797729492
v -7.853931903839111 -5.287354946136475 2.464714765548706
v -7.897434711456299 -5.3189616203308105 2.4282562732696533
v -7.937493324279785 -5.3480658531188965 2.386197805404663
v -7.97363805770874 -5.374326705932617 2.3390321731567383
v -8.00544548034668 -5.397436141967773 2.2873127460479736
v -8.03254222869873 -5.417123317718506 2.2316455841064453
v -8.054611206054688 -5.433157444000244 2.1726834774017334
v -8.071393966674805 -5.445350170135498 2.1111176013946533
v -8.08269214630127 -5.453559398651123 2.0476696491241455
v -8.088375091552734 -5.457687854766846 1.9830838441848755
v -8.088375091552734 -5.457687854766846 1.9181171655654907
v -8.08269214630127 -5.453559398651123 1.8535313606262207
v -8.071393966674805 -5.445350170135498 1.7900835275650024
v -8.054611206054688 -5.433157444000244 1.7285176515579224
v -8.03254222869873 -5.417123317718506 1.669555425643921
v -8.00544548034668 -5.397436141967773 1.6138882637023926
v -7.97363805770874 -5.374326705932617 1.5621687173843384
v -7.937493324279785 -5.3480658531188965 1.5150032043457031
v -7.897434711456299 -5.3189616203308105 1.472944736480713
v -7.853931903839111 -5.287354946136475 1.4364862442016602
v -7.8074951171875 -5.253616809844971 1.406055212020874
v -7.758668899536133 -5.218142509460449 1.3820085525512695
v -7.7080254554748535 -5.181347846984863 1.3646281957626343
v -7.656158924102783 -5.143664360046387 1.354117751121521
v -7.6470842361450195 -5.153742790222168 2.5470833778381348
v -7.689982891082764 -5.201386451721191 2.5365729331970215
v -7.731869697570801 -5.247906684875488 2.5191924571990967
v -7.772253036499023 -5.292757034301758 2.495145797729492
v -7.810660362243652 -5.335412979125977 2.464714765548706
v -7.8466410636901855 -5.375373363494873 2.4282562732696533
v -7.879773139953613 -5.41217041015625 2.386197805404663
v -7.909668445587158 -5.445372104644775 2.3390321731567383
v -7.935976028442383 -5.474589824676514 2.2873127460479736
v -7.958387851715088 -5.499480724334717 2.2316455841064453
v -7.976640701293945 -5.519752502441406 2.1726834774017334
v -7.990521430969238 -5.535168170928955 2.1111176013946533
v -7.999866485595703 -5.545547008514404 2.0476696491241455
v -8.004566192626953 -5.550766944885254 1.9830838441848755
v -8.004566192626953 -5.550766944885254 1.9181171655654907
v -7.999866485595703 -5.545547008514404 1.8535313606262207
v -7.990521430969238 -5.535168170928955 1.7900835275650024
v -7.976640701293945 -5.519752502441406 1.7285176515579224
v -7.958387851715088 -5.499480724334717 1.669555425643921
v -7.935976028442383 -5.474589824676514 1.6138882637023926
v -7.909668445587158 -5.445372104644775 1.5621687173843384
v -7.879773139953613 -5.41217041015625 1.5150032043457031
v -7.8466410636901855 -5.375373363494873 1.472944736480713
v -7.810660362243652 -5.335412979125977 1.4364862442016602
v -7.772253036499023 -5.292757034301758 1.406055212020874
v -7.731869697570801 -5.247906684875488 1.3820085525512695
v -7.689982891082764 -5.201386451721191 1.3646281957626343
v -7.6470842361450195 -5.153742790222168 1.354117751121521
v -7.636112689971924 -5.161714553833008 2.5470833778381348
v -7.668168067932129 -5.217236042022705 2.5365729331970215
v -7.699467182159424 -5.271448135375977 2.5191924571990967
v -7.72964334487915 -5.323714733123779 2.495145797729492
v -7.758342742919922 -5.3734235763549805 2.464714765548706
v -7.785229206085205 -5.419991970062256 2.4282562732696533
v -7.809986591339111 -5.4628729820251465 2.386197805404663
v -7.832325458526611 -5.501564979553223 2.3390321731567383
v -7.851983547210693 -5.535614013671875 2.2873127460479736
v -7.868730545043945 -5.564620494842529 2.2316455841064453
v -7.8823699951171875 -5.588244438171387 2.1726834774017334
v -7.892741680145264 -5.6062092781066895 2.1111176013946533
v -7.899724960327148 -5.618304252624512 2.0476696491241455
v -7.9032368659973145 -5.624387264251709 1.9830838441848755
v -7.9032368659973145 -5.624387264251709 1.9181171655654907
v -7.899724960327148 -5.618304252624512 1.8535313606262207
v -7.892741680145264 -5.6062092781066895 1.7900835275650024
v -7.8823699951171875 -5.588244438171387 1.7285176515579224
v -7.868730545043945 -5.564620494842529 1.669555425643921
v -7.851983547210693 -5.535614013671875 1.6138882637023926
v -7.832325458526611 -5.501564979553223 1.5621687173843384
v -7.809986591339111 -5.4628729820251465 1.5150032043457031
v -7.785229206085205 -5.419991970062256 1.472944736480713
v -7.758342742919922 -5.3734235763549805 1.4364862442016602
v -7.72964334487915 -5.323714733123779 1.406055212020874
v -7.699467182159424 -5.271448135375977 1.3820085525512695
v -7.668168067932129 -5.217236042022705 1.3646281957626343
v -7.636112689971924 -5.161714553833008 1.354117751121521
v -7.623723030090332 -5.167230606079102 2.5470833778381348
v -7.6435346603393555 -5.228203296661377 2.5365729331970215
v -7.662878513336182 -5.28773832321167 2.5191924571990967
v -7.681528568267822 -5.345137119293213 2.495145797729492
v -7.699265956878662 -5.399726390838623 2.464714765548706
v -7.715882301330566 -5.450867176055908 2.4282562732696533
v -7.731183052062988 -5.497958660125732 2.386197805404663
v -7.744989395141602 -5.540449619293213 2.3390321731567383
v -7.757138729095459 -5.577841281890869 2.2873127460479736
v -7.767488956451416 -5.609695911407471 2.2316455841064453
v -7.775918483734131 -5.635639667510986 2.1726834774017334
v -7.7823286056518555 -5.655368328094482 2.1111176013946533
v -7.786644458770752 -5.6686506271362305 2.0476696491241455
v -7.788815021514893 -5.675331115722656 1.9830838441848755
v -7.788815021514893 -5.675331115722656 1.9181171655654907
v -7.786644458770752 -5.6686506271362305 1.8535313606262207
v -7.7823286056518555 -5.655368328094482 1.7900835275650024
v -7.775918483734131 -5.635639667510986 1.7285176515579224
v -7.767488956451416 -5.609695911407471 1.669555425643921
v -7.757138729095459 -5.577841281890869 1.6138882637023926
v -7.744989395141602 -5.540449619293213 1.5621687173843384
v -7.731183052062988 -5.497958660125732 1.5150032043457031
v -7.715882301330566 -5.450867176055908 1.472944736480713
v -7.699265956878662 -5.399726390838623 1.4364862442016602
v -7.681528568267822 -5.345137119293213 1.406055212020874
v -7.662878513336182 -5.28773832321167 1.3820085525512695
v -7.6435346603393555 -5.228203296661377 1.3646281957626343
v -7.623723030090332 -5.167230606079102 1.354117751121521
v -7.610457897186279 -5.170050144195557 2.5470833778381348
v -7.617158889770508 -5.233809947967529 2.5365729331970215
v -7.623702526092529 -5.296065330505371 2.5191924571990967
v -7.630011081695557 -5.3560872077941895 2.495145797729492
v -7.636010646820068 -5.413171768188477 2.464714765548706
v -7.641631603240967 -5.466649532318115 2.4282562732696533
v -7.6468071937561035 -5.515893459320068 2.386197805404663
v -7.651477336883545 -5.560326099395752 2.3390321731567383
v -7.655587196350098 -5.599427223205566 2.2873127460479736
v -7.659088134765625 -5.632737159729004 2.2316455841064453
v -7.66193962097168 -5.659866809844971 2.1726834774017334
v -7.664107799530029 -5.680497169494629 2.1111176013946533
v -7.665567874908447 -5.6943864822387695 2.0476696491241455
v -7.666301727294922 -5.701372146606445 1.9830838441848755
v -7.666301727294922 -5.701372146606445 1.9181171655654907
v -7.665567874908447 -5.6943864822387695 1.8535313606262207
v -7.664107799530029 -5.680497169494629 1.7900835275650024
v -7.66193962097168 -5.659866809844971 1.7285176515579224
v -7.659088134765625 -5.632737159729004 1.669555425643921
v -7.655587196350098 -5.599427223205566 1.6138882637023926
v -7.651477336883545 -5.560326099395752 1.5621687173843384
v -7.6468071937561035 -5.515893459320068 1.5150032043457031
v -7.641631603240967 -5.466649532318115 1.472944736480713
v -7.636010646820068 -5.413171768188477 1.4364862442016602
v -7.630011081695557 -5.3560872077941895 1.406055212020874
v -7.623702526092529 -5.296065330505371 1.3820085525512695
v -7.617158889770508 -5.233809947967529 1.3646281957626343
v -7.610457897186279 -5.170050144195557 1.354117751121521
v -7.596895694732666 -5.170050144195557 2.5470833778381348
v -7.5901947021484375 -5.233809947967529 2.5365729331970215
v -7.583651065826416 -5.296065330505371 2.5191924571990967
v -7.577342510223389 -5.3560872077941895 2.495145797729492
v -7.571342945098877 -5.413171768188477 2.464714765548706
v -7.5657219886779785 -5.466649532318115 2.4282562732696533
v -7.560546398162842 -5.515893459320068 2.386197805404663
v -7.5558762550354 -5.560326099395752 2.3390321731567383
v -7.551766395568848 -5.599427223205566 2.2873127460479736
v -7.54826545715332 -5.632737159729004 2.2316455841064453
v -7.545413970947266 -5.659866809844971 2.1726834774017334
v -7.543245792388916 -5.680497169494629 2.1111176013946533
v -7.541785717010498 -5.6943864822387695 2.0476696491241455
v -7.541051864624023 -5.701372146606445 1.9830838441848755
v -7.541051864624023 -5.701372146606445 1.9181171655654907
v -7.541785717010498 -5.6943864822387695 1.8535313606262207
v -7.543245792388916 -5.680497169494629 1.7900835275650024
v -7.545413970947266 -5.659866809844971 1.7285176515579224
v -7.54826545715332 -5.632737159729004 1.669555425643921
v -7.551766395568848 -5.599427223205566 1.6138882637023926
v -7.5558762550354 -5.560326099395752 1.5621687173843384
v -7.560546398162842 -5.515893459320068 1.5150032043457031
v -7.5657219886779785 -5.466649532318115 1.472944736480713
v -7.571342945098877 -5.413171768188477 1.4364862442016602
v -7.577342510223389 -5.3560872077941895 1.406055212020874
v -7.583651065826416 -5.296065330505371 1.3820085525512695
v -7.5901947021484375 -5.233809947967529 1.3646281957626343
v -7.596895694732666 -5.170050144195557 1.354117751121521
v -7.583630561828613 -5.167230606079102 2.5470833778381348
v -7.56381893157959 -5.228203296661377 2.5365729331970215
v -7.544475078582764 -5.28773832321167 2.5191924571990967
v -7.525825023651123 -5.345137119293213 2.495145797729492
v -7.508087635040283 -5.399726390838623 2.464714765548706
v -7.491471290588379 -5.450867176055908 2.4282562732696533
v -7.476170539855957 -5.497958660125732 2.386197805404663
v -7.462364196777344 -5.540449619293213 2.3390321731567383
v -7.450214862823486 -5.577841281890869 2.2873127460479736
v -7.439864635467529 -5.609695911407471 2.2316455841064453
v -7.4314351081848145 -5.635639667510986 2.1726834774017334
v -7.42502498626709 -5.655368328094482 2.1111176013946533
v -7.420709133148193 -5.6686506271362305 2.0476696491241455
v -7.418538570404053 -5.675331115722656 1.9830838441848755
v -7.418538570404053 -5.675331115722656 1.9181171655654907
v -7.420709133148193 -5.6686506271362305 1.8535313606262207
v -7.42502498626709 -5.655368328094482 1.7900835275650024
v -7.4314351081848145 -5.635639667510986 1.7285176515579224
v -7.439864635467529 -5.609695911407471 1.669555425643921
v -7.450214862823486 -5.577841281890869 1.6138882637023926
v -7.462364196777344 -5.540449619293213 1.5621687173843384
v -7.476170539855957 -5.497958660125732 1.5150032043457031
v -7.491471290588379 -5.450867176055908 1.472944736480713
v -7.508087635040283 -5.399726390838623 1.4364862442016602
v -7.525825023651123 -5.345137119293213 1.406055212020874
v -7.544475078582764 -5.28773832321167 1.3820085525512695
v -7.56381893157959 -5.228203296661377 1.3646281957626343
v -7.583630561828613 -5.167230606079102 1.354117751121521
v -7.5712409019470215 -5.161714553833008 2.5470833778381348
v -7.539185523986816 -5.217236042022705 2.5365729331970215
v -7.5078864097595215 -5.271448135375977 2.5191924571990967
v -7.477710247039795 -5.323714733123779 2.495145797729492
v -7.449010848999023 -5.3734235763549805 2.464714765548706
v -7.42212438583374 -5.419991970062256 2.4282562732696533
v -7.397367000579834 -5.4628729820251465 2.386197805404663
v -7.375028133392334 -5.501564979553223 2.3390321731567383
v -7.355370044708252 -5.535614013671875 2.2873127460479736
v -7.338623046875 -5.564620494842529 2.2316455841064453
v -7.324983596801758 -5.588244438171387 2.1726834774017334
v -7.314611911773682 -5.6062092781066895 2.1111176013946533
v -7.307628631591797 -5.618304252624512 2.0476696491241455
v -7.304116725921631 -5.624387264251709 1.9830838441848755
v -7.304116725921631 -5.624387264251709 1.9181171655654907
v -7.307628631591797 -5.618304252624512 1.8535313606262207
v -7.314611911773682 -5.6062092781066895 1.7900835275650024
v -7.324983596801758 -5.588244438171387 1.7285176515579224
v -7.338623046875 -5.564620494842529 1.669555425643921
v -7.355370044708252 -5.535614013671875 1.6138882637023926
v -7.375028133392334 -5.501564979553223 1.5621687173843384
v -7.397367000579834 -5.4628729820251465 1.5150032043457031
v -7.42212438583374 -5.419991970062256 1.472944736480713
v -7.449010848999023 -5.3734235763549805 1.4364862442016602
v -7.477710247039795 -5.323714733123779 1.406055212020874
v -7.5078864097595215 -5.271448135375977 1.3820085525512695
v -7.539185523986816 -5.217236042022705 1.3646281957626343
v -7.5712409019470215 -5.161714553833008 1.354117751121521
v -7.560269355773926 -5.153742790222168 2.5470833778381348
v -7.517370700836182 -5.201386451721191 2.5365729331970215
v -7.4754838943481445 -5.247906684875488 2.5191924571990967
v -7.435100555419922 -5.292757034301758 2.495145797729492
v -7.396693229675293 -5.335412979125977 2.464714765548706
v -7.36071252822876 -5.375373363494873 2.4282562732696533
v -7.327580451965332 -5.41217041015625 2.386197805404663
v -7.297685146331787 -5.445372104644775 2.3390321731567383
v -7.2713775634765625 -5.474589824676514 2.2873127460479736
v -7.248965740203857 -5.499480724334717 2.2316455841064453
v -7.230712890625 -5.519752502441406 2.1726834774017334
v -7.216832160949707 -5.535168170928955 2.1111176013946533
v -7.207487106323242 -5.545547008514404 2.0476696491241455
v -7.202787399291992 -5.550766944885254 1.9830838441848755
v -7.202787399291992 -5.550766944885254 1.9181171655654907
v -7.207487106323242 -5.545547008514404 1.8535313606262207
v -7.216832160949707 -5.535168170928955 1.7900835275650024
v -7.230712890625 -5.519752502441406 1.7285176515579224
v -7.248965740203857 -5.499480724334717 1.669555425643921
v -7.2713775634765625 -5.474589824676514 1.6138882637023926
v -7.297685146331787 -5.445372104644775 1.5621687173843384
v -7.327580451965332 -5.41217041015625 1.5150032043457031
v -7.36071252822876 -5.375373363494873 1.472944736480713
v -7.396693229675293 -5.335412979125977 1.4364862442016602
v -7.435100555419922 -5.292757034301758 1.406055212020874
v -7.4754838943481445 -5.247906684875488 1.3820085525512695
v -7.517370700836182 -5.201386451721191 1.3646281957626343
v -7.560269355773926 -5.153742790222168 1.354117751121521
v -7.551194667816162 -5.143664360046387 2.5470833778381348
v -7.499328136444092 -5.181347846984863 2.5365729331970215
v -7.4486846923828125 -5.218142509460449 2.5191924571990967
v -7.399858474731445 -5.253616809844971 2.495145797729492
v -7.353421688079834 -5.287354946136475 2.464714765548706
v -7.3099188804626465 -5.3189616203308105 2.4282562732696533
v -7.26986026763916 -5.3480658531188965 2.386197805404663
v -7.233715534210205 -5.374326705932617 2.3390321731567383
v -7.201908111572266 -5.397436141967773 2.2873127460479736
v -7.174810886383057 -5.417123317718506 2.2316455841064453
v -7.1527419090271 -5.433157444000244 2.1726834774017334
v -7.135959625244141 -5.445350170135498 2.1111176013946533
v -7.124660968780518 -5.453559398651123 2.0476696491241455
v -7.118978500366211 -5.457687854766846 1.9830838441848755
v -7.118978500366211 -5.457687854766846 1.9181171655654907
v -7.124660968780518 -5.453559398651123 1.8535313606262207
v -7.135959625244141 -5.445350170135498 1.7900835275650024
v -7.1527419090271 -5.433157444000244 1.7285176515579224
v -7.174810886383057 -5.417123317718506 1.669555425643921
v -7.201908111572266 -5.397436141967773 1.6138882637023926
v -7.233715534210205 -5.374326705932617 1.5621687173843384
v -7.26986026763916 -5.3480658531188965 1.5150032043457031
v -7.3099188804626465 -5.3189616203308105 1.472944736480713
v -7.353421688079834 -5.287354946136475 1.4364862442016602
v -7.399858474731445 -5.253616809844971 1.406055212020874
v -7.4486846923828125 -5.218142509460449 1.3820085525512695
v -7.499328136444092 -5.181347846984863 1.3646281957626343
v -7.551194667816162 -5.143664360046387 1.354117751121521
v -7.544414043426514 -5.131919860839844 2.5470833778381348
v -7.485845565795898 -5.157995700836182 2.5365729331970215
v -7.428658962249756 -5.183456897735596 2.5191924571990967
v -7.373524188995361 -5.208004474639893 2.495145797729492
v -7.321087837219238 -5.231350898742676 2.464714765548706
v -7.271964073181152 -5.2532219886779785 2.4282562732696533
v -7.226729869842529 -5.273361682891846 2.386197805404663
v -7.185914993286133 -5.291533470153809 2.3390321731567383
v -7.149997711181641 -5.307525157928467 2.2873127460479736
v -7.119399547576904 -5.321147918701172 2.2316455841064453
v -7.094479560852051 -5.3322434425354 2.1726834774017334
v -7.075528621673584 -5.3406805992126465 2.1111176013946533
v -7.062770366668701 -5.34636116027832 2.0476696491241455
v -7.056353569030762 -5.349218368530273 1.9830838441848755
v -7.056353569030762 -5.349218368530273 1.9181171655654907
v -7.062770366668701 -5.34636116027832 1.8535313606262207
v -7.075528621673584 -5.3406805992126465 1.7900835275650024
v -7.094479560852051 -5.3322434425354 1.7285176515579224
v -7.119399547576904 -5.321147918701172 1.669555425643921
v -7.149997711181641 -5.307525157928467 1.6138882637023926
v -7.185914993286133 -5.291533470153809 1.5621687173843384
v -7.226729869842529 -5.273361682891846 1.5150032043457031
v -7.271964073181152 -5.2532219886779785 1.472944736480713
v -7.321087837219238 -5.231350898742676 1.4364862442016602
v -7.373524188995361 -5.208004474639893 1.406055212020874
v -7.428658962249756 -5.183456897735596 1.3820085525512695
v -7.485845565795898 -5.157995700836182 1.3646281957626343
v -7.544414043426514 -5.131919860839844 1.354117751121521
v -7.540223121643066 -5.119021415710449 2.5470833778381348
v -7.477513313293457 -5.132350921630859 2.5365729331970215
v -7.4162821769714355 -5.145366191864014 2.5191924571990967
v -7.357248783111572 -5.157914161682129 2.495145797729492
v -7.3011040687561035 -5.1698479652404785 2.464714765548706
v -7.248507022857666 -5.181027889251709 2.4282562732696533
v -7.200073719024658 -5.191322326660156 2.386197805404663
v -7.156372547149658 -5.200611591339111 2.3390321731567383
v -7.117915630340576 -5.2087860107421875 2.2873127460479736
v -7.085153579711914 -5.215749740600586 2.2316455841064453
v -7.058470726013184 -5.221421241760254 2.1726834774017334
v -7.038180351257324 -5.225734233856201 2.1111176013946533
v -7.024519443511963 -5.2286376953125 2.0476696491241455
v -7.017648696899414 -5.230098247528076 1.9830838441848755
v -7.017648696899414 -5.230098247528076 1.9181171655654907
v -7.024519443511963 -5.2286376953125 1.8535313606262207
v -7.038180351257324 -5.225734233856201 1.7900835275650024
v -7.058470726013184 -5.221421241760254 1.7285176515579224
v -7.085153579711914 -5.215749740600586 1.669555425643921
v -7.117915630340576 -5.2087860107421875 1.6138882637023926
v -7.156372547149658 -5.200611591339111 1.5621687173843384
v -7.200073719024658 -5.191322326660156 1.5150032043457031
v -7.248507022857666 -5.181027889251709 1.472944736480713
v -7.3011040687561035 -5.1698479652404785 1.4364862442016602
v -7.357248783111572 -5.157914161682129 1.406055212020874
v -7.4162821769714355 -5.145366191864014 1.3820085525512695
v -7.477513313293457 -5.132350921630859 1.3646281957626343
v -7.540223121643066 -5.119021415710449 1.354117751121521
v -7.832871437072754 6.925917625427246 0.7854169607162476
v -7.832871437072754 6.925917625427246 -0.41458308696746826
v -7.76800012588501 6.925917625427246 0.7818996906280518
v -7.7038893699646 6.925917625427246 0.7713892459869385
v -7.641290664672852 6.925917625427246 0.7540088295936584
v -7.58093786239624 6.925917625427246 0.729962170124054
v -7.523539066314697 6.925917625427246 0.6995312571525574
v -7.469767093658447 6.925917625427246 0.6630727648735046
v -7.420251846313477 6.925917625427246 0.6210142374038696
v -7.375574111938477 6.925917625427246 0.5738487243652344
v -7.3362579345703125 6.925917625427246 0.5221291780471802
v -7.302764415740967 6.925917625427246 0.46646201610565186
v -7.275485515594482 6.925917625427246 0.40749984979629517
v -7.254741668701172 6.925917625427246 0.3459339737892151
v -7.2407755851745605 6.925917625427246 0.2824861407279968
v -7.23375129699707 6.925917625427246 0.21790030598640442
v -7.23375129699707 6.925917625427246 0.15293359756469727
v -7.2407755851745605 6.925917625427246 0.08834775537252426
v -7.254741668701172 6.925917625427246 0.02489994466304779
v -7.275485515594482 6.925917625427246 -0.03666594624519348
v -7.302764415740967 6.925917625427246 -0.09562812745571136
v -7.3362579345703125 6.925917625427246 -0.15129528939723969
v -7.375574111938477 6.925917625427246 -0.2030148059129715
v -7.420251846313477 6.925917625427246 -0.25018036365509033
v -7.469767093658447 6.925917625427246 -0.29223889112472534
v -7.523539066314697 6.925917625427246 -0.3286973834037781
v -7.58093786239624 6.925917625427246 -0.35912829637527466
v -7.641290664672852 6.925917625427246 -0.38317495584487915
v -7.7038893699646 6.925917625427246 -0.4005553722381592
v -7.76800012588501 6.925917625427246 -0.41106581687927246
v -7.769417762756348 6.9394049644470215 0.7818996906280518
v -7.706707954406738 6.952734470367432 0.7713892459869385
v -7.645476818084717 6.965749740600586 0.7540088295936584
v -7.5864434242248535 6.978297710418701 0.729962170124054
v -7.530298709869385 6.990231513977051 0.6995312571525574
v -7.477701663970947 7.001411437988281 0.6630727648735046
v -7.4292683601379395 7.0117058753967285 0.6210142374038696
v -7.3855671882629395 7.020995140075684 0.5738487243652344
v -7.347110271453857 7.02916955947876 0.5221291780471802
v -7.314348220825195 7.036133289337158 0.46646201610565186
v -7.287665367126465 7.041804790496826 0.40749984979629517
v -7.2673749923706055 7.046117782592773 0.3459339737892151
v -7.253714084625244 7.049021244049072 0.2824861407279968
v -7.246843338012695 7.050481796264648 0.21790030598640442
v -7.246843338012695 7.050481796264648 0.15293359756469727
v -7.253714084625244 7.049021244049072 0.08834775537252426
v -7.2673749923706055 7.046117782592773 0.02489994466304779
v -7.287665367126465 7.041804790496826 -0.03666594624519348
v -7.314348220825195 7.036133289337158 -0.09562812745571136
v -7.347110271453857 7.02916955947876 -0.15129528939723969
v -7.3855671882629395 7.020995140075684 -0.2030148059129715
v -7.4292683601379395 7.0117058753967285 -0.25018036365509033
v -7.477701663970947 7.001411437988281 -0.29223889112472534
v -7.530298709869385 6.990231513977051 -0.3286973834037781
v -7.5864434242248535 6.978297710418701 -0.35912829637527466
v -7.645476818084717 6.965749740600586 -0.38317495584487915
v -7.706707954406738 6.952734470367432 -0.4005553722381592
v -7.769417762756348 6.9394049644470215 -0.41106581687927246
v -7.773608684539795 6.952303409576416 0.7818996906280518
v -7.71504020690918 6.978379249572754 0.7713892459869385
v -7.657853603363037 7.003840446472168 0.7540088295936584
v -7.602718830108643 7.028388023376465 0.729962170124054
v -7.5502824783325195 7.051734447479248 0.6995312571525574
v -7.501158714294434 7.073605537414551 0.6630727648735046
v -7.4559245109558105 7.093745231628418 0.6210142374038696
v -7.415109634399414 7.111917018890381 0.5738487243652344
v -7.379192352294922 7.127908706665039 0.5221291780471802
v -7.3485941886901855 7.141531467437744 0.46646201610565186
v -7.323674201965332 7.152626991271973 0.40749984979629517
v -7.304723262786865 7.161064147949219 0.3459339737892151
v -7.291965007781982 7.166744709014893 0.2824861407279968
v -7.285548210144043 7.169601917266846 0.21790030598640442
v -7.285548210144043 7.169601917266846 0.15293359756469727
v -7.291965007781982 7.166744709014893 0.08834775537252426
v -7.304723262786865 7.161064147949219 0.02489994466304779
v -7.323674201965332 7.152626991271973 -0.03666594624519348
v -7.3485941886901855 7.141531467437744 -0.09562812745571136
v -7.379192352294922 7.127908706665039 -0.15129528939723969
v -7.415109634399414 7.111917018890381 -0.2030148059129715
v -7.4559245109558105 7.093745231628418 -0.25018036365509033
v -7.501158714294434 7.073605537414551 -0.29223889112472534
v -7.5502824783325195 7.051734447479248 -0.3286973834037781
v -7.602718830108643 7.028388023376465 -0.35912829637527466
v -7.657853603363037 7.003840446472168 -0.38317495584487915
v -7.71504020690918 6.978379249572754 -0.4005553722381592
v -7.773608684539795 6.952303409576416 -0.41106581687927246
v -7.780389308929443 6.964047908782959 0.7818996906280518
v -7.728522777557373 7.0017313957214355 0.7713892459869385
v -7.677879333496094 7.0385260581970215 0.7540088295936584
v -7.629053115844727 7.074000358581543 0.729962170124054
v -7.582616329193115 7.107738494873047 0.6995312571525574
v -7.539113521575928 7.139345169067383 0.6630727648735046
v -7.499054908752441 7.168449401855469 0.6210142374038696
v -7.462910175323486 7.1947102546691895 0.5738487243652344
v -7.431102752685547 7.217819690704346 0.5221291780471802
v -7.404005527496338 7.237506866455078 0.46646201610565186
v -7.381936550140381 7.253540992736816 0.40749984979629517
v -7.365154266357422 7.26573371887207 0.3459339737892151
v -7.353855609893799 7.273942947387695 0.2824861407279968
v -7.348173141479492 7.278071403503418 0.21790030598640442
v -7.348173141479492 7.278071403503418 0.15293359756469727
v -7.353855609893799 7.273942947387695 0.08834775537252426
v -7.365154266357422 7.26573371887207 0.02489994466304779
v -7.381936550140381 7.253540992736816 -0.03666594624519348
v -7.404005527496338 7.237506866455078 -0.09562812745571136
v -7.431102752685547 7.217819690704346 -0.15129528939723969
v -7.462910175323486 7.1947102546691895 -0.2030148059129715
v -7.499054908752441 7.168449401855469 -0.25018036365509033
v -7.539113521575928 7.139345169067383 -0.29223889112472534
v -7.582616329193115 7.107738494873047 -0.3286973834037781
v -7.629053115844727 7.074000358581543 -0.35912829637527466
v -7.677879333496094 7.0385260581970215 -0.38317495584487915
v -7.728522777557373 7.0017313957214355 -0.4005553722381592
v -7.780389308929443 6.964047908782959 -0.41106581687927246
v -7.789463996887207 6.97412633895874 0.7818996906280518
v -7.746565341949463 7.021770000457764 0.7713892459869385
v -7.704678535461426 7.068289756774902 0.7540088295936584
v -7.664295196533203 7.11314058303833 0.729962170124054
v -7.625887870788574 7.155796527862549 0.6995312571525574
v -7.589907169342041 7.195756912231445 0.6630727648735046
v -7.556775093078613 7.232553958892822 0.6210142374038696
v -7.526879787445068 7.265755653381348 0.5738487243652344
v -7.500572204589844 7.294973373413086 0.5221291780471802
v -7.478160381317139 7.319864273071289 0.46646201610565186
v -7.459907531738281 7.3401360511779785 0.40749984979629517
v -7.446026802062988 7.355551719665527 0.3459339737892151
v -7.436681747436523 7.365930557250977 0.2824861407279968
v -7.431982040405273 7.371150493621826 0.21790030598640442
v -7.431982040405273 7.371150493621826 0.15293359756469727
v -7.436681747436523 7.365930557250977 0.08834775537252426
v -7.446026802062988 7.355551719665527 0.02489994466304779
v -7.459907531738281 7.3401360511779785 -0.03666594624519348
v -7.478160381317139 7.319864273071289 -0.09562812745571136
v -7.500572204589844 7.294973373413086 -0.15129528939723969
v -7.526879787445068 7.265755653381348 -0.2030148059129715
v -7.556775093078613 7.232553958892822 -0.25018036365509033
v -7.589907169342041 7.195756912231445 -0.29223889112472534
v -7.625887870788574 7.155796527862549 -0.3286973834037781
v -7.664295196533203 7.11314058303833 -0.35912829637527466
v -7.704678535461426 7.068289756774902 -0.38317495584487915
v -7.746565341949463 7.021770000457764 -0.4005553722381592
v -7.789463996887207 6.97412633895874 -0.41106581687927246
v -7.800435543060303 6.98209810256958 0.7818996906280518
v -7.768380165100098 7.037619590759277 0.7713892459869385
v -7.737081050872803 7.091831684112549 0.7540088295936584
v -7.706904888153076 7.144098281860352 0.729962170124054
v -7.678205490112305 7.193807125091553 0.6995312571525574
v -7.6513190269470215 7.240375518798828 0.6630727648735046
v -7.626561641693115 7.283256530761719 0.6210142374038696
v -7.604222774505615 7.321948528289795 0.5738487243652344
v -7.584564685821533 7.355997562408447 0.5221291780471802
v -7.567817687988281 7.385004043579102 0.46646201610565186
v -7.554178237915039 7.408627986907959 0.40749984979629517
v -7.543806552886963 7.426592826843262 0.3459339737892151
v -7.536823272705078 7.438687801361084 0.2824861407279968
v -7.533311367034912 7.444770812988281 0.21790030598640442
v -7.533311367034912 7.444770812988281 0.15293359756469727
v -7.536823272705078 7.438687801361084 0.08834775537252426
v -7.543806552886963 7.426592826843262 0.02489994466304779
v -7.554178237915039 7.408627986907959 -0.03666594624519348
v -7.567817687988281 7.385004043579102 -0.09562812745571136
v -7.584564685821533 7.355997562408447 -0.15129528939723969
v -7.604222774505615 7.321948528289795 -0.2030148059129715
v -7.626561641693115 7.283256530761719 -0.25018036365509033
v -7.6513190269470215 7.240375518798828 -0.29223889112472534
v -7.678205490112305 7.193807125091553 -0.3286973834037781
v -7.706904888153076 7.144098281860352 -0.35912829637527466
v -7.737081050872803 7.091831684112549 -0.38317495584487915
v -7.768380165100098 7.037619590759277 -0.4005553722381592
v -7.800435543060303 6.98209810256958 -0.41106581687927246
v -7.8128252029418945 6.987614154815674 0.7818996906280518
v -7.793013572692871 7.048586845397949 0.7713892459869385
v -7.773669719696045 7.108121871948242 0.7540088295936584
v -7.755019664764404 7.165520668029785 0.729962170124054
v -7.7372822761535645 7.220109939575195 0.6995312571525574
v -7.72066593170166 7.2712507247924805 0.6630727648735046
v -7.705365180969238 7.318342208862305 0.6210142374038696
v -7.691558837890625 7.360833168029785 0.5738487243652344
v -7.679409503936768 7.398224830627441 0.5221291780471802
v -7.6690592765808105 7.430079460144043 0.46646201610565186
v -7.660629749298096 7.456023216247559 0.40749984979629517
v -7.654219627380371 7.475751876831055 0.3459339737892151
v -7.649903774261475 7.489034175872803 0.2824861407279968
v -7.647733211517334 7.4957146644592285 0.21790030598640442
v -7.647733211517334 7.4957146644592285 0.15293359756469727
v -7.649903774261475 7.489034175872803 0.08834775537252426
v -7.654219627380371 7.475751876831055 0.02489994466304779
v -7.660629749298096 7.456023216247559 -0.03666594624519348
v -7.6690592765808105 7.430079460144043 -0.09562812745571136
v -7.679409503936768 7.398224830627441 -0.15129528939723969
v -7.691558837890625 7.360833168029785 -0.2030148059129715
v -7.705365180969238 7.318342208862305 -0.25018036365509033
v -7.72066593170166 7.2712507247924805 -0.29223889112472534
v -7.7372822761535645 7.220109939575195 -0.3286973834037781
v -7.755019664764404 7.165520668029785 -0.35912829637527466
v -7.773669719696045 7.108121871948242 -0.38317495584487915
v -7.793013572692871 7.048586845397949 -0.4005553722381592
v -7.8128252029418945 6.987614154815674 -0.41106581687927246
v -7.826090335845947 6.990433692932129 0.7818996906280518
v -7.819389343261719 7.054193496704102 0.7713892459869385
v -7.812845706939697 7.116448879241943 0.7540088295936584
v -7.80653715133667 7.176470756530762 0.729962170124054
v -7.800537586212158 7.233555316925049 0.6995312571525574
v -7.79491662979126 7.2870330810546875 0.6630727648735046
v -7.789741039276123 7.336277008056641 0.6210142374038696
v -7.785070896148682 7.380709648132324 0.5738487243652344
v -7.780961036682129 7.4198102951049805 0.5221291780471802
v -7.777460098266602 7.453120708465576 0.46646201610565186
v -7.774608612060547 7.480250358581543 0.40749984979629517
v -7.772440433502197 7.500880718231201 0.3459339737892151
v -7.770980358123779 7.514770030975342 0.2824861407279968
v -7.770246505737305 7.521755695343018 0.21790030598640442
v -7.770246505737305 7.521755695343018 0.15293359756469727
v -7.770980358123779 7.514770030975342 0.08834775537252426
v -7.772440433502197 7.500880718231201 0.02489994466304779
v -7.774608612060547 7.480250358581543 -0.03666594624519348
v -7.777460098266602 7.453120708465576 -0.09562812745571136
v -7.780961036682129 7.4198102951049805 -0.15129528939723969
v -7.785070896148682 7.380709648132324 -0.2030148059129715
v -7.789741039276123 7.336277008056641 -0.25018036365509033
v -7.79491662979126 7.2870330810546875 -0.29223889112472534
v -7.800537586212158 7.233555316925049 -0.3286973834037781
v -7.80653715133667 7.176470756530762 -0.35912829637527466
v -7.812845706939697 7.116448879241943 -0.38317495584487915
v -7.819389343261719 7.054193496704102 -0.4005553722381592
v -7.826090335845947 6.990433692932129 -0.41106581687927246
v -7.8396525382995605 6.990433692932129 0.7818996906280518
v -7.846353530883789 7.054193496704102 0.7713892459869385
v -7.8528971672058105 7.116448879241943 0.7540088295936584
v -7.859205722808838 7.176470756530762 0.729962170124054
v -7.86520528793335 7.233555316925049 0.6995312571525574
v -7.870826244354248 7.2870330810546875 0.6630727648735046
v -7.876001834869385 7.336277008056641 0.6210142374038696
v -7.880671977996826 7.380709648132324 0.5738487243652344
v -7.884781837463379 7.4198102951049805 0.5221291780471802
v -7.888282775878906 7.453120708465576 0.46646201610565186
v -7.891134262084961 7.480250358581543 0.40749984979629517
v -7.8933024406433105 7.500880718231201 0.3459339737892151
v -7.8947625160217285 7.514770030975342 0.2824861407279968
v -7.895496368408203 7.521755695343018 0.21790030598640442
v -7.895496368408203 7.521755695343018 0.15293359756469727
v -7.8947625160217285 7.514770030975342 0.08834775537252426
v -7.8933024406433105 7.500880718231201 0.02489994466304779
v -7.891134262084961 7.480250358581543 -0.03666594624519348
v -7.888282775878906 7.453120708465576 -0.09562812745571136
v -7.884781837463379 7.4198102951049805 -0.15129528939723969
v -7.880671977996826 7.380709648132324 -0.2030148059129715
v -7.876001834869385 7.336277008056641 -0.25018036365509033
v -7.870826244354248 7.2870330810546875 -0.29223889112472534
v -7.86520528793335 7.233555316925049 -0.3286973834037781
v -7.859205722808838 7.176470756530762 -0.35912829637527466
v -7.8528971672058105 7.116448879241943 -0.38317495584487915
v -7.846353530883789 7.054193496704102 -0.4005553722381592
v -7.8396525382995605 6.990433692932129 -0.41106581687927246
v -7.852917671203613 6.987614154815674 0.7818996906280518
v -7.872729301452637 7.048586845397949 0.7713892459869385
v -7.892073154449463 7.108121871948242 0.7540088295936584
v -7.9107232093811035 7.165520668029785 0.729962170124054
v -7.928460597991943 7.220109939575195 0.6995312571525574
v -7.945076942443848 7.2712507247924805 0.6630727648735046
v -7.9603776931762695 7.318342208862305 0.6210142374038696
v -7.974184036254883 7.360833168029785 0.5738487243652344
v -7.98633337020874 7.398224830627441 0.5221291780471802
v -7.996683597564697 7.430079460144043 0.46646201610565186
v -8.00511360168457 7.456023216247559 0.40749984979629517
v -8.011523246765137 7.475751876831055 0.3459339737892151
v -8.015839576721191 7.489034175872803 0.2824861407279968
v -8.018010139465332 7.4957146644592285 0.21790030598640442
v -8.018010139465332 7.4957146644592285 0.15293359756469727
v -8.015839576721191 7.489034175872803 0.08834775537252426
v -8.011523246765137 7.475751876831055 0.02489994466304779
v -8.00511360168457 7.456023216247559 -0.03666594624519348
v -7.996683597564697 7.430079460144043 -0.09562812745571136
v -7.98633337020874 7.398224830627441 -0.15129528939723969
v -7.974184036254883 7.360833168029785 -0.2030148059129715
v -7.9603776931762695 7.318342208862305 -0.25018036365509033
v -7.945076942443848 7.2712507247924805 -0.29223889112472534
v -7.928460597991943 7.220109939575195 -0.3286973834037781
v -7.9107232093811035 7.165520668029785 -0.35912829637527466
v -7.892073154449463 7.108121871948242 -0.38317495584487915
v -7.872729301452637 7.048586845397949 -0.4005553722381592
v -7.852917671203613 6.987614154815674 -0.41106581687927246
v -7.865307331085205 6.98209810256958 0.7818996906280518
v -7.89736270904541 7.037619590759277 0.7713892459869385
v -7.928661823272705 7.091831684112549 0.7540088295936584
v -7.958837985992432 7.144098281860352 0.729962170124054
v -7.987537384033203 7.193807125091553 0.6995312571525574
v -8.014423370361328 7.240375518798828 0.6630727648735046
v -8.03918170928955 7.283256530761719 0.6210142374038696
v -8.061519622802734 7.321948528289795 0.5738487243652344
v -8.081177711486816 7.355997562408447 0.5221291780471802
v -8.097925186157227 7.385004043579102 0.46646201610565186
v -8.111564636230469 7.408627986907959 0.40749984979629517
v -8.121936798095703 7.426592826843262 0.3459339737892151
v -8.12891960144043 7.438687801361084 0.2824861407279968
v -8.132431030273438 7.444770812988281 0.21790030598640442
v -8.132431030273438 7.444770812988281 0.15293359756469727
v -8.12891960144043 7.438687801361084 0.08834775537252426
v -8.121936798095703 7.426592826843262 0.02489994466304779
v -8.111564636230469 7.408627986907959 -0.03666594624519348
v -8.097925186157227 7.385004043579102 -0.09562812745571136
v -8.081177711486816 7.355997562408447 -0.15129528939723969
v -8.061519622802734 7.321948528289795 -0.2030148059129715
v -8.03918170928955 7.283256530761719 -0.25018036365509033
v -8.014423370361328 7.240375518798828 -0.29223889112472534
v -7.987537384033203 7.193807125091553 -0.3286973834037781
v -7.958837985992432 7.144098281860352 -0.35912829637527466
v -7.928661823272705 7.091831684112549 -0.38317495584487915
v -7.89736270904541 7.037619590759277 -0.4005553722381592
v -7.865307331085205 6.98209810256958 -0.41106581687927246
v -7.876278877258301 6.97412633895874 0.7818996906280518
v -7.919177532196045 7.021770000457764 0.7713892459869385
v -7.961064338684082 7.068289756774902 0.7540088295936584
v -8.001447677612305 7.11314058303833 0.729962170124054
v -8.039855003356934 7.155796527862549 0.6995312571525574
v -8.075836181640625 7.195756912231445 0.6630727648735046
v -8.108967781066895 7.232553958892822 0.6210142374038696
v -8.138862609863281 7.265755653381348 0.5738487243652344
v -8.165170669555664 7.294973373413086 0.5221291780471802
v -8.187582015991211 7.319864273071289 0.46646201610565186
v -8.205835342407227 7.3401360511779785 0.40749984979629517
v -8.21971607208252 7.355551719665527 0.3459339737892151
v -8.229061126708984 7.365930557250977 0.2824861407279968
v -8.233760833740234 7.371150493621826 0.21790030598640442
v -8.233760833740234 7.371150493621826 0.15293359756469727
v -8.229061126708984 7.365930557250977 0.08834775537252426
v -8.21971607208252 7.355551719665527 0.02489994466304779
v -8.205835342407227 7.3401360511779785 -0.03666594624519348
v -8.187582015991211 7.319864273071289 -0.09562812745571136
v -8.165170669555664 7.294973373413086 -0.15129528939723969
v -8.138862609863281 7.265755653381348 -0.2030148059129715
v -8.108967781066895 7.232553958892822 -0.25018036365509033
v -8.075836181640625 7.195756912231445 -0.29223889112472534
v -8.039855003356934 7.155796527862549 -0.3286973834037781
v -8.001447677612305 7.11314058303833 -0.35912829637527466
v -7.961064338684082 7.068289756774902 -0.38317495584487915
v -7.919177532196045 7.021770000457764 -0.4005553722381592
v -7.876278877258301 6.97412633895874 -0.41106581687927246
v -7.8853535652160645 6.964047908782959 0.7818996906280518
v -7.937220096588135 7.0017313957214355 0.7713892459869385
v -7.987863540649414 7.0385260581970215 0.7540088295936584
v -8.036689758300781 7.074000358581543 0.729962170124054
v -8.083126068115234 7.107738494873047 0.6995312571525574
v -8.126628875732422 7.139345169067383 0.6630727648735046
v -8.166687965393066 7.168449401855469 0.6210142374038696
v -8.202832221984863 7.1947102546691895 0.5738487243652344
v -8.234640121459961 7.217819690704346 0.5221291780471802
v -8.261736869812012 7.237506866455078 0.46646201610565186
v -8.283805847167969 7.253540992736816 0.40749984979629517
v -8.300588607788086 7.26573371887207 0.3459339737892151
v -8.31188678741455 7.273942947387695 0.2824861407279968
v -8.317569732666016 7.278071403503418 0.21790030598640442
v -8.317569732666016 7.278071403503418 0.15293359756469727
v -8.31188678741455 7.273942947387695 0.08834775537252426
v -8.300588607788086 7.26573371887207 0.02489994466304779
v -8.283805847167969 7.253540992736816 -0.03666594624519348
v -8.261736869812012 7.237506866455078 -0.09562812745571136
v -8.234640121459961 7.217819690704346 -0.15129528939723969
v -8.202832221984863 7.1947102546691895 -0.2030148059129715
v -8.166687965393066 7.168449401855469 -0.25018036365509033
v -8.126628875732422 7.139345169067383 -0.29223889112472534
v -8.083126068115234 7.107738494873047 -0.3286973834037781
v -8.036689758300781 7.074000358581543 -0.35912829637527466
v -7.987863540649414 7.0385260581970215 -0.38317495584487915
v -7.937220096588135 7.0017313957214355 -0.4005553722381592
v -7.8853535652160645 6.964047908782959 -0.41106581687927246
v -7.892134189605713 6.952303409576416 0.7818996906280518
v -7.950702667236328 6.978379249572754 0.7713892459869385
v -8.007889747619629 7.003840446472168 0.7540088295936584
v -8.063024520874023 7.028388023376465 0.729962170124054
v -8.115460395812988 7.051734447479248 0.6995312571525574
v -8.164584159851074 7.073605537414551 0.6630727648735046
v -8.209817886352539 7.093745231628418 0.6210142374038696
v -8.250633239746094 7.111917018890381 0.5738487243652344
v -8.286550521850586 7.127908706665039 0.5221291780471802
v -8.317148208618164 7.141531467437744 0.46646201610565186
v -8.342068672180176 7.152626991271973 0.40749984979629517
v -8.361019134521484 7.161064147949219 0.3459339737892151
v -8.373778343200684 7.166744709014893 0.2824861407279968
v -8.380194664001465 7.169601917266846 0.21790030598640442
v -8.380194664001465 7.169601917266846 0.15293359756469727
v -8.373778343200684 7.166744709014893 0.08834775537252426
v -8.361019134521484 7.161064147949219 0.02489994466304779
v -8.342068672180176 7.152626991271973 -0.03666594624519348
v -8.317148208618164 7.141531467437744 -0.09562812745571136
v -8.286550521850586 7.127908706665039 -0.15129528939723969
v -8.250633239746094 7.111917018890381 -0.2030148059129715
v -8.209817886352539 7.093745231628418 -0.25018036365509033
v -8.164584159851074 7.073605537414551 -0.29223889112472534
v -8.115460395812988 7.051734447479248 -0.3286973834037781
v -8.063024520874023 7.028388023376465 -0.35912829637527466
v -8.007889747619629 7.003840446472168 -0.38317495584487915
v -7.950702667236328 6.978379249572754 -0.4005553722381592
v -7.892134189605713 6.952303409576416 -0.41106581687927246
v -7.89632511138916 6.9394049644470215 0.7818996906280518
v -7.9590349197387695 6.952734470367432 0.7713892459869385
v -8.020265579223633 6.965749740600586 0.7540088295936584
v -8.079299926757812 6.978297710418701 0.729962170124054
v -8.135443687438965 6.990231513977051 0.6995312571525574
v -8.188041687011719 7.001411437988281 0.6630727648735046
v -8.23647403717041 7.0117058753967285 0.6210142374038696
v -8.28017520904541 7.020995140075684 0.5738487243652344
v -8.318633079528809 7.02916955947876 0.5221291780471802
v -8.351394653320312 7.036133289337158 0.46646201610565186
v -8.378077507019043 7.041804790496826 0.40749984979629517
v -8.398367881774902 7.046117782592773 0.3459339737892151
v -8.412028312683105 7.049021244049072 0.2824861407279968
v -8.418899536132812 7.050481796264648 0.21790030598640442
v -8.418899536132812 7.050481796264648 0.15293359756469727
v -8.412028312683105 7.049021244049072 0.08834775537252426
v -8.398367881774902 7.046117782592773 0.02489994466304779
v -8.378077507019043 7.041804790496826 -0.03666594624519348
v -8.351394653320312 7.036133289337158 -0.09562812745571136
v -8.318633079528809 7.02916955947876 -0.15129528939723969
v -8.28017520904541 7.020995140075684 -0.2030148059129715
v -8.23647403717041 7.0117058753967285 -0.25018036365509033
v -8.188041687011719 7.001411437988281 -0.29223889112472534
v -8.135443687438965 6.990231513977051 -0.3286973834037781
v -8.079299926757812 6.978297710418701 -0.35912829637527466
v -8.020265579223633 6.965749740600586 -0.38317495584487915
v -7.9590349197387695 6.952734470367432 -0.4005553722381592
v -7.89632511138916 6.9394049644470215 -0.41106581687927246
v -7.897742748260498 6.925917625427246 0.7818996906280518
v -7.961853504180908 6.925917625427246 0.7713892459869385
v -8.024452209472656 6.925917625427246 0.7540088295936584
v -8.08480453491211 6.925917625427246 0.729962170124054
v -8.142203330993652 6.925917625427246 0.6995312571525574
v -8.195976257324219 6.925917625427246 0.6630727648735046
v -8.245491027832031 6.925917625427246 0.6210142374038696
v -8.290168762207031 6.925917625427246 0.5738487243652344
v -8.329484939575195 6.925917625427246 0.5221291780471802
v -8.3629789352417 6.925917625427246 0.46646201610565186
v -8.390257835388184 6.925917625427246 0.40749984979629517
v -8.411001205444336 6.925917625427246 0.3459339737892151
v -8.424967765808105 6.925917625427246 0.2824861407279968
v -8.431991577148438 6.925917625427246 0.21790030598640442
v -8.431991577148438 6.925917625427246 0.15293359756469727
v -8.424967765808105 6.925917625427246 0.08834775537252426
v -8.411001205444336 6.925917625427246 0.02489994466304779
v -8.390257835388184 6.925917625427246 -0.03666594624519348
v -8.3629789352417 6.925917625427246 -0.09562812745571136
v -8.329484939575195 6.925917625427246 -0.15129528939723969
v -8.290168762207031 6.925917625427246 -0.2030148059129715
v -8.245491027832031 6.925917625427246 -0.25018036365509033
v -8.195976257324219 6.925917625427246 -0.29223889112472534
v -8.142203330993652 6.925917625427246 -0.3286973834037781
v -8.08480453491211 6.925917625427246 -0.35912829637527466
v -8.024452209472656 6.925917625427246 -0.38317495584487915
v -7.961853504180908 6.925917625427246 -0.4005553722381592
v -7.897742748260498 6.925917625427246 -0.41106581687927246
v -7.89632511138916 6.912430286407471 0.7818996906280518
v -7.9590349197387695 6.8991007804870605 0.7713892459869385
v -8.020265579223633 6.886085510253906 0.7540088295936584
v -8.079299926757812 6.873537540435791 0.729962170124054
v -8.135443687438965 6.861603736877441 0.6995312571525574
v -8.188041687011719 6.850423812866211 0.6630727648735046
v -8.23647403717041 6.840129375457764 0.6210142374038696
v -8.28017520904541 6.830840110778809 0.5738487243652344
v -8.318633079528809 6.822665691375732 0.5221291780471802
v -8.351394653320312 6.815701961517334 0.46646201610565186
v -8.378077507019043 6.810030460357666 0.40749984979629517
v -8.398367881774902 6.805717468261719 0.3459339737892151
v -8.412028312683105 6.80281400680542 0.2824861407279968
v -8.418899536132812 6.801353454589844 0.21790030598640442
v -8.418899536132812 6.801353454589844 0.15293359756469727
v -8.412028312683105 6.80281400680542 0.08834775537252426
v -8.398367881774902 6.805717468261719 0.02489994466304779
v -8.378077507019043 6.810030460357666 -0.03666594624519348
v -8.351394653320312 6.815701961517334 -0.09562812745571136
v -8.318633079528809 6.822665691375732 -0.15129528939723969
v -8.28017520904541 6.830840110778809 -0.2030148059129715
v -8.23647403717041 6.840129375457764 -0.25018036365509033
v -8.188041687011719 6.850423812866211 -0.29223889112472534
v -8.135443687438965 6.861603736877441 -0.3286973834037781
v -8.079299926757812 6.873537540435791 -0.35912829637527466
v -8.020265579223633 6.886085510253906 -0.38317495584487915
v -7.9590349197387695 6.8991007804870605 -0.4005553722381592
v -7.89632511138916 6.912430286407471 -0.41106581687927246
v -7.892134189605713 6.899531841278076 0.7818996906280518
v -7.950702667236328 6.873456001281738 0.7713892459869385
v -8.007889747619629 6.847994804382324 0.7540088295936584
v -8.063024520874023 6.823447227478027 0.729962170124054
v -8.115460395812988 6.800100803375244 0.6995312571525574
v -8.164584159851074 6.778229713439941 0.6630727648735046
v -8.209817886352539 6.758090019226074 0.6210142374038696
v -8.250633239746094 6.739918231964111 0.5738487243652344
v -8.286550521850586 6.723926544189453 0.5221291780471802
v -8.317148208618164 6.710303783416748 0.46646201610565186
v -8.342068672180176 6.6992082595825195 0.40749984979629517
v -8.361019134521484 6.690771102905273 0.3459339737892151
v -8.373778343200684 6.6850905418396 0.2824861407279968
v -8.380194664001465 6.6822333335876465 0.21790030598640442
v -8.380194664001465 6.6822333335876465 0.15293359756469727
v -8.373778343200684 6.6850905418396 0.08834775537252426
v -8.361019134521484 6.690771102905273 0.02489994466304779
v -8.342068672180176 6.6992082595825195 -0.03666594624519348
v -8.317148208618164 6.710303783416748 -0.09562812745571136
v -8.286550521850586 6.723926544189453 -0.15129528939723969
v -8.250633239746094 6.739918231964111 -0.2030148059129715
v -8.209817886352539 6.758090019226074 -0.25018036365509033
v -8.164584159851074 6.778229713439941 -0.29223889112472534
v -8.115460395812988 6.800100803375244 -0.3286973834037781
v -8.063024520874023 6.823447227478027 -0.35912829637527466
v -8.007889747619629 6.847994804382324 -0.38317495584487915
v -7.950702667236328 6.873456001281738 -0.4005553722381592
v -7.892134189605713 6.899531841278076 -0.41106581687927246
v -7.8853535652160645 6.887787342071533 0.7818996906280518
v -7.937220096588135 6.850103855133057 0.7713892459869385
v -7.987863540649414 6.813309192657471 0.7540088295936584
v -8.036689758300781 6.777834892272949 0.729962170124054
v -8.083126068115234 6.744096755981445 0.6995312571525574
v -8.126628875732422 6.712490081787109 0.6630727648735046
v -8.166687965393066 6.683385848999023 0.6210142374038696
v -8.202832221984863 6.657124996185303 0.5738487243652344
v -8.234640121459961 6.6340155601501465 0.5221291780471802
v -8.261736869812012 6.614328384399414 0.46646201610565186
v -8.283805847167969 6.598294258117676 0.40749984979629517
v -8.300588607788086 6.586101531982422 0.3459339737892151
v -8.31188678741455 6.577892303466797 0.2824861407279968
v -8.317569732666016 6.573763847351074 0.21790030598640442
v -8.317569732666016 6.573763847351074 0.15293359756469727
v -8.31188678741455 6.577892303466797 0.08834775537252426
v -8.300588607788086 6.586101531982422 0.02489994466304779
v -8.283805847167969 6.598294258117676 -0.03666594624519348
v -8.261736869812012 6.614328384399414 -0.09562812745571136
v -8.234640121459961 6.6340155601501465 -0.15129528939723969
v -8.202832221984863 6.657124996185303 -0.2030148059129715
v -8.166687965393066 6.683385848999023 -0.25018036365509033
v -8.126628875732422 6.712490081787109 -0.29223889112472534
v -8.083126068115234 6.744096755981445 -0.3286973834037781
v -8.036689758300781 6.777834892272949 -0.35912829637527466
v -7.987863540649414 6.813309192657471 -0.38317495584487915
v -7.937220096588135 6.850103855133057 -0.4005553722381592
v -7.8853535652160645 6.887787342071533 -0.41106581687927246
v -7.876278877258301 6.877708911895752 0.7818996906280518
v -7.919177532196045 6.8300652503967285 0.7713892459869385
v -7.961064338684082 6.78354549407959 0.7540088295936584
v -8.001447677612305 6.738694667816162 0.729962170124054
v -8.039855003356934 6.696038722991943 0.6995312571525574
v -8.075836181640625 6.656078338623047 0.6630727648735046
v -8.108967781066895 6.61928129196167 0.6210142374038696
v -8.138862609863281 6.5860795974731445 0.5738487243652344
v -8.165170669555664 6.556861877441406 0.5221291780471802
v -8.187582015991211 6.531970977783203 0.46646201610565186
v -8.205835342407227 6.511699199676514 0.40749984979629517
v -8.21971607208252 6.496283531188965 0.3459339737892151
v -8.229061126708984 6.485904693603516 0.2824861407279968
v -8.233760833740234 6.480684757232666 0.21790030598640442
v -8.233760833740234 6.480684757232666 0.15293359756469727
v -8.229061126708984 6.485904693603516 0.08834775537252426
v -8.21971607208252 6.496283531188965 0.02489994466304779
v -8.205835342407227 6.511699199676514 -0.03666594624519348
v -8.187582015991211 6.531970977783203 -0.09562812745571136
v -8.165170669555664 6.556861877441406 -0.15129528939723969
v -8.138862609863281 6.5860795974731445 -0.2030148059129715
v -8.108967781066895 6.61928129196167 -0.25018036365509033
v -8.075836181640625 6.656078338623047 -0.29223889112472534
v -8.039855003356934 6.696038722991943 -0.3286973834037781
v -8.001447677612305 6.738694667816162 -0.35912829637527466
v -7.961064338684082 6.78354549407959 -0.38317495584487915
v -7.919177532196045 6.8300652503967285 -0.4005553722381592
v -7.876278877258301 6.877708911895752 -0.41106581687927246
v -7.865307331085205 6.869737148284912 0.7818996906280518
v -7.89736270904541 6.814215660095215 0.7713892459869385
v -7.928661823272705 6.760003566741943 0.7540088295936584
v -7.958837985992432 6.707736968994141 0.729962170124054
v -7.987537384033203 6.6580281257629395 0.6995312571525574
v -8.014423370361328 6.611459732055664 0.6630727648735046
v -8.03918170928955 6.568578720092773 0.6210142374038696
v -8.061519622802734 6.529886722564697 0.5738487243652344
v -8.081177711486816 6.495837688446045 0.5221291780471802
v -8.097925186157227 6.466831207275391 0.46646201610565186
v -8.111564636230469 6.443207263946533 0.40749984979629517
v -8.121936798095703 6.4252424240112305 0.3459339737892151
v -8.12891960144043 6.413147449493408 0.2824861407279968
v -8.132431030273438 6.407064437866211 0.21790030598640442
v -8.132431030273438 6.407064437866211 0.15293359756469727
v -8.12891960144043 6.413147449493408 0.08834775537252426
v -8.121936798095703 6.4252424240112305 0.02489994466304779
v -8.111564636230469 6.443207263946533 -0.03666594624519348
v -8.097925186157227 6.466831207275391 -0.09562812745571136
v -8.081177711486816 6.495837688446045 -0.15129528939723969
v -8.061519622802734 6.529886722564697 -0.2030148059129715
v -8.03918170928955 6.568578720092773 -0.25018036365509033
v -8.014423370361328 6.611459732055664 -0.29223889112472534
v -7.987537384033203 6.6580281257629395 -0.3286973834037781
v -7.958837985992432 6.707736968994141 -0.35912829637527466
v -7.928661823272705 6.760003566741943 -0.38317495584487915
v -7.89736270904541 6.814215660095215 -0.4005553722381592
v -7.865307331085205 6.869737148284912 -0.41106581687927246
v -7.852917671203613 6.864221096038818 0.7818996906280518
v -7.872729301452637 6.803248405456543 0.7713892459869385
v -7.892073154449463 6.74371337890625 0.7540088295936584
v -7.9107232093811035 6.686314582824707 0.729962170124054
v -7.928460597991943 6.631725311279297 0.6995312571525574
v -7.945076942443848 6.580584526062012 0.6630727648735046
v -7.9603776931762695 6.5334930419921875 0.6210142374038696
v -7.974184036254883 6.491002082824707 0.5738487243652344
v -7.98633337020874 6.453610420227051 0.5221291780471802
v -7.996683597564697 6.421755790710449 0.46646201610565186
v -8.00511360168457 6.395812034606934 0.40749984979629517
v -8.011523246765137 6.3760833740234375 0.3459339737892151
v -8.015839576721191 6.3628010749816895 0.2824861407279968
v -8.018010139465332 6.356120586395264 0.21790030598640442
v -8.018010139465332 6.356120586395264 0.15293359756469727
v -8.015839576721191 6.3628010749816895 0.08834775537252426
v -8.011523246765137 6.3760833740234375 0.02489994466304779
v -8.00511360168457 6.395812034606934 -0.03666594624519348
v -7.996683597564697 6.421755790710449 -0.09562812745571136
v -7.98633337020874 6.453610420227051 -0.15129528939723969
v -7.974184036254883 6.491002082824707 -0.2030148059129715
v -7.9603776931762695 6.5334930419921875 -0.25018036365509033
v -7.945076942443848 6.580584526062012 -0.29223889112472534
v -7.928460597991943 6.631725311279297 -0.3286973834037781
v -7.9107232093811035 6.686314582824707 -0.35912829637527466
v -7.892073154449463 6.74371337890625 -0.38317495584487915
v -7.872729301452637 6.803248405456543 -0.4005553722381592
v -7.852917671203613 6.864221096038818 -0.41106581687927246
v -7.8396525382995605 6.861401557922363 0.7818996906280518
v -7.846353530883789 6.797641754150391 0.7713892459869385
v -7.8528971672058105 6.735386371612549 0.7540088295936584
v -7.859205722808838 6.6753644943237305 0.729962170124054
v -7.86520528793335 6.618279933929443 0.6995312571525574
v -7.870826244354248 6.564802169799805 0.6630727648735046
v -7.876001834869385 6.515558242797852 0.6210142374038696
v -7.880671977996826 6.471125602722168 0.5738487243652344
v -7.884781837463379 6.432024955749512 0.5221291780471802
v -7.888282775878906 6.398714542388916 0.46646201610565186
v -7.891134262084961 6.371584892272949 0.40749984979629517
v -7.8933024406433105 6.350954532623291 0.3459339737892151
v -7.8947625160217285 6.33706521987915 0.2824861407279968
v -7.895496368408203 6.330079555511475 0.21790030598640442
v -7.895496368408203 6.330079555511475 0.15293359756469727
v -7.8947625160217285 6.33706521987915 0.08834775537252426
v -7.8933024406433105 6.350954532623291 0.02489994466304779
v -7.891134262084961 6.371584892272949 -0.03666594624519348
v -7.888282775878906 6.398714542388916 -0.09562812745571136
v -7.884781837463379 6.432024955749512 -0.15129528939723969
v -7.880671977996826 6.471125602722168 -0.2030148059129715
v -7.876001834869385 6.515558242797852 -0.25018036365509033
v -7.870826244354248 6.564802169799805 -0.29223889112472534
v -7.86520528793335 6.618279933929443 -0.3286973834037781
v -7.859205722808838 6.6753644943237305 -0.35912829637527466
v -7.8528971672058105 6.735386371612549 -0.38317495584487915
v -7.846353530883789 6.797641754150391 -0.4005553722381592
v -7.8396525382995605 6.861401557922363 -0.41106581687927246
v -7.826090335845947 6.861401557922363 0.7818996906280518
v -7.819389343261719 6.797641754150391 0.7713892459869385
v -7.812845706939697 6.735386371612549 0.7540088295936584
v -7.80653715133667 6.6753644943237305 0.729962170124054
v -7.800537586212158 6.618279933929443 0.6995312571525574
v -7.79491662979126 6.564802169799805 0.6630727648735046
v -7.789741039276123 6.515558242797852 0.6210142374038696
v -7.785070896148682 6.471125602722168 0.5738487243652344
v -7.780961036682129 6.432024955749512 0.5221291780471802
v -7.777460098266602 6.398714542388916 0.46646201610565186
v -7.774608612060547 6.371584892272949 0.40749984979629517
v -7.772440433502197 6.350954532623291 0.3459339737892151
v -7.770980358123779 6.33706521987915 0.2824861407279968
v -7.770246505737305 6.330079555511475 0.21790030598640442
v -7.770246505737305 6.330079555511475 0.15293359756469727
v -7.770980358123779 6.33706521987915 0.08834775537252426
v -7.772440433502197 6.350954532623291 0.02489994466304779
v -7.774608612060547 6.371584892272949 -0.03666594624519348
v -7.777460098266602 6.398714542388916 -0.09562812745571136
v -7.780961036682129 6.432024955749512 -0.15129528939723969
v -7.785070896148682 6.471125602722168 -0.2030148059129715
v -7.789741039276123 6.515558242797852 -0.25018036365509033
v -7.79491662979126 6.564802169799805 -0.29223889112472534
v -7.800537586212158 6.618279933929443 -0.3286973834037781
v -7.80653715133667 6.6753644943237305 -0.35912829637527466
v -7.812845706939697 6.735386371612549 -0.38317495584487915
v -7.819389343261719 6.797641754150391 -0.4005553722381592
v -7.826090335845947 6.861401557922363 -0.41106581687927246
v -7.8128252029418945 6.864221096038818 0.7818996906280518
v -7.793013572692871 6.803248405456543 0.7713892459869385
v -7.773669719696045 6.74371337890625 0.7540088295936584
v -7.755019664764404 6.686314582824707 0.729962170124054
v -7.7372822761535645 6.631725311279297 0.6995312571525574
v -7.72066593170166 6.580584526062012 0.6630727648735046
v -7.705365180969238 6.5334930419921875 0.6210142374038696
v -7.691558837890625 6.491002082824707 0.5738487243652344
v -7.679409503936768 6.453610420227051 0.5221291780471802
v -7.6690592765808105 6.421755790710449 0.46646201610565186
v -7.660629749298096 6.395812034606934 0.40749984979629517
v -7.654219627380371 6.3760833740234375 0.3459339737892151
v -7.649903774261475 6.3628010749816895 0.2824861407279968
v -7.647733211517334 6.356120586395264 0.21790030598640442
v -7.647733211517334 6.356120586395264 0.15293359756469727
v -7.649903774261475 6.3628010749816895 0.08834775537252426
v -7.654219627380371 6.3760833740234375 0.02489994466304779
v -7.660629749298096 6.395812034606934 -0.03666594624519348
v -7.6690592765808105 6.421755790710449 -0.09562812745571136
v -7.679409503936768 6.453610420227051 -0.15129528939723969
v -7.691558837890625 6.491002082824707 -0.2030148059129715
v -7.705365180969238 6.5334930419921875 -0.25018036365509033
v -7.72066593170166 6.580584526062012 -0.29223889112472534
v -7.7372822761535645 6.631725311279297 -0.3286973834037781
v -7.755019664764404 6.686314582824707 -0.35912829637527466
v -7.773669719696045 6.74371337890625 -0.38317495584487915
v -7.793013572692871 6.803248405456543 -0.4005553722381592
v -7.8128252029418945 6.864221096038818 -0.41106581687927246
v -7.800435543060303 6.869737148284912 0.7818996906280518
v -7.768380165100098 6.814215660095215 0.7713892459869385
v -7.737081050872803 6.760003566741943 0.7540088295936584
v -7.706904888153076 6.707736968994141 0.729962170124054
v -7.678205490112305 6.6580281257629395 0.6995312571525574
v -7.6513190269470215 6.611459732055664 0.6630727648735046
v -7.626561641693115 6.568578720092773 0.6210142374038696
v -7.604222774505615 6.529886722564697 0.5738487243652344
v -7.584564685821533 6.495837688446045 0.5221291780471802
v -7.567817687988281 6.466831207275391 0.46646201610565186
v -7.554178237915039 6.443207263946533 0.40749984979629517
v -7.543806552886963 6.4252424240112305 0.3459339737892151
v -7.536823272705078 6.413147449493408 0.2824861407279968
v -7.533311367034912 6.407064437866211 0.21790030598640442
v -7.533311367034912 6.407064437866211 0.15293359756469727
v -7.536823272705078 6.413147449493408 0.08834775537252426
v -7.543806552886963 6.4252424240112305 0.02489994466304779
v -7.554178237915039 6.443207263946533 -0.03666594624519348
v -7.567817687988281 6.466831207275391 -0.09562812745571136
v -7.584564685821533 6.495837688446045 -0.15129528939723969
v -7.604222774505615 6.529886722564697 -0.2030148059129715
v -7.626561641693115 6.568578720092773 -0.25018036365509033
v -7.6513190269470215 6.611459732055664 -0.29223889112472534
v -7.678205490112305 6.6580281257629395 -0.3286973834037781
v -7.706904888153076 6.707736968994141 -0.35912829637527466
v -7.737081050872803 6.760003566741943 -0.38317495584487915
v -7.768380165100098 6.814215660095215 -0.4005553722381592
v -7.800435543060303 6.869737148284912 -0.41106581687927246
v -7.789463996887207 6.877708911895752 0.7818996906280518
v -7.746565341949463 6.8300652503967285 0.7713892459869385
v -7.704678535461426 6.78354549407959 0.7540088295936584
v -7.664295196533203 6.738694667816162 0.729962170124054
v -7.625887870788574 6.696038722991943 0.6995312571525574
v -7.589907169342041 6.656078338623047 0.6630727648735046
v -7.556775093078613 6.61928129196167 0.6210142374038696
v -7.526879787445068 6.5860795974731445 0.5738487243652344
v -7.500572204589844 6.556861877441406 0.5221291780471802
v -7.478160381317139 6.531970977783203 0.46646201610565186
v -7.459907531738281 6.511699199676514 0.40749984979629517
v -7.446026802062988 6.496283531188965 0.3459339737892151
v -7.436681747436523 6.485904693603516 0.2824861407279968
v -7.431982040405273 6.480684757232666 0.21790030598640442
v -7.431982040405273 6.480684757232666 0.15293359756469727
v -7.436681747436523 6.485904693603516 0.08834775537252426
v -7.446026802062988 6.496283531188965 0.02489994466304779
v -7.459907531738281 6.511699199676514 -0.03666594624519348
v -7.478160381317139 6.531970977783203 -0.09562812745571136
v -7.500572204589844 6.556861877441406 -0.15129528939723969
v -7.526879787445068 6.5860795974731445 -0.2030148059129715
v -7.556775093078613 6.61928129196167 -0.25018036365509033
v -7.589907169342041 6.656078338623047 -0.29223889112472534
v -7.625887870788574 6.696038722991943 -0.3286973834037781
v -7.664295196533203 6.738694667816162 -0.35912829637527466
v -7.704678535461426 6.78354549407959 -0.38317495584487915
v -7.746565341949463 6.8300652503967285 -0.4005553722381592
v -7.789463996887207 6.877708911895752 -0.41106581687927246
v -7.780389308929443 6.887787342071533 0.7818996906280518
v -7.728522777557373 6.850103855133057 0.7713892459869385
v -7.677879333496094 6.813309192657471 0.7540088295936584
v -7.629053115844727 6.777834892272949 0.729962170124054
v -7.582616329193115 6.744096755981445 0.6995312571525574
v -7.539113521575928 6.712490081787109 0.6630727648735046
v -7.499054908752441 6.683385848999023 0.6210142374038696
v -7.462910175323486 6.657124996185303 0.5738487243652344
v -7.431102752685547 6.6340155601501465 0.5221291780471802
v -7.404005527496338 6.614328384399414 0.46646201610565186
v -7.381936550140381 6.598294258117676 0.40749984979629517
v -7.365154266357422 6.586101531982422 0.3459339737892151
v -7.353855609893799 6.577892303466797 0.2824861407279968
v -7.348173141479492 6.573763847351074 0.21790030598640442
v -7.348173141479492 6.573763847351074 0.15293359756469727
v -7.353855609893799 6.577892303466797 0.08834775537252426
v -7.365154266357422 6.586101531982422 0.02489994466304779
v -7.381936550140381 6.598294258117676 -0.03666594624519348
v -7.404005527496338 6.614328384399414 -0.09562812745571136
v -7.431102752685547 6.6340155601501465 -0.15129528939723969
v -7.462910175323486 6.657124996185303 -0.2030148059129715
v -7.499054908752441 6.683385848999023 -0.25018036365509033
v -7.539113521575928 6.712490081787109 -0.29223889112472534
v -7.582616329193115 6.744096755981445 -0.3286973834037781
v -7.629053115844727 6.777834892272949 -0.35912829637527466
v -7.677879333496094 6.813309192657471 -0.38317495584487915
v -7.728522777557373 6.850103855133057 -0.4005553722381592
v -7.780389308929443 6.887787342071533 -0.41106581687927246
v -7.773608684539795 6.899531841278076 0.7818996906280518
v -7.71504020690918 6.873456001281738 0.7713892459869385
v -7.657853603363037 6.847994804382324 0.7540088295936584
v -7.602718830108643 6.823447227478027 0.729962170124054
v -7.5502824783325195 6.800100803375244 0.6995312571525574
v -7.501158714294434 6.778229713439941 0.6630727648735046
v -7.4559245109558105 6.758090019226074 0.6210142374038696
v -7.415109634399414 6.739918231964111 0.5738487243652344
v -7.379192352294922 6.723926544189453 0.5221291780471802
v -7.3485941886901855 6.710303783416748 0.46646201610565186
v -7.323674201965332 6.6992082595825195 0.40749984979629517
v -7.304723262786865 6.690771102905273 0.3459339737892151
v -7.291965007781982 6.6850905418396 0.2824861407279968
v -7.285548210144043 6.6822333335876465 0.21790030598640442
v -7.285548210144043 6.6822333335876465 0.15293359756469727
v -7.291965007781982 6.6850905418396 0.08834775537252426
v -7.304723262786865 6.690771102905273 0.02489994466304779
v -7.323674201965332 6.6992082595825195 -0.03666594624519348
v -7.3485941886901855 6.710303783416748 -0.09562812745571136
v -7.379192352294922 6.723926544189453 -0.15129528939723969
v -7.415109634399414 6.739918231964111 -0.2030148059129715
v -7.4559245109558105 6.758090019226074 -0.25018036365509033
v -7.501158714294434 6.778229713439941 -0.29223889112472534
v -7.5502824783325195 6.800100803375244 -0.3286973834037781
v -7.602718830108643 6.823447227478027 -0.35912829637527466
v -7.657853603363037 6.847994804382324 -0.38317495584487915
v -7.71504020690918 6.873456001281738 -0.4005553722381592
v -7.773608684539795 6.899531841278076 -0.41106581687927246
v -7.769417762756348 6.912430286407471 0.7818996906280518
v -7.706707954406738 6.8991007804870605 0.7713892459869385
v -7.645476818084717 6.886085510253906 0.7540088295936584
v -7.5864434242248535 6.873537540435791 0.729962170124054
v -7.530298709869385 6.861603736877441 0.6995312571525574
v -7.477701663970947 6.850423812866211 0.6630727648735046
v -7.4292683601379395 6.840129375457764 0.6210142374038696
v -7.3855671882629395 6.830840110778809 0.5738487243652344
v -7.347110271453857 6.822665691375732 0.5221291780471802
v -7.314348220825195 6.815701961517334 0.46646201610565186
v -7.287665367126465 6.810030460357666 0.40749984979629517
v -7.2673749923706055 6.805717468261719 0.3459339737892151
v -7.253714084625244 6.80281400680542 0.2824861407279968
v -7.246843338012695 6.801353454589844 0.21790030598640442
v -7.246843338012695 6.801353454589844 0.15293359756469727
v -7.253714084625244 6.80281400680542 0.08834775537252426
v -7.2673749923706055 6.805717468261719 0.02489994466304779
v -7.287665367126465 6.810030460357666 -0.03666594624519348
v -7.314348220825195 6.815701961517334 -0.09562812745571136
v -7.347110271453857 6.822665691375732 -0.15129528939723969
v -7.3855671882629395 6.830840110778809 -0.2030148059129715
v -7.4292683601379395 6.840129375457764 -0.25018036365509033
v -7.477701663970947 6.850423812866211 -0.29223889112472534
v -7.530298709869385 6.861603736877441 -0.3286973834037781
v -7.5864434242248535 6.873537540435791 -0.35912829637527466
v -7.645476818084717 6.886085510253906 -0.38317495584487915
v -7.706707954406738 6.8991007804870605 -0.4005553722381592
v -7.769417762756348 6.912430286407471 -0.41106581687927246
v 7.914920330047607 -3.8620574474334717 -1.4291917085647583
v 7.914920330047607 -3.8620574474334717 -2.6291918754577637
v 7.979791641235352 -3.8620574474334717 -1.432708978652954
v 8.043902397155762 -3.8620574474334717 -1.4432194232940674
v 8.106501579284668 -3.8620574474334717 -1.4605998992919922
v 8.166853904724121 -3.8620574474334717 -1.4846465587615967
v 8.224252700805664 -3.8620574474334717 -1.5150773525238037
v 8.278024673461914 -3.8620574474334717 -1.5515358448028564
v 8.327540397644043 -3.8620574474334717 -1.5935944318771362
v 8.372217178344727 -3.8620574474334717 -1.6407599449157715
v 8.41153335571289 -3.8620574474334717 -1.6924794912338257
v 8.445027351379395 -3.8620574474334717 -1.748146653175354
v 8.472306251525879 -3.8620574474334717 -1.8071088790893555
v 8.493050575256348 -3.8620574474334717 -1.8686747550964355
v 8.5070161819458 -3.8620574474334717 -1.9321225881576538
v 8.514039993286133 -3.8620574474334717 -1.9967083930969238
v 8.514039993286133 -3.8620574474334717 -2.0616750717163086
v 8.5070161819458 -3.8620574474334717 -2.126260995864868
v 8.493050575256348 -3.8620574474334717 -2.189708709716797
v 8.472306251525879 -3.8620574474334717 -2.251274585723877
v 8.445027351379395 -3.8620574474334717 -2.310236930847168
v 8.41153335571289 -3.8620574474334717 -2.365903854370117
v 8.372217178344727 -3.8620574474334717 -2.417623519897461
v 8.327540397644043 -3.8620574474334717 -2.4647889137268066
v 8.278024673461914 -3.8620574474334717 -2.506847620010376
v 8.224252700805664 -3.8620574474334717 -2.5433061122894287
v 8.166853904724121 -3.8620574474334717 -2.5737369060516357
v 8.106501579284668 -3.8620574474334717 -2.5977835655212402
v 8.043902397155762 -3.8620574474334717 -2.615164041519165
v 7.979791641235352 -3.8620574474334717 -2.6256744861602783
v 7.978374004364014 -3.848569869995117 -1.432708978652954
v 8.041084289550781 -3.835240602493286 -1.4432194232940674
v 8.102314949035645 -3.822225570678711 -1.4605998992919922
v 8.161348342895508 -3.8096776008605957 -1.4846465587615967
v 8.217493057250977 -3.797743558883667 -1.5150773525238037
v 8.270090103149414 -3.7865638732910156 -1.5515358448028564
v 8.318523406982422 -3.77626895904541 -1.5935944318771362
v 8.362224578857422 -3.766979932785034 -1.6407599449157715
v 8.400681495666504 -3.758805751800537 -1.6924794912338257
v 8.433443069458008 -3.7518420219421387 -1.748146653175354
v 8.460125923156738 -3.7461702823638916 -1.8071088790893555
v 8.480417251586914 -3.7418575286865234 -1.8686747550964355
v 8.494077682495117 -3.7389538288116455 -1.9321225881576538
v 8.500947952270508 -3.7374932765960693 -1.9967083930969238
v 8.500947952270508 -3.7374932765960693 -2.0616750717163086
v 8.494077682495117 -3.7389538288116455 -2.126260995864868
v 8.480417251586914 -3.7418575286865234 -2.189708709716797
v 8.460125923156738 -3.7461702823638916 -2.251274585723877
v 8.433443069458008 -3.7518420219421387 -2.310236930847168
v 8.400681495666504 -3.758805751800537 -2.365903854370117
v 8.362224578857422 -3.766979932785034 -2.417623519897461
v 8.318523406982422 -3.77626895904541 -2.4647889137268066
v 8.270090103149414 -3.7865638732910156 -2.506847620010376
v 8.217493057250977 -3.797743558883667 -2.5433061122894287
v 8.161348342895508 -3.8096776008605957 -2.5737369060516357
v 8.102314949035645 -3.822225570678711 -2.5977835655212402
v 8.041084289550781 -3.835240602493286 -2.615164041519165
v 7.978374004364014 -3.848569869995117 -2.6256744861602783
v 7.974183082580566 -3.835671901702881 -1.432708978652954
v 8.032751083374023 -3.8095955848693848 -1.4432194232940674
v 8.089938163757324 -3.7841343879699707 -1.4605998992919922
v 8.145072937011719 -3.759586811065674 -1.4846465587615967
v 8.197509765625 -3.7362406253814697 -1.5150773525238037
v 8.24663257598877 -3.714369535446167 -1.5515358448028564
v 8.29186725616455 -3.6942298412323 -1.5935944318771362
v 8.332681655883789 -3.676057815551758 -1.6407599449157715
v 8.368598937988281 -3.660066604614258 -1.6924794912338257
v 8.399197578430176 -3.6464433670043945 -1.748146653175354
v 8.424118041992188 -3.635348081588745 -1.8071088790893555
v 8.443068504333496 -3.62691068649292 -1.8686747550964355
v 8.455826759338379 -3.621230363845825 -1.9321225881576538
v 8.462244033813477 -3.618373394012451 -1.9967083930969238
v 8.462244033813477 -3.618373394012451 -2.0616750717163086
v 8.455826759338379 -3.621230363845825 -2.126260995864868
v 8.443068504333496 -3.62691068649292 -2.189708709716797
v 8.424118041992188 -3.635348081588745 -2.251274585723877
v 8.399197578430176 -3.6464433670043945 -2.310236930847168
v 8.368598937988281 -3.660066604614258 -2.365903854370117
v 8.332681655883789 -3.676057815551758 -2.417623519897461
v 8.29186725616455 -3.6942298412323 -2.4647889137268066
v 8.24663257598877 -3.714369535446167 -2.506847620010376
v 8.197509765625 -3.7362406253814697 -2.5433061122894287
v 8.145072937011719 -3.759586811065674 -2.5737369060516357
v 8.089938163757324 -3.7841343879699707 -2.5977835655212402
v 8.032751083374023 -3.8095955848693848 -2.615164041519165
v 7.974183082580566 -3.835671901702881 -2.6256744861602783
v 7.967402458190918 -3.8239269256591797 -1.432708978652954
v 8.019268989562988 -3.7862436771392822 -1.4432194232940674
v 8.069912910461426 -3.7494490146636963 -1.4605998992919922
v 8.118739128112793 -3.713974714279175 -1.4846465587615967
v 8.165175437927246 -3.680236577987671 -1.5150773525238037
v 8.208678245544434 -3.648629903793335 -1.5515358448028564
v 8.248736381530762 -3.619525671005249 -1.5935944318771362
v 8.284881591796875 -3.5932648181915283 -1.6407599449157715
v 8.316688537597656 -3.570155382156372 -1.6924794912338257
v 8.343786239624023 -3.5504682064056396 -1.748146653175354
v 8.36585521697998 -3.5344340801239014 -1.8071088790893555
v 8.382637023925781 -3.5222411155700684 -1.8686747550964355
v 8.393936157226562 -3.5140321254730225 -1.9321225881576538
v 8.399618148803711 -3.5099034309387207 -1.9967083930969238
v 8.399618148803711 -3.5099034309387207 -2.0616750717163086
v 8.393936157226562 -3.5140321254730225 -2.126260995864868
v 8.382637023925781 -3.5222411155700684 -2.189708709716797
v 8.36585521697998 -3.5344340801239014 -2.251274585723877
v 8.343786239624023 -3.5504682064056396 -2.310236930847168
v 8.316688537597656 -3.570155382156372 -2.365903854370117
v 8.284881591796875 -3.5932648181915283 -2.417623519897461
v 8.248736381530762 -3.619525671005249 -2.4647889137268066
v 8.208678245544434 -3.648629903793335 -2.506847620010376
v 8.165175437927246 -3.680236577987671 -2.5433061122894287
v 8.118739128112793 -3.713974714279175 -2.5737369060516357
v 8.069912910461426 -3.7494490146636963 -2.5977835655212402
v 8.019268989562988 -3.7862436771392822 -2.615164041519165
v 7.967402458190918 -3.8239269256591797 -2.6256744861602783
v 7.958327770233154 -3.8138484954833984 -1.432708978652954
v 8.001226425170898 -3.766204833984375 -1.4432194232940674
v 8.043112754821777 -3.7196850776672363 -1.4605998992919922
v 8.083497047424316 -3.6748344898223877 -1.4846465587615967
v 8.121904373168945 -3.632178783416748 -1.5150773525238037
v 8.15788459777832 -3.5922181606292725 -1.5515358448028564
v 8.191017150878906 -3.5554213523864746 -1.5935944318771362
v 8.220911979675293 -3.52221941947937 -1.6407599449157715
v 8.24721908569336 -3.493001699447632 -1.6924794912338257
v 8.269631385803223 -3.468111038208008 -1.748146653175354
v 8.287884712219238 -3.44783878326416 -1.8071088790893555
v 8.301764488220215 -3.4324231147766113 -1.8686747550964355
v 8.31110954284668 -3.422044515609741 -1.9321225881576538
v 8.315810203552246 -3.4168245792388916 -1.9967083930969238
v 8.315810203552246 -3.4168245792388916 -2.0616750717163086
v 8.31110954284668 -3.422044515609741 -2.126260995864868
v 8.301764488220215 -3.4324231147766113 -2.189708709716797
v 8.287884712219238 -3.44783878326416 -2.251274585723877
v 8.269631385803223 -3.468111038208008 -2.310236930847168
v 8.24721908569336 -3.493001699447632 -2.365903854370117
v 8.220911979675293 -3.52221941947937 -2.417623519897461
v 8.191017150878906 -3.5554213523864746 -2.4647889137268066
v 8.15788459777832 -3.5922181606292725 -2.506847620010376
v 8.121904373168945 -3.632178783416748 -2.5433061122894287
v 8.083497047424316 -3.6748344898223877 -2.5737369060516357
v 8.043112754821777 -3.7196850776672363 -2.5977835655212402
v 8.001226425170898 -3.766204833984375 -2.615164041519165
v 7.958327770233154 -3.8138484954833984 -2.6256744861602783
v 7.947356224060059 -3.805877208709717 -1.432708978652954
v 7.979411602020264 -3.7503554821014404 -1.4432194232940674
v 8.010710716247559 -3.696143627166748 -1.4605998992919922
v 8.040886878967285 -3.643876552581787 -1.4846465587615967
v 8.069586753845215 -3.594167709350586 -1.5150773525238037
v 8.09647274017334 -3.5475997924804688 -1.5515358448028564
v 8.121230125427246 -3.50471830368042 -1.5935944318771362
v 8.143568992614746 -3.4660263061523438 -1.6407599449157715
v 8.163227081298828 -3.4319777488708496 -1.6924794912338257
v 8.179973602294922 -3.402971029281616 -1.748146653175354
v 8.193613052368164 -3.379347085952759 -1.8071088790893555
v 8.203985214233398 -3.361382246017456 -1.8686747550964355
v 8.210968017578125 -3.349287271499634 -1.9321225881576538
v 8.21448040008545 -3.3432042598724365 -1.9967083930969238
v 8.21448040008545 -3.3432042598724365 -2.0616750717163086
v 8.210968017578125 -3.349287271499634 -2.126260995864868
v 8.203985214233398 -3.361382246017456 -2.189708709716797
v 8.193613052368164 -3.379347085952759 -2.251274585723877
v 8.179973602294922 -3.402971029281616 -2.310236930847168
v 8.163227081298828 -3.4319777488708496 -2.365903854370117
v 8.143568992614746 -3.4660263061523438 -2.417623519897461
v 8.121230125427246 -3.50471830368042 -2.4647889137268066
v 8.09647274017334 -3.5475997924804688 -2.506847620010376
v 8.069586753845215 -3.594167709350586 -2.5433061122894287
v 8.040886878967285 -3.643876552581787 -2.5737369060516357
v 8.010710716247559 -3.696143627166748 -2.5977835655212402
v 7.979411602020264 -3.7503554821014404 -2.615164041519165
v 7.947356224060059 -3.805877208709717 -2.6256744861602783
v 7.934966564178467 -3.800361156463623 -1.432708978652954
v 7.95477819442749 -3.7393879890441895 -1.4432194232940674
v 7.974122047424316 -3.6798532009124756 -1.4605998992919922
v 7.992772102355957 -3.6224544048309326 -1.4846465587615967
v 8.010509490966797 -3.5678648948669434 -1.5150773525238037
v 8.027125358581543 -3.5167245864868164 -1.5515358448028564
v 8.042427062988281 -3.469632863998413 -1.5935944318771362
v 8.056233406066895 -3.4271419048309326 -1.6407599449157715
v 8.068382263183594 -3.3897500038146973 -1.6924794912338257
v 8.07873249053955 -3.3578953742980957 -1.748146653175354
v 8.087162017822266 -3.331951856613159 -1.8071088790893555
v 8.093572616577148 -3.312223196029663 -1.8686747550964355
v 8.097887992858887 -3.298940658569336 -1.9321225881576538
v 8.100058555603027 -3.2922604084014893 -1.9967083930969238
v 8.100058555603027 -3.2922604084014893 -2.0616750717163086
v 8.097887992858887 -3.298940658569336 -2.126260995864868
v 8.093572616577148 -3.312223196029663 -2.189708709716797
v 8.087162017822266 -3.331951856613159 -2.251274585723877
v 8.07873249053955 -3.3578953742980957 -2.310236930847168
v 8.068382263183594 -3.3897500038146973 -2.365903854370117
v 8.056233406066895 -3.4271419048309326 -2.417623519897461
v 8.042427062988281 -3.469632863998413 -2.4647889137268066
v 8.027125358581543 -3.5167245864868164 -2.506847620010376
v 8.010509490966797 -3.5678648948669434 -2.5433061122894287
v 7.992772102355957 -3.6224544048309326 -2.5737369060516357
v 7.974122047424316 -3.6798532009124756 -2.5977835655212402
v 7.95477819442749 -3.7393879890441895 -2.615164041519165
v 7.934966564178467 -3.800361156463623 -2.6256744861602783
v 7.921701431274414 -3.797541379928589 -1.432708978652954
v 7.928402423858643 -3.7337818145751953 -1.4432194232940674
v 7.934946060180664 -3.6715259552001953 -1.4605998992919922
v 7.941254615783691 -3.611504077911377 -1.4846465587615967
v 7.947254180908203 -3.554419755935669 -1.5150773525238037
v 7.952875137329102 -3.5009419918060303 -1.5515358448028564
v 7.958050727844238 -3.451698064804077 -1.5935944318771362
v 7.96272087097168 -3.4072654247283936 -1.6407599449157715
v 7.966830730438232 -3.368164539337158 -1.6924794912338257
v 7.97033166885376 -3.3348541259765625 -1.748146653175354
v 7.9731831550598145 -3.307724952697754 -1.8071088790893555
v 7.975351333618164 -3.2870945930480957 -1.8686747550964355
v 7.976811408996582 -3.273205041885376 -1.9321225881576538
v 7.977545261383057 -3.2662193775177 -1.9967083930969238
v 7.977545261383057 -3.2662193775177 -2.0616750717163086
v 7.976811408996582 -3.273205041885376 -2.126260995864868
v 7.975351333618164 -3.2870945930480957 -2.189708709716797
v 7.9731831550598145 -3.307724952697754 -2.251274585723877
v 7.97033166885376 -3.3348541259765625 -2.310236930847168
v 7.966830730438232 -3.368164539337158 -2.365903854370117
v 7.96272087097168 -3.4072654247283936 -2.417623519897461
v 7.958050727844238 -3.451698064804077 -2.4647889137268066
v 7.952875137329102 -3.5009419918060303 -2.506847620010376
v 7.947254180908203 -3.554419755935669 -2.5433061122894287
v 7.941254615783691 -3.611504077911377 -2.5737369060516357
v 7.934946060180664 -3.6715259552001953 -2.5977835655212402
v 7.928402423858643 -3.7337818145751953 -2.615164041519165
v 7.921701431274414 -3.797541379928589 -2.6256744861602783
v 7.908139228820801 -3.797541379928589 -1.432708978652954
v 7.901438236236572 -3.7337818145751953 -1.4432194232940674
v 7.894894599914551 -3.6715259552001953 -1.4605998992919922
v 7.888586044311523 -3.611504077911377 -1.4846465587615967
v 7.882586479187012 -3.554419755935669 -1.5150773525238037
v 7.876965522766113 -3.5009419918060303 -1.5515358448028564
v 7.871789932250977 -3.451698064804077 -1.5935944318771362
v 7.867119789123535 -3.4072654247283936 -1.6407599449157715
v 7.863009929656982 -3.368164539337158 -1.6924794912338257
v 7.859508991241455 -3.3348541259765625 -1.748146653175354
v 7.8566575050354 -3.307724952697754 -1.8071088790893555
v 7.854489326477051 -3.2870945930480957 -1.8686747550964355
v 7.853029251098633 -3.273205041885376 -1.9321225881576538
v 7.852295398712158 -3.2662193775177 -1.9967083930969238
v 7.852295398712158 -3.2662193775177 -2.0616750717163086
v 7.853029251098633 -3.273205041885376 -2.126260995864868
v 7.854489326477051 -3.2870945930480957 -2.189708709716797
v 7.8566575050354 -3.307724952697754 -2.251274585723877
v 7.859508991241455 -3.3348541259765625 -2.310236930847168
v 7.863009929656982 -3.368164539337158 -2.365903854370117
v 7.867119789123535 -3.4072654247283936 -2.417623519897461
v 7.871789932250977 -3.451698064804077 -2.4647889137268066
v 7.876965522766113 -3.5009419918060303 -2.506847620010376
v 7.882586479187012 -3.554419755935669 -2.5433061122894287
v 7.888586044311523 -3.611504077911377 -2.5737369060516357
v 7.894894599914551 -3.6715259552001953 -2.5977835655212402
v 7.901438236236572 -3.7337818145751953 -2.615164041519165
v 7.908139228820801 -3.797541379928589 -2.6256744861602783
v 7.894874095916748 -3.800361156463623 -1.432708978652954
v 7.875062465667725 -3.7393879890441895 -1.4432194232940674
v 7.855718612670898 -3.6798532009124756 -1.4605998992919922
v 7.837068557739258 -3.6224544048309326 -1.4846465587615967
v 7.819331169128418 -3.5678648948669434 -1.5150773525238037
v 7.802714824676514 -3.5167245864868164 -1.5515358448028564
v 7.787413597106934 -3.469632863998413 -1.5935944318771362
v 7.7736077308654785 -3.4271419048309326 -1.6407599449157715
v 7.761458396911621 -3.3897500038146973 -1.6924794912338257
v 7.751108169555664 -3.3578953742980957 -1.748146653175354
v 7.742678642272949 -3.331951856613159 -1.8071088790893555
v 7.736268520355225 -3.312223196029663 -1.8686747550964355
v 7.731952667236328 -3.298940658569336 -1.9321225881576538
v 7.7297821044921875 -3.2922604084014893 -1.9967083930969238
v 7.7297821044921875 -3.2922604084014893 -2.0616750717163086
v 7.731952667236328 -3.298940658569336 -2.126260995864868
v 7.736268520355225 -3.312223196029663 -2.189708709716797
v 7.742678642272949 -3.331951856613159 -2.251274585723877
v 7.751108169555664 -3.3578953742980957 -2.310236930847168
v 7.761458396911621 -3.3897500038146973 -2.365903854370117
v 7.7736077308654785 -3.4271419048309326 -2.417623519897461
v 7.787413597106934 -3.469632863998413 -2.4647889137268066
v 7.802714824676514 -3.5167245864868164 -2.506847620010376
v 7.819331169128418 -3.5678648948669434 -2.5433061122894287
v 7.837068557739258 -3.6224544048309326 -2.5737369060516357
v 7.855718612670898 -3.6798532009124756 -2.5977835655212402
v 7.875062465667725 -3.7393879890441895 -2.615164041519165
v 7.894874095916748 -3.800361156463623 -2.6256744861602783
v 7.882484436035156 -3.805877208709717 -1.432708978652954
v 7.850429058074951 -3.7503554821014404 -1.4432194232940674
v 7.819129943847656 -3.696143627166748 -1.4605998992919922
v 7.78895378112793 -3.643876552581787 -1.4846465587615967
v 7.760254383087158 -3.594167709350586 -1.5150773525238037
v 7.733367919921875 -3.5475997924804688 -1.5515358448028564
v 7.708610534667969 -3.50471830368042 -1.5935944318771362
v 7.686271667480469 -3.4660263061523438 -1.6407599449157715
v 7.666613578796387 -3.4319777488708496 -1.6924794912338257
v 7.649866580963135 -3.402971029281616 -1.748146653175354
v 7.636227130889893 -3.379347085952759 -1.8071088790893555
v 7.625855445861816 -3.361382246017456 -1.8686747550964355
v 7.618872165679932 -3.349287271499634 -1.9321225881576538
v 7.615360260009766 -3.3432042598724365 -1.9967083930969238
v 7.615360260009766 -3.3432042598724365 -2.0616750717163086
v 7.618872165679932 -3.349287271499634 -2.126260995864868
v 7.625855445861816 -3.361382246017456 -2.189708709716797
v 7.636227130889893 -3.379347085952759 -2.251274585723877
v 7.649866580963135 -3.402971029281616 -2.310236930847168
v 7.666613578796387 -3.4319777488708496 -2.365903854370117
v 7.686271667480469 -3.4660263061523438 -2.417623519897461
v 7.708610534667969 -3.50471830368042 -2.4647889137268066
v 7.733367919921875 -3.5475997924804688 -2.506847620010376
v 7.760254383087158 -3.594167709350586 -2.5433061122894287
v 7.78895378112793 -3.643876552581787 -2.5737369060516357
v 7.819129943847656 -3.696143627166748 -2.5977835655212402
v 7.850429058074951 -3.7503554821014404 -2.615164041519165
v 7.882484436035156 -3.805877208709717 -2.6256744861602783
v 7.8715128898620605 -3.8138484954833984 -1.432708978652954
v 7.828614234924316 -3.766204833984375 -1.4432194232940674
v 7.7867279052734375 -3.7196850776672363 -1.4605998992919922
v 7.746344089508057 -3.6748344898223877 -1.4846465587615967
v 7.707936763763428 -3.632178783416748 -1.5150773525238037
v 7.6719560623168945 -3.5922181606292725 -1.5515358448028564
v 7.638823986053467 -3.5554213523864746 -1.5935944318771362
v 7.608928680419922 -3.52221941947937 -1.6407599449157715
v 7.582621097564697 -3.493001699447632 -1.6924794912338257
v 7.560209274291992 -3.468111038208008 -1.748146653175354
v 7.541956424713135 -3.44783878326416 -1.8071088790893555
v 7.528075695037842 -3.4324231147766113 -1.8686747550964355
v 7.518730640411377 -3.422044515609741 -1.9321225881576538
v 7.514030933380127 -3.4168245792388916 -1.9967083930969238
v 7.514030933380127 -3.4168245792388916 -2.0616750717163086
v 7.518730640411377 -3.422044515609741 -2.126260995864868
v 7.528075695037842 -3.4324231147766113 -2.189708709716797
v 7.541956424713135 -3.44783878326416 -2.251274585723877
v 7.560209274291992 -3.468111038208008 -2.310236930847168
v 7.582621097564697 -3.493001699447632 -2.365903854370117
v 7.608928680419922 -3.52221941947937 -2.417623519897461
v 7.638823986053467 -3.5554213523864746 -2.4647889137268066
v 7.6719560623168945 -3.5922181606292725 -2.506847620010376
v 7.707936763763428 -3.632178783416748 -2.5433061122894287
v 7.746344089508057 -3.6748344898223877 -2.5737369060516357
v 7.7867279052734375 -3.7196850776672363 -2.5977835655212402
v 7.828614234924316 -3.766204833984375 -2.615164041519165
v 7.8715128898620605 -3.8138484954833984 -2.6256744861602783
v 7.862438201904297 -3.8239269256591797 -1.432708978652954
v 7.810571670532227 -3.7862436771392822 -1.4432194232940674
v 7.759928226470947 -3.7494490146636963 -1.4605998992919922
v 7.71110200881958 -3.713974714279175 -1.4846465587615967
v 7.664665222167969 -3.680236577987671 -1.5150773525238037
v 7.621162414550781 -3.648629903793335 -1.5515358448028564
v 7.581103801727295 -3.619525671005249 -1.5935944318771362
v 7.54495906829834 -3.5932648181915283 -1.6407599449157715
v 7.5131516456604 -3.570155382156372 -1.6924794912338257
v 7.486054420471191 -3.5504682064056396 -1.748146653175354
v 7.463985443115234 -3.5344340801239014 -1.8071088790893555
v 7.447203159332275 -3.5222411155700684 -1.8686747550964355
v 7.435904502868652 -3.5140321254730225 -1.9321225881576538
v 7.430222034454346 -3.5099034309387207 -1.9967083930969238
v 7.430222034454346 -3.5099034309387207 -2.0616750717163086
v 7.435904502868652 -3.5140321254730225 -2.126260995864868
v 7.447203159332275 -3.5222411155700684 -2.189708709716797
v 7.463985443115234 -3.5344340801239014 -2.251274585723877
v 7.486054420471191 -3.5504682064056396 -2.310236930847168
v 7.5131516456604 -3.570155382156372 -2.365903854370117
v 7.54495906829834 -3.5932648181915283 -2.417623519897461
v 7.581103801727295 -3.619525671005249 -2.4647889137268066
v 7.621162414550781 -3.648629903793335 -2.506847620010376
v 7.664665222167969 -3.680236577987671 -2.5433061122894287
v 7.71110200881958 -3.713974714279175 -2.5737369060516357
v 7.759928226470947 -3.7494490146636963 -2.5977835655212402
v 7.810571670532227 -3.7862436771392822 -2.615164041519165
v 7.862438201904297 -3.8239269256591797 -2.6256744861602783
v 7.855657577514648 -3.835671901702881 -1.432708978652954
v 7.797089099884033 -3.8095955848693848 -1.4432194232940674
v 7.739902496337891 -3.7841343879699707 -1.4605998992919922
v 7.684767723083496 -3.759586811065674 -1.4846465587615967
v 7.632331371307373 -3.7362406253814697 -1.5150773525238037
v 7.583208084106445 -3.714369535446167 -1.5515358448028564
v 7.537973403930664 -3.6942298412323 -1.5935944318771362
v 7.497158527374268 -3.676057815551758 -1.6407599449157715
v 7.461241245269775 -3.660066604614258 -1.6924794912338257
v 7.430643081665039 -3.6464433670043945 -1.748146653175354
v 7.405722618103027 -3.635348081588745 -1.8071088790893555
v 7.386772155761719 -3.62691068649292 -1.8686747550964355
v 7.374013900756836 -3.621230363845825 -1.9321225881576538
v 7.3675971031188965 -3.618373394012451 -1.9967083930969238
v 7.3675971031188965 -3.618373394012451 -2.0616750717163086
v 7.374013900756836 -3.621230363845825 -2.126260995864868
v 7.386772155761719 -3.62691068649292 -2.189708709716797
v 7.405722618103027 -3.635348081588745 -2.251274585723877
v 7.430643081665039 -3.6464433670043945 -2.310236930847168
v 7.461241245269775 -3.660066604614258 -2.365903854370117
v 7.497158527374268 -3.676057815551758 -2.417623519897461
v 7.537973403930664 -3.6942298412323 -2.4647889137268066
v 7.583208084106445 -3.714369535446167 -2.506847620010376
v 7.632331371307373 -3.7362406253814697 -2.5433061122894287
v 7.684767723083496 -3.759586811065674 -2.5737369060516357
v 7.739902496337891 -3.7841343879699707 -2.5977835655212402
v 7.797089099884033 -3.8095955848693848 -2.615164041519165
v 7.855657577514648 -3.835671901702881 -2.6256744861602783
v 7.851466655731201 -3.848569869995117 -1.432708978652954
v 7.788756847381592 -3.835240602493286 -1.4432194232940674
v 7.72752571105957 -3.822225570678711 -1.4605998992919922
v 7.668492317199707 -3.8096776008605957 -1.4846465587615967
v 7.612347602844238 -3.797743558883667 -1.5150773525238037
v 7.559750556945801 -3.7865638732910156 -1.5515358448028564
v 7.511317253112793 -3.77626895904541 -1.5935944318771362
v 7.467616081237793 -3.766979932785034 -1.6407599449157715
v 7.429159164428711 -3.758805751800537 -1.6924794912338257
v 7.396397113800049 -3.7518420219421387 -1.748146653175354
v 7.369714736938477 -3.7461702823638916 -1.8071088790893555
v 7.349423885345459 -3.7418575286865234 -1.8686747550964355
v 7.335762977600098 -3.7389538288116455 -1.9321225881576538
v 7.328892707824707 -3.7374932765960693 -1.9967083930969238
v 7.328892707824707 -3.7374932765960693 -2.0616750717163086
v 7.335762977600098 -3.7389538288116455 -2.126260995864868
v 7.349423885345459 -3.7418575286865234 -2.189708709716797
v 7.369714736938477 -3.7461702823638916 -2.251274585723877
v 7.396397113800049 -3.7518420219421387 -2.310236930847168
v 7.429159164428711 -3.758805751800537 -2.365903854370117
v 7.467616081237793 -3.766979932785034 -2.417623519897461
v 7.511317253112793 -3.77626895904541 -2.4647889137268066
v 7.559750556945801 -3.7865638732910156 -2.506847620010376
v 7.612347602844238 -3.797743558883667 -2.5433061122894287
v 7.668492317199707 -3.8096776008605957 -2.5737369060516357
v 7.72752571105957 -3.822225570678711 -2.5977835655212402
v 7.788756847381592 -3.835240602493286 -2.615164041519165
v 7.851466655731201 -3.848569869995117 -2.6256744861602783
v 7.850049018859863 -3.8620574474334717 -1.432708978652954
v 7.785938262939453 -3.8620574474334717 -1.4432194232940674
v 7.723339557647705 -3.8620574474334717 -1.4605998992919922
v 7.662986755371094 -3.8620574474334717 -1.4846465587615967
v 7.605587959289551 -3.8620574474334717 -1.5150773525238037
v 7.551815986633301 -3.8620574474334717 -1.5515358448028564
v 7.50230073928833 -3.8620574474334717 -1.5935944318771362
v 7.45762300491333 -3.8620574474334717 -1.6407599449157715
v 7.418306827545166 -3.8620574474334717 -1.6924794912338257
v 7.38481330871582 -3.8620574474334717 -1.748146653175354
v 7.357534408569336 -3.8620574474334717 -1.8071088790893555
v 7.336790084838867 -3.8620574474334717 -1.8686747550964355
v 7.322824478149414 -3.8620574474334717 -1.9321225881576538
v 7.315800189971924 -3.8620574474334717 -1.9967083930969238
v 7.315800189971924 -3.8620574474334717 -2.0616750717163086
v 7.322824478149414 -3.8620574474334717 -2.126260995864868
v 7.336790084838867 -3.8620574474334717 -2.189708709716797
v 7.357534408569336 -3.8620574474334717 -2.251274585723877
v 7.38481330871582 -3.8620574474334717 -2.310236930847168
v 7.418306827545166 -3.8620574474334717 -2.365903854370117
v 7.45762300491333 -3.8620574474334717 -2.417623519897461
v 7.50230073928833 -3.8620574474334717 -2.4647889137268066
v 7.551815986633301 -3.8620574474334717 -2.506847620010376
v 7.605587959289551 -3.8620574474334717 -2.5433061122894287
v 7.662986755371094 -3.8620574474334717 -2.5737369060516357
v 7.723339557647705 -3.8620574474334717 -2.5977835655212402
v 7.785938262939453 -3.8620574474334717 -2.615164041519165
v 7.850049018859863 -3.8620574474334717 -2.6256744861602783
v 7.851466655731201 -3.875545024871826 -1.432708978652954
v 7.788756847381592 -3.8888742923736572 -1.4432194232940674
v 7.72752571105957 -3.9018893241882324 -1.4605998992919922
v 7.668492317199707 -3.9144372940063477 -1.4846465587615967
v 7.612347602844238 -3.9263713359832764 -1.5150773525238037
v 7.559750556945801 -3.9375510215759277 -1.5515358448028564
v 7.511317253112793 -3.947845935821533 -1.5935944318771362
v 7.467616081237793 -3.957134962081909 -1.6407599449157715
v 7.429159164428711 -3.9653091430664062 -1.6924794912338257
v 7.396397113800049 -3.9722728729248047 -1.748146653175354
v 7.369714736938477 -3.9779446125030518 -1.8071088790893555
v 7.349423885345459 -3.98225736618042 -1.8686747550964355
v 7.335762977600098 -3.985161066055298 -1.9321225881576538
v 7.328892707824707 -3.986621618270874 -1.9967083930969238
v 7.328892707824707 -3.986621618270874 -2.0616750717163086
v 7.335762977600098 -3.985161066055298 -2.126260995864868
v 7.349423885345459 -3.98225736618042 -2.189708709716797
v 7.369714736938477 -3.9779446125030518 -2.251274585723877
v 7.396397113800049 -3.9722728729248047 -2.310236930847168
v 7.429159164428711 -3.9653091430664062 -2.365903854370117
v 7.467616081237793 -3.957134962081909 -2.417623519897461
v 7.511317253112793 -3.947845935821533 -2.4647889137268066
v 7.559750556945801 -3.9375510215759277 -2.506847620010376
v 7.612347602844238 -3.9263713359832764 -2.5433061122894287
v 7.668492317199707 -3.9144372940063477 -2.5737369060516357
v 7.72752571105957 -3.9018893241882324 -2.5977835655212402
v 7.788756847381592 -3.8888742923736572 -2.615164041519165
v 7.851466655731201 -3.875545024871826 -2.6256744861602783
v 7.855657577514648 -3.8884429931640625 -1.432708978652954
v 7.797089099884033 -3.9145193099975586 -1.4432194232940674
v 7.739902496337891 -3.9399805068969727 -1.4605998992919922
v 7.684767723083496 -3.9645280838012695 -1.4846465587615967
v 7.632331371307373 -3.9878742694854736 -1.5150773525238037
v 7.583208084106445 -4.0097455978393555 -1.5515358448028564
v 7.537973403930664 -4.0298848152160645 -1.5935944318771362
v 7.497158527374268 -4.0480570793151855 -1.6407599449157715
v 7.461241245269775 -4.0640482902526855 -1.6924794912338257
v 7.430643081665039 -4.077671527862549 -1.748146653175354
v 7.405722618103027 -4.088766574859619 -1.8071088790893555
v 7.386772155761719 -4.097204208374023 -1.8686747550964355
v 7.374013900756836 -4.102884769439697 -1.9321225881576538
v 7.3675971031188965 -4.105741500854492 -1.9967083930969238
v 7.3675971031188965 -4.105741500854492 -2.0616750717163086
v 7.374013900756836 -4.102884769439697 -2.126260995864868
v 7.386772155761719 -4.097204208374023 -2.189708709716797
v 7.405722618103027 -4.088766574859619 -2.251274585723877
v 7.430643081665039 -4.077671527862549 -2.310236930847168
v 7.461241245269775 -4.0640482902526855 -2.365903854370117
v 7.497158527374268 -4.0480570793151855 -2.417623519897461
v 7.537973403930664 -4.0298848152160645 -2.4647889137268066
v 7.583208084106445 -4.0097455978393555 -2.506847620010376
v 7.632331371307373 -3.9878742694854736 -2.5433061122894287
v 7.684767723083496 -3.9645280838012695 -2.5737369060516357
v 7.739902496337891 -3.9399805068969727 -2.5977835655212402
v 7.797089099884033 -3.9145193099975586 -2.615164041519165
v 7.855657577514648 -3.8884429931640625 -2.6256744861602783
v 7.862438201904297 -3.9001879692077637 -1.432708978652954
v 7.810571670532227 -3.937871217727661 -1.4432194232940674
v 7.759928226470947 -3.974665880203247 -1.4605998992919922
v 7.71110200881958 -4.010140419006348 -1.4846465587615967
v 7.664665222167969 -4.043878555297852 -1.5150773525238037
v 7.621162414550781 -4.075484752655029 -1.5515358448028564
v 7.581103801727295 -4.104588985443115 -1.5935944318771362
v 7.54495906829834 -4.130849838256836 -1.6407599449157715
v 7.5131516456604 -4.153959274291992 -1.6924794912338257
v 7.486054420471191 -4.173646450042725 -1.748146653175354
v 7.463985443115234 -4.189680576324463 -1.8071088790893555
v 7.447203159332275 -4.201873779296875 -1.8686747550964355
v 7.435904502868652 -4.210082530975342 -1.9321225881576538
v 7.430222034454346 -4.214211463928223 -1.9967083930969238
v 7.430222034454346 -4.214211463928223 -2.0616750717163086
v 7.435904502868652 -4.210082530975342 -2.126260995864868
v 7.447203159332275 -4.201873779296875 -2.189708709716797
v 7.463985443115234 -4.189680576324463 -2.251274585723877
v 7.486054420471191 -4.173646450042725 -2.310236930847168
v 7.5131516456604 -4.153959274291992 -2.365903854370117
v 7.54495906829834 -4.130849838256836 -2.417623519897461
v 7.581103801727295 -4.104588985443115 -2.4647889137268066
v 7.621162414550781 -4.075484752655029 -2.506847620010376
v 7.664665222167969 -4.043878555297852 -2.5433061122894287
v 7.71110200881958 -4.010140419006348 -2.5737369060516357
v 7.759928226470947 -3.974665880203247 -2.5977835655212402
v 7.810571670532227 -3.937871217727661 -2.615164041519165
v 7.862438201904297 -3.9001879692077637 -2.6256744861602783
v 7.8715128898620605 -3.910266399383545 -1.432708978652954
v 7.828614234924316 -3.9579100608825684 -1.4432194232940674
v 7.7867279052734375 -4.004429817199707 -1.4605998992919922
v 7.746344089508057 -4.049280643463135 -1.4846465587615967
v 7.707936763763428 -4.091936111450195 -1.5150773525238037
v 7.6719560623168945 -4.131896495819092 -1.5515358448028564
v 7.638823986053467 -4.168693542480469 -1.5935944318771362
v 7.608928680419922 -4.201895713806152 -1.6407599449157715
v 7.582621097564697 -4.231112957000732 -1.6924794912338257
v 7.560209274291992 -4.2560038566589355 -1.748146653175354
v 7.541956424713135 -4.276276111602783 -1.8071088790893555
v 7.528075695037842 -4.291691780090332 -1.8686747550964355
v 7.518730640411377 -4.302070617675781 -1.9321225881576538
v 7.514030933380127 -4.307290554046631 -1.9967083930969238
v 7.514030933380127 -4.307290554046631 -2.0616750717163086
v 7.518730640411377 -4.302070617675781 -2.126260995864868
v 7.528075695037842 -4.291691780090332 -2.189708709716797
v 7.541956424713135 -4.276276111602783 -2.251274585723877
v 7.560209274291992 -4.2560038566589355 -2.310236930847168
v 7.582621097564697 -4.231112957000732 -2.365903854370117
v 7.608928680419922 -4.201895713806152 -2.417623519897461
v 7.638823986053467 -4.168693542480469 -2.4647889137268066
v 7.6719560623168945 -4.131896495819092 -2.506847620010376
v 7.707936763763428 -4.091936111450195 -2.5433061122894287
v 7.746344089508057 -4.049280643463135 -2.5737369060516357
v 7.7867279052734375 -4.004429817199707 -2.5977835655212402
v 7.828614234924316 -3.9579100608825684 -2.615164041519165
v 7.8715128898620605 -3.910266399383545 -2.6256744861602783
v 7.882484436035156 -3.9182376861572266 -1.432708978652954
v 7.850429058074951 -3.973759412765503 -1.4432194232940674
v 7.819129943847656 -4.027971267700195 -1.4605998992919922
v 7.78895378112793 -4.080238342285156 -1.4846465587615967
v 7.760254383087158 -4.129947185516357 -1.5150773525238037
v 7.733367919921875 -4.176515102386475 -1.5515358448028564
v 7.708610534667969 -4.219396591186523 -1.5935944318771362
v 7.686271667480469 -4.2580885887146 -1.6407599449157715
v 7.666613578796387 -4.292137145996094 -1.6924794912338257
v 7.649866580963135 -4.321143627166748 -1.748146653175354
v 7.636227130889893 -4.344768047332764 -1.8071088790893555
v 7.625855445861816 -4.362732887268066 -1.8686747550964355
v 7.618872165679932 -4.3748273849487305 -1.9321225881576538
v 7.615360260009766 -4.380910873413086 -1.9967083930969238
v 7.615360260009766 -4.380910873413086 -2.0616750717163086
v 7.618872165679932 -4.3748273849487305 -2.126260995864868
v 7.625855445861816 -4.362732887268066 -2.189708709716797
v 7.636227130889893 -4.344768047332764 -2.251274585723877
v 7.649866580963135 -4.321143627166748 -2.310236930847168
v 7.666613578796387 -4.292137145996094 -2.365903854370117
v 7.686271667480469 -4.2580885887146 -2.417623519897461
v 7.708610534667969 -4.219396591186523 -2.4647889137268066
v 7.733367919921875 -4.176515102386475 -2.506847620010376
v 7.760254383087158 -4.129947185516357 -2.5433061122894287
v 7.78895378112793 -4.080238342285156 -2.5737369060516357
v 7.819129943847656 -4.027971267700195 -2.5977835655212402
v 7.850429058074951 -3.973759412765503 -2.615164041519165
v 7.882484436035156 -3.9182376861572266 -2.6256744861602783
v 7.894874095916748 -3.9237537384033203 -1.432708978652954
v 7.875062465667725 -3.984726905822754 -1.4432194232940674
v 7.855718612670898 -4.044261932373047 -1.4605998992919922
v 7.837068557739258 -4.101660251617432 -1.4846465587615967
v 7.819331169128418 -4.15625 -1.5150773525238037
v 7.802714824676514 -4.207390308380127 -1.5515358448028564
v 7.787413597106934 -4.254482269287109 -1.5935944318771362
v 7.7736077308654785 -4.296972751617432 -1.6407599449157715
v 7.761458396911621 -4.334364891052246 -1.6924794912338257
v 7.751108169555664 -4.366219520568848 -1.748146653175354
v 7.742678642272949 -4.392163276672363 -1.8071088790893555
v 7.736268520355225 -4.411891937255859 -1.8686747550964355
v 7.731952667236328 -4.425174236297607 -1.9321225881576538
v 7.7297821044921875 -4.431854248046875 -1.9967083930969238
v 7.7297821044921875 -4.431854248046875 -2.0616750717163086
v 7.731952667236328 -4.425174236297607 -2.126260995864868
v 7.736268520355225 -4.411891937255859 -2.189708709716797
v 7.742678642272949 -4.392163276672363 -2.251274585723877
v 7.751108169555664 -4.366219520568848 -2.310236930847168
v 7.761458396911621 -4.334364891052246 -2.365903854370117
v 7.7736077308654785 -4.296972751617432 -2.417623519897461
v 7.787413597106934 -4.254482269287109 -2.4647889137268066
v 7.802714824676514 -4.207390308380127 -2.506847620010376
v 7.819331169128418 -4.15625 -2.5433061122894287
v 7.837068557739258 -4.101660251617432 -2.5737369060516357
v 7.855718612670898 -4.044261932373047 -2.5977835655212402
v 7.875062465667725 -3.984726905822754 -2.615164041519165
v 7.894874095916748 -3.9237537384033203 -2.6256744861602783
v 7.908139228820801 -3.9265735149383545 -1.432708978652954
v 7.901438236236572 -3.990333080291748 -1.4432194232940674
v 7.894894599914551 -4.052588939666748 -1.4605998992919922
v 7.888586044311523 -4.112610816955566 -1.4846465587615967
v 7.882586479187012 -4.1696953773498535 -1.5150773525238037
v 7.876965522766113 -4.223172664642334 -1.5515358448028564
v 7.871789932250977 -4.272416591644287 -1.5935944318771362
v 7.867119789123535 -4.316849708557129 -1.6407599449157715
v 7.863009929656982 -4.355950355529785 -1.6924794912338257
v 7.859508991241455 -4.389260768890381 -1.748146653175354
v 7.8566575050354 -4.4163899421691895 -1.8071088790893555
v 7.854489326477051 -4.437020301818848 -1.8686747550964355
v 7.853029251098633 -4.450909614562988 -1.9321225881576538
v 7.852295398712158 -4.457895278930664 -1.9967083930969238
v 7.852295398712158 -4.457895278930664 -2.0616750717163086
v 7.853029251098633 -4.450909614562988 -2.126260995864868
v 7.854489326477051 -4.437020301818848 -2.189708709716797
v 7.8566575050354 -4.4163899421691895 -2.251274585723877
v 7.859508991241455 -4.389260768890381 -2.310236930847168
v 7.863009929656982 -4.355950355529785 -2.365903854370117
v 7.867119789123535 -4.316849708557129 -2.417623519897461
v 7.871789932250977 -4.272416591644287 -2.4647889137268066
v 7.876965522766113 -4.223172664642334 -2.506847620010376
v 7.882586479187012 -4.1696953773498535 -2.5433061122894287
v 7.888586044311523 -4.112610816955566 -2.5737369060516357
v 7.894894599914551 -4.052588939666748 -2.5977835655212402
v 7.901438236236572 -3.990333080291748 -2.615164041519165
v 7.908139228820801 -3.9265735149383545 -2.6256744861602783
v 7.921701431274414 -3.9265735149383545 -1.432708978652954
v 7.928402423858643 -3.990333080291748 -1.4432194232940674
v 7.934946060180664 -4.052588939666748 -1.4605998992919922
v 7.941254615783691 -4.112610816955566 -1.4846465587615967
v 7.947254180908203 -4.1696953773498535 -1.5150773525238037
v 7.952875137329102 -4.223172664642334 -1.5515358448028564
v 7.958050727844238 -4.272416591644287 -1.5935944318771362
v 7.96272087097168 -4.316849708557129 -1.6407599449157715
v 7.966830730438232 -4.355950355529785 -1.6924794912338257
v 7.97033166885376 -4.389260768890381 -1.748146653175354
v 7.9731831550598145 -4.4163899421691895 -1.8071088790893555
v 7.975351333618164 -4.437020301818848 -1.8686747550964355
v 7.976811408996582 -4.450909614562988 -1.9321225881576538
v 7.977545261383057 -4.457895278930664 -1.9967083930969238
v 7.977545261383057 -4.457895278930664 -2.0616750717163086
v 7.976811408996582 -4.450909614562988 -2.126260995864868
v 7.975351333618164 -4.437020301818848 -2.189708709716797
v 7.9731831550598145 -4.4163899421691895 -2.251274585723877
v 7.97033166885376 -4.389260768890381 -2.310236930847168
v 7.966830730438232 -4.355950355529785 -2.365903854370117
v 7.96272087097168 -4.316849708557129 -2.417623519897461
v 7.958050727844238 -4.272416591644287 -2.4647889137268066
v 7.952875137329102 -4.223172664642334 -2.506847620010376
v 7.947254180908203 -4.1696953773498535 -2.5433061122894287
v 7.941254615783691 -4.112610816955566 -2.5737369060516357
v 7.934946060180664 -4.052588939666748 -2.5977835655212402
v 7.928402423858643 -3.990333080291748 -2.615164041519165
v 7.921701431274414 -3.9265735149383545 -2.6256744861602783
v 7.934966564178467 -3.9237537384033203 -1.432708978652954
v 7.95477819442749 -3.984726905822754 -1.4432194232940674
v 7.974122047424316 -4.044261932373047 -1.4605998992919922
v 7.992772102355957 -4.101660251617432 -1.4846465587615967
v 8.010509490966797 -4.15625 -1.5150773525238037
v 8.027125358581543 -4.207390308380127 -1.5515358448028564
v 8.042427062988281 -4.254482269287109 -1.5935944318771362
v 8.056233406066895 -4.296972751617432 -1.6407599449157715
v 8.068382263183594 -4.334364891052246 -1.6924794912338257
v 8.07873249053955 -4.366219520568848 -1.748146653175354
v 8.087162017822266 -4.392163276672363 -1.8071088790893555
v 8.093572616577148 -4.411891937255859 -1.8686747550964355
v 8.097887992858887 -4.425174236297607 -1.9321225881576538
v 8.100058555603027 -4.431854248046875 -1.9967083930969238
v 8.100058555603027 -4.431854248046875 -2.0616750717163086
v 8.097887992858887 -4.425174236297607 -2.126260995864868
v 8.093572616577148 -4.411891937255859 -2.189708709716797
v 8.087162017822266 -4.392163276672363 -2.251274585723877
v 8.07873249053955 -4.366219520568848 -2.310236930847168
v 8.068382263183594 -4.334364891052246 -2.365903854370117
v 8.056233406066895 -4.296972751617432 -2.417623519897461
v 8.042427062988281 -4.254482269287109 -2.4647889137268066
v 8.027125358581543 -4.207390308380127 -2.506847620010376
v 8.010509490966797 -4.15625 -2.5433061122894287
v 7.992772102355957 -4.101660251617432 -2.5737369060516357
v 7.974122047424316 -4.044261932373047 -2.5977835655212402
v 7.95477819442749 -3.984726905822754 -2.615164041519165
v 7.934966564178467 -3.9237537384033203 -2.6256744861602783
v 7.947356224060059 -3.9182376861572266 -1.432708978652954
v 7.979411602020264 -3.973759412765503 -1.4432194232940674
v 8.010710716247559 -4.027971267700195 -1.4605998992919922
v 8.040886878967285 -4.080238342285156 -1.4846465587615967
v 8.069586753845215 -4.129947185516357 -1.5150773525238037
v 8.09647274017334 -4.176515102386475 -1.5515358448028564
v 8.121230125427246 -4.219396591186523 -1.5935944318771362
v 8.143568992614746 -4.2580885887146 -1.6407599449157715
v 8.163227081298828 -4.292137145996094 -1.6924794912338257
v 8.179973602294922 -4.321143627166748 -1.748146653175354
v 8.193613052368164 -4.344768047332764 -1.8071088790893555
v 8.203985214233398 -4.362732887268066 -1.8686747550964355
v 8.210968017578125 -4.3748273849487305 -1.9321225881576538
v 8.21448040008545 -4.380910873413086 -1.9967083930969238
v 8.21448040008545 -4.380910873413086 -2.0616750717163086
v 8.210968017578125 -4.3748273849487305 -2.126260995864868
v 8.203985214233398 -4.362732887268066 -2.189708709716797
v 8.193613052368164 -4.344768047332764 -2.251274585723877
v 8.179973602294922 -4.321143627166748 -2.310236930847168
v 8.163227081298828 -4.292137145996094 -2.365903854370117
v 8.143568992614746 -4.2580885887146 -2.417623519897461
v 8.121230125427246 -4.219396591186523 -2.4647889137268066
v 8.09647274017334 -4.176515102386475 -2.506847620010376
v 8.069586753845215 -4.129947185516357 -2.5433061122894287
v 8.040886878967285 -4.080238342285156 -2.5737369060516357
v 8.010710716247559 -4.027971267700195 -2.5977835655212402
v 7.979411602020264 -3.973759412765503 -2.615164041519165
v 7.947356224060059 -3.9182376861572266 -2.6256744861602783
v 7.958327770233154 -3.910266399383545 -1.432708978652954
v 8.001226425170898 -3.9579100608825684 -1.4432194232940674
v 8.043112754821777 -4.004429817199707 -1.4605998992919922
v 8.083497047424316 -4.049280643463135 -1.4846465587615967
v 8.121904373168945 -4.091936111450195 -1.5150773525238037
v 8.15788459777832 -4.131896495819092 -1.5515358448028564
v 8.191017150878906 -4.168693542480469 -1.5935944318771362
v 8.220911979675293 -4.201895713806152 -1.6407599449157715
v 8.24721908569336 -4.231112957000732 -1.6924794912338257
v 8.269631385803223 -4.2560038566589355 -1.748146653175354
v 8.287884712219238 -4.276276111602783 -1.8071088790893555
v 8.301764488220215 -4.291691780090332 -1.8686747550964355
v 8.31110954284668 -4.302070617675781 -1.9321225881576538
v 8.315810203552246 -4.307290554046631 -1.9967083930969238
v 8.315810203552246 -4.307290554046631 -2.0616750717163086
v 8.31110954284668 -4.302070617675781 -2.126260995864868
v 8.301764488220215 -4.291691780090332 -2.189708709716797
v 8.287884712219238 -4.276276111602783 -2.251274585723877
v 8.269631385803223 -4.2560038566589355 -2.310236930847168
v 8.24721908569336 -4.231112957000732 -2.365903854370117
v 8.220911979675293 -4.201895713806152 -2.417623519897461
v 8.191017150878906 -4.168693542480469 -2.4647889137268066
v 8.15788459777832 -4.131896495819092 -2.506847620010376
v 8.121904373168945 -4.091936111450195 -2.5433061122894287
v 8.083497047424316 -4.049280643463135 -2.5737369060516357
v 8.043112754821777 -4.004429817199707 -2.5977835655212402
v 8.001226425170898 -3.9579100608825684 -2.615164041519165
v 7.958327770233154 -3.910266399383545 -2.6256744861602783
v 7.967402458190918 -3.9001879692077637 -1.432708978652954
v 8.019268989562988 -3.937871217727661 -1.4432194232940674
v 8.069912910461426 -3.974665880203247 -1.4605998992919922
v 8.118739128112793 -4.010140419006348 -1.4846465587615967
v 8.165175437927246 -4.043878555297852 -1.5150773525238037
v 8.208678245544434 -4.075484752655029 -1.5515358448028564
v 8.248736381530762 -4.104588985443115 -1.5935944318771362
v 8.284881591796875 -4.130849838256836 -1.6407599449157715
v 8.316688537597656 -4.153959274291992 -1.6924794912338257
v 8.343786239624023 -4.173646450042725 -1.748146653175354
v 8.36585521697998 -4.189680576324463 -1.8071088790893555
v 8.382637023925781 -4.201873779296875 -1.8686747550964355
v 8.393936157226562 -4.210082530975342 -1.9321225881576538
v 8.399618148803711 -4.214211463928223 -1.9967083930969238
v 8.399618148803711 -4.214211463928223 -2.0616750717163086
v 8.393936157226562 -4.210082530975342 -2.126260995864868
v 8.382637023925781 -4.201873779296875 -2.189708709716797
v 8.36585521697998 -4.189680576324463 -2.251274585723877
v 8.343786239624023 -4.173646450042725 -2.310236930847168
v 8.316688537597656 -4.153959274291992 -2.365903854370117
v 8.284881591796875 -4.130849838256836 -2.417623519897461
v 8.248736381530762 -4.104588985443115 -2.4647889137268066
v 8.208678245544434 -4.075484752655029 -2.506847620010376
v 8.165175437927246 -4.043878555297852 -2.5433061122894287
v 8.118739128112793 -4.010140419006348 -2.5737369060516357
v 8.069912910461426 -3.974665880203247 -2.5977835655212402
v 8.019268989562988 -3.937871217727661 -2.615164041519165
v 7.967402458190918 -3.9001879692077637 -2.6256744861602783
v 7.974183082580566 -3.8884429931640625 -1.432708978652954
v 8.032751083374023 -3.9145193099975586 -1.4432194232940674
v 8.089938163757324 -3.9399805068969727 -1.4605998992919922
v 8.145072937011719 -3.9645280838012695 -1.4846465587615967
v 8.197509765625 -3.9878742694854736 -1.5150773525238037
v 8.24663257598877 -4.0097455978393555 -1.5515358448028564
v 8.29186725616455 -4.0298848152160645 -1.5935944318771362
v 8.332681655883789 -4.0480570793151855 -1.6407599449157715
v 8.368598937988281 -4.0640482902526855 -1.6924794912338257
v 8.399197578430176 -4.077671527862549 -1.748146653175354
v 8.424118041992188 -4.088766574859619 -1.8071088790893555
v 8.443068504333496 -4.097204208374023 -1.8686747550964355
v 8.455826759338379 -4.102884769439697 -1.9321225881576538
v 8.462244033813477 -4.105741500854492 -1.9967083930969238
v 8.462244033813477 -4.105741500854492 -2.0616750717163086
v 8.455826759338379 -4.102884769439697 -2.126260995864868
v 8.443068504333496 -4.097204208374023 -2.189708709716797
v 8.424118041992188 -4.088766574859619 -2.251274585723877
v 8.399197578430176 -4.077671527862549 -2.310236930847168
v 8.368598937988281 -4.0640482902526855 -2.365903854370117
v 8.332681655883789 -4.0480570793151855 -2.417623519897461
v 8.29186725616455 -4.0298848152160645 -2.4647889137268066
v 8.24663257598877 -4.0097455978393555 -2.506847620010376
v 8.197509765625 -3.9878742694854736 -2.5433061122894287
v 8.145072937011719 -3.9645280838012695 -2.5737369060516357
v 8.089938163757324 -3.9399805068969727 -2.5977835655212402
v 8.032751083374023 -3.9145193099975586 -2.615164041519165
v 7.974183082580566 -3.8884429931640625 -2.6256744861602783
v 7.978374004364014 -3.875545024871826 -1.432708978652954
v 8.041084289550781 -3.8888742923736572 -1.4432194232940674
v 8.102314949035645 -3.9018893241882324 -1.4605998992919922
v 8.161348342895508 -3.9144372940063477 -1.4846465587615967
v 8.217493057250977 -3.9263713359832764 -1.5150773525238037
v 8.270090103149414 -3.9375510215759277 -1.5515358448028564
v 8.318523406982422 -3.947845935821533 -1.5935944318771362
v 8.362224578857422 -3.957134962081909 -1.6407599449157715
v 8.400681495666504 -3.9653091430664062 -1.6924794912338257
v 8.433443069458008 -3.9722728729248047 -1.748146653175354
v 8.460125923156738 -3.9779446125030518 -1.8071088790893555
v 8.480417251586914 -3.98225736618042 -1.8686747550964355
v 8.494077682495117 -3.985161066055298 -1.9321225881576538
v 8.500947952270508 -3.986621618270874 -1.9967083930969238
v 8.500947952270508 -3.986621618270874 -2.0616750717163086
v 8.494077682495117 -3.985161066055298 -2.126260995864868
v 8.480417251586914 -3.98225736618042 -2.189708709716797
v 8.460125923156738 -3.9779446125030518 -2.251274585723877
v 8.433443069458008 -3.9722728729248047 -2.310236930847168
v 8.400681495666504 -3.9653091430664062 -2.365903854370117
v 8.362224578857422 -3.957134962081909 -2.417623519897461
v 8.318523406982422 -3.947845935821533 -2.4647889137268066
v 8.270090103149414 -3.9375510215759277 -2.506847620010376
v 8.217493057250977 -3.9263713359832764 -2.5433061122894287
v 8.161348342895508 -3.9144372940063477 -2.5737369060516357
v 8.102314949035645 -3.9018893241882324 -2.5977835655212402
v 8.041084289550781 -3.8888742923736572 -2.615164041519165
v 7.978374004364014 -3.875545024871826 -2.6256744861602783
v 4.338500022888184 1.8896489143371582 -2.3074917793273926
v 4.338500022888184 1.8896489143371582 -3.5074920654296875
v 4.403371334075928 1.8896489143371582 -2.311009168624878
v 4.467482089996338 1.8896489143371582 -2.321519613265991
v 4.530080795288086 1.8896489143371582 -2.338900089263916
v 4.590433597564697 1.8896489143371582 -2.3629467487335205
v 4.64783239364624 1.8896489143371582 -2.3933775424957275
v 4.70160436630249 1.8896489143371582 -2.4298360347747803
v 4.751119613647461 1.8896489143371582 -2.4718947410583496
v 4.795797348022461 1.8896489143371582 -2.5190601348876953
v 4.835113525390625 1.8896489143371582 -2.570779800415039
v 4.868607044219971 1.8896489143371582 -2.6264467239379883
v 4.895885944366455 1.8896489143371582 -2.6854090690612793
v 4.916629791259766 1.8896489143371582 -2.7469749450683594
v 4.930595874786377 1.8896489143371582 -2.810422658920288
v 4.937620162963867 1.8896489143371582 -2.8750085830688477
v 4.937620162963867 1.8896489143371582 -2.9399752616882324
v 4.930595874786377 1.8896489143371582 -3.004561185836792
v 4.916629791259766 1.8896489143371582 -3.0680088996887207
v 4.895885944366455 1.8896489143371582 -3.129574775695801
v 4.868607044219971 1.8896489143371582 -3.188537120819092
v 4.835113525390625 1.8896489143371582 -3.244204044342041
v 4.795797348022461 1.8896489143371582 -3.2959237098693848
v 4.751119613647461 1.8896489143371582 -3.3430891036987305
v 4.70160436630249 1.8896489143371582 -3.3851478099823
v 4.64783239364624 1.8896489143371582 -3.4216063022613525
v 4.590433597564697 1.8896489143371582 -3.4520370960235596
v 4.530080795288086 1.8896489143371582 -3.476083755493164
v 4.467482089996338 1.8896489143371582 -3.493464231491089
v 4.403371334075928 1.8896489143371582 -3.503974676132202
v 4.40195369720459 1.9031364917755127 -2.311009168624878
v 4.464663505554199 1.9164658784866333 -2.321519613265991
v 4.525894641876221 1.929480791091919 -2.338900089263916
v 4.584928035736084 1.9420288801193237 -2.3629467487335205
v 4.641072750091553 1.9539626836776733 -2.3933775424957275
v 4.69366979598999 1.9651426076889038 -2.4298360347747803
v 4.742103099822998 1.9754374027252197 -2.4718947410583496
v 4.785804271697998 1.9847263097763062 -2.5190601348876953
v 4.82426118850708 1.9929006099700928 -2.570779800415039
v 4.857023239135742 1.9998644590377808 -2.6264467239379883
v 4.883706092834473 2.0055360794067383 -2.6854090690612793
v 4.903996467590332 2.0098488330841064 -2.7469749450683594
v 4.917657375335693 2.0127525329589844 -2.810422658920288
v 4.924528121948242 2.0142130851745605 -2.8750085830688477
v 4.924528121948242 2.0142130851745605 -2.9399752616882324
v 4.917657375335693 2.0127525329589844 -3.004561185836792
v 4.903996467590332 2.0098488330841064 -3.0680088996887207
v 4.883706092834473 2.0055360794067383 -3.129574775695801
v 4.857023239135742 1.9998644590377808 -3.188537120819092
v 4.82426118850708 1.9929006099700928 -3.244204044342041
v 4.785804271697998 1.9847263097763062 -3.2959237098693848
v 4.742103099822998 1.9754374027252197 -3.3430891036987305
v 4.69366979598999 1.9651426076889038 -3.3851478099823
v 4.641072750091553 1.9539626836776733 -3.4216063022613525
v 4.584928035736084 1.9420288801193237 -3.4520370960235596
v 4.525894641876221 1.929480791091919 -3.476083755493164
v 4.464663505554199 1.9164658784866333 -3.493464231491089
v 4.40195369720459 1.9031364917755127 -3.503974676132202
v 4.397762775421143 1.916034460067749 -2.311009168624878
v 4.456331253051758 1.9421107769012451 -2.321519613265991
v 4.5135178565979 1.9675718545913696 -2.338900089263916
v 4.568652629852295 1.9921194314956665 -2.3629467487335205
v 4.621088981628418 2.01546573638916 -2.3933775424957275
v 4.670212745666504 2.037336826324463 -2.4298360347747803
v 4.715446949005127 2.05747652053833 -2.4718947410583496
v 4.756261825561523 2.075648546218872 -2.5190601348876953
v 4.792179107666016 2.091639757156372 -2.570779800415039
v 4.822777271270752 2.1052629947662354 -2.6264467239379883
v 4.8476972579956055 2.1163582801818848 -2.6854090690612793
v 4.866648197174072 2.12479567527771 -2.7469749450683594
v 4.879406452178955 2.1304759979248047 -2.810422658920288
v 4.8858232498168945 2.1333329677581787 -2.8750085830688477
v 4.8858232498168945 2.1333329677581787 -2.9399752616882324
v 4.879406452178955 2.1304759979248047 -3.004561185836792
v 4.866648197174072 2.12479567527771 -3.0680088996887207
v 4.8476972579956055 2.1163582801818848 -3.129574775695801
v 4.822777271270752 2.1052629947662354 -3.188537120819092
v 4.792179107666016 2.091639757156372 -3.244204044342041
v 4.756261825561523 2.075648546218872 -3.2959237098693848
v 4.715446949005127 2.05747652053833 -3.3430891036987305
v 4.670212745666504 2.037336826324463 -3.3851478099823
v 4.621088981628418 2.01546573638916 -3.4216063022613525
v 4.568652629852295 1.9921194314956665 -3.4520370960235596
v 4.5135178565979 1.9675718545913696 -3.476083755493164
v 4.456331253051758 1.9421107769012451 -3.493464231491089
v 4.397762775421143 1.916034460067749 -3.503974676132202
v 4.390982151031494 1.9277793169021606 -2.311009168624878
v 4.4428486824035645 1.9654628038406372 -2.321519613265991
v 4.493492126464844 2.0022573471069336 -2.338900089263916
v 4.542318344116211 2.037731647491455 -2.3629467487335205
v 4.588755130767822 2.071469783782959 -2.3933775424957275
v 4.63225793838501 2.103076457977295 -2.4298360347747803
v 4.672316551208496 2.132180690765381 -2.4718947410583496
v 4.708461284637451 2.1584415435791016 -2.5190601348876953
v 4.740268707275391 2.181550979614258 -2.570779800415039
v 4.7673659324646 2.2012381553649902 -2.6264467239379883
v 4.789434909820557 2.2172722816467285 -2.6854090690612793
v 4.806217193603516 2.2294652462005615 -2.7469749450683594
v 4.817515850067139 2.2376742362976074 -2.810422658920288
v 4.823198318481445 2.241802930831909 -2.8750085830688477
v 4.823198318481445 2.241802930831909 -2.9399752616882324
v 4.817515850067139 2.2376742362976074 -3.004561185836792
v 4.806217193603516 2.2294652462005615 -3.0680088996887207
v 4.789434909820557 2.2172722816467285 -3.129574775695801
v 4.7673659324646 2.2012381553649902 -3.188537120819092
v 4.740268707275391 2.181550979614258 -3.244204044342041
v 4.708461284637451 2.1584415435791016 -3.2959237098693848
v 4.672316551208496 2.132180690765381 -3.3430891036987305
v 4.63225793838501 2.103076457977295 -3.3851478099823
v 4.588755130767822 2.071469783782959 -3.4216063022613525
v 4.542318344116211 2.037731647491455 -3.4520370960235596
v 4.493492126464844 2.0022573471069336 -3.476083755493164
v 4.4428486824035645 1.9654628038406372 -3.493464231491089
v 4.390982151031494 1.9277793169021606 -3.503974676132202
v 4.3819074630737305 1.937857747077942 -2.311009168624878
v 4.424806118011475 1.9855014085769653 -2.321519613265991
v 4.466692924499512 2.0320212841033936 -2.338900089263916
v 4.507076263427734 2.076871871948242 -2.3629467487335205
v 4.545483589172363 2.119527578353882 -2.3933775424957275
v 4.5814642906188965 2.1594882011413574 -2.4298360347747803
v 4.614596366882324 2.1962850093841553 -2.4718947410583496
v 4.644491672515869 2.2294869422912598 -2.5190601348876953
v 4.670799255371094 2.258704662322998 -2.570779800415039
v 4.693211078643799 2.283595323562622 -2.6264467239379883
v 4.711463928222656 2.3038673400878906 -2.6854090690612793
v 4.725344657897949 2.3192832469940186 -2.7469749450683594
v 4.734689712524414 2.3296618461608887 -2.810422658920288
v 4.739389419555664 2.3348817825317383 -2.8750085830688477
v 4.739389419555664 2.3348817825317383 -2.9399752616882324
v 4.734689712524414 2.3296618461608887 -3.004561185836792
v 4.725344657897949 2.3192832469940186 -3.0680088996887207
v 4.711463928222656 2.3038673400878906 -3.129574775695801
v 4.693211078643799 2.283595323562622 -3.188537120819092
v 4.670799255371094 2.258704662322998 -3.244204044342041
v 4.644491672515869 2.2294869422912598 -3.2959237098693848
v 4.614596366882324 2.1962850093841553 -3.3430891036987305
v 4.5814642906188965 2.1594882011413574 -3.3851478099823
v 4.545483589172363 2.119527578353882 -3.4216063022613525
v 4.507076263427734 2.076871871948242 -3.4520370960235596
v 4.466692924499512 2.0320212841033936 -3.476083755493164
v 4.424806118011475 1.9855014085769653 -3.493464231491089
v 4.3819074630737305 1.937857747077942 -3.503974676132202
v 4.370935916900635 1.945829153060913 -2.311009168624878
v 4.40299129486084 2.0013508796691895 -2.321519613265991
v 4.434290409088135 2.055562973022461 -2.338900089263916
v 4.464466571807861 2.1078295707702637 -2.3629467487335205
v 4.493165969848633 2.157538652420044 -2.3933775424957275
v 4.520052433013916 2.204106569290161 -2.4298360347747803
v 4.544809818267822 2.24698805809021 -2.4718947410583496
v 4.567148685455322 2.285679817199707 -2.5190601348876953
v 4.586806774139404 2.3197288513183594 -2.570779800415039
v 4.603553771972656 2.3487353324890137 -2.6264467239379883
v 4.617193222045898 2.372359275817871 -2.6854090690612793
v 4.627564907073975 2.390324115753174 -2.7469749450683594
v 4.634548187255859 2.402419090270996 -2.810422658920288
v 4.638060092926025 2.4085021018981934 -2.8750085830688477
v 4.638060092926025 2.4085021018981934 -2.9399752616882324
v 4.634548187255859 2.402419090270996 -3.004561185836792
v 4.627564907073975 2.390324115753174 -3.0680088996887207
v 4.617193222045898 2.372359275817871 -3.129574775695801
v 4.603553771972656 2.3487353324890137 -3.188537120819092
v 4.586806774139404 2.3197288513183594 -3.244204044342041
v 4.567148685455322 2.285679817199707 -3.2959237098693848
v 4.544809818267822 2.24698805809021 -3.3430891036987305
v 4.520052433013916 2.204106569290161 -3.3851478099823
v 4.493165969848633 2.157538652420044 -3.4216063022613525
v 4.464466571807861 2.1078295707702637 -3.4520370960235596
v 4.434290409088135 2.055562973022461 -3.476083755493164
v 4.40299129486084 2.0013508796691895 -3.493464231491089
v 4.370935916900635 1.945829153060913 -3.503974676132202
v 4.358546257019043 1.9513453245162964 -2.311009168624878
v 4.378357887268066 2.0123183727264404 -2.321519613265991
v 4.397701740264893 2.0718531608581543 -2.338900089263916
v 4.416351795196533 2.1292519569396973 -2.3629467487335205
v 4.434089183807373 2.1838414669036865 -2.3933775424957275
v 4.450705528259277 2.2349817752838135 -2.4298360347747803
v 4.466006278991699 2.282073497772217 -2.4718947410583496
v 4.4798126220703125 2.3245644569396973 -2.5190601348876953
v 4.49196195602417 2.3619563579559326 -2.570779800415039
v 4.502312183380127 2.393810749053955 -2.6264467239379883
v 4.510741710662842 2.4197545051574707 -2.6854090690612793
v 4.517151832580566 2.439483165740967 -2.7469749450683594
v 4.521467685699463 2.452765464782715 -2.810422658920288
v 4.5236382484436035 2.4594459533691406 -2.8750085830688477
v 4.5236382484436035 2.4594459533691406 -2.9399752616882324
v 4.521467685699463 2.452765464782715 -3.004561185836792
v 4.517151832580566 2.439483165740967 -3.0680088996887207
v 4.510741710662842 2.4197545051574707 -3.129574775695801
v 4.502312183380127 2.393810749053955 -3.188537120819092
v 4.49196195602417 2.3619563579559326 -3.244204044342041
v 4.4798126220703125 2.3245644569396973 -3.2959237098693848
v 4.466006278991699 2.282073497772217 -3.3430891036987305
v 4.450705528259277 2.2349817752838135 -3.3851478099823
v 4.434089183807373 2.1838414669036865 -3.4216063022613525
v 4.416351795196533 2.1292519569396973 -3.4520370960235596
v 4.397701740264893 2.0718531608581543 -3.476083755493164
v 4.378357887268066 2.0123183727264404 -3.493464231491089
v 4.358546257019043 1.9513453245162964 -3.503974676132202
v 4.34528112411499 1.954164981842041 -2.311009168624878
v 4.351982116699219 2.0179245471954346 -2.321519613265991
v 4.35852575302124 2.0801804065704346 -2.338900089263916
v 4.364834308624268 2.140202283859253 -2.3629467487335205
v 4.370833873748779 2.197286605834961 -2.3933775424957275
v 4.376454830169678 2.2507643699645996 -2.4298360347747803
v 4.3816304206848145 2.3000082969665527 -2.4718947410583496
v 4.386300563812256 2.3444409370422363 -2.5190601348876953
v 4.390410423278809 2.3835418224334717 -2.570779800415039
v 4.393911361694336 2.4168522357940674 -2.6264467239379883
v 4.396762847900391 2.443981647491455 -2.6854090690612793
v 4.39893102645874 2.464611768722534 -2.7469749450683594
v 4.400391101837158 2.478501319885254 -2.810422658920288
v 4.401124954223633 2.4854869842529297 -2.8750085830688477
v 4.401124954223633 2.4854869842529297 -2.9399752616882324
v 4.400391101837158 2.478501319885254 -3.004561185836792
v 4.39893102645874 2.464611768722534 -3.0680088996887207
v 4.396762847900391 2.443981647491455 -3.129574775695801
v 4.393911361694336 2.4168522357940674 -3.188537120819092
v 4.390410423278809 2.3835418224334717 -3.244204044342041
v 4.386300563812256 2.3444409370422363 -3.2959237098693848
v 4.3816304206848145 2.3000082969665527 -3.3430891036987305
v 4.376454830169678 2.2507643699645996 -3.3851478099823
v 4.370833873748779 2.197286605834961 -3.4216063022613525
v 4.364834308624268 2.140202283859253 -3.4520370960235596
v 4.35852575302124 2.0801804065704346 -3.476083755493164
v 4.351982116699219 2.0179245471954346 -3.493464231491089
v 4.34528112411499 1.954164981842041 -3.503974676132202
v 4.331718921661377 1.954164981842041 -2.311009168624878
v 4.325017929077148 2.0179245471954346 -2.321519613265991
v 4.318474292755127 2.0801804065704346 -2.338900089263916
v 4.3121657371521 2.140202283859253 -2.3629467487335205
v 4.306166172027588 2.197286605834961 -2.3933775424957275
v 4.3005452156066895 2.2507643699645996 -2.4298360347747803
v 4.295369625091553 2.3000082969665527 -2.4718947410583496
v 4.290699481964111 2.3444409370422363 -2.5190601348876953
v 4.286589622497559 2.3835418224334717 -2.570779800415039
v 4.283088684082031 2.4168522357940674 -2.6264467239379883
v 4.280237197875977 2.443981647491455 -2.6854090690612793
v 4.278069019317627 2.464611768722534 -2.7469749450683594
v 4.276608943939209 2.478501319885254 -2.810422658920288
v 4.275875091552734 2.4854869842529297 -2.8750085830688477
v 4.275875091552734 2.4854869842529297 -2.9399752616882324
v 4.276608943939209 2.478501319885254 -3.004561185836792
v 4.278069019317627 2.464611768722534 -3.0680088996887207
v 4.280237197875977 2.443981647491455 -3.129574775695801
v 4.283088684082031 2.4168522357940674 -3.188537120819092
v 4.286589622497559 2.3835418224334717 -3.244204044342041
v 4.290699481964111 2.3444409370422363 -3.2959237098693848
v 4.295369625091553 2.3000082969665527 -3.3430891036987305
v 4.3005452156066895 2.2507643699645996 -3.3851478099823
v 4.306166172027588 2.197286605834961 -3.4216063022613525
v 4.3121657371521 2.140202283859253 -3.4520370960235596
v 4.318474292755127 2.0801804065704346 -3.476083755493164
v 4.325017929077148 2.0179245471954346 -3.493464231491089
v 4.331718921661377 1.954164981842041 -3.503974676132202
v 4.318453788757324 1.9513453245162964 -2.311009168624878
v 4.298642158508301 2.0123183727264404 -2.321519613265991
v 4.279298305511475 2.0718531608581543 -2.338900089263916
v 4.260648250579834 2.1292519569396973 -2.3629467487335205
v 4.242910861968994 2.1838414669036865 -2.3933775424957275
v 4.22629451751709 2.2349817752838135 -2.4298360347747803
v 4.210993766784668 2.282073497772217 -2.4718947410583496
v 4.197187423706055 2.3245644569396973 -2.5190601348876953
v 4.185038089752197 2.3619563579559326 -2.570779800415039
v 4.17468786239624 2.393810749053955 -2.6264467239379883
v 4.166258335113525 2.4197545051574707 -2.6854090690612793
v 4.159848213195801 2.439483165740967 -2.7469749450683594
v 4.155532360076904 2.452765464782715 -2.810422658920288
v 4.153361797332764 2.4594459533691406 -2.8750085830688477
v 4.153361797332764 2.4594459533691406 -2.9399752616882324
v 4.155532360076904 2.452765464782715 -3.004561185836792
v 4.159848213195801 2.439483165740967 -3.0680088996887207
v 4.166258335113525 2.4197545051574707 -3.129574775695801
v 4.17468786239624 2.393810749053955 -3.188537120819092
v 4.185038089752197 2.3619563579559326 -3.244204044342041
v 4.197187423706055 2.3245644569396973 -3.2959237098693848
v 4.210993766784668 2.282073497772217 -3.3430891036987305
v 4.22629451751709 2.2349817752838135 -3.3851478099823
v 4.242910861968994 2.1838414669036865 -3.4216063022613525
v 4.260648250579834 2.1292519569396973 -3.4520370960235596
v 4.279298305511475 2.0718531608581543 -3.476083755493164
v 4.298642158508301 2.0123183727264404 -3.493464231491089
v 4.318453788757324 1.9513453245162964 -3.503974676132202
v 4.306064128875732 1.945829153060913 -2.311009168624878
v 4.274008750915527 2.0013508796691895 -2.321519613265991
v 4.242709636688232 2.055562973022461 -2.338900089263916
v 4.212533473968506 2.1078295707702637 -2.3629467487335205
v 4.183834075927734 2.157538652420044 -2.3933775424957275
v 4.156947612762451 2.204106569290161 -2.4298360347747803
v 4.132190227508545 2.24698805809021 -2.4718947410583496
v 4.109851360321045 2.285679817199707 -2.5190601348876953
v 4.090193271636963 2.3197288513183594 -2.570779800415039
v 4.073446273803711 2.3487353324890137 -2.6264467239379883
v 4.059806823730469 2.372359275817871 -2.6854090690612793
v 4.049435138702393 2.390324115753174 -2.7469749450683594
v 4.042451858520508 2.402419090270996 -2.810422658920288
v 4.038939952850342 2.4085021018981934 -2.8750085830688477
v 4.038939952850342 2.4085021018981934 -2.9399752616882324
v 4.042451858520508 2.402419090270996 -3.004561185836792
v 4.049435138702393 2.390324115753174 -3.0680088996887207
v 4.059806823730469 2.372359275817871 -3.129574775695801
v 4.073446273803711 2.3487353324890137 -3.188537120819092
v 4.090193271636963 2.3197288513183594 -3.244204044342041
v 4.109851360321045 2.285679817199707 -3.2959237098693848
v 4.132190227508545 2.24698805809021 -3.3430891036987305
v 4.156947612762451 2.204106569290161 -3.3851478099823
v 4.183834075927734 2.157538652420044 -3.4216063022613525
v 4.212533473968506 2.1078295707702637 -3.4520370960235596
v 4.242709636688232 2.055562973022461 -3.476083755493164
v 4.274008750915527 2.0013508796691895 -3.493464231491089
v 4.306064128875732 1.945829153060913 -3.503974676132202
v 4.295092582702637 1.937857747077942 -2.311009168624878
v 4.252193927764893 1.9855014085769653 -2.321519613265991
v 4.2103071212768555 2.0320212841033936 -2.338900089263916
v 4.169923782348633 2.076871871948242 -2.3629467487335205
v 4.131516456604004 2.119527578353882 -2.3933775424957275
v 4.095535755157471 2.1594882011413574 -2.4298360347747803
v 4.062403678894043 2.1962850093841553 -2.4718947410583496
v 4.032508373260498 2.2294869422912598 -2.5190601348876953
v 4.006200790405273 2.258704662322998 -2.570779800415039
v 3.9837889671325684 2.283595323562622 -2.6264467239379883
v 3.965535879135132 2.3038673400878906 -2.6854090690612793
v 3.951655626296997 2.3192832469940186 -2.7469749450683594
v 3.9423105716705322 2.3296618461608887 -2.810422658920288
v 3.937610387802124 2.3348817825317383 -2.8750085830688477
v 3.937610387802124 2.3348817825317383 -2.9399752616882324
v 3.9423105716705322 2.3296618461608887 -3.004561185836792
v 3.951655626296997 2.3192832469940186 -3.0680088996887207
v 3.965535879135132 2.3038673400878906 -3.129574775695801
v 3.9837889671325684 2.283595323562622 -3.188537120819092
v 4.006200790405273 2.258704662322998 -3.244204044342041
v 4.032508373260498 2.2294869422912598 -3.2959237098693848
v 4.062403678894043 2.1962850093841553 -3.3430891036987305
v 4.095535755157471 2.1594882011413574 -3.3851478099823
v 4.131516456604004 2.119527578353882 -3.4216063022613525
v 4.169923782348633 2.076871871948242 -3.4520370960235596
v 4.2103071212768555 2.0320212841033936 -3.476083755493164
v 4.252193927764893 1.9855014085769653 -3.493464231491089
v 4.295092582702637 1.937857747077942 -3.503974676132202
v 4.286017894744873 1.9277793169021606 -2.311009168624878
v 4.234151363372803 1.9654628038406372 -2.321519613265991
v 4.183507919311523 2.0022573471069336 -2.338900089263916
v 4.134681701660156 2.037731647491455 -2.3629467487335205
v 4.088244915008545 2.071469783782959 -2.3933775424957275
v 4.044742107391357 2.103076457977295 -2.4298360347747803
v 4.004683494567871 2.132180690765381 -2.4718947410583496
v 3.968538761138916 2.1584415435791016 -2.5190601348876953
v 3.9367313385009766 2.181550979614258 -2.570779800415039
v 3.9096343517303467 2.2012381553649902 -2.6264467239379883
v 3.8875651359558105 2.2172722816467285 -2.6854090690612793
v 3.8707830905914307 2.2294652462005615 -2.7469749450683594
v 3.8594844341278076 2.2376742362976074 -2.810422658920288
v 3.853801727294922 2.241802930831909 -2.8750085830688477
v 3.853801727294922 2.241802930831909 -2.9399752616882324
v 3.8594844341278076 2.2376742362976074 -3.004561185836792
v 3.8707830905914307 2.2294652462005615 -3.0680088996887207
v 3.8875651359558105 2.2172722816467285 -3.129574775695801
v 3.9096343517303467 2.2012381553649902 -3.188537120819092
v 3.9367313385009766 2.181550979614258 -3.244204044342041
v 3.968538761138916 2.1584415435791016 -3.2959237098693848
v 4.004683494567871 2.132180690765381 -3.3430891036987305
v 4.044742107391357 2.103076457977295 -3.3851478099823
v 4.088244915008545 2.071469783782959 -3.4216063022613525
v 4.134681701660156 2.037731647491455 -3.4520370960235596
v 4.183507919311523 2.0022573471069336 -3.476083755493164
v 4.234151363372803 1.9654628038406372 -3.493464231491089
v 4.286017894744873 1.9277793169021606 -3.503974676132202
v 4.279237270355225 1.916034460067749 -2.311009168624878
v 4.220668792724609 1.9421107769012451 -2.321519613265991
v 4.163482189178467 1.9675718545913696 -2.338900089263916
v 4.108347415924072 1.9921194314956665 -2.3629467487335205
v 4.055911064147949 2.01546573638916 -2.3933775424957275
v 4.006787300109863 2.037336826324463 -2.4298360347747803
v 3.9615530967712402 2.05747652053833 -2.4718947410583496
v 3.9207382202148438 2.075648546218872 -2.5190601348876953
v 3.8848211765289307 2.091639757156372 -2.570779800415039
v 3.8542230129241943 2.1052629947662354 -2.6264467239379883
v 3.8293025493621826 2.1163582801818848 -2.6854090690612793
v 3.810351848602295 2.12479567527771 -2.7469749450683594
v 3.797593593597412 2.1304759979248047 -2.810422658920288
v 3.7911765575408936 2.1333329677581787 -2.8750085830688477
v 3.7911765575408936 2.1333329677581787 -2.9399752616882324
v 3.797593593597412 2.1304759979248047 -3.004561185836792
v 3.810351848602295 2.12479567527771 -3.0680088996887207
v 3.8293025493621826 2.1163582801818848 -3.129574775695801
v 3.8542230129241943 2.1052629947662354 -3.188537120819092
v 3.8848211765289307 2.091639757156372 -3.244204044342041
v 3.9207382202148438 2.075648546218872 -3.2959237098693848
v 3.9615530967712402 2.05747652053833 -3.3430891036987305
v 4.006787300109863 2.037336826324463 -3.3851478099823
v 4.055911064147949 2.01546573638916 -3.4216063022613525
v 4.108347415924072 1.9921194314956665 -3.4520370960235596
v 4.163482189178467 1.9675718545913696 -3.476083755493164
v 4.220668792724609 1.9421107769012451 -3.493464231491089
v 4.279237270355225 1.916034460067749 -3.503974676132202
v 4.275046348571777 1.9031364917755127 -2.311009168624878
v 4.212336540222168 1.9164658784866333 -2.321519613265991
v 4.1511054039001465 1.929480791091919 -2.338900089263916
v 4.092072010040283 1.9420288801193237 -2.3629467487335205
v 4.0359272956848145 1.9539626836776733 -2.3933775424957275
v 3.983330249786377 1.9651426076889038 -2.4298360347747803
v 3.934896945953369 1.9754374027252197 -2.4718947410583496
v 3.891195774078369 1.9847263097763062 -2.5190601348876953
v 3.852738857269287 1.9929006099700928 -2.570779800415039
v 3.819976806640625 1.9998644590377808 -2.6264467239379883
v 3.7932941913604736 2.0055360794067383 -2.6854090690612793
v 3.773003578186035 2.0098488330841064 -2.7469749450683594
v 3.759342908859253 2.0127525329589844 -2.810422658920288
v 3.752472162246704 2.0142130851745605 -2.8750085830688477
v 3.752472162246704 2.0142130851745605 -2.9399752616882324
v 3.759342908859253 2.0127525329589844 -3.004561185836792
v 3.773003578186035 2.0098488330841064 -3.0680088996887207
v 3.7932941913604736 2.0055360794067383 -3.129574775695801
v 3.819976806640625 1.9998644590377808 -3.188537120819092
v 3.852738857269287 1.9929006099700928 -3.244204044342041
v 3.891195774078369 1.9847263097763062 -3.2959237098693848
v 3.934896945953369 1.9754374027252197 -3.3430891036987305
v 3.983330249786377 1.9651426076889038 -3.3851478099823
v 4.0359272956848145 1.9539626836776733 -3.4216063022613525
v 4.092072010040283 1.9420288801193237 -3.4520370960235596
v 4.1511054039001465 1.929480791091919 -3.476083755493164
v 4.212336540222168 1.9164658784866333 -3.493464231491089
v 4.275046348571777 1.9031364917755127 -3.503974676132202
v 4.2736287117004395 1.8896489143371582 -2.311009168624878
v 4.209517955780029 1.8896489143371582 -2.321519613265991
v 4.146919250488281 1.8896489143371582 -2.338900089263916
v 4.08656644821167 1.8896489143371582 -2.3629467487335205
v 4.029167652130127 1.8896489143371582 -2.3933775424957275
v 3.975395441055298 1.8896489143371582 -2.4298360347747803
v 3.9258804321289062 1.8896489143371582 -2.4718947410583496
v 3.8812026977539062 1.8896489143371582 -2.5190601348876953
v 3.841886520385742 1.8896489143371582 -2.570779800415039
v 3.8083927631378174 1.8896489143371582 -2.6264467239379883
v 3.781114101409912 1.8896489143371582 -2.6854090690612793
v 3.7603700160980225 1.8896489143371582 -2.7469749450683594
v 3.7464041709899902 1.8896489143371582 -2.810422658920288
v 3.7393798828125 1.8896489143371582 -2.8750085830688477
v 3.7393798828125 1.8896489143371582 -2.9399752616882324
v 3.7464041709899902 1.8896489143371582 -3.004561185836792
v 3.7603700160980225 1.8896489143371582 -3.0680088996887207
v 3.781114101409912 1.8896489143371582 -3.129574775695801
v 3.8083927631378174 1.8896489143371582 -3.188537120819092
v 3.841886520385742 1.8896489143371582 -3.244204044342041
v 3.8812026977539062 1.8896489143371582 -3.2959237098693848
v 3.9258804321289062 1.8896489143371582 -3.3430891036987305
v 3.975395441055298 1.8896489143371582 -3.3851478099823
v 4.029167652130127 1.8896489143371582 -3.4216063022613525
v 4.08656644821167 1.8896489143371582 -3.4520370960235596
v 4.146919250488281 1.8896489143371582 -3.476083755493164
v 4.209517955780029 1.8896489143371582 -3.493464231491089
v 4.2736287117004395 1.8896489143371582 -3.503974676132202
v 4.275046348571777 1.8761613368988037 -2.311009168624878
v 4.212336540222168 1.862831950187683 -2.321519613265991
v 4.1511054039001465 1.8498170375823975 -2.338900089263916
v 4.092072010040283 1.8372689485549927 -2.3629467487335205
v 4.0359272956848145 1.825335144996643 -2.3933775424957275
v 3.983330249786377 1.8141552209854126 -2.4298360347747803
v 3.934896945953369 1.8038604259490967 -2.4718947410583496
v 3.891195774078369 1.7945715188980103 -2.5190601348876953
v 3.852738857269287 1.7863972187042236 -2.570779800415039
v 3.819976806640625 1.7794333696365356 -2.6264467239379883
v 3.7932941913604736 1.7737618684768677 -2.6854090690612793
v 3.773003578186035 1.7694488763809204 -2.7469749450683594
v 3.759342908859253 1.766545295715332 -2.810422658920288
v 3.752472162246704 1.7650848627090454 -2.8750085830688477
v 3.752472162246704 1.7650848627090454 -2.9399752616882324
v 3.759342908859253 1.766545295715332 -3.004561185836792
v 3.773003578186035 1.7694488763809204 -3.0680088996887207
v 3.7932941913604736 1.7737618684768677 -3.129574775695801
v 3.819976806640625 1.7794333696365356 -3.188537120819092
v 3.852738857269287 1.7863972187042236 -3.244204044342041
v 3.891195774078369 1.7945715188980103 -3.2959237098693848
v 3.934896945953369 1.8038604259490967 -3.3430891036987305
v 3.983330249786377 1.8141552209854126 -3.3851478099823
v 4.0359272956848145 1.825335144996643 -3.4216063022613525
v 4.092072010040283 1.8372689485549927 -3.4520370960235596
v 4.1511054039001465 1.8498170375823975 -3.476083755493164
v 4.212336540222168 1.862831950187683 -3.493464231491089
v 4.275046348571777 1.8761613368988037 -3.503974676132202
v 4.279237270355225 1.8632633686065674 -2.311009168624878
v 4.220668792724609 1.8371870517730713 -2.321519613265991
v 4.163482189178467 1.8117259740829468 -2.338900089263916
v 4.108347415924072 1.78717839717865 -2.3629467487335205
v 4.055911064147949 1.7638320922851562 -2.3933775424957275
v 4.006787300109863 1.7419610023498535 -2.4298360347747803
v 3.9615530967712402 1.7218213081359863 -2.4718947410583496
v 3.9207382202148438 1.7036494016647339 -2.5190601348876953
v 3.8848211765289307 1.6876580715179443 -2.570779800415039
v 3.8542230129241943 1.674034833908081 -2.6264467239379883
v 3.8293025493621826 1.6629395484924316 -2.6854090690612793
v 3.810351848602295 1.654502272605896 -2.7469749450683594
v 3.797593593597412 1.6488218307495117 -2.810422658920288
v 3.7911765575408936 1.6459648609161377 -2.8750085830688477
v 3.7911765575408936 1.6459648609161377 -2.9399752616882324
v 3.797593593597412 1.6488218307495117 -3.004561185836792
v 3.810351848602295 1.654502272605896 -3.0680088996887207
v 3.8293025493621826 1.6629395484924316 -3.129574775695801
v 3.8542230129241943 1.674034833908081 -3.188537120819092
v 3.8848211765289307 1.6876580715179443 -3.244204044342041
v 3.9207382202148438 1.7036494016647339 -3.2959237098693848
v 3.9615530967712402 1.7218213081359863 -3.3430891036987305
v 4.006787300109863 1.7419610023498535 -3.3851478099823
v 4.055911064147949 1.7638320922851562 -3.4216063022613525
v 4.108347415924072 1.78717839717865 -3.4520370960235596
v 4.163482189178467 1.8117259740829468 -3.476083755493164
v 4.220668792724609 1.8371870517730713 -3.493464231491089
v 4.279237270355225 1.8632633686065674 -3.503974676132202
v 4.286017894744873 1.8515185117721558 -2.311009168624878
v 4.234151363372803 1.8138350248336792 -2.321519613265991
v 4.183507919311523 1.7770404815673828 -2.338900089263916
v 4.134681701660156 1.7415661811828613 -2.3629467487335205
v 4.088244915008545 1.7078279256820679 -2.3933775424957275
v 4.044742107391357 1.6762213706970215 -2.4298360347747803
v 4.004683494567871 1.6471171379089355 -2.4718947410583496
v 3.968538761138916 1.6208562850952148 -2.5190601348876953
v 3.9367313385009766 1.5977468490600586 -2.570779800415039
v 3.9096343517303467 1.5780596733093262 -2.6264467239379883
v 3.8875651359558105 1.5620256662368774 -2.6854090690612793
v 3.8707830905914307 1.5498325824737549 -2.7469749450683594
v 3.8594844341278076 1.5416237115859985 -2.810422658920288
v 3.853801727294922 1.5374950170516968 -2.8750085830688477
v 3.853801727294922 1.5374950170516968 -2.9399752616882324
v 3.8594844341278076 1.5416237115859985 -3.004561185836792
v 3.8707830905914307 1.5498325824737549 -3.0680088996887207
v 3.8875651359558105 1.5620256662368774 -3.129574775695801
v 3.9096343517303467 1.5780596733093262 -3.188537120819092
v 3.9367313385009766 1.5977468490600586 -3.244204044342041
v 3.968538761138916 1.6208562850952148 -3.2959237098693848
v 4.004683494567871 1.6471171379089355 -3.3430891036987305
v 4.044742107391357 1.6762213706970215 -3.3851478099823
v 4.088244915008545 1.7078279256820679 -3.4216063022613525
v 4.134681701660156 1.7415661811828613 -3.4520370960235596
v 4.183507919311523 1.7770404815673828 -3.476083755493164
v 4.234151363372803 1.8138350248336792 -3.493464231491089
v 4.286017894744873 1.8515185117721558 -3.503974676132202
v 4.295092582702637 1.8414400815963745 -2.311009168624878
v 4.252193927764893 1.793796420097351 -2.321519613265991
v 4.2103071212768555 1.7472765445709229 -2.338900089263916
v 4.169923782348633 1.7024258375167847 -2.3629467487335205
v 4.131516456604004 1.6597702503204346 -2.3933775424957275
v 4.095535755157471 1.619809627532959 -2.4298360347747803
v 4.062403678894043 1.5830127000808716 -2.4718947410583496
v 4.032508373260498 1.5498108863830566 -2.5190601348876953
v 4.006200790405273 1.5205931663513184 -2.570779800415039
v 3.9837889671325684 1.4957025051116943 -2.6264467239379883
v 3.965535879135132 1.4754303693771362 -2.6854090690612793
v 3.951655626296997 1.4600145816802979 -2.7469749450683594
v 3.9423105716705322 1.4496358633041382 -2.810422658920288
v 3.937610387802124 1.4444159269332886 -2.8750085830688477
v 3.937610387802124 1.4444159269332886 -2.9399752616882324
v 3.9423105716705322 1.4496358633041382 -3.004561185836792
v 3.951655626296997 1.4600145816802979 -3.0680088996887207
v 3.965535879135132 1.4754303693771362 -3.129574775695801
v 3.9837889671325684 1.4957025051116943 -3.188537120819092
v 4.006200790405273 1.5205931663513184 -3.244204044342041
v 4.032508373260498 1.5498108863830566 -3.2959237098693848
v 4.062403678894043 1.5830127000808716 -3.3430891036987305
v 4.095535755157471 1.619809627532959 -3.3851478099823
v 4.131516456604004 1.6597702503204346 -3.4216063022613525
v 4.169923782348633 1.7024258375167847 -3.4520370960235596
v 4.2103071212768555 1.7472765445709229 -3.476083755493164
v 4.252193927764893 1.793796420097351 -3.493464231491089
v 4.295092582702637 1.8414400815963745 -3.503974676132202
v 4.306064128875732 1.8334686756134033 -2.311009168624878
v 4.274008750915527 1.777946949005127 -2.321519613265991
v 4.242709636688232 1.723734974861145 -2.338900089263916
v 4.212533473968506 1.6714681386947632 -2.3629467487335205
v 4.183834075927734 1.621759295463562 -2.3933775424957275
v 4.156947612762451 1.5751911401748657 -2.4298360347747803
v 4.132190227508545 1.5323097705841064 -2.4718947410583496
v 4.109851360321045 1.4936178922653198 -2.5190601348876953
v 4.090193271636963 1.4595690965652466 -2.570779800415039
v 4.073446273803711 1.4305626153945923 -2.6264467239379883
v 4.059806823730469 1.4069384336471558 -2.6854090690612793
v 4.049435138702393 1.3889737129211426 -2.7469749450683594
v 4.042451858520508 1.3768787384033203 -2.810422658920288
v 4.038939952850342 1.370795726776123 -2.8750085830688477
v 4.038939952850342 1.370795726776123 -2.9399752616882324
v 4.042451858520508 1.3768787384033203 -3.004561185836792
v 4.049435138702393 1.3889737129211426 -3.0680088996887207
v 4.059806823730469 1.4069384336471558 -3.129574775695801
v 4.073446273803711 1.4305626153945923 -3.188537120819092
v 4.090193271636963 1.4595690965652466 -3.244204044342041
v 4.109851360321045 1.4936178922653198 -3.2959237098693848
v 4.132190227508545 1.5323097705841064 -3.3430891036987305
v 4.156947612762451 1.5751911401748657 -3.3851478099823
v 4.183834075927734 1.621759295463562 -3.4216063022613525
v 4.212533473968506 1.6714681386947632 -3.4520370960235596
v 4.242709636688232 1.723734974861145 -3.476083755493164
v 4.274008750915527 1.777946949005127 -3.493464231491089
v 4.306064128875732 1.8334686756134033 -3.503974676132202
v 4.318453788757324 1.82795250415802 -2.311009168624878
v 4.298642158508301 1.766979455947876 -2.321519613265991
v 4.279298305511475 1.707444667816162 -2.338900089263916
v 4.260648250579834 1.6500459909439087 -2.3629467487335205
v 4.242910861968994 1.5954563617706299 -2.3933775424957275
v 4.22629451751709 1.544316053390503 -2.4298360347747803
v 4.210993766784668 1.4972243309020996 -2.4718947410583496
v 4.197187423706055 1.4547333717346191 -2.5190601348876953
v 4.185038089752197 1.4173414707183838 -2.570779800415039
v 4.17468786239624 1.3854869604110718 -2.6264467239379883
v 4.166258335113525 1.3595433235168457 -2.6854090690612793
v 4.159848213195801 1.3398146629333496 -2.7469749450683594
v 4.155532360076904 1.326532244682312 -2.810422658920288
v 4.153361797332764 1.3198518753051758 -2.8750085830688477
v 4.153361797332764 1.3198518753051758 -2.9399752616882324
v 4.155532360076904 1.326532244682312 -3.004561185836792
v 4.159848213195801 1.3398146629333496 -3.0680088996887207
v 4.166258335113525 1.3595433235168457 -3.129574775695801
v 4.17468786239624 1.3854869604110718 -3.188537120819092
v 4.185038089752197 1.4173414707183838 -3.244204044342041
v 4.197187423706055 1.4547333717346191 -3.2959237098693848
v 4.210993766784668 1.4972243309020996 -3.3430891036987305
v 4.22629451751709 1.544316053390503 -3.3851478099823
v 4.242910861968994 1.5954563617706299 -3.4216063022613525
v 4.260648250579834 1.6500459909439087 -3.4520370960235596
v 4.279298305511475 1.707444667816162 -3.476083755493164
v 4.298642158508301 1.766979455947876 -3.493464231491089
v 4.318453788757324 1.82795250415802 -3.503974676132202
v 4.331718921661377 1.8251328468322754 -2.311009168624878
v 4.325017929077148 1.7613732814788818 -2.321519613265991
v 4.318474292755127 1.6991175413131714 -2.338900089263916
v 4.3121657371521 1.6390955448150635 -2.3629467487335205
v 4.306166172027588 1.5820112228393555 -2.3933775424957275
v 4.3005452156066895 1.5285334587097168 -2.4298360347747803
v 4.295369625091553 1.4792896509170532 -2.4718947410583496
v 4.290699481964111 1.4348567724227905 -2.5190601348876953
v 4.286589622497559 1.3957560062408447 -2.570779800415039
v 4.283088684082031 1.362445592880249 -2.6264467239379883
v 4.280237197875977 1.3353163003921509 -2.6854090690612793
v 4.278069019317627 1.3146860599517822 -2.7469749450683594
v 4.276608943939209 1.3007965087890625 -2.810422658920288
v 4.275875091552734 1.2938108444213867 -2.8750085830688477
v 4.275875091552734 1.2938108444213867 -2.9399752616882324
v 4.276608943939209 1.3007965087890625 -3.004561185836792
v 4.278069019317627 1.3146860599517822 -3.0680088996887207
v 4.280237197875977 1.3353163003921509 -3.129574775695801
v 4.283088684082031 1.362445592880249 -3.188537120819092
v 4.286589622497559 1.3957560062408447 -3.244204044342041
v 4.290699481964111 1.4348567724227905 -3.2959237098693848
v 4.295369625091553 1.4792896509170532 -3.3430891036987305
v 4.3005452156066895 1.5285334587097168 -3.3851478099823
v 4.306166172027588 1.5820112228393555 -3.4216063022613525
v 4.3121657371521 1.6390955448150635 -3.4520370960235596
v 4.318474292755127 1.6991175413131714 -3.476083755493164
v 4.325017929077148 1.7613732814788818 -3.493464231491089
v 4.331718921661377 1.8251328468322754 -3.503974676132202
v 4.34528112411499 1.8251328468322754 -2.311009168624878
v 4.351982116699219 1.7613732814788818 -2.321519613265991
v 4.35852575302124 1.6991175413131714 -2.338900089263916
v 4.364834308624268 1.6390955448150635 -2.3629467487335205
v 4.370833873748779 1.5820112228393555 -2.3933775424957275
v 4.376454830169678 1.5285334587097168 -2.4298360347747803
v 4.3816304206848145 1.4792896509170532 -2.4718947410583496
v 4.386300563812256 1.4348567724227905 -2.5190601348876953
v 4.390410423278809 1.3957560062408447 -2.570779800415039
v 4.393911361694336 1.362445592880249 -2.6264467239379883
v 4.396762847900391 1.3353163003921509 -2.6854090690612793
v 4.39893102645874 1.3146860599517822 -2.7469749450683594
v 4.400391101837158 1.3007965087890625 -2.810422658920288
v 4.401124954223633 1.2938108444213867 -2.8750085830688477
v 4.401124954223633 1.2938108444213867 -2.9399752616882324
v 4.400391101837158 1.3007965087890625 -3.004561185836792
v 4.39893102645874 1.3146860599517822 -3.0680088996887207
v 4.396762847900391 1.3353163003921509 -3.129574775695801
v 4.393911361694336 1.362445592880249 -3.188537120819092
v 4.390410423278809 1.3957560062408447 -3.244204044342041
v 4.386300563812256 1.4348567724227905 -3.2959237098693848
v 4.3816304206848145 1.4792896509170532 -3.3430891036987305
v 4.376454830169678 1.5285334587097168 -3.3851478099823
v 4.370833873748779 1.5820112228393555 -3.4216063022613525
v 4.364834308624268 1.6390955448150635 -3.4520370960235596
v 4.35852575302124 1.6991175413131714 -3.476083755493164
v 4.351982116699219 1.7613732814788818 -3.493464231491089
v 4.34528112411499 1.8251328468322754 -3.503974676132202
v 4.358546257019043 1.82795250415802 -2.311009168624878
v 4.378357887268066 1.766979455947876 -2.321519613265991
v 4.397701740264893 1.707444667816162 -2.338900089263916
v 4.416351795196533 1.6500459909439087 -2.3629467487335205
v 4.434089183807373 1.5954563617706299 -2.3933775424957275
v 4.450705528259277 1.544316053390503 -2.4298360347747803
v 4.466006278991699 1.4972243309020996 -2.4718947410583496
v 4.4798126220703125 1.4547333717346191 -2.5190601348876953
v 4.49196195602417 1.4173414707183838 -2.570779800415039
v 4.502312183380127 1.3854869604110718 -2.6264467239379883
v 4.510741710662842 1.3595433235168457 -2.6854090690612793
v 4.517151832580566 1.3398146629333496 -2.7469749450683594
v 4.521467685699463 1.326532244682312 -2.810422658920288
v 4.5236382484436035 1.3198518753051758 -2.8750085830688477
v 4.5236382484436035 1.3198518753051758 -2.9399752616882324
v 4.521467685699463 1.326532244682312 -3.004561185836792
v 4.517151832580566 1.3398146629333496 -3.0680088996887207
v 4.510741710662842 1.3595433235168457 -3.129574775695801
v 4.502312183380127 1.3854869604110718 -3.188537120819092
v 4.49196195602417 1.4173414707183838 -3.244204044342041
v 4.4798126220703125 1.4547333717346191 -3.2959237098693848
v 4.466006278991699 1.4972243309020996 -3.3430891036987305
v 4.450705528259277 1.544316053390503 -3.3851478099823
v 4.434089183807373 1.5954563617706299 -3.4216063022613525
v 4.416351795196533 1.6500459909439087 -3.4520370960235596
v 4.397701740264893 1.707444667816162 -3.476083755493164
v 4.378357887268066 1.766979455947876 -3.493464231491089
v 4.358546257019043 1.82795250415802 -3.503974676132202
v 4.370935916900635 1.8334686756134033 -2.311009168624878
v 4.40299129486084 1.777946949005127 -2.321519613265991
v 4.434290409088135 1.723734974861145 -2.338900089263916
v 4.464466571807861 1.6714681386947632 -2.3629467487335205
v 4.493165969848633 1.621759295463562 -2.3933775424957275
v 4.520052433013916 1.5751911401748657 -2.4298360347747803
v 4.544809818267822 1.5323097705841064 -2.4718947410583496
v 4.567148685455322 1.4936178922653198 -2.5190601348876953
v 4.586806774139404 1.4595690965652466 -2.570779800415039
v 4.603553771972656 1.4305626153945923 -2.6264467239379883
v 4.617193222045898 1.4069384336471558 -2.6854090690612793
v 4.627564907073975 1.3889737129211426 -2.7469749450683594
v 4.634548187255859 1.3768787384033203 -2.810422658920288
v 4.638060092926025 1.370795726776123 -2.8750085830688477
v 4.638060092926025 1.370795726776123 -2.9399752616882324
v 4.634548187255859 1.3768787384033203 -3.004561185836792
v 4.627564907073975 1.3889737129211426 -3.0680088996887207
v 4.617193222045898 1.4069384336471558 -3.129574775695801
v 4.603553771972656 1.4305626153945923 -3.188537120819092
v 4.586806774139404 1.4595690965652466 -3.244204044342041
v 4.567148685455322 1.4936178922653198 -3.2959237098693848
v 4.544809818267822 1.5323097705841064 -3.3430891036987305
v 4.520052433013916 1.5751911401748657 -3.3851478099823
v 4.493165969848633 1.621759295463562 -3.4216063022613525
v 4.464466571807861 1.6714681386947632 -3.4520370960235596
v 4.434290409088135 1.723734974861145 -3.476083755493164
v 4.40299129486084 1.777946949005127 -3.493464231491089
v 4.370935916900635 1.8334686756134033 -3.503974676132202
v 4.3819074630737305 1.8414400815963745 -2.311009168624878
v 4.424806118011475 1.793796420097351 -2.321519613265991
v 4.466692924499512 1.7472765445709229 -2.338900089263916
v 4.507076263427734 1.7024258375167847 -2.3629467487335205
v 4.545483589172363 1.6597702503204346 -2.3933775424957275
v 4.5814642906188965 1.619809627532959 -2.4298360347747803
v 4.614596366882324 1.5830127000808716 -2.4718947410583496
v 4.644491672515869 1.5498108863830566 -2.5190601348876953
v 4.670799255371094 1.5205931663513184 -2.570779800415039
v 4.693211078643799 1.4957025051116943 -2.6264467239379883
v 4.711463928222656 1.4754303693771362 -2.6854090690612793
v 4.725344657897949 1.4600145816802979 -2.7469749450683594
v 4.734689712524414 1.4496358633041382 -2.810422658920288
v 4.739389419555664 1.4444159269332886 -2.8750085830688477
v 4.739389419555664 1.4444159269332886 -2.9399752616882324
v 4.734689712524414 1.4496358633041382 -3.004561185836792
v 4.725344657897949 1.4600145816802979 -3.0680088996887207
v 4.711463928222656 1.4754303693771362 -3.129574775695801
v 4.693211078643799 1.4957025051116943 -3.188537120819092
v 4.670799255371094 1.5205931663513184 -3.244204044342041
v 4.644491672515869 1.5498108863830566 -3.2959237098693848
v 4.614596366882324 1.5830127000808716 -3.3430891036987305
v 4.5814642906188965 1.619809627532959 -3.3851478099823
v 4.545483589172363 1.6597702503204346 -3.4216063022613525
v 4.507076263427734 1.7024258375167847 -3.4520370960235596
v 4.466692924499512 1.7472765445709229 -3.476083755493164
v 4.424806118011475 1.793796420097351 -3.493464231491089
v 4.3819074630737305 1.8414400815963745 -3.503974676132202
v 4.390982151031494 1.8515185117721558 -2.311009168624878
v 4.4428486824035645 1.8138350248336792 -2.321519613265991
v 4.493492126464844 1.7770404815673828 -2.338900089263916
v 4.542318344116211 1.7415661811828613 -2.3629467487335205
v 4.588755130767822 1.7078279256820679 -2.3933775424957275
v 4.63225793838501 1.6762213706970215 -2.4298360347747803
v 4.672316551208496 1.6471171379089355 -2.4718947410583496
v 4.708461284637451 1.6208562850952148 -2.5190601348876953
v 4.740268707275391 1.5977468490600586 -2.570779800415039
v 4.7673659324646 1.5780596733093262 -2.6264467239379883
v 4.789434909820557 1.5620256662368774 -2.6854090690612793
v 4.806217193603516 1.5498325824737549 -2.7469749450683594
v 4.817515850067139 1.5416237115859985 -2.810422658920288
v 4.823198318481445 1.5374950170516968 -2.8750085830688477
v 4.823198318481445 1.5374950170516968 -2.9399752616882324
v 4.817515850067139 1.5416237115859985 -3.004561185836792
v 4.806217193603516 1.5498325824737549 -3.0680088996887207
v 4.789434909820557 1.5620256662368774 -3.129574775695801
v 4.7673659324646 1.5780596733093262 -3.188537120819092
v 4.740268707275391 1.5977468490600586 -3.244204044342041
v 4.708461284637451 1.6208562850952148 -3.2959237098693848
v 4.672316551208496 1.6471171379089355 -3.3430891036987305
v 4.63225793838501 1.6762213706970215 -3.3851478099823
v 4.588755130767822 1.7078279256820679 -3.4216063022613525
v 4.542318344116211 1.7415661811828613 -3.4520370960235596
v 4.493492126464844 1.7770404815673828 -3.476083755493164
v 4.4428486824035645 1.8138350248336792 -3.493464231491089
v 4.390982151031494 1.8515185117721558 -3.503974676132202
v 4.397762775421143 1.8632633686065674 -2.311009168624878
v 4.456331253051758 1.8371870517730713 -2.321519613265991
v 4.5135178565979 1.8117259740829468 -2.338900089263916
v 4.568652629852295 1.78717839717865 -2.3629467487335205
v 4.621088981628418 1.7638320922851562 -2.3933775424957275
v 4.670212745666504 1.7419610023498535 -2.4298360347747803
v 4.715446949005127 1.7218213081359863 -2.4718947410583496
v 4.756261825561523 1.7036494016647339 -2.5190601348876953
v 4.792179107666016 1.6876580715179443 -2.570779800415039
v 4.822777271270752 1.674034833908081 -2.6264467239379883
v 4.8476972579956055 1.6629395484924316 -2.6854090690612793
v 4.866648197174072 1.654502272605896 -2.7469749450683594
v 4.879406452178955 1.6488218307495117 -2.810422658920288
v 4.8858232498168945 1.6459648609161377 -2.8750085830688477
v 4.8858232498168945 1.6459648609161377 -2.9399752616882324
v 4.879406452178955 1.6488218307495117 -3.004561185836792
v 4.866648197174072 1.654502272605896 -3.0680088996887207
v 4.8476972579956055 1.6629395484924316 -3.129574775695801
v 4.822777271270752 1.674034833908081 -3.188537120819092
v 4.792179107666016 1.6876580715179443 -3.244204044342041
v 4.756261825561523 1.7036494016647339 -3.2959237098693848
v 4.715446949005127 1.7218213081359863 -3.3430891036987305
v 4.670212745666504 1.7419610023498535 -3.3851478099823
v 4.621088981628418 1.7638320922851562 -3.4216063022613525
v 4.568652629852295 1.78717839717865 -3.4520370960235596
v 4.5135178565979 1.8117259740829468 -3.476083755493164
v 4.456331253051758 1.8371870517730713 -3.493464231491089
v 4.397762775421143 1.8632633686065674 -3.503974676132202
v 4.40195369720459 1.8761613368988037 -2.311009168624878
v 4.464663505554199 1.862831950187683 -2.321519613265991
v 4.525894641876221 1.8498170375823975 -2.338900089263916
v 4.584928035736084 1.8372689485549927 -2.3629467487335205
v 4.641072750091553 1.825335144996643 -2.3933775424957275
v 4.69366979598999 1.8141552209854126 -2.4298360347747803
v 4.742103099822998 1.8038604259490967 -2.4718947410583496
v 4.785804271697998 1.7945715188980103 -2.5190601348876953
v 4.82426118850708 1.7863972187042236 -2.570779800415039
v 4.857023239135742 1.7794333696365356 -2.6264467239379883
v 4.883706092834473 1.7737618684768677 -2.6854090690612793
v 4.903996467590332 1.7694488763809204 -2.7469749450683594
v 4.917657375335693 1.766545295715332 -2.810422658920288
v 4.924528121948242 1.7650848627090454 -2.8750085830688477
v 4.924528121948242 1.7650848627090454 -2.9399752616882324
v 4.917657375335693 1.766545295715332 -3.004561185836792
v 4.903996467590332 1.7694488763809204 -3.0680088996887207
v 4.883706092834473 1.7737618684768677 -3.129574775695801
v 4.857023239135742 1.7794333696365356 -3.188537120819092
v 4.82426118850708 1.7863972187042236 -3.244204044342041
v 4.785804271697998 1.7945715188980103 -3.2959237098693848
v 4.742103099822998 1.8038604259490967 -3.3430891036987305
v 4.69366979598999 1.8141552209854126 -3.3851478099823
v 4.641072750091553 1.825335144996643 -3.4216063022613525
v 4.584928035736084 1.8372689485549927 -3.4520370960235596
v 4.525894641876221 1.8498170375823975 -3.476083755493164
v 4.464663505554199 1.862831950187683 -3.493464231491089
v 4.40195369720459 1.8761613368988037 -3.503974676132202
f 51 50 49 48 47 46 45 44 43 42 41 40 39 38 37 36 35 34 33 32 31 30 29 28 27 26 25 24 23 22 21 20 19 18 17 16 15 14 13 12 11 10 9 8 7 6 5 4 3 2
f 1 2 3
f 1 3 4
f 1 4 5
f 1 5 6
f 1 6 7
f 1 7 8
f 1 8 9
f 1 9 10
f 1 10 11
f 1 11 12
f 1 12 13
f 1 13 14
f 1 14 15
f 1 15 16
f 1 16 17
f 1 17 18
f 1 18 19
f 1 19 20
f 1 20 21
f 1 21 22
f 1 22 23
f 1 23 24
f 1 24 25
f 1 25 26
f 1 26 27
f 1 27 28
f 1 28 29
f 1 29 30
f 1 30 31
f 1 31 32
f 1 32 33
f 1 33 34
f 1 34 35
f 1 35 36
f 1 36 37
f 1 37 38
f 1 38 39
f 1 39 40
f 1 40 41
f 1 41 42
f 1 42 43
f 1 43 44
f 1 44 45
f 1 45 46
f 1 46 47
f 1 47 48
f 1 48 49
f 1 49 50
f 1 50 51
f 1 51 2
f 102 101 100 99 98 97 96 95 94 93 92 91 90 89 88 87 86 85 84 83 82 81 80 79 78 77 76 75 74 73 72 71 70 69 68 67 66 65 64 63 62 61 60 59 58 57 56 55 54 53
f 52 53 54
f 52 54 55
f 52 55 56
f 52 56 57
f 52 57 58
f 52 58 59
f 52 59 60
f 52 60 61
f 52 61 62
f 52 62 63
f 52 63 64
f 52 64 65
f 52 65 66
f 52 66 67
f 52 67 68
f 52 68 69
f 52 69 70
f 52 70 71
f 52 71 72
f 52 72 73
f 52 73 74
f 52 74 75
f 52 75 76
f 52 76 77
f 52 77 78
f 52 78 79
f 52 79 80
f 52 80 81
f 52 81 82
f 52 82 83
f 52 83 84
f 52 84 85
f 52 85 86
f 52 86 87
f 52 87 88
f 52 88 89
f 52 89 90
f 52 90 91
f 52 91 92
f 52 92 93
f 52 93 94
f 52 94 95
f 52 95 96
f 52 96 97
f 52 97 98
f 52 98 99
f 52 99 100
f 52 100 101
f 52 101 102
f 52 102 53
f 153 152 151 150 149 148 147 146 145 144 143 142 141 140 139 138 137 136 135 134 133 132 131 130 129 128 127 126 125 124 123 122 121 120 119 118 117 116 115 114 113 112 111 110 109 108 107 106 105 104
f 103 104 105
f 103 105 106
f 103 106 107
f 103 107 108
f 103 108 109
f 103 109 110
f 103 110 111
f 103 111 112
f 103 112 113
f 103 113 114
f 103 114 115
f 103 115 116
f 103 116 117
f 103 117 118
f 103 118 119
f 103 119 120
f 103 120 121
f 103 121 122
f 103 122 123
f 103 123 124
f 103 124 125
f 103 125 126
f 103 126 127
f 103 127 128
f 103 128 129
f 103 129 130
f 103 130 131
f 103 131 132
f 103 132 133
f 103 133 134
f 103 134 135
f 103 135 136
f 103 136 137
f 103 137 138
f 103 138 139
f 103 139 140
f 103 140 141
f 103 141 142
f 103 142 143
f 103 143 144
f 103 144 145
f 103 145 146
f 103 146 147
f 103 147 148
f 103 148 149
f 103 149 150
f 103 150 151
f 103 151 152
f 103 152 153
f 103 153 104
f 204 203 202 201 200 199 198 197 196 195 194 193 192 191 190 189 188 187 186 185 184 183 182 181 180 179 178 177 176 175 174 173 172 171 170 169 168 167 166 165 164 163 162 161 160 159 158 157 156 155
f 154 155 156
f 154 156 157
f 154 157 158
f 154 158 159
f 154 159 160
f 154 160 161
f 154 161 162
f 154 162 163
f 154 163 164
f 154 164 165
f 154 165 166
f 154 166 167
f 154 167 168
f 154 168 169
f 154 169 170
f 154 170 171
f 154 171 172
f 154 172 173
f 154 173 174
f 154 174 175
f 154 175 176
f 154 176 177
f 154 177 178
f 154 178 179
f 154 179 180
f 154 180 181
f 154 181 182
f 154 182 183
f 154 183 184
f 154 184 185
f 154 185 186
f 154 186 187
f 154 187 188
f 154 188 189
f 154 189 190
f 154 190 191
f 154 191 192
f 154 192 193
f 154 193 194
f 154 194 195
f 154 195 196
f 154 196 197
f 154 197 198
f 154 198 199
f 154 199 200
f 154 200 201
f 154 201 202
f 154 202 203
f 154 203 204
f 154 204 155
f 255 254 253 252 251 250 249 248 247 246 245 244 243 242 241 240 239 238 237 236 235 234 233 232 231 230 229 228 227 226 225 224 223 222 221 220 219 218 217 216 215 214 213 212 211 210 209 208 207 206
f 205 206 207
f 205 207 208
f 205 208 209
f 205 209 210
f 205 210 211
f 205 211 212
f 205 212 213
f 205 213 214
f 205 214 215
f 205 215 216
f 205 216 217
f 205 217 218
f 205 218 219
f 205 219 220
f 205 220 221
f 205 221 222
f 205 222 223
f 205 223 224
f 205 224 225
f 205 225 226
f 205 226 227
f 205 227 228
f 205 228 229
f 205 229 230
f 205 230 231
f 205 231 232
f 205 232 233
f 205 233 234
f 205 234 235
f 205 235 236
f 205 236 237
f 205 237 238
f 205 238 239
f 205 239 240
f 205 240 241
f 205 241 242
f 205 242 243
f 205 243 244
f 205 244 245
f 205 245 246
f 205 246 247
f 205 247 248
f 205 248 249
f 205 249 250
f 205 250 251
f 205 251 252
f 205 252 253
f 205 253 254
f 205 254 255
f 205 255 206
f 306 305 304 303 302 301 300 299 298 297 296 295 294 293 292 291 290 289 288 287 286 285 284 283 282 281 280 279 278 277 276 275 274 273 272 271 270 269 268 267 266 265 264 263 262 261 260 259 258 257
f 256 257 258
f 256 258 259
f 256 259 260
f 256 260 261
f 256 261 262
f 256 262 263
f 256 263 264
f 256 264 265
f 256 265 266
f 256 266 267
f 256 267 268
f 256 268 269
f 256 269 270
f 256 270 271
f 256 271 272
f 256 272 273
f 256 273 274
f 256 274 275
f 256 275 276
f 256 276 277
f 256 277 278
f 256 278 279
f 256 279 280
f 256 280 281
f 256 281 282
f 256 282 283
f 256 283 284
f 256 284 285
f 256 285 286
f 256 286 287
f 256 287 288
f 256 288 289
f 256 289 290
f 256 290 291
f 256 291 292
f 256 292 293
f 256 293 294
f 256 294 295
f 256 295 296
f 256 296 297
f 256 297 298
f 256 298 299
f 256 299 300
f 256 300 301
f 256 301 302
f 256 302 303
f 256 303 304
f 256 304 305
f 256 305 306
f 256 306 257
f 357 356 355 354 353 352 351 350 349 348 347 346 345 344 343 342 341 340 339 338 337 336 335 334 333 332 331 330 329 328 327 326 325 324 323 322 321 320 319 318 317 316 315 314 313 312 311 310 309 308
f 307 308 309
f 307 309 310
f 307 310 311
f 307 311 312
f 307 312 313
f 307 313 314
f 307 314 315
f 307 315 316
f 307 316 317
f 307 317 318
f 307 318 319
f 307 319 320
f 307 320 321
f 307 321 322
f 307 322 323
f 307 323 324
f 307 324 325
f 307 325 326
f 307 326 327
f 307 327 328
f 307 328 329
f 307 329 330
f 307 330 331
f 307 331 332
f 307 332 333
f 307 333 334
f 307 334 335
f 307 335 336
f 307 336 337
f 307 337 338
f 307 338 339
f 307 339 340
f 307 340 341
f 307 341 342
f 307 342 343
f 307 343 344
f 307 344 345
f 307 345 346
f 307 346 347
f 307 347 348
f 307 348 349
f 307 349 350
f 307 350 351
f 307 351 352
f 307 352 353
f 307 353 354
f 307 354 355
f 307 355 356
f 307 356 357
f 307 357 308
f 358 359 361 360
f 360 361 363 362
f 362 363 365 364
f 364 365 367 366
f 366 367 369 368
f 368 369 371 370
f 370 371 373 372
f 372 373 375 374
f 374 375 377 376
f 376 377 379 378
f 378 379 381 380
f 380 381 383 382
f 382 383 385 384
f 384 385 387 386
f 386 387 389 388
f 388 389 391 390
f 390 391 393 392
f 392 393 395 394
f 394 395 397 396
f 396 397 399 398
f 398 399 401 400
f 400 401 403 402
f 402 403 405 404
f 404 405 407 406
f 406 407 409 408
f 408 409 411 410
f 410 411 413 412
f 412 413 415 414
f 414 415 417 416
f 416 417 419 418
f 418 419 421 420
f 420 421 423 422
f 422 423 425 424
f 424 425 427 426
f 426 427 429 428
f 428 429 431 430
f 430 431 433 432
f 432 433 435 434
f 434 435 437 436
f 436 437 439 438
f 438 439 441 440
f 440 441 443 442
f 442 443 445 444
f 444 445 447 446
f 446 447 449 448
f 448 449 451 450
f 450 451 453 452
f 452 453 455 454
f 454 455 457 456
f 456 457 359 358
f 358 360 362 364 366 368 370 372 374 376 378 380 382 384 386 388 390 392 394 396 398 400 402 404 406 408 410 412 414 416 418 420 422 424 426 428 430 432 434 436 438 440 442 444 446 448 450 452 454 456
f 457 455 453 451 449 447 445 443 441 439 437 435 433 431 429 427 425 423 421 419 417 415 413 411 409 407 405 403 401 399 397 395 393 391 389 387 385 383 381 379 377 375 373 371 369 367 365 363 361 359
f 458 459 461 460
f 460 461 463 462
f 462 463 465 464
f 464 465 467 466
f 466 467 469 468
f 468 469 471 470
f 470 471 473 472
f 472 473 475 474
f 474 475 477 476
f 476 477 479 478
f 478 479 481 480
f 480 481 483 482
f 482 483 485 484
f 484 485 487 486
f 486 487 489 488
f 488 489 491 490
f 490 491 493 492
f 492 493 495 494
f 494 495 497 496
f 496 497 499 498
f 498 499 501 500
f 500 501 503 502
f 502 503 505 504
f 504 505 507 506
f 506 507 509 508
f 508 509 511 510
f 510 511 513 512
f 512 513 515 514
f 514 515 517 516
f 516 517 519 518
f 518 519 521 520
f 520 521 523 522
f 522 523 525 524
f 524 525 527 526
f 526 527 529 528
f 528 529 531 530
f 530 531 533 532
f 532 533 535 534
f 534 535 537 536
f 536 537 539 538
f 538 539 541 540
f 540 541 543 542
f 542 543 545 544
f 544 545 547 546
f 546 547 549 548
f 548 549 551 550
f 550 551 553 552
f 552 553 555 554
f 554 555 557 556
f 556 557 459 458
f 458 460 462 464 466 468 470 472 474 476 478 480 482 484 486 488 490 492 494 496 498 500 502 504 506 508 510 512 514 516 518 520 522 524 526 528 530 532 534 536 538 540 542 544 546 548 550 552 554 556
f 557 555 553 551 549 547 545 543 541 539 537 535 533 531 529 527 525 523 521 519 517 515 513 511 509 507 505 503 501 499 497 495 493 491 489 487 485 483 481 479 477 475 473 471 469 467 465 463 461 459
f 558 559 561 560
f 560 561 563 562
f 562 563 565 564
f 564 565 567 566
f 566 567 569 568
f 568 569 571 570
f 570 571 573 572
f 572 573 575 574
f 574 575 577 576
f 576 577 579 578
f 578 579 581 580
f 580 581 583 582
f 582 583 585 584
f 584 585 587 586
f 586 587 589 588
f 588 589 591 590
f 590 591 593 592
f 592 593 595 594
f 594 595 597 596
f 596 597 599 598
f 598 599 601 600
f 600 601 603 602
f 602 603 605 604
f 604 605 607 606
f 606 607 609 608
f 608 609 611 610
f 610 611 613 612
f 612 613 615 614
f 614 615 617 616
f 616 617 619 618
f 618 619 621 620
f 620 621 623 622
f 622 623 625 624
f 624 625 627 626
f 626 627 629 628
f 628 629 631 630
f 630 631 633 632
f 632 633 635 634
f 634 635 637 636
f 636 637 639 638
f 638 639 641 640
f 640 641 643 642
f 642 643 645 644
f 644 645 647 646
f 646 647 649 648
f 648 649 651 650
f 650 651 653 652
f 652 653 655 654
f 654 655 657 656
f 656 657 559 558
f 558 560 562 564 566 568 570 572 574 576 578 580 582 584 586 588 590 592 594 596 598 600 602 604 606 608 610 612 614 616 618 620 622 624 626 628 630 632 634 636 638 640 642 644 646 648 650 652 654 656
f 657 655 653 651 649 647 645 643 641 639 637 635 633 631 629 627 625 623 621 619 617 615 613 611 609 607 605 603 601 599 597 595 593 591 589 587 585 583 581 579 577 575 573 571 569 567 565 563 561 559
f 658 659 661 660
f 660 661 663 662
f 662 663 665 664
f 664 665 667 666
f 666 667 669 668
f 668 669 671 670
f 670 671 673 672
f 672 673 675 674
f 674 675 677 676
f 676 677 679 678
f 678 679 681 680
f 680 681 683 682
f 682 683 685 684
f 684 685 687 686
f 686 687 689 688
f 688 689 691 690
f 690 691 693 692
f 692 693 695 694
f 694 695 697 696
f 696 697 699 698
f 698 699 701 700
f 700 701 703 702
f 702 703 705 704
f 704 705 707 706
f 706 707 709 708
f 708 709 711 710
f 710 711 713 712
f 712 713 715 714
f 714 715 717 716
f 716 717 719 718
f 718 719 721 720
f 720 721 723 722
f 722 723 725 724
f 724 725 727 726
f 726 727 729 728
f 728 729 731 730
f 730 731 733 732
f 732 733 735 734
f 734 735 737 736
f 736 737 739 738
f 738 739 741 740
f 740 741 743 742
f 742 743 745 744
f 744 745 747 746
f 746 747 749 748
f 748 749 751 750
f 750 751 753 752
f 752 753 755 754
f 754 755 757 756
f 756 757 659 658
f 658 660 662 664 666 668 670 672 674 676 678 680 682 684 686 688 690 692 694 696 698 700 702 704 706 708 710 712 714 716 718 720 722 724 726 728 730 732 734 736 738 740 742 744 746 748 750 752 754 756
f 757 755 753 751 749 747 745 743 741 739 737 735 733 731 729 727 725 723 721 719 717 715 713 711 709 707 705 703 701 699 697 695 693 691 689 687 685 683 681 679 677 675 673 671 669 667 665 663 661 659
f 758 759 761 760
f 760 761 763 762
f 762 763 765 764
f 764 765 767 766
f 766 767 769 768
f 768 769 771 770
f 770 771 773 772
f 772 773 775 774
f 774 775 777 776
f 776 777 779 778
f 778 779 781 780
f 780 781 783 782
f 782 783 785 784
f 784 785 787 786
f 786 787 789 788
f 788 789 791 790
f 790 791 793 792
f 792 793 795 794
f 794 795 797 796
f 796 797 799 798
f 798 799 801 800
f 800 801 803 802
f 802 803 805 804
f 804 805 807 806
f 806 807 809 808
f 808 809 811 810
f 810 811 813 812
f 812 813 815 814
f 814 815 817 816
f 816 817 819 818
f 818 819 821 820
f 820 821 823 822
f 822 823 825 824
f 824 825 827 826
f 826 827 829 828
f 828 829 831 830
f 830 831 833 832
f 832 833 835 834
f 834 835 837 836
f 836 837 839 838
f 838 839 841 840
f 840 841 843 842
f 842 843 845 844
f 844 845 847 846
f 846 847 849 848
f 848 849 851 850
f 850 851 853 852
f 852 853 855 854
f 854 855 857 856
f 856 857 759 758
f 758 760 762 764 766 768 770 772 774 776 778 780 782 784 786 788 790 792 794 796 798 800 802 804 806 808 810 812 814 816 818 820 822 824 826 828 830 832 834 836 838 840 842 844 846 848 850 852 854 856
f 857 855 853 851 849 847 845 843 841 839 837 835 833 831 829 827 825 823 821 819 817 815 813 811 809 807 805 803 801 799 797 795 793 791 789 787 785 783 781 779 777 775 773 771 769 767 765 763 761 759
f 858 859 861 860
f 860 861 863 862
f 862 863 865 864
f 864 865 867 866
f 866 867 869 868
f 868 869 871 870
f 870 871 873 872
f 872 873 875 874
f 874 875 877 876
f 876 877 879 878
f 878 879 881 880
f 880 881 883 882
f 882 883 885 884
f 884 885 887 886
f 886 887 889 888
f 888 889 891 890
f 890 891 893 892
f 892 893 895 894
f 894 895 897 896
f 896 897 899 898
f 898 899 901 900
f 900 901 903 902
f 902 903 905 904
f 904 905 907 906
f 906 907 909 908
f 908 909 911 910
f 910 911 913 912
f 912 913 915 914
f 914 915 917 916
f 916 917 919 918
f 918 919 921 920
f 920 921 923 922
f 922 923 925 924
f 924 925 927 926
f 926 927 929 928
f 928 929 931 930
f 930 931 933 932
f 932 933 935 934
f 934 935 937 936
f 936 937 939 938
f 938 939 941 940
f 940 941 943 942
f 942 943 945 944
f 944 945 947 946
f 946 947 949 948
f 948 949 951 950
f 950 951 953 952
f 952 953 955 954
f 954 955 957 956
f 956 957 859 858
f 858 860 862 864 866 868 870 872 874 876 878 880 882 884 886 888 890 892 894 896 898 900 902 904 906 908 910 912 914 916 918 920 922 924 926 928 930 932 934 936 938 940 942 944 946 948 950 952 954 956
f 957 955 953 951 949 947 945 943 941 939 937 935 933 931 929 927 925 923 921 919 917 915 913 911 909 907 905 903 901 899 897 895 893 891 889 887 885 883 881 879 877 875 873 871 869 867 865 863 861 859
f 958 959 961 960
f 960 961 963 962
f 962 963 965 964
f 964 965 967 966
f 966 967 969 968
f 968 969 971 970
f 970 971 973 972
f 972 973 975 974
f 974 975 977 976
f 976 977 979 978
f 978 979 981 980
f 980 981 983 982
f 982 983 985 984
f 984 985 987 986
f 986 987 989 988
f 988 989 991 990
f 990 991 993 992
f 992 993 995 994
f 994 995 997 996
f 996 997 999 998
f 998 999 1001 1000
f 1000 1001 1003 1002
f 1002 1003 1005 1004
f 1004 1005 1007 1006
f 1006 1007 1009 1008
f 1008 1009 1011 1010
f 1010 1011 1013 1012
f 1012 1013 1015 1014
f 1014 1015 1017 1016
f 1016 1017 1019 1018
f 1018 1019 1021 1020
f 1020 1021 1023 1022
f 1022 1023 1025 1024
f 1024 1025 1027 1026
f 1026 1027 1029 1028
f 1028 1029 1031 1030
f 1030 1031 1033 1032
f 1032 1033 1035 1034
f 1034 1035 1037 1036
f 1036 1037 1039 1038
f 1038 1039 1041 1040
f 1040 1041 1043 1042
f 1042 1043 1045 1044
f 1044 1045 1047 1046
f 1046 1047 1049 1048
f 1048 1049 1051 1050
f 1050 1051 1053 1052
f 1052 1053 1055 1054
f 1054 1055 1057 1056
f 1056 1057 959 958
f 958 960 962 964 966 968 970 972 974 976 978 980 982 984 986 988 990 992 994 996 998 1000 1002 1004 1006 1008 1010 1012 1014 1016 1018 1020 1022 1024 1026 1028 1030 1032 1034 1036 1038 1040 1042 1044 1046 1048 1050 1052 1054 1056
f 1057 1055 1053 1051 1049 1047 1045 1043 1041 1039 1037 1035 1033 1031 1029 1027 1025 1023 1021 1019 1017 1015 1013 1011 1009 1007 1005 1003 1001 999 997 995 993 991 989 987 985 983 981 979 977 975 973 971 969 967 965 963 961 959
f 1060 1088 1058
f 1088 1116 1058
f 1116 1144 1058
f 1144 1172 1058
f 1172 1200 1058
f 1200 1228 1058
f 1228 1256 1058
f 1256 1284 1058
f 1284 1312 1058
f 1312 1340 1058
f 1340 1368 1058
f 1368 1396 1058
f 1396 1424 1058
f 1424 1452 1058
f 1452 1480 1058
f 1480 1508 1058
f 1508 1536 1058
f 1536 1564 1058
f 1564 1592 1058
f 1592 1620 1058
f 1620 1648 1058
f 1648 1676 1058
f 1676 1704 1058
f 1704 1732 1058
f 1732 1760 1058
f 1760 1788 1058
f 1788 1816 1058
f 1816 1844 1058
f 1844 1872 1058
f 1872 1060 1058
f 1087 1059 1115
f 1115 1059 1143
f 1143 1059 1171
f 1171 1059 1199
f 1199 1059 1227
f 1227 1059 1255
f 1255 1059 1283
f 1283 1059 1311
f 1311 1059 1339
f 1339 1059 1367
f 1367 1059 1395
f 1395 1059 1423
f 1423 1059 1451
f 1451 1059 1479
f 1479 1059 1507
f 1507 1059 1535
f 1535 1059 1563
f 1563 1059 1591
f 1591 1059 1619
f 1619 1059 1647
f 1647 1059 1675
f 1675 1059 1703
f 1703 1059 1731
f 1731 1059 1759
f 1759 1059 1787
f 1787 1059 1815
f 1815 1059 1843
f 1843 1059 1871
f 1871 1059 1899
f 1899 1059 1087
f 1060 1061 1089
f 1060 1089 1088
f 1061 1062 1090
f 1061 1090 1089
f 1062 1063 1091
f 1062 1091 1090
f 1063 1064 1092
f 1063 1092 1091
f 1064 1065 1093
f 1064 1093 1092
f 1065 1066 1094
f 1065 1094 1093
f 1066 1067 1095
f 1066 1095 1094
f 1067 1068 1096
f 1067 1096 1095
f 1068 1069 1097
f 1068 1097 1096
f 1069 1070 1098
f 1069 1098 1097
f 1070 1071 1099
f 1070 1099 1098
f 1071 1072 1100
f 1071 1100 1099
f 1072 1073 1101
f 1072 1101 1100
f 1073 1074 1102
f 1073 1102 1101
f 1074 1075 1103
f 1074 1103 1102
f 1075 1076 1104
f 1075 1104 1103
f 1076 1077 1105
f 1076 1105 1104
f 1077 1078 1106
f 1077 1106 1105
f 1078 1079 1107
f 1078 1107 1106
f 1079 1080 1108
f 1079 1108 1107
f 1080 1081 1109
f 1080 1109 1108
f 1081 1082 1110
f 1081 1110 1109
f 1082 1083 1111
f 1082 1111 1110
f 1083 1084 1112
f 1083 1112 1111
f 1084 1085 1113
f 1084 1113 1112
f 1085 1086 1114
f 1085 1114 1113
f 1086 1087 1115
f 1086 1115 1114
f 1088 1089 1117
f 1088 1117 1116
f 1089 1090 1118
f 1089 1118 1117
f 1090 1091 1119
f 1090 1119 1118
f 1091 1092 1120
f 1091 1120 1119
f 1092 1093 1121
f 1092 1121 1120
f 1093 1094 1122
f 1093 1122 1121
f 1094 1095 1123
f 1094 1123 1122
f 1095 1096 1124
f 1095 1124 1123
f 1096 1097 1125
f 1096 1125 1124
f 1097 1098 1126
f 1097 1126 1125
f 1098 1099 1127
f 1098 1127 1126
f 1099 1100 1128
f 1099 1128 1127
f 1100 1101 1129
f 1100 1129 1128
f 1101 1102 1130
f 1101 1130 1129
f 1102 1103 1131
f 1102 1131 1130
f 1103 1104 1132
f 1103 1132 1131
f 1104 1105 1133
f 1104 1133 1132
f 1105 1106 1134
f 1105 1134 1133
f 1106 1107 1135
f 1106 1135 1134
f 1107 1108 1136
f 1107 1136 1135
f 1108 1109 1137
f 1108 1137 1136
f 1109 1110 1138
f 1109 1138 1137
f 1110 1111 1139
f 1110 1139 1138
f 1111 1112 1140
f 1111 1140 1139
f 1112 1113 1141
f 1112 1141 1140
f 1113 1114 1142
f 1113 1142 1141
f 1114 1115 1143
f 1114 1143 1142
f 1116 1117 1145
f 1116 1145 1144
f 1117 1118 1146
f 1117 1146 1145
f 1118 1119 1147
f 1118 1147 1146
f 1119 1120 1148
f 1119 1148 1147
f 1120 1121 1149
f 1120 1149 1148
f 1121 1122 1150
f 1121 1150 1149
f 1122 1123 1151
f 1122 1151 1150
f 1123 1124 1152
f 1123 1152 1151
f 1124 1125 1153
f 1124 1153 1152
f 1125 1126 1154
f 1125 1154 1153
f 1126 1127 1155
f 1126 1155 1154
f 1127 1128 1156
f 1127 1156 1155
f 1128 1129 1157
f 1128 1157 1156
f 1129 1130 1158
f 1129 1158 1157
f 1130 1131 1159
f 1130 1159 1158
f 1131 1132 1160
f 1131 1160 1159
f 1132 1133 1161
f 1132 1161 1160
f 1133 1134 1162
f 1133 1162 1161
f 1134 1135 1163
f 1134 1163 1162
f 1135 1136 1164
f 1135 1164 1163
f 1136 1137 1165
f 1136 1165 1164
f 1137 1138 1166
f 1137 1166 1165
f 1138 1139 1167
f 1138 1167 1166
f 1139 1140 1168
f 1139 1168 1167
f 1140 1141 1169
f 1140 1169 1168
f 1141 1142 1170
f 1141 1170 1169
f 1142 1143 1171
f 1142 1171 1170
f 1144 1145 1173
f 1144 1173 1172
f 1145 1146 1174
f 1145 1174 1173
f 1146 1147 1175
f 1146 1175 1174
f 1147 1148 1176
f 1147 1176 1175
f 1148 1149 1177
f 1148 1177 1176
f 1149 1150 1178
f 1149 1178 1177
f 1150 1151 1179
f 1150 1179 1178
f 1151 1152 1180
f 1151 1180 1179
f 1152 1153 1181
f 1152 1181 1180
f 1153 1154 1182
f 1153 1182 1181
f 1154 1155 1183
f 1154 1183 1182
f 1155 1156 1184
f 1155 1184 1183
f 1156 1157 1185
f 1156 1185 1184
f 1157 1158 1186
f 1157 1186 1185
f 1158 1159 1187
f 1158 1187 1186
f 1159 1160 1188
f 1159 1188 1187
f 1160 1161 1189
f 1160 1189 1188
f 1161 1162 1190
f 1161 1190 1189
f 1162 1163 1191
f 1162 1191 1190
f 1163 1164 1192
f 1163 1192 1191
f 1164 1165 1193
f 1164 1193 1192
f 1165 1166 1194
f 1165 1194 1193
f 1166 1167 1195
f 1166 1195 1194
f 1167 1168 1196
f 1167 1196 1195
f 1168 1169 1197
f 1168 1197 1196
f 1169 1170 1198
f 1169 1198 1197
f 1170 1171 1199
f 1170 1199 1198
f 1172 1173 1201
f 1172 1201 1200
f 1173 1174 1202
f 1173 1202 1201
f 1174 1175 1203
f 1174 1203 1202
f 1175 1176 1204
f 1175 1204 1203
f 1176 1177 1205
f 1176 1205 1204
f 1177 1178 1206
f 1177 1206 1205
f 1178 1179 1207
f 1178 1207 1206
f 1179 1180 1208
f 1179 1208 1207
f 1180 1181 1209
f 1180 1209 1208
f 1181 1182 1210
f 1181 1210 1209
f 1182 1183 1211
f 1182 1211 1210
f 1183 1184 1212
f 1183 1212 1211
f 1184 1185 1213
f 1184 1213 1212
f 1185 1186 1214
f 1185 1214 1213
f 1186 1187 1215
f 1186 1215 1214
f 1187 1188 1216
f 1187 1216 1215
f 1188 1189 1217
f 1188 1217 1216
f 1189 1190 1218
f 1189 1218 1217
f 1190 1191 1219
f 1190 1219 1218
f 1191 1192 1220
f 1191 1220 1219
f 1192 1193 1221
f 1192 1221 1220
f 1193 1194 1222
f 1193 1222 1221
f 1194 1195 1223
f 1194 1223 1222
f 1195 1196 1224
f 1195 1224 1223
f 1196 1197 1225
f 1196 1225 1224
f 1197 1198 1226
f 1197 1226 1225
f 1198 1199 1227
f 1198 1227 1226
f 1200 1201 1229
f 1200 1229 1228
f 1201 1202 1230
f 1201 1230 1229
f 1202 1203 1231
f 1202 1231 1230
f 1203 1204 1232
f 1203 1232 1231
f 1204 1205 1233
f 1204 1233 1232
f 1205 1206 1234
f 1205 1234 1233
f 1206 1207 1235
f 1206 1235 1234
f 1207 1208 1236
f 1207 1236 1235
f 1208 1209 1237
f 1208 1237 1236
f 1209 1210 1238
f 1209 1238 1237
f 1210 1211 1239
f 1210 1239 1238
f 1211 1212 1240
f 1211 1240 1239
f 1212 1213 1241
f 1212 1241 1240
f 1213 1214 1242
f 1213 1242 1241
f 1214 1215 1243
f 1214 1243 1242
f 1215 1216 1244
f 1215 1244 1243
f 1216 1217 1245
f 1216 1245 1244
f 1217 1218 1246
f 1217 1246 1245
f 1218 1219 1247
f 1218 1247 1246
f 1219 1220 1248
f 1219 1248 1247
f 1220 1221 1249
f 1220 1249 1248
f 1221 1222 1250
f 1221 1250 1249
f 1222 1223 1251
f 1222 1251 1250
f 1223 1224 1252
f 1223 1252 1251
f 1224 1225 1253
f 1224 1253 1252
f 1225 1226 1254
f 1225 1254 1253
f 1226 1227 1255
f 1226 1255 1254
f 1228 1229 1257
f 1228 1257 1256
f 1229 1230 1258
f 1229 1258 1257
f 1230 1231 1259
f 1230 1259 1258
f 1231 1232 1260
f 1231 1260 1259
f 1232 1233 1261
f 1232 1261 1260
f 1233 1234 1262
f 1233 1262 1261
f 1234 1235 1263
f 1234 1263 1262
f 1235 1236 1264
f 1235 1264 1263
f 1236 1237 1265
f 1236 1265 1264
f 1237 1238 1266
f 1237 1266 1265
f 1238 1239 1267
f 1238 1267 1266
f 1239 1240 1268
f 1239 1268 1267
f 1240 1241 1269
f 1240 1269 1268
f 1241 1242 1270
f 1241 1270 1269
f 1242 1243 1271
f 1242 1271 1270
f 1243 1244 1272
f 1243 1272 1271
f 1244 1245 1273
f 1244 1273 1272
f 1245 1246 1274
f 1245 1274 1273
f 1246 1247 1275
f 1246 1275 1274
f 1247 1248 1276
f 1247 1276 1275
f 1248 1249 1277
f 1248 1277 1276
f 1249 1250 1278
f 1249 1278 1277
f 1250 1251 1279
f 1250 1279 1278
f 1251 1252 1280
f 1251 1280 1279
f 1252 1253 1281
f 1252 1281 1280
f 1253 1254 1282
f 1253 1282 1281
f 1254 1255 1283
f 1254 1283 1282
f 1256 1257 1285
f 1256 1285 1284
f 1257 1258 1286
f 1257 1286 1285
f 1258 1259 1287
f 1258 1287 1286
f 1259 1260 1288
f 1259 1288 1287
f 1260 1261 1289
f 1260 1289 1288
f 1261 1262 1290
f 1261 1290 1289
f 1262 1263 1291
f 1262 1291 1290
f 1263 1264 1292
f 1263 1292 1291
f 1264 1265 1293
f 1264 1293 1292
f 1265 1266 1294
f 1265 1294 1293
f 1266 1267 1295
f 1266 1295 1294
f 1267 1268 1296
f 1267 1296 1295
f 1268 1269 1297
f 1268 1297 1296
f 1269 1270 1298
f 1269 1298 1297
f 1270 1271 1299
f 1270 1299 1298
f 1271 1272 1300
f 1271 1300 1299
f 1272 1273 1301
f 1272 1301 1300
f 1273 1274 1302
f 1273 1302 1301
f 1274 1275 1303
f 1274 1303 1302
f 1275 1276 1304
f 1275 1304 1303
f 1276 1277 1305
f 1276 1305 1304
f 1277 1278 1306
f 1277 1306 1305
f 1278 1279 1307
f 1278 1307 1306
f 1279 1280 1308
f 1279 1308 1307
f 1280 1281 1309
f 1280 1309 1308
f 1281 1282 1310
f 1281 1310 1309
f 1282 1283 1311
f 1282 1311 1310
f 1284 1285 1313
f 1284 1313 1312
f 1285 1286 1314
f 1285 1314 1313
f 1286 1287 1315
f 1286 1315 1314
f 1287 1288 1316
f 1287 1316 1315
f 1288 1289 1317
f 1288 1317 1316
f 1289 1290 1318
f 1289 1318 1317
f 1290 1291 1319
f 1290 1319 1318
f 1291 1292 1320
f 1291 1320 1319
f 1292 1293 1321
f 1292 1321 1320
f 1293 1294 1322
f 1293 1322 1321
f 1294 1295 1323
f 1294 1323 1322
f 1295 1296 1324
f 1295 1324 1323
f 1296 1297 1325
f 1296 1325 1324
f 1297 1298 1326
f 1297 1326 1325
f 1298 1299 1327
f 1298 1327 1326
f 1299 1300 1328
f 1299 1328 1327
f 1300 1301 1329
f 1300 1329 1328
f 1301 1302 1330
f 1301 1330 1329
f 1302 1303 1331
f 1302 1331 1330
f 1303 1304 1332
f 1303 1332 1331
f 1304 1305 1333
f 1304 1333 1332
f 1305 1306 1334
f 1305 1334 1333
f 1306 1307 1335
f 1306 1335 1334
f 1307 1308 1336
f 1307 1336 1335
f 1308 1309 1337
f 1308 1337 1336
f 1309 1310 1338
f 1309 1338 1337
f 1310 1311 1339
f 1310 1339 1338
f 1312 1313 1341
f 1312 1341 1340
f 1313 1314 1342
f 1313 1342 1341
f 1314 1315 1343
f 1314 1343 1342
f 1315 1316 1344
f 1315 1344 1343
f 1316 1317 1345
f 1316 1345 1344
f 1317 1318 1346
f 1317 1346 1345
f 1318 1319 1347
f 1318 1347 1346
f 1319 1320 1348
f 1319 1348 1347
f 1320 1321 1349
f 1320 1349 1348
f 1321 1322 1350
f 1321 1350 1349
f 1322 1323 1351
f 1322 1351 1350
f 1323 1324 1352
f 1323 1352 1351
f 1324 1325 1353
f 1324 1353 1352
f 1325 1326 1354
f 1325 1354 1353
f 1326 1327 1355
f 1326 1355 1354
f 1327 1328 1356
f 1327 1356 1355
f 1328 1329 1357
f 1328 1357 1356
f 1329 1330 1358
f 1329 1358 1357
f 1330 1331 1359
f 1330 1359 1358
f 1331 1332 1360
f 1331 1360 1359
f 1332 1333 1361
f 1332 1361 1360
f 1333 1334 1362
f 1333 1362 1361
f 1334 1335 1363
f 1334 1363 1362
f 1335 1336 1364
f 1335 1364 1363
f 1336 1337 1365
f 1336 1365 1364
f 1337 1338 1366
f 1337 1366 1365
f 1338 1339 1367
f 1338 1367 1366
f 1340 1341 1369
f 1340 1369 1368
f 1341 1342 1370
f 1341 1370 1369
f 1342 1343 1371
f 1342 1371 1370
f 1343 1344 1372
f 1343 1372 1371
f 1344 1345 1373
f 1344 1373 1372
f 1345 1346 1374
f 1345 1374 1373
f 1346 1347 1375
f 1346 1375 1374
f 1347 1348 1376
f 1347 1376 1375
f 1348 1349 1377
f 1348 1377 1376
f 1349 1350 1378
f 1349 1378 1377
f 1350 1351 1379
f 1350 1379 1378
f 1351 1352 1380
f 1351 1380 1379
f 1352 1353 1381
f 1352 1381 1380
f 1353 1354 1382
f 1353 1382 1381
f 1354 1355 1383
f 1354 1383 1382
f 1355 1356 1384
f 1355 1384 1383
f 1356 1357 1385
f 1356 1385 1384
f 1357 1358 1386
f 1357 1386 1385
f 1358 1359 1387
f 1358 1387 1386
f 1359 1360 1388
f 1359 1388 1387
f 1360 1361 1389
f 1360 1389 1388
f 1361 1362 1390
f 1361 1390 1389
f 1362 1363 1391
f 1362 1391 1390
f 1363 1364 1392
f 1363 1392 1391
f 1364 1365 1393
f 1364 1393 1392
f 1365 1366 1394
f 1365 1394 1393
f 1366 1367 1395
f 1366 1395 1394
f 1368 1369 1397
f 1368 1397 1396
f 1369 1370 1398
f 1369 1398 1397
f 1370 1371 1399
f 1370 1399 1398
f 1371 1372 1400
f 1371 1400 1399
f 1372 1373 1401
f 1372 1401 1400
f 1373 1374 1402
f 1373 1402 1401
f 1374 1375 1403
f 1374 1403 1402
f 1375 1376 1404
f 1375 1404 1403
f 1376 1377 1405
f 1376 1405 1404
f 1377 1378 1406
f 1377 1406 1405
f 1378 1379 1407
f 1378 1407 1406
f 1379 1380 1408
f 1379 1408 1407
f 1380 1381 1409
f 1380 1409 1408
f 1381 1382 1410
f 1381 1410 1409
f 1382 1383 1411
f 1382 1411 1410
f 1383 1384 1412
f 1383 1412 1411
f 1384 1385 1413
f 1384 1413 1412
f 1385 1386 1414
f 1385 1414 1413
f 1386 1387 1415
f 1386 1415 1414
f 1387 1388 1416
f 1387 1416 1415
f 1388 1389 1417
f 1388 1417 1416
f 1389 1390 1418
f 1389 1418 1417
f 1390 1391 1419
f 1390 1419 1418
f 1391 1392 1420
f 1391 1420 1419
f 1392 1393 1421
f 1392 1421 1420
f 1393 1394 1422
f 1393 1422 1421
f 1394 1395 1423
f 1394 1423 1422
f 1396 1397 1425
f 1396 1425 1424
f 1397 1398 1426
f 1397 1426 1425
f 1398 1399 1427
f 1398 1427 1426
f 1399 1400 1428
f 1399 1428 1427
f 1400 1401 1429
f 1400 1429 1428
f 1401 1402 1430
f 1401 1430 1429
f 1402 1403 1431
f 1402 1431 1430
f 1403 1404 1432
f 1403 1432 1431
f 1404 1405 1433
f 1404 1433 1432
f 1405 1406 1434
f 1405 1434 1433
f 1406 1407 1435
f 1406 1435 1434
f 1407 1408 1436
f 1407 1436 1435
f 1408 1409 1437
f 1408 1437 1436
f 1409 1410 1438
f 1409 1438 1437
f 1410 1411 1439
f 1410 1439 1438
f 1411 1412 1440
f 1411 1440 1439
f 1412 1413 1441
f 1412 1441 1440
f 1413 1414 1442
f 1413 1442 1441
f 1414 1415 1443
f 1414 1443 1442
f 1415 1416 1444
f 1415 1444 1443
f 1416 1417 1445
f 1416 1445 1444
f 1417 1418 1446
f 1417 1446 1445
f 1418 1419 1447
f 1418 1447 1446
f 1419 1420 1448
f 1419 1448 1447
f 1420 1421 1449
f 1420 1449 1448
f 1421 1422 1450
f 1421 1450 1449
f 1422 1423 1451
f 1422 1451 1450
f 1424 1425 1453
f 1424 1453 1452
f 1425 1426 1454
f 1425 1454 1453
f 1426 1427 1455
f 1426 1455 1454
f 1427 1428 1456
f 1427 1456 1455
f 1428 1429 1457
f 1428 1457 1456
f 1429 1430 1458
f 1429 1458 1457
f 1430 1431 1459
f 1430 1459 1458
f 1431 1432 1460
f 1431 1460 1459
f 1432 1433 1461
f 1432 1461 1460
f 1433 1434 1462
f 1433 1462 1461
f 1434 1435 1463
f 1434 1463 1462
f 1435 1436 1464
f 1435 1464 1463
f 1436 1437 1465
f 1436 1465 1464
f 1437 1438 1466
f 1437 1466 1465
f 1438 1439 1467
f 1438 1467 1466
f 1439 1440 1468
f 1439 1468 1467
f 1440 1441 1469
f 1440 1469 1468
f 1441 1442 1470
f 1441 1470 1469
f 1442 1443 1471
f 1442 1471 1470
f 1443 1444 1472
f 1443 1472 1471
f 1444 1445 1473
f 1444 1473 1472
f 1445 1446 1474
f 1445 1474 1473
f 1446 1447 1475
f 1446 1475 1474
f 1447 1448 1476
f 1447 1476 1475
f 1448 1449 1477
f 1448 1477 1476
f 1449 1450 1478
f 1449 1478 1477
f 1450 1451 1479
f 1450 1479 1478
f 1452 1453 1481
f 1452 1481 1480
f 1453 1454 1482
f 1453 1482 1481
f 1454 1455 1483
f 1454 1483 1482
f 1455 1456 1484
f 1455 1484 1483
f 1456 1457 1485
f 1456 1485 1484
f 1457 1458 1486
f 1457 1486 1485
f 1458 1459 1487
f 1458 1487 1486
f 1459 1460 1488
f 1459 1488 1487
f 1460 1461 1489
f 1460 1489 1488
f 1461 1462 1490
f 1461 1490 1489
f 1462 1463 1491
f 1462 1491 1490
f 1463 1464 1492
f 1463 1492 1491
f 1464 1465 1493
f 1464 1493 1492
f 1465 1466 1494
f 1465 1494 1493
f 1466 1467 1495
f 1466 1495 1494
f 1467 1468 1496
f 1467 1496 1495
f 1468 1469 1497
f 1468 1497 1496
f 1469 1470 1498
f 1469 1498 1497
f 1470 1471 1499
f 1470 1499 1498
f 1471 1472 1500
f 1471 1500 1499
f 1472 1473 1501
f 1472 1501 1500
f 1473 1474 1502
f 1473 1502 1501
f 1474 1475 1503
f 1474 1503 1502
f 1475 1476 1504
f 1475 1504 1503
f 1476 1477 1505
f 1476 1505 1504
f 1477 1478 1506
f 1477 1506 1505
f 1478 1479 1507
f 1478 1507 1506
f 1480 1481 1509
f 1480 1509 1508
f 1481 1482 1510
f 1481 1510 1509
f 1482 1483 1511
f 1482 1511 1510
f 1483 1484 1512
f 1483 1512 1511
f 1484 1485 1513
f 1484 1513 1512
f 1485 1486 1514
f 1485 1514 1513
f 1486 1487 1515
f 1486 1515 1514
f 1487 1488 1516
f 1487 1516 1515
f 1488 1489 1517
f 1488 1517 1516
f 1489 1490 1518
f 1489 1518 1517
f 1490 1491 1519
f 1490 1519 1518
f 1491 1492 1520
f 1491 1520 1519
f 1492 1493 1521
f 1492 1521 1520
f 1493 1494 1522
f 1493 1522 1521
f 1494 1495 1523
f 1494 1523 1522
f 1495 1496 1524
f 1495 1524 1523
f 1496 1497 1525
f 1496 1525 1524
f 1497 1498 1526
f 1497 1526 1525
f 1498 1499 1527
f 1498 1527 1526
f 1499 1500 1528
f 1499 1528 1527
f 1500 1501 1529
f 1500 1529 1528
f 1501 1502 1530
f 1501 1530 1529
f 1502 1503 1531
f 1502 1531 1530
f 1503 1504 1532
f 1503 1532 1531
f 1504 1505 1533
f 1504 1533 1532
f 1505 1506 1534
f 1505 1534 1533
f 1506 1507 1535
f 1506 1535 1534
f 1508 1509 1537
f 1508 1537 1536
f 1509 1510 1538
f 1509 1538 1537
f 1510 1511 1539
f 1510 1539 1538
f 1511 1512 1540
f 1511 1540 1539
f 1512 1513 1541
f 1512 1541 1540
f 1513 1514 1542
f 1513 1542 1541
f 1514 1515 1543
f 1514 1543 1542
f 1515 1516 1544
f 1515 1544 1543
f 1516 1517 1545
f 1516 1545 1544
f 1517 1518 1546
f 1517 1546 1545
f 1518 1519 1547
f 1518 1547 1546
f 1519 1520 1548
f 1519 1548 1547
f 1520 1521 1549
f 1520 1549 1548
f 1521 1522 1550
f 1521 1550 1549
f 1522 1523 1551
f 1522 1551 1550
f 1523 1524 1552
f 1523 1552 1551
f 1524 1525 1553
f 1524 1553 1552
f 1525 1526 1554
f 1525 1554 1553
f 1526 1527 1555
f 1526 1555 1554
f 1527 1528 1556
f 1527 1556 1555
f 1528 1529 1557
f 1528 1557 1556
f 1529 1530 1558
f 1529 1558 1557
f 1530 1531 1559
f 1530 1559 1558
f 1531 1532 1560
f 1531 1560 1559
f 1532 1533 1561
f 1532 1561 1560
f 1533 1534 1562
f 1533 1562 1561
f 1534 1535 1563
f 1534 1563 1562
f 1536 1537 1565
f 1536 1565 1564
f 1537 1538 1566
f 1537 1566 1565
f 1538 1539 1567
f 1538 1567 1566
f 1539 1540 1568
f 1539 1568 1567
f 1540 1541 1569
f 1540 1569 1568
f 1541 1542 1570
f 1541 1570 1569
f 1542 1543 1571
f 1542 1571 1570
f 1543 1544 1572
f 1543 1572 1571
f 1544 1545 1573
f 1544 1573 1572
f 1545 1546 1574
f 1545 1574 1573
f 1546 1547 1575
f 1546 1575 1574
f 1547 1548 1576
f 1547 1576 1575
f 1548 1549 1577
f 1548 1577 1576
f 1549 1550 1578
f 1549 1578 1577
f 1550 1551 1579
f 1550 1579 1578
f 1551 1552 1580
f 1551 1580 1579
f 1552 1553 1581
f 1552 1581 1580
f 1553 1554 1582
f 1553 1582 1581
f 1554 1555 1583
f 1554 1583 1582
f 1555 1556 1584
f 1555 1584 1583
f 1556 1557 1585
f 1556 1585 1584
f 1557 1558 1586
f 1557 1586 1585
f 1558 1559 1587
f 1558 1587 1586
f 1559 1560 1588
f 1559 1588 1587
f 1560 1561 1589
f 1560 1589 1588
f 1561 1562 1590
f 1561 1590 1589
f 1562 1563 1591
f 1562 1591 1590
f 1564 1565 1593
f 1564 1593 1592
f 1565 1566 1594
f 1565 1594 1593
f 1566 1567 1595
f 1566 1595 1594
f 1567 1568 1596
f 1567 1596 1595
f 1568 1569 1597
f 1568 1597 1596
f 1569 1570 1598
f 1569 1598 1597
f 1570 1571 1599
f 1570 1599 1598
f 1571 1572 1600
f 1571 1600 1599
f 1572 1573 1601
f 1572 1601 1600
f 1573 1574 1602
f 1573 1602 1601
f 1574 1575 1603
f 1574 1603 1602
f 1575 1576 1604
f 1575 1604 1603
f 1576 1577 1605
f 1576 1605 1604
f 1577 1578 1606
f 1577 1606 1605
f 1578 1579 1607
f 1578 1607 1606
f 1579 1580 1608
f 1579 1608 1607
f 1580 1581 1609
f 1580 1609 1608
f 1581 1582 1610
f 1581 1610 1609
f 1582 1583 1611
f 1582 1611 1610
f 1583 1584 1612
f 1583 1612 1611
f 1584 1585 1613
f 1584 1613 1612
f 1585 1586 1614
f 1585 1614 1613
f 1586 1587 1615
f 1586 1615 1614
f 1587 1588 1616
f 1587 1616 1615
f 1588 1589 1617
f 1588 1617 1616
f 1589 1590 1618
f 1589 1618 1617
f 1590 1591 1619
f 1590 1619 1618
f 1592 1593 1621
f 1592 1621 1620
f 1593 1594 1622
f 1593 1622 1621
f 1594 1595 1623
f 1594 1623 1622
f 1595 1596 1624
f 1595 1624 1623
f 1596 1597 1625
f 1596 1625 1624
f 1597 1598 1626
f 1597 1626 1625
f 1598 1599 1627
f 1598 1627 1626
f 1599 1600 1628
f 1599 1628 1627
f 1600 1601 1629
f 1600 1629 1628
f 1601 1602 1630
f 1601 1630 1629
f 1602 1603 1631
f 1602 1631 1630
f 1603 1604 1632
f 1603 1632 1631
f 1604 1605 1633
f 1604 1633 1632
f 1605 1606 1634
f 1605 1634 1633
f 1606 1607 1635
f 1606 1635 1634
f 1607 1608 1636
f 1607 1636 1635
f 1608 1609 1637
f 1608 1637 1636
f 1609 1610 1638
f 1609 1638 1637
f 1610 1611 1639
f 1610 1639 1638
f 1611 1612 1640
f 1611 1640 1639
f 1612 1613 1641
f 1612 1641 1640
f 1613 1614 1642
f 1613 1642 1641
f 1614 1615 1643
f 1614 1643 1642
f 1615 1616 1644
f 1615 1644 1643
f 1616 1617 1645
f 1616 1645 1644
f 1617 1618 1646
f 1617 1646 1645
f 1618 1619 1647
f 1618 1647 1646
f 1620 1621 1649
f 1620 1649 1648
f 1621 1622 1650
f 1621 1650 1649
f 1622 1623 1651
f 1622 1651 1650
f 1623 1624 1652
f 1623 1652 1651
f 1624 1625 1653
f 1624 1653 1652
f 1625 1626 1654
f 1625 1654 1653
f 1626 1627 1655
f 1626 1655 1654
f 1627 1628 1656
f 1627 1656 1655
f 1628 1629 1657
f 1628 1657 1656
f 1629 1630 1658
f 1629 1658 1657
f 1630 1631 1659
f 1630 1659 1658
f 1631 1632 1660
f 1631 1660 1659
f 1632 1633 1661
f 1632 1661 1660
f 1633 1634 1662
f 1633 1662 1661
f 1634 1635 1663
f 1634 1663 1662
f 1635 1636 1664
f 1635 1664 1663
f 1636 1637 1665
f 1636 1665 1664
f 1637 1638 1666
f 1637 1666 1665
f 1638 1639 1667
f 1638 1667 1666
f 1639 1640 1668
f 1639 1668 1667
f 1640 1641 1669
f 1640 1669 1668
f 1641 1642 1670
f 1641 1670 1669
f 1642 1643 1671
f 1642 1671 1670
f 1643 1644 1672
f 1643 1672 1671
f 1644 1645 1673
f 1644 1673 1672
f 1645 1646 1674
f 1645 1674 1673
f 1646 1647 1675
f 1646 1675 1674
f 1648 1649 1677
f 1648 1677 1676
f 1649 1650 1678
f 1649 1678 1677
f 1650 1651 1679
f 1650 1679 1678
f 1651 1652 1680
f 1651 1680 1679
f 1652 1653 1681
f 1652 1681 1680
f 1653 1654 1682
f 1653 1682 1681
f 1654 1655 1683
f 1654 1683 1682
f 1655 1656 1684
f 1655 1684 1683
f 1656 1657 1685
f 1656 1685 1684
f 1657 1658 1686
f 1657 1686 1685
f 1658 1659 1687
f 1658 1687 1686
f 1659 1660 1688
f 1659 1688 1687
f 1660 1661 1689
f 1660 1689 1688
f 1661 1662 1690
f 1661 1690 1689
f 1662 1663 1691
f 1662 1691 1690
f 1663 1664 1692
f 1663 1692 1691
f 1664 1665 1693
f 1664 1693 1692
f 1665 1666 1694
f 1665 1694 1693
f 1666 1667 1695
f 1666 1695 1694
f 1667 1668 1696
f 1667 1696 1695
f 1668 1669 1697
f 1668 1697 1696
f 1669 1670 1698
f 1669 1698 1697
f 1670 1671 1699
f 1670 1699 1698
f 1671 1672 1700
f 1671 1700 1699
f 1672 1673 1701
f 1672 1701 1700
f 1673 1674 1702
f 1673 1702 1701
f 1674 1675 1703
f 1674 1703 1702
f 1676 1677 1705
f 1676 1705 1704
f 1677 1678 1706
f 1677 1706 1705
f 1678 1679 1707
f 1678 1707 1706
f 1679 1680 1708
f 1679 1708 1707
f 1680 1681 1709
f 1680 1709 1708
f 1681 1682 1710
f 1681 1710 1709
f 1682 1683 1711
f 1682 1711 1710
f 1683 1684 1712
f 1683 1712 1711
f 1684 1685 1713
f 1684 1713 1712
f 1685 1686 1714
f 1685 1714 1713
f 1686 1687 1715
f 1686 1715 1714
f 1687 1688 1716
f 1687 1716 1715
f 1688 1689 1717
f 1688 1717 1716
f 1689 1690 1718
f 1689 1718 1717
f 1690 1691 1719
f 1690 1719 1718
f 1691 1692 1720
f 1691 1720 1719
f 1692 1693 1721
f 1692 1721 1720
f 1693 1694 1722
f 1693 1722 1721
f 1694 1695 1723
f 1694 1723 1722
f 1695 1696 1724
f 1695 1724 1723
f 1696 1697 1725
f 1696 1725 1724
f 1697 1698 1726
f 1697 1726 1725
f 1698 1699 1727
f 1698 1727 1726
f 1699 1700 1728
f 1699 1728 1727
f 1700 1701 1729
f 1700 1729 1728
f 1701 1702 1730
f 1701 1730 1729
f 1702 1703 1731
f 1702 1731 1730
f 1704 1705 1733
f 1704 1733 1732
f 1705 1706 1734
f 1705 1734 1733
f 1706 1707 1735
f 1706 1735 1734
f 1707 1708 1736
f 1707 1736 1735
f 1708 1709 1737
f 1708 1737 1736
f 1709 1710 1738
f 1709 1738 1737
f 1710 1711 1739
f 1710 1739 1738
f 1711 1712 1740
f 1711 1740 1739
f 1712 1713 1741
f 1712 1741 1740
f 1713 1714 1742
f 1713 1742 1741
f 1714 1715 1743
f 1714 1743 1742
f 1715 1716 1744
f 1715 1744 1743
f 1716 1717 1745
f 1716 1745 1744
f 1717 1718 1746
f 1717 1746 1745
f 1718 1719 1747
f 1718 1747 1746
f 1719 1720 1748
f 1719 1748 1747
f 1720 1721 1749
f 1720 1749 1748
f 1721 1722 1750
f 1721 1750 1749
f 1722 1723 1751
f 1722 1751 1750
f 1723 1724 1752
f 1723 1752 1751
f 1724 1725 1753
f 1724 1753 1752
f 1725 1726 1754
f 1725 1754 1753
f 1726 1727 1755
f 1726 1755 1754
f 1727 1728 1756
f 1727 1756 1755
f 1728 1729 1757
f 1728 1757 1756
f 1729 1730 1758
f 1729 1758 1757
f 1730 1731 1759
f 1730 1759 1758
f 1732 1733 1761
f 1732 1761 1760
f 1733 1734 1762
f 1733 1762 1761
f 1734 1735 1763
f 1734 1763 1762
f 1735 1736 1764
f 1735 1764 1763
f 1736 1737 1765
f 1736 1765 1764
f 1737 1738 1766
f 1737 1766 1765
f 1738 1739 1767
f 1738 1767 1766
f 1739 1740 1768
f 1739 1768 1767
f 1740 1741 1769
f 1740 1769 1768
f 1741 1742 1770
f 1741 1770 1769
f 1742 1743 1771
f 1742 1771 1770
f 1743 1744 1772
f 1743 1772 1771
f 1744 1745 1773
f 1744 1773 1772
f 1745 1746 1774
f 1745 1774 1773
f 1746 1747 1775
f 1746 1775 1774
f 1747 1748 1776
f 1747 1776 1775
f 1748 1749 1777
f 1748 1777 1776
f 1749 1750 1778
f 1749 1778 1777
f 1750 1751 1779
f 1750 1779 1778
f 1751 1752 1780
f 1751 1780 1779
f 1752 1753 1781
f 1752 1781 1780
f 1753 1754 1782
f 1753 1782 1781
f 1754 1755 1783
f 1754 1783 1782
f 1755 1756 1784
f 1755 1784 1783
f 1756 1757 1785
f 1756 1785 1784
f 1757 1758 1786
f 1757 1786 1785
f 1758 1759 1787
f 1758 1787 1786
f 1760 1761 1789
f 1760 1789 1788
f 1761 1762 1790
f 1761 1790 1789
f 1762 1763 1791
f 1762 1791 1790
f 1763 1764 1792
f 1763 1792 1791
f 1764 1765 1793
f 1764 1793 1792
f 1765 1766 1794
f 1765 1794 1793
f 1766 1767 1795
f 1766 1795 1794
f 1767 1768 1796
f 1767 1796 1795
f 1768 1769 1797
f 1768 1797 1796
f 1769 1770 1798
f 1769 1798 1797
f 1770 1771 1799
f 1770 1799 1798
f 1771 1772 1800
f 1771 1800 1799
f 1772 1773 1801
f 1772 1801 1800
f 1773 1774 1802
f 1773 1802 1801
f 1774 1775 1803
f 1774 1803 1802
f 1775 1776 1804
f 1775 1804 1803
f 1776 1777 1805
f 1776 1805 1804
f 1777 1778 1806
f 1777 1806 1805
f 1778 1779 1807
f 1778 1807 1806
f 1779 1780 1808
f 1779 1808 1807
f 1780 1781 1809
f 1780 1809 1808
f 1781 1782 1810
f 1781 1810 1809
f 1782 1783 1811
f 1782 1811 1810
f 1783 1784 1812
f 1783 1812 1811
f 1784 1785 1813
f 1784 1813 1812
f 1785 1786 1814
f 1785 1814 1813
f 1786 1787 1815
f 1786 1815 1814
f 1788 1789 1817
f 1788 1817 1816
f 1789 1790 1818
f 1789 1818 1817
f 1790 1791 1819
f 1790 1819 1818
f 1791 1792 1820
f 1791 1820 1819
f 1792 1793 1821
f 1792 1821 1820
f 1793 1794 1822
f 1793 1822 1821
f 1794 1795 1823
f 1794 1823 1822
f 1795 1796 1824
f 1795 1824 1823
f 1796 1797 1825
f 1796 1825 1824
f 1797 1798 1826
f 1797 1826 1825
f 1798 1799 1827
f 1798 1827 1826
f 1799 1800 1828
f 1799 1828 1827
f 1800 1801 1829
f 1800 1829 1828
f 1801 1802 1830
f 1801 1830 1829
f 1802 1803 1831
f 1802 1831 1830
f 1803 1804 1832
f 1803 1832 1831
f 1804 1805 1833
f 1804 1833 1832
f 1805 1806 1834
f 1805 1834 1833
f 1806 1807 1835
f 1806 1835 1834
f 1807 1808 1836
f 1807 1836 1835
f 1808 1809 1837
f 1808 1837 1836
f 1809 1810 1838
f 1809 1838 1837
f 1810 1811 1839
f 1810 1839 1838
f 1811 1812 1840
f 1811 1840 1839
f 1812 1813 1841
f 1812 1841 1840
f 1813 1814 1842
f 1813 1842 1841
f 1814 1815 1843
f 1814 1843 1842
f 1816 1817 1845
f 1816 1845 1844
f 1817 1818 1846
f 1817 1846 1845
f 1818 1819 1847
f 1818 1847 1846
f 1819 1820 1848
f 1819 1848 1847
f 1820 1821 1849
f 1820 1849 1848
f 1821 1822 1850
f 1821 1850 1849
f 1822 1823 1851
f 1822 1851 1850
f 1823 1824 1852
f 1823 1852 1851
f 1824 1825 1853
f 1824 1853 1852
f 1825 1826 1854
f 1825 1854 1853
f 1826 1827 1855
f 1826 1855 1854
f 1827 1828 1856
f 1827 1856 1855
f 1828 1829 1857
f 1828 1857 1856
f 1829 1830 1858
f 1829 1858 1857
f 1830 1831 1859
f 1830 1859 1858
f 1831 1832 1860
f 1831 1860 1859
f 1832 1833 1861
f 1832 1861 1860
f 1833 1834 1862
f 1833 1862 1861
f 1834 1835 1863
f 1834 1863 1862
f 1835 1836 1864
f 1835 1864 1863
f 1836 1837 1865
f 1836 1865 1864
f 1837 1838 1866
f 1837 1866 1865
f 1838 1839 1867
f 1838 1867 1866
f 1839 1840 1868
f 1839 1868 1867
f 1840 1841 1869
f 1840 1869 1868
f 1841 1842 1870
f 1841 1870 1869
f 1842 1843 1871
f 1842 1871 1870
f 1844 1845 1873
f 1844 1873 1872
f 1845 1846 1874
f 1845 1874 1873
f 1846 1847 1875
f 1846 1875 1874
f 1847 1848 1876
f 1847 1876 1875
f 1848 1849 1877
f 1848 1877 1876
f 1849 1850 1878
f 1849 1878 1877
f 1850 1851 1879
f 1850 1879 1878
f 1851 1852 1880
f 1851 1880 1879
f 1852 1853 1881
f 1852 1881 1880
f 1853 1854 1882
f 1853 1882 1881
f 1854 1855 1883
f 1854 1883 1882
f 1855 1856 1884
f 1855 1884 1883
f 1856 1857 1885
f 1856 1885 1884
f 1857 1858 1886
f 1857 1886 1885
f 1858 1859 1887
f 1858 1887 1886
f 1859 1860 1888
f 1859 1888 1887
f 1860 1861 1889
f 1860 1889 1888
f 1861 1862 1890
f 1861 1890 1889
f 1862 1863 1891
f 1862 1891 1890
f 1863 1864 1892
f 1863 1892 1891
f 1864 1865 1893
f 1864 1893 1892
f 1865 1866 1894
f 1865 1894 1893
f 1866 1867 1895
f 1866 1895 1894
f 1867 1868 1896
f 1867 1896 1895
f 1868 1869 1897
f 1868 1897 1896
f 1869 1870 1898
f 1869 1898 1897
f 1870 1871 1899
f 1870 1899 1898
f 1872 1873 1061
f 1872 1061 1060
f 1873 1874 1062
f 1873 1062 1061
f 1874 1875 1063
f 1874 1063 1062
f 1875 1876 1064
f 1875 1064 1063
f 1876 1877 1065
f 1876 1065 1064
f 1877 1878 1066
f 1877 1066 1065
f 1878 1879 1067
f 1878 1067 1066
f 1879 1880 1068
f 1879 1068 1067
f 1880 1881 1069
f 1880 1069 1068
f 1881 1882 1070
f 1881 1070 1069
f 1882 1883 1071
f 1882 1071 1070
f 1883 1884 1072
f 1883 1072 1071
f 1884 1885 1073
f 1884 1073 1072
f 1885 1886 1074
f 1885 1074 1073
f 1886 1887 1075
f 1886 1075 1074
f 1887 1888 1076
f 1887 1076 1075
f 1888 1889 1077
f 1888 1077 1076
f 1889 1890 1078
f 1889 1078 1077
f 1890 1891 1079
f 1890 1079 1078
f 1891 1892 1080
f 1891 1080 1079
f 1892 1893 1081
f 1892 1081 1080
f 1893 1894 1082
f 1893 1082 1081
f 1894 1895 1083
f 1894 1083 1082
f 1895 1896 1084
f 1895 1084 1083
f 1896 1897 1085
f 1896 1085 1084
f 1897 1898 1086
f 1897 1086 1085
f 1898 1899 1087
f 1898 1087 1086
f 1902 1930 1900
f 1930 1958 1900
f 1958 1986 1900
f 1986 2014 1900
f 2014 2042 1900
f 2042 2070 1900
f 2070 2098 1900
f 2098 2126 1900
f 2126 2154 1900
f 2154 2182 1900
f 2182 2210 1900
f 2210 2238 1900
f 2238 2266 1900
f 2266 2294 1900
f 2294 2322 1900
f 2322 2350 1900
f 2350 2378 1900
f 2378 2406 1900
f 2406 2434 1900
f 2434 2462 1900
f 2462 2490 1900
f 2490 2518 1900
f 2518 2546 1900
f 2546 2574 1900
f 2574 2602 1900
f 2602 2630 1900
f 2630 2658 1900
f 2658 2686 1900
f 2686 2714 1900
f 2714 1902 1900
f 1929 1901 1957
f 1957 1901 1985
f 1985 1901 2013
f 2013 1901 2041
f 2041 1901 2069
f 2069 1901 2097
f 2097 1901 2125
f 2125 1901 2153
f 2153 1901 2181
f 2181 1901 2209
f 2209 1901 2237
f 2237 1901 2265
f 2265 1901 2293
f 2293 1901 2321
f 2321 1901 2349
f 2349 1901 2377
f 2377 1901 2405
f 2405 1901 2433
f 2433 1901 2461
f 2461 1901 2489
f 2489 1901 2517
f 2517 1901 2545
f 2545 1901 2573
f 2573 1901 2601
f 2601 1901 2629
f 2629 1901 2657
f 2657 1901 2685
f 2685 1901 2713
f 2713 1901 2741
f 2741 1901 1929
f 1902 1903 1931
f 1902 1931 1930
f 1903 1904 1932
f 1903 1932 1931
f 1904 1905 1933
f 1904 1933 1932
f 1905 1906 1934
f 1905 1934 1933
f 1906 1907 1935
f 1906 1935 1934
f 1907 1908 1936
f 1907 1936 1935
f 1908 1909 1937
f 1908 1937 1936
f 1909 1910 1938
f 1909 1938 1937
f 1910 1911 1939
f 1910 1939 1938
f 1911 1912 1940
f 1911 1940 1939
f 1912 1913 1941
f 1912 1941 1940
f 1913 1914 1942
f 1913 1942 1941
f 1914 1915 1943
f 1914 1943 1942
f 1915 1916 1944
f 1915 1944 1943
f 1916 1917 1945
f 1916 1945 1944
f 1917 1918 1946
f 1917 1946 1945
f 1918 1919 1947
f 1918 1947 1946
f 1919 1920 1948
f 1919 1948 1947
f 1920 1921 1949
f 1920 1949 1948
f 1921 1922 1950
f 1921 1950 1949
f 1922 1923 1951
f 1922 1951 1950
f 1923 1924 1952
f 1923 1952 1951
f 1924 1925 1953
f 1924 1953 1952
f 1925 1926 1954
f 1925 1954 1953
f 1926 1927 1955
f 1926 1955 1954
f 1927 1928 1956
f 1927 1956 1955
f 1928 1929 1957
f 1928 1957 1956
f 1930 1931 1959
f 1930 1959 1958
f 1931 1932 1960
f 1931 1960 1959
f 1932 1933 1961
f 1932 1961 1960
f 1933 1934 1962
f 1933 1962 1961
f 1934 1935 1963
f 1934 1963 1962
f 1935 1936 1964
f 1935 1964 1963
f 1936 1937 1965
f 1936 1965 1964
f 1937 1938 1966
f 1937 1966 1965
f 1938 1939 1967
f 1938 1967 1966
f 1939 1940 1968
f 1939 1968 1967
f 1940 1941 1969
f 1940 1969 1968
f 1941 1942 1970
f 1941 1970 1969
f 1942 1943 1971
f 1942 1971 1970
f 1943 1944 1972
f 1943 1972 1971
f 1944 1945 1973
f 1944 1973 1972
f 1945 1946 1974
f 1945 1974 1973
f 1946 1947 1975
f 1946 1975 1974
f 1947 1948 1976
f 1947 1976 1975
f 1948 1949 1977
f 1948 1977 1976
f 1949 1950 1978
f 1949 1978 1977
f 1950 1951 1979
f 1950 1979 1978
f 1951 1952 1980
f 1951 1980 1979
f 1952 1953 1981
f 1952 1981 1980
f 1953 1954 1982
f 1953 1982 1981
f 1954 1955 1983
f 1954 1983 1982
f 1955 1956 1984
f 1955 1984 1983
f 1956 1957 1985
f 1956 1985 1984
f 1958 1959 1987
f 1958 1987 1986
f 1959 1960 1988
f 1959 1988 1987
f 1960 1961 1989
f 1960 1989 1988
f 1961 1962 1990
f 1961 1990 1989
f 1962 1963 1991
f 1962 1991 1990
f 1963 1964 1992
f 1963 1992 1991
f 1964 1965 1993
f 1964 1993 1992
f 1965 1966 1994
f 1965 1994 1993
f 1966 1967 1995
f 1966 1995 1994
f 1967 1968 1996
f 1967 1996 1995
f 1968 1969 1997
f 1968 1997 1996
f 1969 1970 1998
f 1969 1998 1997
f 1970 1971 1999
f 1970 1999 1998
f 1971 1972 2000
f 1971 2000 1999
f 1972 1973 2001
f 1972 2001 2000
f 1973 1974 2002
f 1973 2002 2001
f 1974 1975 2003
f 1974 2003 2002
f 1975 1976 2004
f 1975 2004 2003
f 1976 1977 2005
f 1976 2005 2004
f 1977 1978 2006
f 1977 2006 2005
f 1978 1979 2007
f 1978 2007 2006
f 1979 1980 2008
f 1979 2008 2007
f 1980 1981 2009
f 1980 2009 2008
f 1981 1982 2010
f 1981 2010 2009
f 1982 1983 2011
f 1982 2011 2010
f 1983 1984 2012
f 1983 2012 2011
f 1984 1985 2013
f 1984 2013 2012
f 1986 1987 2015
f 1986 2015 2014
f 1987 1988 2016
f 1987 2016 2015
f 1988 1989 2017
f 1988 2017 2016
f 1989 1990 2018
f 1989 2018 2017
f 1990 1991 2019
f 1990 2019 2018
f 1991 1992 2020
f 1991 2020 2019
f 1992 1993 2021
f 1992 2021 2020
f 1993 1994 2022
f 1993 2022 2021
f 1994 1995 2023
f 1994 2023 2022
f 1995 1996 2024
f 1995 2024 2023
f 1996 1997 2025
f 1996 2025 2024
f 1997 1998 2026
f 1997 2026 2025
f 1998 1999 2027
f 1998 2027 2026
f 1999 2000 2028
f 1999 2028 2027
f 2000 2001 2029
f 2000 2029 2028
f 2001 2002 2030
f 2001 2030 2029
f 2002 2003 2031
f 2002 2031 2030
f 2003 2004 2032
f 2003 2032 2031
f 2004 2005 2033
f 2004 2033 2032
f 2005 2006 2034
f 2005 2034 2033
f 2006 2007 2035
f 2006 2035 2034
f 2007 2008 2036
f 2007 2036 2035
f 2008 2009 2037
f 2008 2037 2036
f 2009 2010 2038
f 2009 2038 2037
f 2010 2011 2039
f 2010 2039 2038
f 2011 2012 2040
f 2011 2040 2039
f 2012 2013 2041
f 2012 2041 2040
f 2014 2015 2043
f 2014 2043 2042
f 2015 2016 2044
f 2015 2044 2043
f 2016 2017 2045
f 2016 2045 2044
f 2017 2018 2046
f 2017 2046 2045
f 2018 2019 2047
f 2018 2047 2046
f 2019 2020 2048
f 2019 2048 2047
f 2020 2021 2049
f 2020 2049 2048
f 2021 2022 2050
f 2021 2050 2049
f 2022 2023 2051
f 2022 2051 2050
f 2023 2024 2052
f 2023 2052 2051
f 2024 2025 2053
f 2024 2053 2052
f 2025 2026 2054
f 2025 2054 2053
f 2026 2027 2055
f 2026 2055 2054
f 2027 2028 2056
f 2027 2056 2055
f 2028 2029 2057
f 2028 2057 2056
f 2029 2030 2058
f 2029 2058 2057
f 2030 2031 2059
f 2030 2059 2058
f 2031 2032 2060
f 2031 2060 2059
f 2032 2033 2061
f 2032 2061 2060
f 2033 2034 2062
f 2033 2062 2061
f 2034 2035 2063
f 2034 2063 2062
f 2035 2036 2064
f 2035 2064 2063
f 2036 2037 2065
f 2036 2065 2064
f 2037 2038 2066
f 2037 2066 2065
f 2038 2039 2067
f 2038 2067 2066
f 2039 2040 2068
f 2039 2068 2067
f 2040 2041 2069
f 2040 2069 2068
f 2042 2043 2071
f 2042 2071 2070
f 2043 2044 2072
f 2043 2072 2071
f 2044 2045 2073
f 2044 2073 2072
f 2045 2046 2074
f 2045 2074 2073
f 2046 2047 2075
f 2046 2075 2074
f 2047 2048 2076
f 2047 2076 2075
f 2048 2049 2077
f 2048 2077 2076
f 2049 2050 2078
f 2049 2078 2077
f 2050 2051 2079
f 2050 2079 2078
f 2051 2052 2080
f 2051 2080 2079
f 2052 2053 2081
f 2052 2081 2080
f 2053 2054 2082
f 2053 2082 2081
f 2054 2055 2083
f 2054 2083 2082
f 2055 2056 2084
f 2055 2084 2083
f 2056 2057 2085
f 2056 2085 2084
f 2057 2058 2086
f 2057 2086 2085
f 2058 2059 2087
f 2058 2087 2086
f 2059 2060 2088
f 2059 2088 2087
f 2060 2061 2089
f 2060 2089 2088
f 2061 2062 2090
f 2061 2090 2089
f 2062 2063 2091
f 2062 2091 2090
f 2063 2064 2092
f 2063 2092 2091
f 2064 2065 2093
f 2064 2093 2092
f 2065 2066 2094
f 2065 2094 2093
f 2066 2067 2095
f 2066 2095 2094
f 2067 2068 2096
f 2067 2096 2095
f 2068 2069 2097
f 2068 2097 2096
f 2070 2071 2099
f 2070 2099 2098
f 2071 2072 2100
f 2071 2100 2099
f 2072 2073 2101
f 2072 2101 2100
f 2073 2074 2102
f 2073 2102 2101
f 2074 2075 2103
f 2074 2103 2102
f 2075 2076 2104
f 2075 2104 2103
f 2076 2077 2105
f 2076 2105 2104
f 2077 2078 2106
f 2077 2106 2105
f 2078 2079 2107
f 2078 2107 2106
f 2079 2080 2108
f 2079 2108 2107
f 2080 2081 2109
f 2080 2109 2108
f 2081 2082 2110
f 2081 2110 2109
f 2082 2083 2111
f 2082 2111 2110
f 2083 2084 2112
f 2083 2112 2111
f 2084 2085 2113
f 2084 2113 2112
f 2085 2086 2114
f 2085 2114 2113
f 2086 2087 2115
f 2086 2115 2114
f 2087 2088 2116
f 2087 2116 2115
f 2088 2089 2117
f 2088 2117 2116
f 2089 2090 2118
f 2089 2118 2117
f 2090 2091 2119
f 2090 2119 2118
f 2091 2092 2120
f 2091 2120 2119
f 2092 2093 2121
f 2092 2121 2120
f 2093 2094 2122
f 2093 2122 2121
f 2094 2095 2123
f 2094 2123 2122
f 2095 2096 2124
f 2095 2124 2123
f 2096 2097 2125
f 2096 2125 2124
f 2098 2099 2127
f 2098 2127 2126
f 2099 2100 2128
f 2099 2128 2127
f 2100 2101 2129
f 2100 2129 2128
f 2101 2102 2130
f 2101 2130 2129
f 2102 2103 2131
f 2102 2131 2130
f 2103 2104 2132
f 2103 2132 2131
f 2104 2105 2133
f 2104 2133 2132
f 2105 2106 2134
f 2105 2134 2133
f 2106 2107 2135
f 2106 2135 2134
f 2107 2108 2136
f 2107 2136 2135
f 2108 2109 2137
f 2108 2137 2136
f 2109 2110 2138
f 2109 2138 2137
f 2110 2111 2139
f 2110 2139 2138
f 2111 2112 2140
f 2111 2140 2139
f 2112 2113 2141
f 2112 2141 2140
f 2113 2114 2142
f 2113 2142 2141
f 2114 2115 2143
f 2114 2143 2142
f 2115 2116 2144
f 2115 2144 2143
f 2116 2117 2145
f 2116 2145 2144
f 2117 2118 2146
f 2117 2146 2145
f 2118 2119 2147
f 2118 2147 2146
f 2119 2120 2148
f 2119 2148 2147
f 2120 2121 2149
f 2120 2149 2148
f 2121 2122 2150
f 2121 2150 2149
f 2122 2123 2151
f 2122 2151 2150
f 2123 2124 2152
f 2123 2152 2151
f 2124 2125 2153
f 2124 2153 2152
f 2126 2127 2155
f 2126 2155 2154
f 2127 2128 2156
f 2127 2156 2155
f 2128 2129 2157
f 2128 2157 2156
f 2129 2130 2158
f 2129 2158 2157
f 2130 2131 2159
f 2130 2159 2158
f 2131 2132 2160
f 2131 2160 2159
f 2132 2133 2161
f 2132 2161 2160
f 2133 2134 2162
f 2133 2162 2161
f 2134 2135 2163
f 2134 2163 2162
f 2135 2136 2164
f 2135 2164 2163
f 2136 2137 2165
f 2136 2165 2164
f 2137 2138 2166
f 2137 2166 2165
f 2138 2139 2167
f 2138 2167 2166
f 2139 2140 2168
f 2139 2168 2167
f 2140 2141 2169
f 2140 2169 2168
f 2141 2142 2170
f 2141 2170 2169
f 2142 2143 2171
f 2142 2171 2170
f 2143 2144 2172
f 2143 2172 2171
f 2144 2145 2173
f 2144 2173 2172
f 2145 2146 2174
f 2145 2174 2173
f 2146 2147 2175
f 2146 2175 2174
f 2147 2148 2176
f 2147 2176 2175
f 2148 2149 2177
f 2148 2177 2176
f 2149 2150 2178
f 2149 2178 2177
f 2150 2151 2179
f 2150 2179 2178
f 2151 2152 2180
f 2151 2180 2179
f 2152 2153 2181
f 2152 2181 2180
f 2154 2155 2183
f 2154 2183 2182
f 2155 2156 2184
f 2155 2184 2183
f 2156 2157 2185
f 2156 2185 2184
f 2157 2158 2186
f 2157 2186 2185
f 2158 2159 2187
f 2158 2187 2186
f 2159 2160 2188
f 2159 2188 2187
f 2160 2161 2189
f 2160 2189 2188
f 2161 2162 2190
f 2161 2190 2189
f 2162 2163 2191
f 2162 2191 2190
f 2163 2164 2192
f 2163 2192 2191
f 2164 2165 2193
f 2164 2193 2192
f 2165 2166 2194
f 2165 2194 2193
f 2166 2167 2195
f 2166 2195 2194
f 2167 2168 2196
f 2167 2196 2195
f 2168 2169 2197
f 2168 2197 2196
f 2169 2170 2198
f 2169 2198 2197
f 2170 2171 2199
f 2170 2199 2198
f 2171 2172 2200
f 2171 2200 2199
f 2172 2173 2201
f 2172 2201 2200
f 2173 2174 2202
f 2173 2202 2201
f 2174 2175 2203
f 2174 2203 2202
f 2175 2176 2204
f 2175 2204 2203
f 2176 2177 2205
f 2176 2205 2204
f 2177 2178 2206
f 2177 2206 2205
f 2178 2179 2207
f 2178 2207 2206
f 2179 2180 2208
f 2179 2208 2207
f 2180 2181 2209
f 2180 2209 2208
f 2182 2183 2211
f 2182 2211 2210
f 2183 2184 2212
f 2183 2212 2211
f 2184 2185 2213
f 2184 2213 2212
f 2185 2186 2214
f 2185 2214 2213
f 2186 2187 2215
f 2186 2215 2214
f 2187 2188 2216
f 2187 2216 2215
f 2188 2189 2217
f 2188 2217 2216
f 2189 2190 2218
f 2189 2218 2217
f 2190 2191 2219
f 2190 2219 2218
f 2191 2192 2220
f 2191 2220 2219
f 2192 2193 2221
f 2192 2221 2220
f 2193 2194 2222
f 2193 2222 2221
f 2194 2195 2223
f 2194 2223 2222
f 2195 2196 2224
f 2195 2224 2223
f 2196 2197 2225
f 2196 2225 2224
f 2197 2198 2226
f 2197 2226 2225
f 2198 2199 2227
f 2198 2227 2226
f 2199 2200 2228
f 2199 2228 2227
f 2200 2201 2229
f 2200 2229 2228
f 2201 2202 2230
f 2201 2230 2229
f 2202 2203 2231
f 2202 2231 2230
f 2203 2204 2232
f 2203 2232 2231
f 2204 2205 2233
f 2204 2233 2232
f 2205 2206 2234
f 2205 2234 2233
f 2206 2207 2235
f 2206 2235 2234
f 2207 2208 2236
f 2207 2236 2235
f 2208 2209 2237
f 2208 2237 2236
f 2210 2211 2239
f 2210 2239 2238
f 2211 2212 2240
f 2211 2240 2239
f 2212 2213 2241
f 2212 2241 2240
f 2213 2214 2242
f 2213 2242 2241
f 2214 2215 2243
f 2214 2243 2242
f 2215 2216 2244
f 2215 2244 2243
f 2216 2217 2245
f 2216 2245 2244
f 2217 2218 2246
f 2217 2246 2245
f 2218 2219 2247
f 2218 2247 2246
f 2219 2220 2248
f 2219 2248 2247
f 2220 2221 2249
f 2220 2249 2248
f 2221 2222 2250
f 2221 2250 2249
f 2222 2223 2251
f 2222 2251 2250
f 2223 2224 2252
f 2223 2252 2251
f 2224 2225 2253
f 2224 2253 2252
f 2225 2226 2254
f 2225 2254 2253
f 2226 2227 2255
f 2226 2255 2254
f 2227 2228 2256
f 2227 2256 2255
f 2228 2229 2257
f 2228 2257 2256
f 2229 2230 2258
f 2229 2258 2257
f 2230 2231 2259
f 2230 2259 2258
f 2231 2232 2260
f 2231 2260 2259
f 2232 2233 2261
f 2232 2261 2260
f 2233 2234 2262
f 2233 2262 2261
f 2234 2235 2263
f 2234 2263 2262
f 2235 2236 2264
f 2235 2264 2263
f 2236 2237 2265
f 2236 2265 2264
f 2238 2239 2267
f 2238 2267 2266
f 2239 2240 2268
f 2239 2268 2267
f 2240 2241 2269
f 2240 2269 2268
f 2241 2242 2270
f 2241 2270 2269
f 2242 2243 2271
f 2242 2271 2270
f 2243 2244 2272
f 2243 2272 2271
f 2244 2245 2273
f 2244 2273 2272
f 2245 2246 2274
f 2245 2274 2273
f 2246 2247 2275
f 2246 2275 2274
f 2247 2248 2276
f 2247 2276 2275
f 2248 2249 2277
f 2248 2277 2276
f 2249 2250 2278
f 2249 2278 2277
f 2250 2251 2279
f 2250 2279 2278
f 2251 2252 2280
f 2251 2280 2279
f 2252 2253 2281
f 2252 2281 2280
f 2253 2254 2282
f 2253 2282 2281
f 2254 2255 2283
f 2254 2283 2282
f 2255 2256 2284
f 2255 2284 2283
f 2256 2257 2285
f 2256 2285 2284
f 2257 2258 2286
f 2257 2286 2285
f 2258 2259 2287
f 2258 2287 2286
f 2259 2260 2288
f 2259 2288 2287
f 2260 2261 2289
f 2260 2289 2288
f 2261 2262 2290
f 2261 2290 2289
f 2262 2263 2291
f 2262 2291 2290
f 2263 2264 2292
f 2263 2292 2291
f 2264 2265 2293
f 2264 2293 2292
f 2266 2267 2295
f 2266 2295 2294
f 2267 2268 2296
f 2267 2296 2295
f 2268 2269 2297
f 2268 2297 2296
f 2269 2270 2298
f 2269 2298 2297
f 2270 2271 2299
f 2270 2299 2298
f 2271 2272 2300
f 2271 2300 2299
f 2272 2273 2301
f 2272 2301 2300
f 2273 2274 2302
f 2273 2302 2301
f 2274 2275 2303
f 2274 2303 2302
f 2275 2276 2304
f 2275 2304 2303
f 2276 2277 2305
f 2276 2305 2304
f 2277 2278 2306
f 2277 2306 2305
f 2278 2279 2307
f 2278 2307 2306
f 2279 2280 2308
f 2279 2308 2307
f 2280 2281 2309
f 2280 2309 2308
f 2281 2282 2310
f 2281 2310 2309
f 2282 2283 2311
f 2282 2311 2310
f 2283 2284 2312
f 2283 2312 2311
f 2284 2285 2313
f 2284 2313 2312
f 2285 2286 2314
f 2285 2314 2313
f 2286 2287 2315
f 2286 2315 2314
f 2287 2288 2316
f 2287 2316 2315
f 2288 2289 2317
f 2288 2317 2316
f 2289 2290 2318
f 2289 2318 2317
f 2290 2291 2319
f 2290 2319 2318
f 2291 2292 2320
f 2291 2320 2319
f 2292 2293 2321
f 2292 2321 2320
f 2294 2295 2323
f 2294 2323 2322
f 2295 2296 2324
f 2295 2324 2323
f 2296 2297 2325
f 2296 2325 2324
f 2297 2298 2326
f 2297 2326 2325
f 2298 2299 2327
f 2298 2327 2326
f 2299 2300 2328
f 2299 2328 2327
f 2300 2301 2329
f 2300 2329 2328
f 2301 2302 2330
f 2301 2330 2329
f 2302 2303 2331
f 2302 2331 2330
f 2303 2304 2332
f 2303 2332 2331
f 2304 2305 2333
f 2304 2333 2332
f 2305 2306 2334
f 2305 2334 2333
f 2306 2307 2335
f 2306 2335 2334
f 2307 2308 2336
f 2307 2336 2335
f 2308 2309 2337
f 2308 2337 2336
f 2309 2310 2338
f 2309 2338 2337
f 2310 2311 2339
f 2310 2339 2338
f 2311 2312 2340
f 2311 2340 2339
f 2312 2313 2341
f 2312 2341 2340
f 2313 2314 2342
f 2313 2342 2341
f 2314 2315 2343
f 2314 2343 2342
f 2315 2316 2344
f 2315 2344 2343
f 2316 2317 2345
f 2316 2345 2344
f 2317 2318 2346
f 2317 2346 2345
f 2318 2319 2347
f 2318 2347 2346
f 2319 2320 2348
f 2319 2348 2347
f 2320 2321 2349
f 2320 2349 2348
f 2322 2323 2351
f 2322 2351 2350
f 2323 2324 2352
f 2323 2352 2351
f 2324 2325 2353
f 2324 2353 2352
f 2325 2326 2354
f 2325 2354 2353
f 2326 2327 2355
f 2326 2355 2354
f 2327 2328 2356
f 2327 2356 2355
f 2328 2329 2357
f 2328 2357 2356
f 2329 2330 2358
f 2329 2358 2357
f 2330 2331 2359
f 2330 2359 2358
f 2331 2332 2360
f 2331 2360 2359
f 2332 2333 2361
f 2332 2361 2360
f 2333 2334 2362
f 2333 2362 2361
f 2334 2335 2363
f 2334 2363 2362
f 2335 2336 2364
f 2335 2364 2363
f 2336 2337 2365
f 2336 2365 2364
f 2337 2338 2366
f 2337 2366 2365
f 2338 2339 2367
f 2338 2367 2366
f 2339 2340 2368
f 2339 2368 2367
f 2340 2341 2369
f 2340 2369 2368
f 2341 2342 2370
f 2341 2370 2369
f 2342 2343 2371
f 2342 2371 2370
f 2343 2344 2372
f 2343 2372 2371
f 2344 2345 2373
f 2344 2373 2372
f 2345 2346 2374
f 2345 2374 2373
f 2346 2347 2375
f 2346 2375 2374
f 2347 2348 2376
f 2347 2376 2375
f 2348 2349 2377
f 2348 2377 2376
f 2350 2351 2379
f 2350 2379 2378
f 2351 2352 2380
f 2351 2380 2379
f 2352 2353 2381
f 2352 2381 2380
f 2353 2354 2382
f 2353 2382 2381
f 2354 2355 2383
f 2354 2383 2382
f 2355 2356 2384
f 2355 2384 2383
f 2356 2357 2385
f 2356 2385 2384
f 2357 2358 2386
f 2357 2386 2385
f 2358 2359 2387
f 2358 2387 2386
f 2359 2360 2388
f 2359 2388 2387
f 2360 2361 2389
f 2360 2389 2388
f 2361 2362 2390
f 2361 2390 2389
f 2362 2363 2391
f 2362 2391 2390
f 2363 2364 2392
f 2363 2392 2391
f 2364 2365 2393
f 2364 2393 2392
f 2365 2366 2394
f 2365 2394 2393
f 2366 2367 2395
f 2366 2395 2394
f 2367 2368 2396
f 2367 2396 2395
f 2368 2369 2397
f 2368 2397 2396
f 2369 2370 2398
f 2369 2398 2397
f 2370 2371 2399
f 2370 2399 2398
f 2371 2372 2400
f 2371 2400 2399
f 2372 2373 2401
f 2372 2401 2400
f 2373 2374 2402
f 2373 2402 2401
f 2374 2375 2403
f 2374 2403 2402
f 2375 2376 2404
f 2375 2404 2403
f 2376 2377 2405
f 2376 2405 2404
f 2378 2379 2407
f 2378 2407 2406
f 2379 2380 2408
f 2379 2408 2407
f 2380 2381 2409
f 2380 2409 2408
f 2381 2382 2410
f 2381 2410 2409
f 2382 2383 2411
f 2382 2411 2410
f 2383 2384 2412
f 2383 2412 2411
f 2384 2385 2413
f 2384 2413 2412
f 2385 2386 2414
f 2385 2414 2413
f 2386 2387 2415
f 2386 2415 2414
f 2387 2388 2416
f 2387 2416 2415
f 2388 2389 2417
f 2388 2417 2416
f 2389 2390 2418
f 2389 2418 2417
f 2390 2391 2419
f 2390 2419 2418
f 2391 2392 2420
f 2391 2420 2419
f 2392 2393 2421
f 2392 2421 2420
f 2393 2394 2422
f 2393 2422 2421
f 2394 2395 2423
f 2394 2423 2422
f 2395 2396 2424
f 2395 2424 2423
f 2396 2397 2425
f 2396 2425 2424
f 2397 2398 2426
f 2397 2426 2425
f 2398 2399 2427
f 2398 2427 2426
f 2399 2400 2428
f 2399 2428 2427
f 2400 2401 2429
f 2400 2429 2428
f 2401 2402 2430
f 2401 2430 2429
f 2402 2403 2431
f 2402 2431 2430
f 2403 2404 2432
f 2403 2432 2431
f 2404 2405 2433
f 2404 2433 2432
f 2406 2407 2435
f 2406 2435 2434
f 2407 2408 2436
f 2407 2436 2435
f 2408 2409 2437
f 2408 2437 2436
f 2409 2410 2438
f 2409 2438 2437
f 2410 2411 2439
f 2410 2439 2438
f 2411 2412 2440
f 2411 2440 2439
f 2412 2413 2441
f 2412 2441 2440
f 2413 2414 2442
f 2413 2442 2441
f 2414 2415 2443
f 2414 2443 2442
f 2415 2416 2444
f 2415 2444 2443
f 2416 2417 2445
f 2416 2445 2444
f 2417 2418 2446
f 2417 2446 2445
f 2418 2419 2447
f 2418 2447 2446
f 2419 2420 2448
f 2419 2448 2447
f 2420 2421 2449
f 2420 2449 2448
f 2421 2422 2450
f 2421 2450 2449
f 2422 2423 2451
f 2422 2451 2450
f 2423 2424 2452
f 2423 2452 2451
f 2424 2425 2453
f 2424 2453 2452
f 2425 2426 2454
f 2425 2454 2453
f 2426 2427 2455
f 2426 2455 2454
f 2427 2428 2456
f 2427 2456 2455
f 2428 2429 2457
f 2428 2457 2456
f 2429 2430 2458
f 2429 2458 2457
f 2430 2431 2459
f 2430 2459 2458
f 2431 2432 2460
f 2431 2460 2459
f 2432 2433 2461
f 2432 2461 2460
f 2434 2435 2463
f 2434 2463 2462
f 2435 2436 2464
f 2435 2464 2463
f 2436 2437 2465
f 2436 2465 2464
f 2437 2438 2466
f 2437 2466 2465
f 2438 2439 2467
f 2438 2467 2466
f 2439 2440 2468
f 2439 2468 2467
f 2440 2441 2469
f 2440 2469 2468
f 2441 2442 2470
f 2441 2470 2469
f 2442 2443 2471
f 2442 2471 2470
f 2443 2444 2472
f 2443 2472 2471
f 2444 2445 2473
f 2444 2473 2472
f 2445 2446 2474
f 2445 2474 2473
f 2446 2447 2475
f 2446 2475 2474
f 2447 2448 2476
f 2447 2476 2475
f 2448 2449 2477
f 2448 2477 2476
f 2449 2450 2478
f 2449 2478 2477
f 2450 2451 2479
f 2450 2479 2478
f 2451 2452 2480
f 2451 2480 2479
f 2452 2453 2481
f 2452 2481 2480
f 2453 2454 2482
f 2453 2482 2481
f 2454 2455 2483
f 2454 2483 2482
f 2455 2456 2484
f 2455 2484 2483
f 2456 2457 2485
f 2456 2485 2484
f 2457 2458 2486
f 2457 2486 2485
f 2458 2459 2487
f 2458 2487 2486
f 2459 2460 2488
f 2459 2488 2487
f 2460 2461 2489
f 2460 2489 2488
f 2462 2463 2491
f 2462 2491 2490
f 2463 2464 2492
f 2463 2492 2491
f 2464 2465 2493
f 2464 2493 2492
f 2465 2466 2494
f 2465 2494 2493
f 2466 2467 2495
f 2466 2495 2494
f 2467 2468 2496
f 2467 2496 2495
f 2468 2469 2497
f 2468 2497 2496
f 2469 2470 2498
f 2469 2498 2497
f 2470 2471 2499
f 2470 2499 2498
f 2471 2472 2500
f 2471 2500 2499
f 2472 2473 2501
f 2472 2501 2500
f 2473 2474 2502
f 2473 2502 2501
f 2474 2475 2503
f 2474 2503 2502
f 2475 2476 2504
f 2475 2504 2503
f 2476 2477 2505
f 2476 2505 2504
f 2477 2478 2506
f 2477 2506 2505
f 2478 2479 2507
f 2478 2507 2506
f 2479 2480 2508
f 2479 2508 2507
f 2480 2481 2509
f 2480 2509 2508
f 2481 2482 2510
f 2481 2510 2509
f 2482 2483 2511
f 2482 2511 2510
f 2483 2484 2512
f 2483 2512 2511
f 2484 2485 2513
f 2484 2513 2512
f 2485 2486 2514
f 2485 2514 2513
f 2486 2487 2515
f 2486 2515 2514
f 2487 2488 2516
f 2487 2516 2515
f 2488 2489 2517
f 2488 2517 2516
f 2490 2491 2519
f 2490 2519 2518
f 2491 2492 2520
f 2491 2520 2519
f 2492 2493 2521
f 2492 2521 2520
f 2493 2494 2522
f 2493 2522 2521
f 2494 2495 2523
f 2494 2523 2522
f 2495 2496 2524
f 2495 2524 2523
f 2496 2497 2525
f 2496 2525 2524
f 2497 2498 2526
f 2497 2526 2525
f 2498 2499 2527
f 2498 2527 2526
f 2499 2500 2528
f 2499 2528 2527
f 2500 2501 2529
f 2500 2529 2528
f 2501 2502 2530
f 2501 2530 2529
f 2502 2503 2531
f 2502 2531 2530
f 2503 2504 2532
f 2503 2532 2531
f 2504 2505 2533
f 2504 2533 2532
f 2505 2506 2534
f 2505 2534 2533
f 2506 2507 2535
f 2506 2535 2534
f 2507 2508 2536
f 2507 2536 2535
f 2508 2509 2537
f 2508 2537 2536
f 2509 2510 2538
f 2509 2538 2537
f 2510 2511 2539
f 2510 2539 2538
f 2511 2512 2540
f 2511 2540 2539
f 2512 2513 2541
f 2512 2541 2540
f 2513 2514 2542
f 2513 2542 2541
f 2514 2515 2543
f 2514 2543 2542
f 2515 2516 2544
f 2515 2544 2543
f 2516 2517 2545
f 2516 2545 2544
f 2518 2519 2547
f 2518 2547 2546
f 2519 2520 2548
f 2519 2548 2547
f 2520 2521 2549
f 2520 2549 2548
f 2521 2522 2550
f 2521 2550 2549
f 2522 2523 2551
f 2522 2551 2550
f 2523 2524 2552
f 2523 2552 2551
f 2524 2525 2553
f 2524 2553 2552
f 2525 2526 2554
f 2525 2554 2553
f 2526 2527 2555
f 2526 2555 2554
f 2527 2528 2556
f 2527 2556 2555
f 2528 2529 2557
f 2528 2557 2556
f 2529 2530 2558
f 2529 2558 2557
f 2530 2531 2559
f 2530 2559 2558
f 2531 2532 2560
f 2531 2560 2559
f 2532 2533 2561
f 2532 2561 2560
f 2533 2534 2562
f 2533 2562 2561
f 2534 2535 2563
f 2534 2563 2562
f 2535 2536 2564
f 2535 2564 2563
f 2536 2537 2565
f 2536 2565 2564
f 2537 2538 2566
f 2537 2566 2565
f 2538 2539 2567
f 2538 2567 2566
f 2539 2540 2568
f 2539 2568 2567
f 2540 2541 2569
f 2540 2569 2568
f 2541 2542 2570
f 2541 2570 2569
f 2542 2543 2571
f 2542 2571 2570
f 2543 2544 2572
f 2543 2572 2571
f 2544 2545 2573
f 2544 2573 2572
f 2546 2547 2575
f 2546 2575 2574
f 2547 2548 2576
f 2547 2576 2575
f 2548 2549 2577
f 2548 2577 2576
f 2549 2550 2578
f 2549 2578 2577
f 2550 2551 2579
f 2550 2579 2578
f 2551 2552 2580
f 2551 2580 2579
f 2552 2553 2581
f 2552 2581 2580
f 2553 2554 2582
f 2553 2582 2581
f 2554 2555 2583
f 2554 2583 2582
f 2555 2556 2584
f 2555 2584 2583
f 2556 2557 2585
f 2556 2585 2584
f 2557 2558 2586
f 2557 2586 2585
f 2558 2559 2587
f 2558 2587 2586
f 2559 2560 2588
f 2559 2588 2587
f 2560 2561 2589
f 2560 2589 2588
f 2561 2562 2590
f 2561 2590 2589
f 2562 2563 2591
f 2562 2591 2590
f 2563 2564 2592
f 2563 2592 2591
f 2564 2565 2593
f 2564 2593 2592
f 2565 2566 2594
f 2565 2594 2593
f 2566 2567 2595
f 2566 2595 2594
f 2567 2568 2596
f 2567 2596 2595
f 2568 2569 2597
f 2568 2597 2596
f 2569 2570 2598
f 2569 2598 2597
f 2570 2571 2599
f 2570 2599 2598
f 2571 2572 2600
f 2571 2600 2599
f 2572 2573 2601
f 2572 2601 2600
f 2574 2575 2603
f 2574 2603 2602
f 2575 2576 2604
f 2575 2604 2603
f 2576 2577 2605
f 2576 2605 2604
f 2577 2578 2606
f 2577 2606 2605
f 2578 2579 2607
f 2578 2607 2606
f 2579 2580 2608
f 2579 2608 2607
f 2580 2581 2609
f 2580 2609 2608
f 2581 2582 2610
f 2581 2610 2609
f 2582 2583 2611
f 2582 2611 2610
f 2583 2584 2612
f 2583 2612 2611
f 2584 2585 2613
f 2584 2613 2612
f 2585 2586 2614
f 2585 2614 2613
f 2586 2587 2615
f 2586 2615 2614
f 2587 2588 2616
f 2587 2616 2615
f 2588 2589 2617
f 2588 2617 2616
f 2589 2590 2618
f 2589 2618 2617
f 2590 2591 2619
f 2590 2619 2618
f 2591 2592 2620
f 2591 2620 2619
f 2592 2593 2621
f 2592 2621 2620
f 2593 2594 2622
f 2593 2622 2621
f 2594 2595 2623
f 2594 2623 2622
f 2595 2596 2624
f 2595 2624 2623
f 2596 2597 2625
f 2596 2625 2624
f 2597 2598 2626
f 2597 2626 2625
f 2598 2599 2627
f 2598 2627 2626
f 2599 2600 2628
f 2599 2628 2627
f 2600 2601 2629
f 2600 2629 2628
f 2602 2603 2631
f 2602 2631 2630
f 2603 2604 2632
f 2603 2632 2631
f 2604 2605 2633
f 2604 2633 2632
f 2605 2606 2634
f 2605 2634 2633
f 2606 2607 2635
f 2606 2635 2634
f 2607 2608 2636
f 2607 2636 2635
f 2608 2609 2637
f 2608 2637 2636
f 2609 2610 2638
f 2609 2638 2637
f 2610 2611 2639
f 2610 2639 2638
f 2611 2612 2640
f 2611 2640 2639
f 2612 2613 2641
f 2612 2641 2640
f 2613 2614 2642
f 2613 2642 2641
f 2614 2615 2643
f 2614 2643 2642
f 2615 2616 2644
f 2615 2644 2643
f 2616 2617 2645
f 2616 2645 2644
f 2617 2618 2646
f 2617 2646 2645
f 2618 2619 2647
f 2618 2647 2646
f 2619 2620 2648
f 2619 2648 2647
f 2620 2621 2649
f 2620 2649 2648
f 2621 2622 2650
f 2621 2650 2649
f 2622 2623 2651
f 2622 2651 2650
f 2623 2624 2652
f 2623 2652 2651
f 2624 2625 2653
f 2624 2653 2652
f 2625 2626 2654
f 2625 2654 2653
f 2626 2627 2655
f 2626 2655 2654
f 2627 2628 2656
f 2627 2656 2655
f 2628 2629 2657
f 2628 2657 2656
f 2630 2631 2659
f 2630 2659 2658
f 2631 2632 2660
f 2631 2660 2659
f 2632 2633 2661
f 2632 2661 2660
f 2633 2634 2662
f 2633 2662 2661
f 2634 2635 2663
f 2634 2663 2662
f 2635 2636 2664
f 2635 2664 2663
f 2636 2637 2665
f 2636 2665 2664
f 2637 2638 2666
f 2637 2666 2665
f 2638 2639 2667
f 2638 2667 2666
f 2639 2640 2668
f 2639 2668 2667
f 2640 2641 2669
f 2640 2669 2668
f 2641 2642 2670
f 2641 2670 2669
f 2642 2643 2671
f 2642 2671 2670
f 2643 2644 2672
f 2643 2672 2671
f 2644 2645 2673
f 2644 2673 2672
f 2645 2646 2674
f 2645 2674 2673
f 2646 2647 2675
f 2646 2675 2674
f 2647 2648 2676
f 2647 2676 2675
f 2648 2649 2677
f 2648 2677 2676
f 2649 2650 2678
f 2649 2678 2677
f 2650 2651 2679
f 2650 2679 2678
f 2651 2652 2680
f 2651 2680 2679
f 2652 2653 2681
f 2652 2681 2680
f 2653 2654 2682
f 2653 2682 2681
f 2654 2655 2683
f 2654 2683 2682
f 2655 2656 2684
f 2655 2684 2683
f 2656 2657 2685
f 2656 2685 2684
f 2658 2659 2687
f 2658 2687 2686
f 2659 2660 2688
f 2659 2688 2687
f 2660 2661 2689
f 2660 2689 2688
f 2661 2662 2690
f 2661 2690 2689
f 2662 2663 2691
f 2662 2691 2690
f 2663 2664 2692
f 2663 2692 2691
f 2664 2665 2693
f 2664 2693 2692
f 2665 2666 2694
f 2665 2694 2693
f 2666 2667 2695
f 2666 2695 2694
f 2667 2668 2696
f 2667 2696 2695
f 2668 2669 2697
f 2668 2697 2696
f 2669 2670 2698
f 2669 2698 2697
f 2670 2671 2699
f 2670 2699 2698
f 2671 2672 2700
f 2671 2700 2699
f 2672 2673 2701
f 2672 2701 2700
f 2673 2674 2702
f 2673 2702 2701
f 2674 2675 2703
f 2674 2703 2702
f 2675 2676 2704
f 2675 2704 2703
f 2676 2677 2705
f 2676 2705 2704
f 2677 2678 2706
f 2677 2706 2705
f 2678 2679 2707
f 2678 2707 2706
f 2679 2680 2708
f 2679 2708 2707
f 2680 2681 2709
f 2680 2709 2708
f 2681 2682 2710
f 2681 2710 2709
f 2682 2683 2711
f 2682 2711 2710
f 2683 2684 2712
f 2683 2712 2711
f 2684 2685 2713
f 2684 2713 2712
f 2686 2687 2715
f 2686 2715 2714
f 2687 2688 2716
f 2687 2716 2715
f 2688 2689 2717
f 2688 2717 2716
f 2689 2690 2718
f 2689 2718 2717
f 2690 2691 2719
f 2690 2719 2718
f 2691 2692 2720
f 2691 2720 2719
f 2692 2693 2721
f 2692 2721 2720
f 2693 2694 2722
f 2693 2722 2721
f 2694 2695 2723
f 2694 2723 2722
f 2695 2696 2724
f 2695 2724 2723
f 2696 2697 2725
f 2696 2725 2724
f 2697 2698 2726
f 2697 2726 2725
f 2698 2699 2727
f 2698 2727 2726
f 2699 2700 2728
f 2699 2728 2727
f 2700 2701 2729
f 2700 2729 2728
f 2701 2702 2730
f 2701 2730 2729
f 2702 2703 2731
f 2702 2731 2730
f 2703 2704 2732
f 2703 2732 2731
f 2704 2705 2733
f 2704 2733 2732
f 2705 2706 2734
f 2705 2734 2733
f 2706 2707 2735
f 2706 2735 2734
f 2707 2708 2736
f 2707 2736 2735
f 2708 2709 2737
f 2708 2737 2736
f 2709 2710 2738
f 2709 2738 2737
f 2710 2711 2739
f 2710 2739 2738
f 2711 2712 2740
f 2711 2740 2739
f 2712 2713 2741
f 2712 2741 2740
f 2714 2715 1903
f 2714 1903 1902
f 2715 2716 1904
f 2715 1904 1903
f 2716 2717 1905
f 2716 1905 1904
f 2717 2718 1906
f 2717 1906 1905
f 2718 2719 1907
f 2718 1907 1906
f 2719 2720 1908
f 2719 1908 1907
f 2720 2721 1909
f 2720 1909 1908
f 2721 2722 1910
f 2721 1910 1909
f 2722 2723 1911
f 2722 1911 1910
f 2723 2724 1912
f 2723 1912 1911
f 2724 2725 1913
f 2724 1913 1912
f 2725 2726 1914
f 2725 1914 1913
f 2726 2727 1915
f 2726 1915 1914
f 2727 2728 1916
f 2727 1916 1915
f 2728 2729 1917
f 2728 1917 1916
f 2729 2730 1918
f 2729 1918 1917
f 2730 2731 1919
f 2730 1919 1918
f 2731 2732 1920
f 2731 1920 1919
f 2732 2733 1921
f 2732 1921 1920
f 2733 2734 1922
f 2733 1922 1921
f 2734 2735 1923
f 2734 1923 1922
f 2735 2736 1924
f 2735 1924 1923
f 2736 2737 1925
f 2736 1925 1924
f 2737 2738 1926
f 2737 1926 1925
f 2738 2739 1927
f 2738 1927 1926
f 2739 2740 1928
f 2739 1928 1927
f 2740 2741 1929
f 2740 1929 1928
f 2744 2772 2742
f 2772 2800 2742
f 2800 2828 2742
f 2828 2856 2742
f 2856 2884 2742
f 2884 2912 2742
f 2912 2940 2742
f 2940 2968 2742
f 2968 2996 2742
f 2996 3024 2742
f 3024 3052 2742
f 3052 3080 2742
f 3080 3108 2742
f 3108 3136 2742
f 3136 3164 2742
f 3164 3192 2742
f 3192 3220 2742
f 3220 3248 2742
f 3248 3276 2742
f 3276 3304 2742
f 3304 3332 2742
f 3332 3360 2742
f 3360 3388 2742
f 3388 3416 2742
f 3416 3444 2742
f 3444 3472 2742
f 3472 3500 2742
f 3500 3528 2742
f 3528 3556 2742
f 3556 2744 2742
f 2771 2743 2799
f 2799 2743 2827
f 2827 2743 2855
f 2855 2743 2883
f 2883 2743 2911
f 2911 2743 2939
f 2939 2743 2967
f 2967 2743 2995
f 2995 2743 3023
f 3023 2743 3051
f 3051 2743 3079
f 3079 2743 3107
f 3107 2743 3135
f 3135 2743 3163
f 3163 2743 3191
f 3191 2743 3219
f 3219 2743 3247
f 3247 2743 3275
f 3275 2743 3303
f 3303 2743 3331
f 3331 2743 3359
f 3359 2743 3387
f 3387 2743 3415
f 3415 2743 3443
f 3443 2743 3471
f 3471 2743 3499
f 3499 2743 3527
f 3527 2743 3555
f 3555 2743 3583
f 3583 2743 2771
f 2744 2745 2773
f 2744 2773 2772
f 2745 2746 2774
f 2745 2774 2773
f 2746 2747 2775
f 2746 2775 2774
f 2747 2748 2776
f 2747 2776 2775
f 2748 2749 2777
f 2748 2777 2776
f 2749 2750 2778
f 2749 2778 2777
f 2750 2751 2779
f 2750 2779 2778
f 2751 2752 2780
f 2751 2780 2779
f 2752 2753 2781
f 2752 2781 2780
f 2753 2754 2782
f 2753 2782 2781
f 2754 2755 2783
f 2754 2783 2782
f 2755 2756 2784
f 2755 2784 2783
f 2756 2757 2785
f 2756 2785 2784
f 2757 2758 2786
f 2757 2786 2785
f 2758 2759 2787
f 2758 2787 2786
f 2759 2760 2788
f 2759 2788 2787
f 2760 2761 2789
f 2760 2789 2788
f 2761 2762 2790
f 2761 2790 2789
f 2762 2763 2791
f 2762 2791 2790
f 2763 2764 2792
f 2763 2792 2791
f 2764 2765 2793
f 2764 2793 2792
f 2765 2766 2794
f 2765 2794 2793
f 2766 2767 2795
f 2766 2795 2794
f 2767 2768 2796
f 2767 2796 2795
f 2768 2769 2797
f 2768 2797 2796
f 2769 2770 2798
f 2769 2798 2797
f 2770 2771 2799
f 2770 2799 2798
f 2772 2773 2801
f 2772 2801 2800
f 2773 2774 2802
f 2773 2802 2801
f 2774 2775 2803
f 2774 2803 2802
f 2775 2776 2804
f 2775 2804 2803
f 2776 2777 2805
f 2776 2805 2804
f 2777 2778 2806
f 2777 2806 2805
f 2778 2779 2807
f 2778 2807 2806
f 2779 2780 2808
f 2779 2808 2807
f 2780 2781 2809
f 2780 2809 2808
f 2781 2782 2810
f 2781 2810 2809
f 2782 2783 2811
f 2782 2811 2810
f 2783 2784 2812
f 2783 2812 2811
f 2784 2785 2813
f 2784 2813 2812
f 2785 2786 2814
f 2785 2814 2813
f 2786 2787 2815
f 2786 2815 2814
f 2787 2788 2816
f 2787 2816 2815
f 2788 2789 2817
f 2788 2817 2816
f 2789 2790 2818
f 2789 2818 2817
f 2790 2791 2819
f 2790 2819 2818
f 2791 2792 2820
f 2791 2820 2819
f 2792 2793 2821
f 2792 2821 2820
f 2793 2794 2822
f 2793 2822 2821
f 2794 2795 2823
f 2794 2823 2822
f 2795 2796 2824
f 2795 2824 2823
f 2796 2797 2825
f 2796 2825 2824
f 2797 2798 2826
f 2797 2826 2825
f 2798 2799 2827
f 2798 2827 2826
f 2800 2801 2829
f 2800 2829 2828
f 2801 2802 2830
f 2801 2830 2829
f 2802 2803 2831
f 2802 2831 2830
f 2803 2804 2832
f 2803 2832 2831
f 2804 2805 2833
f 2804 2833 2832
f 2805 2806 2834
f 2805 2834 2833
f 2806 2807 2835
f 2806 2835 2834
f 2807 2808 2836
f 2807 2836 2835
f 2808 2809 2837
f 2808 2837 2836
f 2809 2810 2838
f 2809 2838 2837
f 2810 2811 2839
f 2810 2839 2838
f 2811 2812 2840
f 2811 2840 2839
f 2812 2813 2841
f 2812 2841 2840
f 2813 2814 2842
f 2813 2842 2841
f 2814 2815 2843
f 2814 2843 2842
f 2815 2816 2844
f 2815 2844 2843
f 2816 2817 2845
f 2816 2845 2844
f 2817 2818 2846
f 2817 2846 2845
f 2818 2819 2847
f 2818 2847 2846
f 2819 2820 2848
f 2819 2848 2847
f 2820 2821 2849
f 2820 2849 2848
f 2821 2822 2850
f 2821 2850 2849
f 2822 2823 2851
f 2822 2851 2850
f 2823 2824 2852
f 2823 2852 2851
f 2824 2825 2853
f 2824 2853 2852
f 2825 2826 2854
f 2825 2854 2853
f 2826 2827 2855
f 2826 2855 2854
f 2828 2829 2857
f 2828 2857 2856
f 2829 2830 2858
f 2829 2858 2857
f 2830 2831 2859
f 2830 2859 2858
f 2831 2832 2860
f 2831 2860 2859
f 2832 2833 2861
f 2832 2861 2860
f 2833 2834 2862
f 2833 2862 2861
f 2834 2835 2863
f 2834 2863 2862
f 2835 2836 2864
f 2835 2864 2863
f 2836 2837 2865
f 2836 2865 2864
f 2837 2838 2866
f 2837 2866 2865
f 2838 2839 2867
f 2838 2867 2866
f 2839 2840 2868
f 2839 2868 2867
f 2840 2841 2869
f 2840 2869 2868
f 2841 2842 2870
f 2841 2870 2869
f 2842 2843 2871
f 2842 2871 2870
f 2843 2844 2872
f 2843 2872 2871
f 2844 2845 2873
f 2844 2873 2872
f 2845 2846 2874
f 2845 2874 2873
f 2846 2847 2875
f 2846 2875 2874
f 2847 2848 2876
f 2847 2876 2875
f 2848 2849 2877
f 2848 2877 2876
f 2849 2850 2878
f 2849 2878 2877
f 2850 2851 2879
f 2850 2879 2878
f 2851 2852 2880
f 2851 2880 2879
f 2852 2853 2881
f 2852 2881 2880
f 2853 2854 2882
f 2853 2882 2881
f 2854 2855 2883
f 2854 2883 2882
f 2856 2857 2885
f 2856 2885 2884
f 2857 2858 2886
f 2857 2886 2885
f 2858 2859 2887
f 2858 2887 2886
f 2859 2860 2888
f 2859 2888 2887
f 2860 2861 2889
f 2860 2889 2888
f 2861 2862 2890
f 2861 2890 2889
f 2862 2863 2891
f 2862 2891 2890
f 2863 2864 2892
f 2863 2892 2891
f 2864 2865 2893
f 2864 2893 2892
f 2865 2866 2894
f 2865 2894 2893
f 2866 2867 2895
f 2866 2895 2894
f 2867 2868 2896
f 2867 2896 2895
f 2868 2869 2897
f 2868 2897 2896
f 2869 2870 2898
f 2869 2898 2897
f 2870 2871 2899
f 2870 2899 2898
f 2871 2872 2900
f 2871 2900 2899
f 2872 2873 2901
f 2872 2901 2900
f 2873 2874 2902
f 2873 2902 2901
f 2874 2875 2903
f 2874 2903 2902
f 2875 2876 2904
f 2875 2904 2903
f 2876 2877 2905
f 2876 2905 2904
f 2877 2878 2906
f 2877 2906 2905
f 2878 2879 2907
f 2878 2907 2906
f 2879 2880 2908
f 2879 2908 2907
f 2880 2881 2909
f 2880 2909 2908
f 2881 2882 2910
f 2881 2910 2909
f 2882 2883 2911
f 2882 2911 2910
f 2884 2885 2913
f 2884 2913 2912
f 2885 2886 2914
f 2885 2914 2913
f 2886 2887 2915
f 2886 2915 2914
f 2887 2888 2916
f 2887 2916 2915
f 2888 2889 2917
f 2888 2917 2916
f 2889 2890 2918
f 2889 2918 2917
f 2890 2891 2919
f 2890 2919 2918
f 2891 2892 2920
f 2891 2920 2919
f 2892 2893 2921
f 2892 2921 2920
f 2893 2894 2922
f 2893 2922 2921
f 2894 2895 2923
f 2894 2923 2922
f 2895 2896 2924
f 2895 2924 2923
f 2896 2897 2925
f 2896 2925 2924
f 2897 2898 2926
f 2897 2926 2925
f 2898 2899 2927
f 2898 2927 2926
f 2899 2900 2928
f 2899 2928 2927
f 2900 2901 2929
f 2900 2929 2928
f 2901 2902 2930
f 2901 2930 2929
f 2902 2903 2931
f 2902 2931 2930
f 2903 2904 2932
f 2903 2932 2931
f 2904 2905 2933
f 2904 2933 2932
f 2905 2906 2934
f 2905 2934 2933
f 2906 2907 2935
f 2906 2935 2934
f 2907 2908 2936
f 2907 2936 2935
f 2908 2909 2937
f 2908 2937 2936
f 2909 2910 2938
f 2909 2938 2937
f 2910 2911 2939
f 2910 2939 2938
f 2912 2913 2941
f 2912 2941 2940
f 2913 2914 2942
f 2913 2942 2941
f 2914 2915 2943
f 2914 2943 2942
f 2915 2916 2944
f 2915 2944 2943
f 2916 2917 2945
f 2916 2945 2944
f 2917 2918 2946
f 2917 2946 2945
f 2918 2919 2947
f 2918 2947 2946
f 2919 2920 2948
f 2919 2948 2947
f 2920 2921 2949
f 2920 2949 2948
f 2921 2922 2950
f 2921 2950 2949
f 2922 2923 2951
f 2922 2951 2950
f 2923 2924 2952
f 2923 2952 2951
f 2924 2925 2953
f 2924 2953 2952
f 2925 2926 2954
f 2925 2954 2953
f 2926 2927 2955
f 2926 2955 2954
f 2927 2928 2956
f 2927 2956 2955
f 2928 2929 2957
f 2928 2957 2956
f 2929 2930 2958
f 2929 2958 2957
f 2930 2931 2959
f 2930 2959 2958
f 2931 2932 2960
f 2931 2960 2959
f 2932 2933 2961
f 2932 2961 2960
f 2933 2934 2962
f 2933 2962 2961
f 2934 2935 2963
f 2934 2963 2962
f 2935 2936 2964
f 2935 2964 2963
f 2936 2937 2965
f 2936 2965 2964
f 2937 2938 2966
f 2937 2966 2965
f 2938 2939 2967
f 2938 2967 2966
f 2940 2941 2969
f 2940 2969 2968
f 2941 2942 2970
f 2941 2970 2969
f 2942 2943 2971
f 2942 2971 2970
f 2943 2944 2972
f 2943 2972 2971
f 2944 2945 2973
f 2944 2973 2972
f 2945 2946 2974
f 2945 2974 2973
f 2946 2947 2975
f 2946 2975 2974
f 2947 2948 2976
f 2947 2976 2975
f 2948 2949 2977
f 2948 2977 2976
f 2949 2950 2978
f 2949 2978 2977
f 2950 2951 2979
f 2950 2979 2978
f 2951 2952 2980
f 2951 2980 2979
f 2952 2953 2981
f 2952 2981 2980
f 2953 2954 2982
f 2953 2982 2981
f 2954 2955 2983
f 2954 2983 2982
f 2955 2956 2984
f 2955 2984 2983
f 2956 2957 2985
f 2956 2985 2984
f 2957 2958 2986
f 2957 2986 2985
f 2958 2959 2987
f 2958 2987 2986
f 2959 2960 2988
f 2959 2988 2987
f 2960 2961 2989
f 2960 2989 2988
f 2961 2962 2990
f 2961 2990 2989
f 2962 2963 2991
f 2962 2991 2990
f 2963 2964 2992
f 2963 2992 2991
f 2964 2965 2993
f 2964 2993 2992
f 2965 2966 2994
f 2965 2994 2993
f 2966 2967 2995
f 2966 2995 2994
f 2968 2969 2997
f 2968 2997 2996
f 2969 2970 2998
f 2969 2998 2997
f 2970 2971 2999
f 2970 2999 2998
f 2971 2972 3000
f 2971 3000 2999
f 2972 2973 3001
f 2972 3001 3000
f 2973 2974 3002
f 2973 3002 3001
f 2974 2975 3003
f 2974 3003 3002
f 2975 2976 3004
f 2975 3004 3003
f 2976 2977 3005
f 2976 3005 3004
f 2977 2978 3006
f 2977 3006 3005
f 2978 2979 3007
f 2978 3007 3006
f 2979 2980 3008
f 2979 3008 3007
f 2980 2981 3009
f 2980 3009 3008
f 2981 2982 3010
f 2981 3010 3009
f 2982 2983 3011
f 2982 3011 3010
f 2983 2984 3012
f 2983 3012 3011
f 2984 2985 3013
f 2984 3013 3012
f 2985 2986 3014
f 2985 3014 3013
f 2986 2987 3015
f 2986 3015 3014
f 2987 2988 3016
f 2987 3016 3015
f 2988 2989 3017
f 2988 3017 3016
f 2989 2990 3018
f 2989 3018 3017
f 2990 2991 3019
f 2990 3019 3018
f 2991 2992 3020
f 2991 3020 3019
f 2992 2993 3021
f 2992 3021 3020
f 2993 2994 3022
f 2993 3022 3021
f 2994 2995 3023
f 2994 3023 3022
f 2996 2997 3025
f 2996 3025 3024
f 2997 2998 3026
f 2997 3026 3025
f 2998 2999 3027
f 2998 3027 3026
f 2999 3000 3028
f 2999 3028 3027
f 3000 3001 3029
f 3000 3029 3028
f 3001 3002 3030
f 3001 3030 3029
f 3002 3003 3031
f 3002 3031 3030
f 3003 3004 3032
f 3003 3032 3031
f 3004 3005 3033
f 3004 3033 3032
f 3005 3006 3034
f 3005 3034 3033
f 3006 3007 3035
f 3006 3035 3034
f 3007 3008 3036
f 3007 3036 3035
f 3008 3009 3037
f 3008 3037 3036
f 3009 3010 3038
f 3009 3038 3037
f 3010 3011 3039
f 3010 3039 3038
f 3011 3012 3040
f 3011 3040 3039
f 3012 3013 3041
f 3012 3041 3040
f 3013 3014 3042
f 3013 3042 3041
f 3014 3015 3043
f 3014 3043 3042
f 3015 3016 3044
f 3015 3044 3043
f 3016 3017 3045
f 3016 3045 3044
f 3017 3018 3046
f 3017 3046 3045
f 3018 3019 3047
f 3018 3047 3046
f 3019 3020 3048
f 3019 3048 3047
f 3020 3021 3049
f 3020 3049 3048
f 3021 3022 3050
f 3021 3050 3049
f 3022 3023 3051
f 3022 3051 3050
f 3024 3025 3053
f 3024 3053 3052
f 3025 3026 3054
f 3025 3054 3053
f 3026 3027 3055
f 3026 3055 3054
f 3027 3028 3056
f 3027 3056 3055
f 3028 3029 3057
f 3028 3057 3056
f 3029 3030 3058
f 3029 3058 3057
f 3030 3031 3059
f 3030 3059 3058
f 3031 3032 3060
f 3031 3060 3059
f 3032 3033 3061
f 3032 3061 3060
f 3033 3034 3062
f 3033 3062 3061
f 3034 3035 3063
f 3034 3063 3062
f 3035 3036 3064
f 3035 3064 3063
f 3036 3037 3065
f 3036 3065 3064
f 3037 3038 3066
f 3037 3066 3065
f 3038 3039 3067
f 3038 3067 3066
f 3039 3040 3068
f 3039 3068 3067
f 3040 3041 3069
f 3040 3069 3068
f 3041 3042 3070
f 3041 3070 3069
f 3042 3043 3071
f 3042 3071 3070
f 3043 3044 3072
f 3043 3072 3071
f 3044 3045 3073
f 3044 3073 3072
f 3045 3046 3074
f 3045 3074 3073
f 3046 3047 3075
f 3046 3075 3074
f 3047 3048 3076
f 3047 3076 3075
f 3048 3049 3077
f 3048 3077 3076
f 3049 3050 3078
f 3049 3078 3077
f 3050 3051 3079
f 3050 3079 3078
f 3052 3053 3081
f 3052 3081 3080
f 3053 3054 3082
f 3053 3082 3081
f 3054 3055 3083
f 3054 3083 3082
f 3055 3056 3084
f 3055 3084 3083
f 3056 3057 3085
f 3056 3085 3084
f 3057 3058 3086
f 3057 3086 3085
f 3058 3059 3087
f 3058 3087 3086
f 3059 3060 3088
f 3059 3088 3087
f 3060 3061 3089
f 3060 3089 3088
f 3061 3062 3090
f 3061 3090 3089
f 3062 3063 3091
f 3062 3091 3090
f 3063 3064 3092
f 3063 3092 3091
f 3064 3065 3093
f 3064 3093 3092
f 3065 3066 3094
f 3065 3094 3093
f 3066 3067 3095
f 3066 3095 3094
f 3067 3068 3096
f 3067 3096 3095
f 3068 3069 3097
f 3068 3097 3096
f 3069 3070 3098
f 3069 3098 3097
f 3070 3071 3099
f 3070 3099 3098
f 3071 3072 3100
f 3071 3100 3099
f 3072 3073 3101
f 3072 3101 3100
f 3073 3074 3102
f 3073 3102 3101
f 3074 3075 3103
f 3074 3103 3102
f 3075 3076 3104
f 3075 3104 3103
f 3076 3077 3105
f 3076 3105 3104
f 3077 3078 3106
f 3077 3106 3105
f 3078 3079 3107
f 3078 3107 3106
f 3080 3081 3109
f 3080 3109 3108
f 3081 3082 3110
f 3081 3110 3109
f 3082 3083 3111
f 3082 3111 3110
f 3083 3084 3112
f 3083 3112 3111
f 3084 3085 3113
f 3084 3113 3112
f 3085 3086 3114
f 3085 3114 3113
f 3086 3087 3115
f 3086 3115 3114
f 3087 3088 3116
f 3087 3116 3115
f 3088 3089 3117
f 3088 3117 3116
f 3089 3090 3118
f 3089 3118 3117
f 3090 3091 3119
f 3090 3119 3118
f 3091 3092 3120
f 3091 3120 3119
f 3092 3093 3121
f 3092 3121 3120
f 3093 3094 3122
f 3093 3122 3121
f 3094 3095 3123
f 3094 3123 3122
f 3095 3096 3124
f 3095 3124 3123
f 3096 3097 3125
f 3096 3125 3124
f 3097 3098 3126
f 3097 3126 3125
f 3098 3099 3127
f 3098 3127 3126
f 3099 3100 3128
f 3099 3128 3127
f 3100 3101 3129
f 3100 3129 3128
f 3101 3102 3130
f 3101 3130 3129
f 3102 3103 3131
f 3102 3131 3130
f 3103 3104 3132
f 3103 3132 3131
f 3104 3105 3133
f 3104 3133 3132
f 3105 3106 3134
f 3105 3134 3133
f 3106 3107 3135
f 3106 3135 3134
f 3108 3109 3137
f 3108 3137 3136
f 3109 3110 3138
f 3109 3138 3137
f 3110 3111 3139
f 3110 3139 3138
f 3111 3112 3140
f 3111 3140 3139
f 3112 3113 3141
f 3112 3141 3140
f 3113 3114 3142
f 3113 3142 3141
f 3114 3115 3143
f 3114 3143 3142
f 3115 3116 3144
f 3115 3144 3143
f 3116 3117 3145
f 3116 3145 3144
f 3117 3118 3146
f 3117 3146 3145
f 3118 3119 3147
f 3118 3147 3146
f 3119 3120 3148
f 3119 3148 3147
f 3120 3121 3149
f 3120 3149 3148
f 3121 3122 3150
f 3121 3150 3149
f 3122 3123 3151
f 3122 3151 3150
f 3123 3124 3152
f 3123 3152 3151
f 3124 3125 3153
f 3124 3153 3152
f 3125 3126 3154
f 3125 3154 3153
f 3126 3127 3155
f 3126 3155 3154
f 3127 3128 3156
f 3127 3156 3155
f 3128 3129 3157
f 3128 3157 3156
f 3129 3130 3158
f 3129 3158 3157
f 3130 3131 3159
f 3130 3159 3158
f 3131 3132 3160
f 3131 3160 3159
f 3132 3133 3161
f 3132 3161 3160
f 3133 3134 3162
f 3133 3162 3161
f 3134 3135 3163
f 3134 3163 3162
f 3136 3137 3165
f 3136 3165 3164
f 3137 3138 3166
f 3137 3166 3165
f 3138 3139 3167
f 3138 3167 3166
f 3139 3140 3168
f 3139 3168 3167
f 3140 3141 3169
f 3140 3169 3168
f 3141 3142 3170
f 3141 3170 3169
f 3142 3143 3171
f 3142 3171 3170
f 3143 3144 3172
f 3143 3172 3171
f 3144 3145 3173
f 3144 3173 3172
f 3145 3146 3174
f 3145 3174 3173
f 3146 3147 3175
f 3146 3175 3174
f 3147 3148 3176
f 3147 3176 3175
f 3148 3149 3177
f 3148 3177 3176
f 3149 3150 3178
f 3149 3178 3177
f 3150 3151 3179
f 3150 3179 3178
f 3151 3152 3180
f 3151 3180 3179
f 3152 3153 3181
f 3152 3181 3180
f 3153 3154 3182
f 3153 3182 3181
f 3154 3155 3183
f 3154 3183 3182
f 3155 3156 3184
f 3155 3184 3183
f 3156 3157 3185
f 3156 3185 3184
f 3157 3158 3186
f 3157 3186 3185
f 3158 3159 3187
f 3158 3187 3186
f 3159 3160 3188
f 3159 3188 3187
f 3160 3161 3189
f 3160 3189 3188
f 3161 3162 3190
f 3161 3190 3189
f 3162 3163 3191
f 3162 3191 3190
f 3164 3165 3193
f 3164 3193 3192
f 3165 3166 3194
f 3165 3194 3193
f 3166 3167 3195
f 3166 3195 3194
f 3167 3168 3196
f 3167 3196 3195
f 3168 3169 3197
f 3168 3197 3196
f 3169 3170 3198
f 3169 3198 3197
f 3170 3171 3199
f 3170 3199 3198
f 3171 3172 3200
f 3171 3200 3199
f 3172 3173 3201
f 3172 3201 3200
f 3173 3174 3202
f 3173 3202 3201
f 3174 3175 3203
f 3174 3203 3202
f 3175 3176 3204
f 3175 3204 3203
f 3176 3177 3205
f 3176 3205 3204
f 3177 3178 3206
f 3177 3206 3205
f 3178 3179 3207
f 3178 3207 3206
f 3179 3180 3208
f 3179 3208 3207
f 3180 3181 3209
f 3180 3209 3208
f 3181 3182 3210
f 3181 3210 3209
f 3182 3183 3211
f 3182 3211 3210
f 3183 3184 3212
f 3183 3212 3211
f 3184 3185 3213
f 3184 3213 3212
f 3185 3186 3214
f 3185 3214 3213
f 3186 3187 3215
f 3186 3215 3214
f 3187 3188 3216
f 3187 3216 3215
f 3188 3189 3217
f 3188 3217 3216
f 3189 3190 3218
f 3189 3218 3217
f 3190 3191 3219
f 3190 3219 3218
f 3192 3193 3221
f 3192 3221 3220
f 3193 3194 3222
f 3193 3222 3221
f 3194 3195 3223
f 3194 3223 3222
f 3195 3196 3224
f 3195 3224 3223
f 3196 3197 3225
f 3196 3225 3224
f 3197 3198 3226
f 3197 3226 3225
f 3198 3199 3227
f 3198 3227 3226
f 3199 3200 3228
f 3199 3228 3227
f 3200 3201 3229
f 3200 3229 3228
f 3201 3202 3230
f 3201 3230 3229
f 3202 3203 3231
f 3202 3231 3230
f 3203 3204 3232
f 3203 3232 3231
f 3204 3205 3233
f 3204 3233 3232
f 3205 3206 3234
f 3205 3234 3233
f 3206 3207 3235
f 3206 3235 3234
f 3207 3208 3236
f 3207 3236 3235
f 3208 3209 3237
f 3208 3237 3236
f 3209 3210 3238
f 3209 3238 3237
f 3210 3211 3239
f 3210 3239 3238
f 3211 3212 3240
f 3211 3240 3239
f 3212 3213 3241
f 3212 3241 3240
f 3213 3214 3242
f 3213 3242 3241
f 3214 3215 3243
f 3214 3243 3242
f 3215 3216 3244
f 3215 3244 3243
f 3216 3217 3245
f 3216 3245 3244
f 3217 3218 3246
f 3217 3246 3245
f 3218 3219 3247
f 3218 3247 3246
f 3220 3221 3249
f 3220 3249 3248
f 3221 3222 3250
f 3221 3250 3249
f 3222 3223 3251
f 3222 3251 3250
f 3223 3224 3252
f 3223 3252 3251
f 3224 3225 3253
f 3224 3253 3252
f 3225 3226 3254
f 3225 3254 3253
f 3226 3227 3255
f 3226 3255 3254
f 3227 3228 3256
f 3227 3256 3255
f 3228 3229 3257
f 3228 3257 3256
f 3229 3230 3258
f 3229 3258 3257
f 3230 3231 3259
f 3230 3259 3258
f 3231 3232 3260
f 3231 3260 3259
f 3232 3233 3261
f 3232 3261 3260
f 3233 3234 3262
f 3233 3262 3261
f 3234 3235 3263
f 3234 3263 3262
f 3235 3236 3264
f 3235 3264 3263
f 3236 3237 3265
f 3236 3265 3264
f 3237 3238 3266
f 3237 3266 3265
f 3238 3239 3267
f 3238 3267 3266
f 3239 3240 3268
f 3239 3268 3267
f 3240 3241 3269
f 3240 3269 3268
f 3241 3242 3270
f 3241 3270 3269
f 3242 3243 3271
f 3242 3271 3270
f 3243 3244 3272
f 3243 3272 3271
f 3244 3245 3273
f 3244 3273 3272
f 3245 3246 3274
f 3245 3274 3273
f 3246 3247 3275
f 3246 3275 3274
f 3248 3249 3277
f 3248 3277 3276
f 3249 3250 3278
f 3249 3278 3277
f 3250 3251 3279
f 3250 3279 3278
f 3251 3252 3280
f 3251 3280 3279
f 3252 3253 3281
f 3252 3281 3280
f 3253 3254 3282
f 3253 3282 3281
f 3254 3255 3283
f 3254 3283 3282
f 3255 3256 3284
f 3255 3284 3283
f 3256 3257 3285
f 3256 3285 3284
f 3257 3258 3286
f 3257 3286 3285
f 3258 3259 3287
f 3258 3287 3286
f 3259 3260 3288
f 3259 3288 3287
f 3260 3261 3289
f 3260 3289 3288
f 3261 3262 3290
f 3261 3290 3289
f 3262 3263 3291
f 3262 3291 3290
f 3263 3264 3292
f 3263 3292 3291
f 3264 3265 3293
f 3264 3293 3292
f 3265 3266 3294
f 3265 3294 3293
f 3266 3267 3295
f 3266 3295 3294
f 3267 3268 3296
f 3267 3296 3295
f 3268 3269 3297
f 3268 3297 3296
f 3269 3270 3298
f 3269 3298 3297
f 3270 3271 3299
f 3270 3299 3298
f 3271 3272 3300
f 3271 3300 3299
f 3272 3273 3301
f 3272 3301 3300
f 3273 3274 3302
f 3273 3302 3301
f 3274 3275 3303
f 3274 3303 3302
f 3276 3277 3305
f 3276 3305 3304
f 3277 3278 3306
f 3277 3306 3305
f 3278 3279 3307
f 3278 3307 3306
f 3279 3280 3308
f 3279 3308 3307
f 3280 3281 3309
f 3280 3309 3308
f 3281 3282 3310
f 3281 3310 3309
f 3282 3283 3311
f 3282 3311 3310
f 3283 3284 3312
f 3283 3312 3311
f 3284 3285 3313
f 3284 3313 3312
f 3285 3286 3314
f 3285 3314 3313
f 3286 3287 3315
f 3286 3315 3314
f 3287 3288 3316
f 3287 3316 3315
f 3288 3289 3317
f 3288 3317 3316
f 3289 3290 3318
f 3289 3318 3317
f 3290 3291 3319
f 3290 3319 3318
f 3291 3292 3320
f 3291 3320 3319
f 3292 3293 3321
f 3292 3321 3320
f 3293 3294 3322
f 3293 3322 3321
f 3294 3295 3323
f 3294 3323 3322
f 3295 3296 3324
f 3295 3324 3323
f 3296 3297 3325
f 3296 3325 3324
f 3297 3298 3326
f 3297 3326 3325
f 3298 3299 3327
f 3298 3327 3326
f 3299 3300 3328
f 3299 3328 3327
f 3300 3301 3329
f 3300 3329 3328
f 3301 3302 3330
f 3301 3330 3329
f 3302 3303 3331
f 3302 3331 3330
f 3304 3305 3333
f 3304 3333 3332
f 3305 3306 3334
f 3305 3334 3333
f 3306 3307 3335
f 3306 3335 3334
f 3307 3308 3336
f 3307 3336 3335
f 3308 3309 3337
f 3308 3337 3336
f 3309 3310 3338
f 3309 3338 3337
f 3310 3311 3339
f 3310 3339 3338
f 3311 3312 3340
f 3311 3340 3339
f 3312 3313 3341
f 3312 3341 3340
f 3313 3314 3342
f 3313 3342 3341
f 3314 3315 3343
f 3314 3343 3342
f 3315 3316 3344
f 3315 3344 3343
f 3316 3317 3345
f 3316 3345 3344
f 3317 3318 3346
f 3317 3346 3345
f 3318 3319 3347
f 3318 3347 3346
f 3319 3320 3348
f 3319 3348 3347
f 3320 3321 3349
f 3320 3349 3348
f 3321 3322 3350
f 3321 3350 3349
f 3322 3323 3351
f 3322 3351 3350
f 3323 3324 3352
f 3323 3352 3351
f 3324 3325 3353
f 3324 3353 3352
f 3325 3326 3354
f 3325 3354 3353
f 3326 3327 3355
f 3326 3355 3354
f 3327 3328 3356
f 3327 3356 3355
f 3328 3329 3357
f 3328 3357 3356
f 3329 3330 3358
f 3329 3358 3357
f 3330 3331 3359
f 3330 3359 3358
f 3332 3333 3361
f 3332 3361 3360
f 3333 3334 3362
f 3333 3362 3361
f 3334 3335 3363
f 3334 3363 3362
f 3335 3336 3364
f 3335 3364 3363
f 3336 3337 3365
f 3336 3365 3364
f 3337 3338 3366
f 3337 3366 3365
f 3338 3339 3367
f 3338 3367 3366
f 3339 3340 3368
f 3339 3368 3367
f 3340 3341 3369
f 3340 3369 3368
f 3341 3342 3370
f 3341 3370 3369
f 3342 3343 3371
f 3342 3371 3370
f 3343 3344 3372
f 3343 3372 3371
f 3344 3345 3373
f 3344 3373 3372
f 3345 3346 3374
f 3345 3374 3373
f 3346 3347 3375
f 3346 3375 3374
f 3347 3348 3376
f 3347 3376 3375
f 3348 3349 3377
f 3348 3377 3376
f 3349 3350 3378
f 3349 3378 3377
f 3350 3351 3379
f 3350 3379 3378
f 3351 3352 3380
f 3351 3380 3379
f 3352 3353 3381
f 3352 3381 3380
f 3353 3354 3382
f 3353 3382 3381
f 3354 3355 3383
f 3354 3383 3382
f 3355 3356 3384
f 3355 3384 3383
f 3356 3357 3385
f 3356 3385 3384
f 3357 3358 3386
f 3357 3386 3385
f 3358 3359 3387
f 3358 3387 3386
f 3360 3361 3389
f 3360 3389 3388
f 3361 3362 3390
f 3361 3390 3389
f 3362 3363 3391
f 3362 3391 3390
f 3363 3364 3392
f 3363 3392 3391
f 3364 3365 3393
f 3364 3393 3392
f 3365 3366 3394
f 3365 3394 3393
f 3366 3367 3395
f 3366 3395 3394
f 3367 3368 3396
f 3367 3396 3395
f 3368 3369 3397
f 3368 3397 3396
f 3369 3370 3398
f 3369 3398 3397
f 3370 3371 3399
f 3370 3399 3398
f 3371 3372 3400
f 3371 3400 3399
f 3372 3373 3401
f 3372 3401 3400
f 3373 3374 3402
f 3373 3402 3401
f 3374 3375 3403
f 3374 3403 3402
f 3375 3376 3404
f 3375 3404 3403
f 3376 3377 3405
f 3376 3405 3404
f 3377 3378 3406
f 3377 3406 3405
f 3378 3379 3407
f 3378 3407 3406
f 3379 3380 3408
f 3379 3408 3407
f 3380 3381 3409
f 3380 3409 3408
f 3381 3382 3410
f 3381 3410 3409
f 3382 3383 3411
f 3382 3411 3410
f 3383 3384 3412
f 3383 3412 3411
f 3384 3385 3413
f 3384 3413 3412
f 3385 3386 3414
f 3385 3414 3413
f 3386 3387 3415
f 3386 3415 3414
f 3388 3389 3417
f 3388 3417 3416
f 3389 3390 3418
f 3389 3418 3417
f 3390 3391 3419
f 3390 3419 3418
f 3391 3392 3420
f 3391 3420 3419
f 3392 3393 3421
f 3392 3421 3420
f 3393 3394 3422
f 3393 3422 3421
f 3394 3395 3423
f 3394 3423 3422
f 3395 3396 3424
f 3395 3424 3423
f 3396 3397 3425
f 3396 3425 3424
f 3397 3398 3426
f 3397 3426 3425
f 3398 3399 3427
f 3398 3427 3426
f 3399 3400 3428
f 3399 3428 3427
f 3400 3401 3429
f 3400 3429 3428
f 3401 3402 3430
f 3401 3430 3429
f 3402 3403 3431
f 3402 3431 3430
f 3403 3404 3432
f 3403 3432 3431
f 3404 3405 3433
f 3404 3433 3432
f 3405 3406 3434
f 3405 3434 3433
f 3406 3407 3435
f 3406 3435 3434
f 3407 3408 3436
f 3407 3436 3435
f 3408 3409 3437
f 3408 3437 3436
f 3409 3410 3438
f 3409 3438 3437
f 3410 3411 3439
f 3410 3439 3438
f 3411 3412 3440
f 3411 3440 3439
f 3412 3413 3441
f 3412 3441 3440
f 3413 3414 3442
f 3413 3442 3441
f 3414 3415 3443
f 3414 3443 3442
f 3416 3417 3445
f 3416 3445 3444
f 3417 3418 3446
f 3417 3446 3445
f 3418 3419 3447
f 3418 3447 3446
f 3419 3420 3448
f 3419 3448 3447
f 3420 3421 3449
f 3420 3449 3448
f 3421 3422 3450
f 3421 3450 3449
f 3422 3423 3451
f 3422 3451 3450
f 3423 3424 3452
f 3423 3452 3451
f 3424 3425 3453
f 3424 3453 3452
f 3425 3426 3454
f 3425 3454 3453
f 3426 3427 3455
f 3426 3455 3454
f 3427 3428 3456
f 3427 3456 3455
f 3428 3429 3457
f 3428 3457 3456
f 3429 3430 3458
f 3429 3458 3457
f 3430 3431 3459
f 3430 3459 3458
f 3431 3432 3460
f 3431 3460 3459
f 3432 3433 3461
f 3432 3461 3460
f 3433 3434 3462
f 3433 3462 3461
f 3434 3435 3463
f 3434 3463 3462
f 3435 3436 3464
f 3435 3464 3463
f 3436 3437 3465
f 3436 3465 3464
f 3437 3438 3466
f 3437 3466 3465
f 3438 3439 3467
f 3438 3467 3466
f 3439 3440 3468
f 3439 3468 3467
f 3440 3441 3469
f 3440 3469 3468
f 3441 3442 3470
f 3441 3470 3469
f 3442 3443 3471
f 3442 3471 3470
f 3444 3445 3473
f 3444 3473 3472
f 3445 3446 3474
f 3445 3474 3473
f 3446 3447 3475
f 3446 3475 3474
f 3447 3448 3476
f 3447 3476 3475
f 3448 3449 3477
f 3448 3477 3476
f 3449 3450 3478
f 3449 3478 3477
f 3450 3451 3479
f 3450 3479 3478
f 3451 3452 3480
f 3451 3480 3479
f 3452 3453 3481
f 3452 3481 3480
f 3453 3454 3482
f 3453 3482 3481
f 3454 3455 3483
f 3454 3483 3482
f 3455 3456 3484
f 3455 3484 3483
f 3456 3457 3485
f 3456 3485 3484
f 3457 3458 3486
f 3457 3486 3485
f 3458 3459 3487
f 3458 3487 3486
f 3459 3460 3488
f 3459 3488 3487
f 3460 3461 3489
f 3460 3489 3488
f 3461 3462 3490
f 3461 3490 3489
f 3462 3463 3491
f 3462 3491 3490
f 3463 3464 3492
f 3463 3492 3491
f 3464 3465 3493
f 3464 3493 3492
f 3465 3466 3494
f 3465 3494 3493
f 3466 3467 3495
f 3466 3495 3494
f 3467 3468 3496
f 3467 3496 3495
f 3468 3469 3497
f 3468 3497 3496
f 3469 3470 3498
f 3469 3498 3497
f 3470 3471 3499
f 3470 3499 3498
f 3472 3473 3501
f 3472 3501 3500
f 3473 3474 3502
f 3473 3502 3501
f 3474 3475 3503
f 3474 3503 3502
f 3475 3476 3504
f 3475 3504 3503
f 3476 3477 3505
f 3476 3505 3504
f 3477 3478 3506
f 3477 3506 3505
f 3478 3479 3507
f 3478 3507 3506
f 3479 3480 3508
f 3479 3508 3507
f 3480 3481 3509
f 3480 3509 3508
f 3481 3482 3510
f 3481 3510 3509
f 3482 3483 3511
f 3482 3511 3510
f 3483 3484 3512
f 3483 3512 3511
f 3484 3485 3513
f 3484 3513 3512
f 3485 3486 3514
f 3485 3514 3513
f 3486 3487 3515
f 3486 3515 3514
f 3487 3488 3516
f 3487 3516 3515
f 3488 3489 3517
f 3488 3517 3516
f 3489 3490 3518
f 3489 3518 3517
f 3490 3491 3519
f 3490 3519 3518
f 3491 3492 3520
f 3491 3520 3519
f 3492 3493 3521
f 3492 3521 3520
f 3493 3494 3522
f 3493 3522 3521
f 3494 3495 3523
f 3494 3523 3522
f 3495 3496 3524
f 3495 3524 3523
f 3496 3497 3525
f 3496 3525 3524
f 3497 3498 3526
f 3497 3526 3525
f 3498 3499 3527
f 3498 3527 3526
f 3500 3501 3529
f 3500 3529 3528
f 3501 3502 3530
f 3501 3530 3529
f 3502 3503 3531
f 3502 3531 3530
f 3503 3504 3532
f 3503 3532 3531
f 3504 3505 3533
f 3504 3533 3532
f 3505 3506 3534
f 3505 3534 3533
f 3506 3507 3535
f 3506 3535 3534
f 3507 3508 3536
f 3507 3536 3535
f 3508 3509 3537
f 3508 3537 3536
f 3509 3510 3538
f 3509 3538 3537
f 3510 3511 3539
f 3510 3539 3538
f 3511 3512 3540
f 3511 3540 3539
f 3512 3513 3541
f 3512 3541 3540
f 3513 3514 3542
f 3513 3542 3541
f 3514 3515 3543
f 3514 3543 3542
f 3515 3516 3544
f 3515 3544 3543
f 3516 3517 3545
f 3516 3545 3544
f 3517 3518 3546
f 3517 3546 3545
f 3518 3519 3547
f 3518 3547 3546
f 3519 3520 3548
f 3519 3548 3547
f 3520 3521 3549
f 3520 3549 3548
f 3521 3522 3550
f 3521 3550 3549
f 3522 3523 3551
f 3522 3551 3550
f 3523 3524 3552
f 3523 3552 3551
f 3524 3525 3553
f 3524 3553 3552
f 3525 3526 3554
f 3525 3554 3553
f 3526 3527 3555
f 3526 3555 3554
f 3528 3529 3557
f 3528 3557 3556
f 3529 3530 3558
f 3529 3558 3557
f 3530 3531 3559
f 3530 3559 3558
f 3531 3532 3560
f 3531 3560 3559
f 3532 3533 3561
f 3532 3561 3560
f 3533 3534 3562
f 3533 3562 3561
f 3534 3535 3563
f 3534 3563 3562
f 3535 3536 3564
f 3535 3564 3563
f 3536 3537 3565
f 3536 3565 3564
f 3537 3538 3566
f 3537 3566 3565
f 3538 3539 3567
f 3538 3567 3566
f 3539 3540 3568
f 3539 3568 3567
f 3540 3541 3569
f 3540 3569 3568
f 3541 3542 3570
f 3541 3570 3569
f 3542 3543 3571
f 3542 3571 3570
f 3543 3544 3572
f 3543 3572 3571
f 3544 3545 3573
f 3544 3573 3572
f 3545 3546 3574
f 3545 3574 3573
f 3546 3547 3575
f 3546 3575 3574
f 3547 3548 3576
f 3547 3576 3575
f 3548 3549 3577
f 3548 3577 3576
f 3549 3550 3578
f 3549 3578 3577
f 3550 3551 3579
f 3550 3579 3578
f 3551 3552 3580
f 3551 3580 3579
f 3552 3553 3581
f 3552 3581 3580
f 3553 3554 3582
f 3553 3582 3581
f 3554 3555 3583
f 3554 3583 3582
f 3556 3557 2745
f 3556 2745 2744
f 3557 3558 2746
f 3557 2746 2745
f 3558 3559 2747
f 3558 2747 2746
f 3559 3560 2748
f 3559 2748 2747
f 3560 3561 2749
f 3560 2749 2748
f 3561 3562 2750
f 3561 2750 2749
f 3562 3563 2751
f 3562 2751 2750
f 3563 3564 2752
f 3563 2752 2751
f 3564 3565 2753
f 3564 2753 2752
f 3565 3566 2754
f 3565 2754 2753
f 3566 3567 2755
f 3566 2755 2754
f 3567 3568 2756
f 3567 2756 2755
f 3568 3569 2757
f 3568 2757 2756
f 3569 3570 2758
f 3569 2758 2757
f 3570 3571 2759
f 3570 2759 2758
f 3571 3572 2760
f 3571 2760 2759
f 3572 3573 2761
f 3572 2761 2760
f 3573 3574 2762
f 3573 2762 2761
f 3574 3575 2763
f 3574 2763 2762
f 3575 3576 2764
f 3575 2764 2763
f 3576 3577 2765
f 3576 2765 2764
f 3577 3578 2766
f 3577 2766 2765
f 3578 3579 2767
f 3578 2767 2766
f 3579 3580 2768
f 3579 2768 2767
f 3580 3581 2769
f 3580 2769 2768
f 3581 3582 2770
f 3581 2770 2769
f 3582 3583 2771
f 3582 2771 2770
f 3586 3614 3584
f 3614 3642 3584
f 3642 3670 3584
f 3670 3698 3584
f 3698 3726 3584
f 3726 3754 3584
f 3754 3782 3584
f 3782 3810 3584
f 3810 3838 3584
f 3838 3866 3584
f 3866 3894 3584
f 3894 3922 3584
f 3922 3950 3584
f 3950 3978 3584
f 3978 4006 3584
f 4006 4034 3584
f 4034 4062 3584
f 4062 4090 3584
f 4090 4118 3584
f 4118 4146 3584
f 4146 4174 3584
f 4174 4202 3584
f 4202 4230 3584
f 4230 4258 3584
f 4258 4286 3584
f 4286 4314 3584
f 4314 4342 3584
f 4342 4370 3584
f 4370 4398 3584
f 4398 3586 3584
f 3613 3585 3641
f 3641 3585 3669
f 3669 3585 3697
f 3697 3585 3725
f 3725 3585 3753
f 3753 3585 3781
f 3781 3585 3809
f 3809 3585 3837
f 3837 3585 3865
f 3865 3585 3893
f 3893 3585 3921
f 3921 3585 3949
f 3949 3585 3977
f 3977 3585 4005
f 4005 3585 4033
f 4033 3585 4061
f 4061 3585 4089
f 4089 3585 4117
f 4117 3585 4145
f 4145 3585 4173
f 4173 3585 4201
f 4201 3585 4229
f 4229 3585 4257
f 4257 3585 4285
f 4285 3585 4313
f 4313 3585 4341
f 4341 3585 4369
f 4369 3585 4397
f 4397 3585 4425
f 4425 3585 3613
f 3586 3587 3615
f 3586 3615 3614
f 3587 3588 3616
f 3587 3616 3615
f 3588 3589 3617
f 3588 3617 3616
f 3589 3590 3618
f 3589 3618 3617
f 3590 3591 3619
f 3590 3619 3618
f 3591 3592 3620
f 3591 3620 3619
f 3592 3593 3621
f 3592 3621 3620
f 3593 3594 3622
f 3593 3622 3621
f 3594 3595 3623
f 3594 3623 3622
f 3595 3596 3624
f 3595 3624 3623
f 3596 3597 3625
f 3596 3625 3624
f 3597 3598 3626
f 3597 3626 3625
f 3598 3599 3627
f 3598 3627 3626
f 3599 3600 3628
f 3599 3628 3627
f 3600 3601 3629
f 3600 3629 3628
f 3601 3602 3630
f 3601 3630 3629
f 3602 3603 3631
f 3602 3631 3630
f 3603 3604 3632
f 3603 3632 3631
f 3604 3605 3633
f 3604 3633 3632
f 3605 3606 3634
f 3605 3634 3633
f 3606 3607 3635
f 3606 3635 3634
f 3607 3608 3636
f 3607 3636 3635
f 3608 3609 3637
f 3608 3637 3636
f 3609 3610 3638
f 3609 3638 3637
f 3610 3611 3639
f 3610 3639 3638
f 3611 3612 3640
f 3611 3640 3639
f 3612 3613 3641
f 3612 3641 3640
f 3614 3615 3643
f 3614 3643 3642
f 3615 3616 3644
f 3615 3644 3643
f 3616 3617 3645
f 3616 3645 3644
f 3617 3618 3646
f 3617 3646 3645
f 3618 3619 3647
f 3618 3647 3646
f 3619 3620 3648
f 3619 3648 3647
f 3620 3621 3649
f 3620 3649 3648
f 3621 3622 3650
f 3621 3650 3649
f 3622 3623 3651
f 3622 3651 3650
f 3623 3624 3652
f 3623 3652 3651
f 3624 3625 3653
f 3624 3653 3652
f 3625 3626 3654
f 3625 3654 3653
f 3626 3627 3655
f 3626 3655 3654
f 3627 3628 3656
f 3627 3656 3655
f 3628 3629 3657
f 3628 3657 3656
f 3629 3630 3658
f 3629 3658 3657
f 3630 3631 3659
f 3630 3659 3658
f 3631 3632 3660
f 3631 3660 3659
f 3632 3633 3661
f 3632 3661 3660
f 3633 3634 3662
f 3633 3662 3661
f 3634 3635 3663
f 3634 3663 3662
f 3635 3636 3664
f 3635 3664 3663
f 3636 3637 3665
f 3636 3665 3664
f 3637 3638 3666
f 3637 3666 3665
f 3638 3639 3667
f 3638 3667 3666
f 3639 3640 3668
f 3639 3668 3667
f 3640 3641 3669
f 3640 3669 3668
f 3642 3643 3671
f 3642 3671 3670
f 3643 3644 3672
f 3643 3672 3671
f 3644 3645 3673
f 3644 3673 3672
f 3645 3646 3674
f 3645 3674 3673
f 3646 3647 3675
f 3646 3675 3674
f 3647 3648 3676
f 3647 3676 3675
f 3648 3649 3677
f 3648 3677 3676
f 3649 3650 3678
f 3649 3678 3677
f 3650 3651 3679
f 3650 3679 3678
f 3651 3652 3680
f 3651 3680 3679
f 3652 3653 3681
f 3652 3681 3680
f 3653 3654 3682
f 3653 3682 3681
f 3654 3655 3683
f 3654 3683 3682
f 3655 3656 3684
f 3655 3684 3683
f 3656 3657 3685
f 3656 3685 3684
f 3657 3658 3686
f 3657 3686 3685
f 3658 3659 3687
f 3658 3687 3686
f 3659 3660 3688
f 3659 3688 3687
f 3660 3661 3689
f 3660 3689 3688
f 3661 3662 3690
f 3661 3690 3689
f 3662 3663 3691
f 3662 3691 3690
f 3663 3664 3692
f 3663 3692 3691
f 3664 3665 3693
f 3664 3693 3692
f 3665 3666 3694
f 3665 3694 3693
f 3666 3667 3695
f 3666 3695 3694
f 3667 3668 3696
f 3667 3696 3695
f 3668 3669 3697
f 3668 3697 3696
f 3670 3671 3699
f 3670 3699 3698
f 3671 3672 3700
f 3671 3700 3699
f 3672 3673 3701
f 3672 3701 3700
f 3673 3674 3702
f 3673 3702 3701
f 3674 3675 3703
f 3674 3703 3702
f 3675 3676 3704
f 3675 3704 3703
f 3676 3677 3705
f 3676 3705 3704
f 3677 3678 3706
f 3677 3706 3705
f 3678 3679 3707
f 3678 3707 3706
f 3679 3680 3708
f 3679 3708 3707
f 3680 3681 3709
f 3680 3709 3708
f 3681 3682 3710
f 3681 3710 3709
f 3682 3683 3711
f 3682 3711 3710
f 3683 3684 3712
f 3683 3712 3711
f 3684 3685 3713
f 3684 3713 3712
f 3685 3686 3714
f 3685 3714 3713
f 3686 3687 3715
f 3686 3715 3714
f 3687 3688 3716
f 3687 3716 3715
f 3688 3689 3717
f 3688 3717 3716
f 3689 3690 3718
f 3689 3718 3717
f 3690 3691 3719
f 3690 3719 3718
f 3691 3692 3720
f 3691 3720 3719
f 3692 3693 3721
f 3692 3721 3720
f 3693 3694 3722
f 3693 3722 3721
f 3694 3695 3723
f 3694 3723 3722
f 3695 3696 3724
f 3695 3724 3723
f 3696 3697 3725
f 3696 3725 3724
f 3698 3699 3727
f 3698 3727 3726
f 3699 3700 3728
f 3699 3728 3727
f 3700 3701 3729
f 3700 3729 3728
f 3701 3702 3730
f 3701 3730 3729
f 3702 3703 3731
f 3702 3731 3730
f 3703 3704 3732
f 3703 3732 3731
f 3704 3705 3733
f 3704 3733 3732
f 3705 3706 3734
f 3705 3734 3733
f 3706 3707 3735
f 3706 3735 3734
f 3707 3708 3736
f 3707 3736 3735
f 3708 3709 3737
f 3708 3737 3736
f 3709 3710 3738
f 3709 3738 3737
f 3710 3711 3739
f 3710 3739 3738
f 3711 3712 3740
f 3711 3740 3739
f 3712 3713 3741
f 3712 3741 3740
f 3713 3714 3742
f 3713 3742 3741
f 3714 3715 3743
f 3714 3743 3742
f 3715 3716 3744
f 3715 3744 3743
f 3716 3717 3745
f 3716 3745 3744
f 3717 3718 3746
f 3717 3746 3745
f 3718 3719 3747
f 3718 3747 3746
f 3719 3720 3748
f 3719 3748 3747
f 3720 3721 3749
f 3720 3749 3748
f 3721 3722 3750
f 3721 3750 3749
f 3722 3723 3751
f 3722 3751 3750
f 3723 3724 3752
f 3723 3752 3751
f 3724 3725 3753
f 3724 3753 3752
f 3726 3727 3755
f 3726 3755 3754
f 3727 3728 3756
f 3727 3756 3755
f 3728 3729 3757
f 3728 3757 3756
f 3729 3730 3758
f 3729 3758 3757
f 3730 3731 3759
f 3730 3759 3758
f 3731 3732 3760
f 3731 3760 3759
f 3732 3733 3761
f 3732 3761 3760
f 3733 3734 3762
f 3733 3762 3761
f 3734 3735 3763
f 3734 3763 3762
f 3735 3736 3764
f 3735 3764 3763
f 3736 3737 3765
f 3736 3765 3764
f 3737 3738 3766
f 3737 3766 3765
f 3738 3739 3767
f 3738 3767 3766
f 3739 3740 3768
f 3739 3768 3767
f 3740 3741 3769
f 3740 3769 3768
f 3741 3742 3770
f 3741 3770 3769
f 3742 3743 3771
f 3742 3771 3770
f 3743 3744 3772
f 3743 3772 3771
f 3744 3745 3773
f 3744 3773 3772
f 3745 3746 3774
f 3745 3774 3773
f 3746 3747 3775
f 3746 3775 3774
f 3747 3748 3776
f 3747 3776 3775
f 3748 3749 3777
f 3748 3777 3776
f 3749 3750 3778
f 3749 3778 3777
f 3750 3751 3779
f 3750 3779 3778
f 3751 3752 3780
f 3751 3780 3779
f 3752 3753 3781
f 3752 3781 3780
f 3754 3755 3783
f 3754 3783 3782
f 3755 3756 3784
f 3755 3784 3783
f 3756 3757 3785
f 3756 3785 3784
f 3757 3758 3786
f 3757 3786 3785
f 3758 3759 3787
f 3758 3787 3786
f 3759 3760 3788
f 3759 3788 3787
f 3760 3761 3789
f 3760 3789 3788
f 3761 3762 3790
f 3761 3790 3789
f 3762 3763 3791
f 3762 3791 3790
f 3763 3764 3792
f 3763 3792 3791
f 3764 3765 3793
f 3764 3793 3792
f 3765 3766 3794
f 3765 3794 3793
f 3766 3767 3795
f 3766 3795 3794
f 3767 3768 3796
f 3767 3796 3795
f 3768 3769 3797
f 3768 3797 3796
f 3769 3770 3798
f 3769 3798 3797
f 3770 3771 3799
f 3770 3799 3798
f 3771 3772 3800
f 3771 3800 3799
f 3772 3773 3801
f 3772 3801 3800
f 3773 3774 3802
f 3773 3802 3801
f 3774 3775 3803
f 3774 3803 3802
f 3775 3776 3804
f 3775 3804 3803
f 3776 3777 3805
f 3776 3805 3804
f 3777 3778 3806
f 3777 3806 3805
f 3778 3779 3807
f 3778 3807 3806
f 3779 3780 3808
f 3779 3808 3807
f 3780 3781 3809
f 3780 3809 3808
f 3782 3783 3811
f 3782 3811 3810
f 3783 3784 3812
f 3783 3812 3811
f 3784 3785 3813
f 3784 3813 3812
f 3785 3786 3814
f 3785 3814 3813
f 3786 3787 3815
f 3786 3815 3814
f 3787 3788 3816
f 3787 3816 3815
f 3788 3789 3817
f 3788 3817 3816
f 3789 3790 3818
f 3789 3818 3817
f 3790 3791 3819
f 3790 3819 3818
f 3791 3792 3820
f 3791 3820 3819
f 3792 3793 3821
f 3792 3821 3820
f 3793 3794 3822
f 3793 3822 3821
f 3794 3795 3823
f 3794 3823 3822
f 3795 3796 3824
f 3795 3824 3823
f 3796 3797 3825
f 3796 3825 3824
f 3797 3798 3826
f 3797 3826 3825
f 3798 3799 3827
f 3798 3827 3826
f 3799 3800 3828
f 3799 3828 3827
f 3800 3801 3829
f 3800 3829 3828
f 3801 3802 3830
f 3801 3830 3829
f 3802 3803 3831
f 3802 3831 3830
f 3803 3804 3832
f 3803 3832 3831
f 3804 3805 3833
f 3804 3833 3832
f 3805 3806 3834
f 3805 3834 3833
f 3806 3807 3835
f 3806 3835 3834
f 3807 3808 3836
f 3807 3836 3835
f 3808 3809 3837
f 3808 3837 3836
f 3810 3811 3839
f 3810 3839 3838
f 3811 3812 3840
f 3811 3840 3839
f 3812 3813 3841
f 3812 3841 3840
f 3813 3814 3842
f 3813 3842 3841
f 3814 3815 3843
f 3814 3843 3842
f 3815 3816 3844
f 3815 3844 3843
f 3816 3817 3845
f 3816 3845 3844
f 3817 3818 3846
f 3817 3846 3845
f 3818 3819 3847
f 3818 3847 3846
f 3819 3820 3848
f 3819 3848 3847
f 3820 3821 3849
f 3820 3849 3848
f 3821 3822 3850
f 3821 3850 3849
f 3822 3823 3851
f 3822 3851 3850
f 3823 3824 3852
f 3823 3852 3851
f 3824 3825 3853
f 3824 3853 3852
f 3825 3826 3854
f 3825 3854 3853
f 3826 3827 3855
f 3826 3855 3854
f 3827 3828 3856
f 3827 3856 3855
f 3828 3829 3857
f 3828 3857 3856
f 3829 3830 3858
f 3829 3858 3857
f 3830 3831 3859
f 3830 3859 3858
f 3831 3832 3860
f 3831 3860 3859
f 3832 3833 3861
f 3832 3861 3860
f 3833 3834 3862
f 3833 3862 3861
f 3834 3835 3863
f 3834 3863 3862
f 3835 3836 3864
f 3835 3864 3863
f 3836 3837 3865
f 3836 3865 3864
f 3838 3839 3867
f 3838 3867 3866
f 3839 3840 3868
f 3839 3868 3867
f 3840 3841 3869
f 3840 3869 3868
f 3841 3842 3870
f 3841 3870 3869
f 3842 3843 3871
f 3842 3871 3870
f 3843 3844 3872
f 3843 3872 3871
f 3844 3845 3873
f 3844 3873 3872
f 3845 3846 3874
f 3845 3874 3873
f 3846 3847 3875
f 3846 3875 3874
f 3847 3848 3876
f 3847 3876 3875
f 3848 3849 3877
f 3848 3877 3876
f 3849 3850 3878
f 3849 3878 3877
f 3850 3851 3879
f 3850 3879 3878
f 3851 3852 3880
f 3851 3880 3879
f 3852 3853 3881
f 3852 3881 3880
f 3853 3854 3882
f 3853 3882 3881
f 3854 3855 3883
f 3854 3883 3882
f 3855 3856 3884
f 3855 3884 3883
f 3856 3857 3885
f 3856 3885 3884
f 3857 3858 3886
f 3857 3886 3885
f 3858 3859 3887
f 3858 3887 3886
f 3859 3860 3888
f 3859 3888 3887
f 3860 3861 3889
f 3860 3889 3888
f 3861 3862 3890
f 3861 3890 3889
f 3862 3863 3891
f 3862 3891 3890
f 3863 3864 3892
f 3863 3892 3891
f 3864 3865 3893
f 3864 3893 3892
f 3866 3867 3895
f 3866 3895 3894
f 3867 3868 3896
f 3867 3896 3895
f 3868 3869 3897
f 3868 3897 3896
f 3869 3870 3898
f 3869 3898 3897
f 3870 3871 3899
f 3870 3899 3898
f 3871 3872 3900
f 3871 3900 3899
f 3872 3873 3901
f 3872 3901 3900
f 3873 3874 3902
f 3873 3902 3901
f 3874 3875 3903
f 3874 3903 3902
f 3875 3876 3904
f 3875 3904 3903
f 3876 3877 3905
f 3876 3905 3904
f 3877 3878 3906
f 3877 3906 3905
f 3878 3879 3907
f 3878 3907 3906
f 3879 3880 3908
f 3879 3908 3907
f 3880 3881 3909
f 3880 3909 3908
f 3881 3882 3910
f 3881 3910 3909
f 3882 3883 3911
f 3882 3911 3910
f 3883 3884 3912
f 3883 3912 3911
f 3884 3885 3913
f 3884 3913 3912
f 3885 3886 3914
f 3885 3914 3913
f 3886 3887 3915
f 3886 3915 3914
f 3887 3888 3916
f 3887 3916 3915
f 3888 3889 3917
f 3888 3917 3916
f 3889 3890 3918
f 3889 3918 3917
f 3890 3891 3919
f 3890 3919 3918
f 3891 3892 3920
f 3891 3920 3919
f 3892 3893 3921
f 3892 3921 3920
f 3894 3895 3923
f 3894 3923 3922
f 3895 3896 3924
f 3895 3924 3923
f 3896 3897 3925
f 3896 3925 3924
f 3897 3898 3926
f 3897 3926 3925
f 3898 3899 3927
f 3898 3927 3926
f 3899 3900 3928
f 3899 3928 3927
f 3900 3901 3929
f 3900 3929 3928
f 3901 3902 3930
f 3901 3930 3929
f 3902 3903 3931
f 3902 3931 3930
f 3903 3904 3932
f 3903 3932 3931
f 3904 3905 3933
f 3904 3933 3932
f 3905 3906 3934
f 3905 3934 3933
f 3906 3907 3935
f 3906 3935 3934
f 3907 3908 3936
f 3907 3936 3935
f 3908 3909 3937
f 3908 3937 3936
f 3909 3910 3938
f 3909 3938 3937
f 3910 3911 3939
f 3910 3939 3938
f 3911 3912 3940
f 3911 3940 3939
f 3912 3913 3941
f 3912 3941 3940
f 3913 3914 3942
f 3913 3942 3941
f 3914 3915 3943
f 3914 3943 3942
f 3915 3916 3944
f 3915 3944 3943
f 3916 3917 3945
f 3916 3945 3944
f 3917 3918 3946
f 3917 3946 3945
f 3918 3919 3947
f 3918 3947 3946
f 3919 3920 3948
f 3919 3948 3947
f 3920 3921 3949
f 3920 3949 3948
f 3922 3923 3951
f 3922 3951 3950
f 3923 3924 3952
f 3923 3952 3951
f 3924 3925 3953
f 3924 3953 3952
f 3925 3926 3954
f 3925 3954 3953
f 3926 3927 3955
f 3926 3955 3954
f 3927 3928 3956
f 3927 3956 3955
f 3928 3929 3957
f 3928 3957 3956
f 3929 3930 3958
f 3929 3958 3957
f 3930 3931 3959
f 3930 3959 3958
f 3931 3932 3960
f 3931 3960 3959
f 3932 3933 3961
f 3932 3961 3960
f 3933 3934 3962
f 3933 3962 3961
f 3934 3935 3963
f 3934 3963 3962
f 3935 3936 3964
f 3935 3964 3963
f 3936 3937 3965
f 3936 3965 3964
f 3937 3938 3966
f 3937 3966 3965
f 3938 3939 3967
f 3938 3967 3966
f 3939 3940 3968
f 3939 3968 3967
f 3940 3941 3969
f 3940 3969 3968
f 3941 3942 3970
f 3941 3970 3969
f 3942 3943 3971
f 3942 3971 3970
f 3943 3944 3972
f 3943 3972 3971
f 3944 3945 3973
f 3944 3973 3972
f 3945 3946 3974
f 3945 3974 3973
f 3946 3947 3975
f 3946 3975 3974
f 3947 3948 3976
f 3947 3976 3975
f 3948 3949 3977
f 3948 3977 3976
f 3950 3951 3979
f 3950 3979 3978
f 3951 3952 3980
f 3951 3980 3979
f 3952 3953 3981
f 3952 3981 3980
f 3953 3954 3982
f 3953 3982 3981
f 3954 3955 3983
f 3954 3983 3982
f 3955 3956 3984
f 3955 3984 3983
f 3956 3957 3985
f 3956 3985 3984
f 3957 3958 3986
f 3957 3986 3985
f 3958 3959 3987
f 3958 3987 3986
f 3959 3960 3988
f 3959 3988 3987
f 3960 3961 3989
f 3960 3989 3988
f 3961 3962 3990
f 3961 3990 3989
f 3962 3963 3991
f 3962 3991 3990
f 3963 3964 3992
f 3963 3992 3991
f 3964 3965 3993
f 3964 3993 3992
f 3965 3966 3994
f 3965 3994 3993
f 3966 3967 3995
f 3966 3995 3994
f 3967 3968 3996
f 3967 3996 3995
f 3968 3969 3997
f 3968 3997 3996
f 3969 3970 3998
f 3969 3998 3997
f 3970 3971 3999
f 3970 3999 3998
f 3971 3972 4000
f 3971 4000 3999
f 3972 3973 4001
f 3972 4001 4000
f 3973 3974 4002
f 3973 4002 4001
f 3974 3975 4003
f 3974 4003 4002
f 3975 3976 4004
f 3975 4004 4003
f 3976 3977 4005
f 3976 4005 4004
f 3978 3979 4007
f 3978 4007 4006
f 3979 3980 4008
f 3979 4008 4007
f 3980 3981 4009
f 3980 4009 4008
f 3981 3982 4010
f 3981 4010 4009
f 3982 3983 4011
f 3982 4011 4010
f 3983 3984 4012
f 3983 4012 4011
f 3984 3985 4013
f 3984 4013 4012
f 3985 3986 4014
f 3985 4014 4013
f 3986 3987 4015
f 3986 4015 4014
f 3987 3988 4016
f 3987 4016 4015
f 3988 3989 4017
f 3988 4017 4016
f 3989 3990 4018
f 3989 4018 4017
f 3990 3991 4019
f 3990 4019 4018
f 3991 3992 4020
f 3991 4020 4019
f 3992 3993 4021
f 3992 4021 4020
f 3993 3994 4022
f 3993 4022 4021
f 3994 3995 4023
f 3994 4023 4022
f 3995 3996 4024
f 3995 4024 4023
f 3996 3997 4025
f 3996 4025 4024
f 3997 3998 4026
f 3997 4026 4025
f 3998 3999 4027
f 3998 4027 4026
f 3999 4000 4028
f 3999 4028 4027
f 4000 4001 4029
f 4000 4029 4028
f 4001 4002 4030
f 4001 4030 4029
f 4002 4003 4031
f 4002 4031 4030
f 4003 4004 4032
f 4003 4032 4031
f 4004 4005 4033
f 4004 4033 4032
f 4006 4007 4035
f 4006 4035 4034
f 4007 4008 4036
f 4007 4036 4035
f 4008 4009 4037
f 4008 4037 4036
f 4009 4010 4038
f 4009 4038 4037
f 4010 4011 4039
f 4010 4039 4038
f 4011 4012 4040
f 4011 4040 4039
f 4012 4013 4041
f 4012 4041 4040
f 4013 4014 4042
f 4013 4042 4041
f 4014 4015 4043
f 4014 4043 4042
f 4015 4016 4044
f 4015 4044 4043
f 4016 4017 4045
f 4016 4045 4044
f 4017 4018 4046
f 4017 4046 4045
f 4018 4019 4047
f 4018 4047 4046
f 4019 4020 4048
f 4019 4048 4047
f 4020 4021 4049
f 4020 4049 4048
f 4021 4022 4050
f 4021 4050 4049
f 4022 4023 4051
f 4022 4051 4050
f 4023 4024 4052
f 4023 4052 4051
f 4024 4025 4053
f 4024 4053 4052
f 4025 4026 4054
f 4025 4054 4053
f 4026 4027 4055
f 4026 4055 4054
f 4027 4028 4056
f 4027 4056 4055
f 4028 4029 4057
f 4028 4057 4056
f 4029 4030 4058
f 4029 4058 4057
f 4030 4031 4059
f 4030 4059 4058
f 4031 4032 4060
f 4031 4060 4059
f 4032 4033 4061
f 4032 4061 4060
f 4034 4035 4063
f 4034 4063 4062
f 4035 4036 4064
f 4035 4064 4063
f 4036 4037 4065
f 4036 4065 4064
f 4037 4038 4066
f 4037 4066 4065
f 4038 4039 4067
f 4038 4067 4066
f 4039 4040 4068
f 4039 4068 4067
f 4040 4041 4069
f 4040 4069 4068
f 4041 4042 4070
f 4041 4070 4069
f 4042 4043 4071
f 4042 4071 4070
f 4043 4044 4072
f 4043 4072 4071
f 4044 4045 4073
f 4044 4073 4072
f 4045 4046 4074
f 4045 4074 4073
f 4046 4047 4075
f 4046 4075 4074
f 4047 4048 4076
f 4047 4076 4075
f 4048 4049 4077
f 4048 4077 4076
f 4049 4050 4078
f 4049 4078 4077
f 4050 4051 4079
f 4050 4079 4078
f 4051 4052 4080
f 4051 4080 4079
f 4052 4053 4081
f 4052 4081 4080
f 4053 4054 4082
f 4053 4082 4081
f 4054 4055 4083
f 4054 4083 4082
f 4055 4056 4084
f 4055 4084 4083
f 4056 4057 4085
f 4056 4085 4084
f 4057 4058 4086
f 4057 4086 4085
f 4058 4059 4087
f 4058 4087 4086
f 4059 4060 4088
f 4059 4088 4087
f 4060 4061 4089
f 4060 4089 4088
f 4062 4063 4091
f 4062 4091 4090
f 4063 4064 4092
f 4063 4092 4091
f 4064 4065 4093
f 4064 4093 4092
f 4065 4066 4094
f 4065 4094 4093
f 4066 4067 4095
f 4066 4095 4094
f 4067 4068 4096
f 4067 4096 4095
f 4068 4069 4097
f 4068 4097 4096
f 4069 4070 4098
f 4069 4098 4097
f 4070 4071 4099
f 4070 4099 4098
f 4071 4072 4100
f 4071 4100 4099
f 4072 4073 4101
f 4072 4101 4100
f 4073 4074 4102
f 4073 4102 4101
f 4074 4075 4103
f 4074 4103 4102
f 4075 4076 4104
f 4075 4104 4103
f 4076 4077 4105
f 4076 4105 4104
f 4077 4078 4106
f 4077 4106 4105
f 4078 4079 4107
f 4078 4107 4106
f 4079 4080 4108
f 4079 4108 4107
f 4080 4081 4109
f 4080 4109 4108
f 4081 4082 4110
f 4081 4110 4109
f 4082 4083 4111
f 4082 4111 4110
f 4083 4084 4112
f 4083 4112 4111
f 4084 4085 4113
f 4084 4113 4112
f 4085 4086 4114
f 4085 4114 4113
f 4086 4087 4115
f 4086 4115 4114
f 4087 4088 4116
f 4087 4116 4115
f 4088 4089 4117
f 4088 4117 4116
f 4090 4091 4119
f 4090 4119 4118
f 4091 4092 4120
f 4091 4120 4119
f 4092 4093 4121
f 4092 4121 4120
f 4093 4094 4122
f 4093 4122 4121
f 4094 4095 4123
f 4094 4123 4122
f 4095 4096 4124
f 4095 4124 4123
f 4096 4097 4125
f 4096 4125 4124
f 4097 4098 4126
f 4097 4126 4125
f 4098 4099 4127
f 4098 4127 4126
f 4099 4100 4128
f 4099 4128 4127
f 4100 4101 4129
f 4100 4129 4128
f 4101 4102 4130
f 4101 4130 4129
f 4102 4103 4131
f 4102 4131 4130
f 4103 4104 4132
f 4103 4132 4131
f 4104 4105 4133
f 4104 4133 4132
f 4105 4106 4134
f 4105 4134 4133
f 4106 4107 4135
f 4106 4135 4134
f 4107 4108 4136
f 4107 4136 4135
f 4108 4109 4137
f 4108 4137 4136
f 4109 4110 4138
f 4109 4138 4137
f 4110 4111 4139
f 4110 4139 4138
f 4111 4112 4140
f 4111 4140 4139
f 4112 4113 4141
f 4112 4141 4140
f 4113 4114 4142
f 4113 4142 4141
f 4114 4115 4143
f 4114 4143 4142
f 4115 4116 4144
f 4115 4144 4143
f 4116 4117 4145
f 4116 4145 4144
f 4118 4119 4147
f 4118 4147 4146
f 4119 4120 4148
f 4119 4148 4147
f 4120 4121 4149
f 4120 4149 4148
f 4121 4122 4150
f 4121 4150 4149
f 4122 4123 4151
f 4122 4151 4150
f 4123 4124 4152
f 4123 4152 4151
f 4124 4125 4153
f 4124 4153 4152
f 4125 4126 4154
f 4125 4154 4153
f 4126 4127 4155
f 4126 4155 4154
f 4127 4128 4156
f 4127 4156 4155
f 4128 4129 4157
f 4128 4157 4156
f 4129 4130 4158
f 4129 4158 4157
f 4130 4131 4159
f 4130 4159 4158
f 4131 4132 4160
f 4131 4160 4159
f 4132 4133 4161
f 4132 4161 4160
f 4133 4134 4162
f 4133 4162 4161
f 4134 4135 4163
f 4134 4163 4162
f 4135 4136 4164
f 4135 4164 4163
f 4136 4137 4165
f 4136 4165 4164
f 4137 4138 4166
f 4137 4166 4165
f 4138 4139 4167
f 4138 4167 4166
f 4139 4140 4168
f 4139 4168 4167
f 4140 4141 4169
f 4140 4169 4168
f 4141 4142 4170
f 4141 4170 4169
f 4142 4143 4171
f 4142 4171 4170
f 4143 4144 4172
f 4143 4172 4171
f 4144 4145 4173
f 4144 4173 4172
f 4146 4147 4175
f 4146 4175 4174
f 4147 4148 4176
f 4147 4176 4175
f 4148 4149 4177
f 4148 4177 4176
f 4149 4150 4178
f 4149 4178 4177
f 4150 4151 4179
f 4150 4179 4178
f 4151 4152 4180
f 4151 4180 4179
f 4152 4153 4181
f 4152 4181 4180
f 4153 4154 4182
f 4153 4182 4181
f 4154 4155 4183
f 4154 4183 4182
f 4155 4156 4184
f 4155 4184 4183
f 4156 4157 4185
f 4156 4185 4184
f 4157 4158 4186
f 4157 4186 4185
f 4158 4159 4187
f 4158 4187 4186
f 4159 4160 4188
f 4159 4188 4187
f 4160 4161 4189
f 4160 4189 4188
f 4161 4162 4190
f 4161 4190 4189
f 4162 4163 4191
f 4162 4191 4190
f 4163 4164 4192
f 4163 4192 4191
f 4164 4165 4193
f 4164 4193 4192
f 4165 4166 4194
f 4165 4194 4193
f 4166 4167 4195
f 4166 4195 4194
f 4167 4168 4196
f 4167 4196 4195
f 4168 4169 4197
f 4168 4197 4196
f 4169 4170 4198
f 4169 4198 4197
f 4170 4171 4199
f 4170 4199 4198
f 4171 4172 4200
f 4171 4200 4199
f 4172 4173 4201
f 4172 4201 4200
f 4174 4175 4203
f 4174 4203 4202
f 4175 4176 4204
f 4175 4204 4203
f 4176 4177 4205
f 4176 4205 4204
f 4177 4178 4206
f 4177 4206 4205
f 4178 4179 4207
f 4178 4207 4206
f 4179 4180 4208
f 4179 4208 4207
f 4180 4181 4209
f 4180 4209 4208
f 4181 4182 4210
f 4181 4210 4209
f 4182 4183 4211
f 4182 4211 4210
f 4183 4184 4212
f 4183 4212 4211
f 4184 4185 4213
f 4184 4213 4212
f 4185 4186 4214
f 4185 4214 4213
f 4186 4187 4215
f 4186 4215 4214
f 4187 4188 4216
f 4187 4216 4215
f 4188 4189 4217
f 4188 4217 4216
f 4189 4190 4218
f 4189 4218 4217
f 4190 4191 4219
f 4190 4219 4218
f 4191 4192 4220
f 4191 4220 4219
f 4192 4193 4221
f 4192 4221 4220
f 4193 4194 4222
f 4193 4222 4221
f 4194 4195 4223
f 4194 4223 4222
f 4195 4196 4224
f 4195 4224 4223
f 4196 4197 4225
f 4196 4225 4224
f 4197 4198 4226
f 4197 4226 4225
f 4198 4199 4227
f 4198 4227 4226
f 4199 4200 4228
f 4199 4228 4227
f 4200 4201 4229
f 4200 4229 4228
f 4202 4203 4231
f 4202 4231 4230
f 4203 4204 4232
f 4203 4232 4231
f 4204 4205 4233
f 4204 4233 4232
f 4205 4206 4234
f 4205 4234 4233
f 4206 4207 4235
f 4206 4235 4234
f 4207 4208 4236
f 4207 4236 4235
f 4208 4209 4237
f 4208 4237 4236
f 4209 4210 4238
f 4209 4238 4237
f 4210 4211 4239
f 4210 4239 4238
f 4211 4212 4240
f 4211 4240 4239
f 4212 4213 4241
f 4212 4241 4240
f 4213 4214 4242
f 4213 4242 4241
f 4214 4215 4243
f 4214 4243 4242
f 4215 4216 4244
f 4215 4244 4243
f 4216 4217 4245
f 4216 4245 4244
f 4217 4218 4246
f 4217 4246 4245
f 4218 4219 4247
f 4218 4247 4246
f 4219 4220 4248
f 4219 4248 4247
f 4220 4221 4249
f 4220 4249 4248
f 4221 4222 4250
f 4221 4250 4249
f 4222 4223 4251
f 4222 4251 4250
f 4223 4224 4252
f 4223 4252 4251
f 4224 4225 4253
f 4224 4253 4252
f 4225 4226 4254
f 4225 4254 4253
f 4226 4227 4255
f 4226 4255 4254
f 4227 4228 4256
f 4227 4256 4255
f 4228 4229 4257
f 4228 4257 4256
f 4230 4231 4259
f 4230 4259 4258
f 4231 4232 4260
f 4231 4260 4259
f 4232 4233 4261
f 4232 4261 4260
f 4233 4234 4262
f 4233 4262 4261
f 4234 4235 4263
f 4234 4263 4262
f 4235 4236 4264
f 4235 4264 4263
f 4236 4237 4265
f 4236 4265 4264
f 4237 4238 4266
f 4237 4266 4265
f 4238 4239 4267
f 4238 4267 4266
f 4239 4240 4268
f 4239 4268 4267
f 4240 4241 4269
f 4240 4269 4268
f 4241 4242 4270
f 4241 4270 4269
f 4242 4243 4271
f 4242 4271 4270
f 4243 4244 4272
f 4243 4272 4271
f 4244 4245 4273
f 4244 4273 4272
f 4245 4246 4274
f 4245 4274 4273
f 4246 4247 4275
f 4246 4275 4274
f 4247 4248 4276
f 4247 4276 4275
f 4248 4249 4277
f 4248 4277 4276
f 4249 4250 4278
f 4249 4278 4277
f 4250 4251 4279
f 4250 4279 4278
f 4251 4252 4280
f 4251 4280 4279
f 4252 4253 4281
f 4252 4281 4280
f 4253 4254 4282
f 4253 4282 4281
f 4254 4255 4283
f 4254 4283 4282
f 4255 4256 4284
f 4255 4284 4283
f 4256 4257 4285
f 4256 4285 4284
f 4258 4259 4287
f 4258 4287 4286
f 4259 4260 4288
f 4259 4288 4287
f 4260 4261 4289
f 4260 4289 4288
f 4261 4262 4290
f 4261 4290 4289
f 4262 4263 4291
f 4262 4291 4290
f 4263 4264 4292
f 4263 4292 4291
f 4264 4265 4293
f 4264 4293 4292
f 4265 4266 4294
f 4265 4294 4293
f 4266 4267 4295
f 4266 4295 4294
f 4267 4268 4296
f 4267 4296 4295
f 4268 4269 4297
f 4268 4297 4296
f 4269 4270 4298
f 4269 4298 4297
f 4270 4271 4299
f 4270 4299 4298
f 4271 4272 4300
f 4271 4300 4299
f 4272 4273 4301
f 4272 4301 4300
f 4273 4274 4302
f 4273 4302 4301
f 4274 4275 4303
f 4274 4303 4302
f 4275 4276 4304
f 4275 4304 4303
f 4276 4277 4305
f 4276 4305 4304
f 4277 4278 4306
f 4277 4306 4305
f 4278 4279 4307
f 4278 4307 4306
f 4279 4280 4308
f 4279 4308 4307
f 4280 4281 4309
f 4280 4309 4308
f 4281 4282 4310
f 4281 4310 4309
f 4282 4283 4311
f 4282 4311 4310
f 4283 4284 4312
f 4283 4312 4311
f 4284 4285 4313
f 4284 4313 4312
f 4286 4287 4315
f 4286 4315 4314
f 4287 4288 4316
f 4287 4316 4315
f 4288 4289 4317
f 4288 4317 4316
f 4289 4290 4318
f 4289 4318 4317
f 4290 4291 4319
f 4290 4319 4318
f 4291 4292 4320
f 4291 4320 4319
f 4292 4293 4321
f 4292 4321 4320
f 4293 4294 4322
f 4293 4322 4321
f 4294 4295 4323
f 4294 4323 4322
f 4295 4296 4324
f 4295 4324 4323
f 4296 4297 4325
f 4296 4325 4324
f 4297 4298 4326
f 4297 4326 4325
f 4298 4299 4327
f 4298 4327 4326
f 4299 4300 4328
f 4299 4328 4327
f 4300 4301 4329
f 4300 4329 4328
f 4301 4302 4330
f 4301 4330 4329
f 4302 4303 4331
f 4302 4331 4330
f 4303 4304 4332
f 4303 4332 4331
f 4304 4305 4333
f 4304 4333 4332
f 4305 4306 4334
f 4305 4334 4333
f 4306 4307 4335
f 4306 4335 4334
f 4307 4308 4336
f 4307 4336 4335
f 4308 4309 4337
f 4308 4337 4336
f 4309 4310 4338
f 4309 4338 4337
f 4310 4311 4339
f 4310 4339 4338
f 4311 4312 4340
f 4311 4340 4339
f 4312 4313 4341
f 4312 4341 4340
f 4314 4315 4343
f 4314 4343 4342
f 4315 4316 4344
f 4315 4344 4343
f 4316 4317 4345
f 4316 4345 4344
f 4317 4318 4346
f 4317 4346 4345
f 4318 4319 4347
f 4318 4347 4346
f 4319 4320 4348
f 4319 4348 4347
f 4320 4321 4349
f 4320 4349 4348
f 4321 4322 4350
f 4321 4350 4349
f 4322 4323 4351
f 4322 4351 4350
f 4323 4324 4352
f 4323 4352 4351
f 4324 4325 4353
f 4324 4353 4352
f 4325 4326 4354
f 4325 4354 4353
f 4326 4327 4355
f 4326 4355 4354
f 4327 4328 4356
f 4327 4356 4355
f 4328 4329 4357
f 4328 4357 4356
f 4329 4330 4358
f 4329 4358 4357
f 4330 4331 4359
f 4330 4359 4358
f 4331 4332 4360
f 4331 4360 4359
f 4332 4333 4361
f 4332 4361 4360
f 4333 4334 4362
f 4333 4362 4361
f 4334 4335 4363
f 4334 4363 4362
f 4335 4336 4364
f 4335 4364 4363
f 4336 4337 4365
f 4336 4365 4364
f 4337 4338 4366
f 4337 4366 4365
f 4338 4339 4367
f 4338 4367 4366
f 4339 4340 4368
f 4339 4368 4367
f 4340 4341 4369
f 4340 4369 4368
f 4342 4343 4371
f 4342 4371 4370
f 4343 4344 4372
f 4343 4372 4371
f 4344 4345 4373
f 4344 4373 4372
f 4345 4346 4374
f 4345 4374 4373
f 4346 4347 4375
f 4346 4375 4374
f 4347 4348 4376
f 4347 4376 4375
f 4348 4349 4377
f 4348 4377 4376
f 4349 4350 4378
f 4349 4378 4377
f 4350 4351 4379
f 4350 4379 4378
f 4351 4352 4380
f 4351 4380 4379
f 4352 4353 4381
f 4352 4381 4380
f 4353 4354 4382
f 4353 4382 4381
f 4354 4355 4383
f 4354 4383 4382
f 4355 4356 4384
f 4355 4384 4383
f 4356 4357 4385
f 4356 4385 4384
f 4357 4358 4386
f 4357 4386 4385
f 4358 4359 4387
f 4358 4387 4386
f 4359 4360 4388
f 4359 4388 4387
f 4360 4361 4389
f 4360 4389 4388
f 4361 4362 4390
f 4361 4390 4389
f 4362 4363 4391
f 4362 4391 4390
f 4363 4364 4392
f 4363 4392 4391
f 4364 4365 4393
f 4364 4393 4392
f 4365 4366 4394
f 4365 4394 4393
f 4366 4367 4395
f 4366 4395 4394
f 4367 4368 4396
f 4367 4396 4395
f 4368 4369 4397
f 4368 4397 4396
f 4370 4371 4399
f 4370 4399 4398
f 4371 4372 4400
f 4371 4400 4399
f 4372 4373 4401
f 4372 4401 4400
f 4373 4374 4402
f 4373 4402 4401
f 4374 4375 4403
f 4374 4403 4402
f 4375 4376 4404
f 4375 4404 4403
f 4376 4377 4405
f 4376 4405 4404
f 4377 4378 4406
f 4377 4406 4405
f 4378 4379 4407
f 4378 4407 4406
f 4379 4380 4408
f 4379 4408 4407
f 4380 4381 4409
f 4380 4409 4408
f 4381 4382 4410
f 4381 4410 4409
f 4382 4383 4411
f 4382 4411 4410
f 4383 4384 4412
f 4383 4412 4411
f 4384 4385 4413
f 4384 4413 4412
f 4385 4386 4414
f 4385 4414 4413
f 4386 4387 4415
f 4386 4415 4414
f 4387 4388 4416
f 4387 4416 4415
f 4388 4389 4417
f 4388 4417 4416
f 4389 4390 4418
f 4389 4418 4417
f 4390 4391 4419
f 4390 4419 4418
f 4391 4392 4420
f 4391 4420 4419
f 4392 4393 4421
f 4392 4421 4420
f 4393 4394 4422
f 4393 4422 4421
f 4394 4395 4423
f 4394 4423 4422
f 4395 4396 4424
f 4395 4424 4423
f 4396 4397 4425
f 4396 4425 4424
f 4398 4399 3587
f 4398 3587 3586
f 4399 4400 3588
f 4399 3588 3587
f 4400 4401 3589
f 4400 3589 3588
f 4401 4402 3590
f 4401 3590 3589
f 4402 4403 3591
f 4402 3591 3590
f 4403 4404 3592
f 4403 3592 3591
f 4404 4405 3593
f 4404 3593 3592
f 4405 4406 3594
f 4405 3594 3593
f 4406 4407 3595
f 4406 3595 3594
f 4407 4408 3596
f 4407 3596 3595
f 4408 4409 3597
f 4408 3597 3596
f 4409 4410 3598
f 4409 3598 3597
f 4410 4411 3599
f 4410 3599 3598
f 4411 4412 3600
f 4411 3600 3599
f 4412 4413 3601
f 4412 3601 3600
f 4413 4414 3602
f 4413 3602 3601
f 4414 4415 3603
f 4414 3603 3602
f 4415 4416 3604
f 4415 3604 3603
f 4416 4417 3605
f 4416 3605 3604
f 4417 4418 3606
f 4417 3606 3605
f 4418 4419 3607
f 4418 3607 3606
f 4419 4420 3608
f 4419 3608 3607
f 4420 4421 3609
f 4420 3609 3608
f 4421 4422 3610
f 4421 3610 3609
f 4422 4423 3611
f 4422 3611 3610
f 4423 4424 3612
f 4423 3612 3611
f 4424 4425 3613
f 4424 3613 3612
f 4428 4456 4426
f 4456 4484 4426
f 4484 4512 4426
f 4512 4540 4426
f 4540 4568 4426
f 4568 4596 4426
f 4596 4624 4426
f 4624 4652 4426
f 4652 4680 4426
f 4680 4708 4426
f 4708 4736 4426
f 4736 4764 4426
f 4764 4792 4426
f 4792 4820 4426
f 4820 4848 4426
f 4848 4876 4426
f 4876 4904 4426
f 4904 4932 4426
f 4932 4960 4426
f 4960 4988 4426
f 4988 5016 4426
f 5016 5044 4426
f 5044 5072 4426
f 5072 5100 4426
f 5100 5128 4426
f 5128 5156 4426
f 5156 5184 4426
f 5184 5212 4426
f 5212 5240 4426
f 5240 4428 4426
f 4455 4427 4483
f 4483 4427 4511
f 4511 4427 4539
f 4539 4427 4567
f 4567 4427 4595
f 4595 4427 4623
f 4623 4427 4651
f 4651 4427 4679
f 4679 4427 4707
f 4707 4427 4735
f 4735 4427 4763
f 4763 4427 4791
f 4791 4427 4819
f 4819 4427 4847
f 4847 4427 4875
f 4875 4427 4903
f 4903 4427 4931
f 4931 4427 4959
f 4959 4427 4987
f 4987 4427 5015
f 5015 4427 5043
f 5043 4427 5071
f 5071 4427 5099
f 5099 4427 5127
f 5127 4427 5155
f 5155 4427 5183
f 5183 4427 5211
f 5211 4427 5239
f 5239 4427 5267
f 5267 4427 4455
f 4428 4429 4457
f 4428 4457 4456
f 4429 4430 4458
f 4429 4458 4457
f 4430 4431 4459
f 4430 4459 4458
f 4431 4432 4460
f 4431 4460 4459
f 4432 4433 4461
f 4432 4461 4460
f 4433 4434 4462
f 4433 4462 4461
f 4434 4435 4463
f 4434 4463 4462
f 4435 4436 4464
f 4435 4464 4463
f 4436 4437 4465
f 4436 4465 4464
f 4437 4438 4466
f 4437 4466 4465
f 4438 4439 4467
f 4438 4467 4466
f 4439 4440 4468
f 4439 4468 4467
f 4440 4441 4469
f 4440 4469 4468
f 4441 4442 4470
f 4441 4470 4469
f 4442 4443 4471
f 4442 4471 4470
f 4443 4444 4472
f 4443 4472 4471
f 4444 4445 4473
f 4444 4473 4472
f 4445 4446 4474
f 4445 4474 4473
f 4446 4447 4475
f 4446 4475 4474
f 4447 4448 4476
f 4447 4476 4475
f 4448 4449 4477
f 4448 4477 4476
f 4449 4450 4478
f 4449 4478 4477
f 4450 4451 4479
f 4450 4479 4478
f 4451 4452 4480
f 4451 4480 4479
f 4452 4453 4481
f 4452 4481 4480
f 4453 4454 4482
f 4453 4482 4481
f 4454 4455 4483
f 4454 4483 4482
f 4456 4457 4485
f 4456 4485 4484
f 4457 4458 4486
f 4457 4486 4485
f 4458 4459 4487
f 4458 4487 4486
f 4459 4460 4488
f 4459 4488 4487
f 4460 4461 4489
f 4460 4489 4488
f 4461 4462 4490
f 4461 4490 4489
f 4462 4463 4491
f 4462 4491 4490
f 4463 4464 4492
f 4463 4492 4491
f 4464 4465 4493
f 4464 4493 4492
f 4465 4466 4494
f 4465 4494 4493
f 4466 4467 4495
f 4466 4495 4494
f 4467 4468 4496
f 4467 4496 4495
f 4468 4469 4497
f 4468 4497 4496
f 4469 4470 4498
f 4469 4498 4497
f 4470 4471 4499
f 4470 4499 4498
f 4471 4472 4500
f 4471 4500 4499
f 4472 4473 4501
f 4472 4501 4500
f 4473 4474 4502
f 4473 4502 4501
f 4474 4475 4503
f 4474 4503 4502
f 4475 4476 4504
f 4475 4504 4503
f 4476 4477 4505
f 4476 4505 4504
f 4477 4478 4506
f 4477 4506 4505
f 4478 4479 4507
f 4478 4507 4506
f 4479 4480 4508
f 4479 4508 4507
f 4480 4481 4509
f 4480 4509 4508
f 4481 4482 4510
f 4481 4510 4509
f 4482 4483 4511
f 4482 4511 4510
f 4484 4485 4513
f 4484 4513 4512
f 4485 4486 4514
f 4485 4514 4513
f 4486 4487 4515
f 4486 4515 4514
f 4487 4488 4516
f 4487 4516 4515
f 4488 4489 4517
f 4488 4517 4516
f 4489 4490 4518
f 4489 4518 4517
f 4490 4491 4519
f 4490 4519 4518
f 4491 4492 4520
f 4491 4520 4519
f 4492 4493 4521
f 4492 4521 4520
f 4493 4494 4522
f 4493 4522 4521
f 4494 4495 4523
f 4494 4523 4522
f 4495 4496 4524
f 4495 4524 4523
f 4496 4497 4525
f 4496 4525 4524
f 4497 4498 4526
f 4497 4526 4525
f 4498 4499 4527
f 4498 4527 4526
f 4499 4500 4528
f 4499 4528 4527
f 4500 4501 4529
f 4500 4529 4528
f 4501 4502 4530
f 4501 4530 4529
f 4502 4503 4531
f 4502 4531 4530
f 4503 4504 4532
f 4503 4532 4531
f 4504 4505 4533
f 4504 4533 4532
f 4505 4506 4534
f 4505 4534 4533
f 4506 4507 4535
f 4506 4535 4534
f 4507 4508 4536
f 4507 4536 4535
f 4508 4509 4537
f 4508 4537 4536
f 4509 4510 4538
f 4509 4538 4537
f 4510 4511 4539
f 4510 4539 4538
f 4512 4513 4541
f 4512 4541 4540
f 4513 4514 4542
f 4513 4542 4541
f 4514 4515 4543
f 4514 4543 4542
f 4515 4516 4544
f 4515 4544 4543
f 4516 4517 4545
f 4516 4545 4544
f 4517 4518 4546
f 4517 4546 4545
f 4518 4519 4547
f 4518 4547 4546
f 4519 4520 4548
f 4519 4548 4547
f 4520 4521 4549
f 4520 4549 4548
f 4521 4522 4550
f 4521 4550 4549
f 4522 4523 4551
f 4522 4551 4550
f 4523 4524 4552
f 4523 4552 4551
f 4524 4525 4553
f 4524 4553 4552
f 4525 4526 4554
f 4525 4554 4553
f 4526 4527 4555
f 4526 4555 4554
f 4527 4528 4556
f 4527 4556 4555
f 4528 4529 4557
f 4528 4557 4556
f 4529 4530 4558
f 4529 4558 4557
f 4530 4531 4559
f 4530 4559 4558
f 4531 4532 4560
f 4531 4560 4559
f 4532 4533 4561
f 4532 4561 4560
f 4533 4534 4562
f 4533 4562 4561
f 4534 4535 4563
f 4534 4563 4562
f 4535 4536 4564
f 4535 4564 4563
f 4536 4537 4565
f 4536 4565 4564
f 4537 4538 4566
f 4537 4566 4565
f 4538 4539 4567
f 4538 4567 4566
f 4540 4541 4569
f 4540 4569 4568
f 4541 4542 4570
f 4541 4570 4569
f 4542 4543 4571
f 4542 4571 4570
f 4543 4544 4572
f 4543 4572 4571
f 4544 4545 4573
f 4544 4573 4572
f 4545 4546 4574
f 4545 4574 4573
f 4546 4547 4575
f 4546 4575 4574
f 4547 4548 4576
f 4547 4576 4575
f 4548 4549 4577
f 4548 4577 4576
f 4549 4550 4578
f 4549 4578 4577
f 4550 4551 4579
f 4550 4579 4578
f 4551 4552 4580
f 4551 4580 4579
f 4552 4553 4581
f 4552 4581 4580
f 4553 4554 4582
f 4553 4582 4581
f 4554 4555 4583
f 4554 4583 4582
f 4555 4556 4584
f 4555 4584 4583
f 4556 4557 4585
f 4556 4585 4584
f 4557 4558 4586
f 4557 4586 4585
f 4558 4559 4587
f 4558 4587 4586
f 4559 4560 4588
f 4559 4588 4587
f 4560 4561 4589
f 4560 4589 4588
f 4561 4562 4590
f 4561 4590 4589
f 4562 4563 4591
f 4562 4591 4590
f 4563 4564 4592
f 4563 4592 4591
f 4564 4565 4593
f 4564 4593 4592
f 4565 4566 4594
f 4565 4594 4593
f 4566 4567 4595
f 4566 4595 4594
f 4568 4569 4597
f 4568 4597 4596
f 4569 4570 4598
f 4569 4598 4597
f 4570 4571 4599
f 4570 4599 4598
f 4571 4572 4600
f 4571 4600 4599
f 4572 4573 4601
f 4572 4601 4600
f 4573 4574 4602
f 4573 4602 4601
f 4574 4575 4603
f 4574 4603 4602
f 4575 4576 4604
f 4575 4604 4603
f 4576 4577 4605
f 4576 4605 4604
f 4577 4578 4606
f 4577 4606 4605
f 4578 4579 4607
f 4578 4607 4606
f 4579 4580 4608
f 4579 4608 4607
f 4580 4581 4609
f 4580 4609 4608
f 4581 4582 4610
f 4581 4610 4609
f 4582 4583 4611
f 4582 4611 4610
f 4583 4584 4612
f 4583 4612 4611
f 4584 4585 4613
f 4584 4613 4612
f 4585 4586 4614
f 4585 4614 4613
f 4586 4587 4615
f 4586 4615 4614
f 4587 4588 4616
f 4587 4616 4615
f 4588 4589 4617
f 4588 4617 4616
f 4589 4590 4618
f 4589 4618 4617
f 4590 4591 4619
f 4590 4619 4618
f 4591 4592 4620
f 4591 4620 4619
f 4592 4593 4621
f 4592 4621 4620
f 4593 4594 4622
f 4593 4622 4621
f 4594 4595 4623
f 4594 4623 4622
f 4596 4597 4625
f 4596 4625 4624
f 4597 4598 4626
f 4597 4626 4625
f 4598 4599 4627
f 4598 4627 4626
f 4599 4600 4628
f 4599 4628 4627
f 4600 4601 4629
f 4600 4629 4628
f 4601 4602 4630
f 4601 4630 4629
f 4602 4603 4631
f 4602 4631 4630
f 4603 4604 4632
f 4603 4632 4631
f 4604 4605 4633
f 4604 4633 4632
f 4605 4606 4634
f 4605 4634 4633
f 4606 4607 4635
f 4606 4635 4634
f 4607 4608 4636
f 4607 4636 4635
f 4608 4609 4637
f 4608 4637 4636
f 4609 4610 4638
f 4609 4638 4637
f 4610 4611 4639
f 4610 4639 4638
f 4611 4612 4640
f 4611 4640 4639
f 4612 4613 4641
f 4612 4641 4640
f 4613 4614 4642
f 4613 4642 4641
f 4614 4615 4643
f 4614 4643 4642
f 4615 4616 4644
f 4615 4644 4643
f 4616 4617 4645
f 4616 4645 4644
f 4617 4618 4646
f 4617 4646 4645
f 4618 4619 4647
f 4618 4647 4646
f 4619 4620 4648
f 4619 4648 4647
f 4620 4621 4649
f 4620 4649 4648
f 4621 4622 4650
f 4621 4650 4649
f 4622 4623 4651
f 4622 4651 4650
f 4624 4625 4653
f 4624 4653 4652
f 4625 4626 4654
f 4625 4654 4653
f 4626 4627 4655
f 4626 4655 4654
f 4627 4628 4656
f 4627 4656 4655
f 4628 4629 4657
f 4628 4657 4656
f 4629 4630 4658
f 4629 4658 4657
f 4630 4631 4659
f 4630 4659 4658
f 4631 4632 4660
f 4631 4660 4659
f 4632 4633 4661
f 4632 4661 4660
f 4633 4634 4662
f 4633 4662 4661
f 4634 4635 4663
f 4634 4663 4662
f 4635 4636 4664
f 4635 4664 4663
f 4636 4637 4665
f 4636 4665 4664
f 4637 4638 4666
f 4637 4666 4665
f 4638 4639 4667
f 4638 4667 4666
f 4639 4640 4668
f 4639 4668 4667
f 4640 4641 4669
f 4640 4669 4668
f 4641 4642 4670
f 4641 4670 4669
f 4642 4643 4671
f 4642 4671 4670
f 4643 4644 4672
f 4643 4672 4671
f 4644 4645 4673
f 4644 4673 4672
f 4645 4646 4674
f 4645 4674 4673
f 4646 4647 4675
f 4646 4675 4674
f 4647 4648 4676
f 4647 4676 4675
f 4648 4649 4677
f 4648 4677 4676
f 4649 4650 4678
f 4649 4678 4677
f 4650 4651 4679
f 4650 4679 4678
f 4652 4653 4681
f 4652 4681 4680
f 4653 4654 4682
f 4653 4682 4681
f 4654 4655 4683
f 4654 4683 4682
f 4655 4656 4684
f 4655 4684 4683
f 4656 4657 4685
f 4656 4685 4684
f 4657 4658 4686
f 4657 4686 4685
f 4658 4659 4687
f 4658 4687 4686
f 4659 4660 4688
f 4659 4688 4687
f 4660 4661 4689
f 4660 4689 4688
f 4661 4662 4690
f 4661 4690 4689
f 4662 4663 4691
f 4662 4691 4690
f 4663 4664 4692
f 4663 4692 4691
f 4664 4665 4693
f 4664 4693 4692
f 4665 4666 4694
f 4665 4694 4693
f 4666 4667 4695
f 4666 4695 4694
f 4667 4668 4696
f 4667 4696 4695
f 4668 4669 4697
f 4668 4697 4696
f 4669 4670 4698
f 4669 4698 4697
f 4670 4671 4699
f 4670 4699 4698
f 4671 4672 4700
f 4671 4700 4699
f 4672 4673 4701
f 4672 4701 4700
f 4673 4674 4702
f 4673 4702 4701
f 4674 4675 4703
f 4674 4703 4702
f 4675 4676 4704
f 4675 4704 4703
f 4676 4677 4705
f 4676 4705 4704
f 4677 4678 4706
f 4677 4706 4705
f 4678 4679 4707
f 4678 4707 4706
f 4680 4681 4709
f 4680 4709 4708
f 4681 4682 4710
f 4681 4710 4709
f 4682 4683 4711
f 4682 4711 4710
f 4683 4684 4712
f 4683 4712 4711
f 4684 4685 4713
f 4684 4713 4712
f 4685 4686 4714
f 4685 4714 4713
f 4686 4687 4715
f 4686 4715 4714
f 4687 4688 4716
f 4687 4716 4715
f 4688 4689 4717
f 4688 4717 4716
f 4689 4690 4718
f 4689 4718 4717
f 4690 4691 4719
f 4690 4719 4718
f 4691 4692 4720
f 4691 4720 4719
f 4692 4693 4721
f 4692 4721 4720
f 4693 4694 4722
f 4693 4722 4721
f 4694 4695 4723
f 4694 4723 4722
f 4695 4696 4724
f 4695 4724 4723
f 4696 4697 4725
f 4696 4725 4724
f 4697 4698 4726
f 4697 4726 4725
f 4698 4699 4727
f 4698 4727 4726
f 4699 4700 4728
f 4699 4728 4727
f 4700 4701 4729
f 4700 4729 4728
f 4701 4702 4730
f 4701 4730 4729
f 4702 4703 4731
f 4702 4731 4730
f 4703 4704 4732
f 4703 4732 4731
f 4704 4705 4733
f 4704 4733 4732
f 4705 4706 4734
f 4705 4734 4733
f 4706 4707 4735
f 4706 4735 4734
f 4708 4709 4737
f 4708 4737 4736
f 4709 4710 4738
f 4709 4738 4737
f 4710 4711 4739
f 4710 4739 4738
f 4711 4712 4740
f 4711 4740 4739
f 4712 4713 4741
f 4712 4741 4740
f 4713 4714 4742
f 4713 4742 4741
f 4714 4715 4743
f 4714 4743 4742
f 4715 4716 4744
f 4715 4744 4743
f 4716 4717 4745
f 4716 4745 4744
f 4717 4718 4746
f 4717 4746 4745
f 4718 4719 4747
f 4718 4747 4746
f 4719 4720 4748
f 4719 4748 4747
f 4720 4721 4749
f 4720 4749 4748
f 4721 4722 4750
f 4721 4750 4749
f 4722 4723 4751
f 4722 4751 4750
f 4723 4724 4752
f 4723 4752 4751
f 4724 4725 4753
f 4724 4753 4752
f 4725 4726 4754
f 4725 4754 4753
f 4726 4727 4755
f 4726 4755 4754
f 4727 4728 4756
f 4727 4756 4755
f 4728 4729 4757
f 4728 4757 4756
f 4729 4730 4758
f 4729 4758 4757
f 4730 4731 4759
f 4730 4759 4758
f 4731 4732 4760
f 4731 4760 4759
f 4732 4733 4761
f 4732 4761 4760
f 4733 4734 4762
f 4733 4762 4761
f 4734 4735 4763
f 4734 4763 4762
f 4736 4737 4765
f 4736 4765 4764
f 4737 4738 4766
f 4737 4766 4765
f 4738 4739 4767
f 4738 4767 4766
f 4739 4740 4768
f 4739 4768 4767
f 4740 4741 4769
f 4740 4769 4768
f 4741 4742 4770
f 4741 4770 4769
f 4742 4743 4771
f 4742 4771 4770
f 4743 4744 4772
f 4743 4772 4771
f 4744 4745 4773
f 4744 4773 4772
f 4745 4746 4774
f 4745 4774 4773
f 4746 4747 4775
f 4746 4775 4774
f 4747 4748 4776
f 4747 4776 4775
f 4748 4749 4777
f 4748 4777 4776
f 4749 4750 4778
f 4749 4778 4777
f 4750 4751 4779
f 4750 4779 4778
f 4751 4752 4780
f 4751 4780 4779
f 4752 4753 4781
f 4752 4781 4780
f 4753 4754 4782
f 4753 4782 4781
f 4754 4755 4783
f 4754 4783 4782
f 4755 4756 4784
f 4755 4784 4783
f 4756 4757 4785
f 4756 4785 4784
f 4757 4758 4786
f 4757 4786 4785
f 4758 4759 4787
f 4758 4787 4786
f 4759 4760 4788
f 4759 4788 4787
f 4760 4761 4789
f 4760 4789 4788
f 4761 4762 4790
f 4761 4790 4789
f 4762 4763 4791
f 4762 4791 4790
f 4764 4765 4793
f 4764 4793 4792
f 4765 4766 4794
f 4765 4794 4793
f 4766 4767 4795
f 4766 4795 4794
f 4767 4768 4796
f 4767 4796 4795
f 4768 4769 4797
f 4768 4797 4796
f 4769 4770 4798
f 4769 4798 4797
f 4770 4771 4799
f 4770 4799 4798
f 4771 4772 4800
f 4771 4800 4799
f 4772 4773 4801
f 4772 4801 4800
f 4773 4774 4802
f 4773 4802 4801
f 4774 4775 4803
f 4774 4803 4802
f 4775 4776 4804
f 4775 4804 4803
f 4776 4777 4805
f 4776 4805 4804
f 4777 4778 4806
f 4777 4806 4805
f 4778 4779 4807
f 4778 4807 4806
f 4779 4780 4808
f 4779 4808 4807
f 4780 4781 4809
f 4780 4809 4808
f 4781 4782 4810
f 4781 4810 4809
f 4782 4783 4811
f 4782 4811 4810
f 4783 4784 4812
f 4783 4812 4811
f 4784 4785 4813
f 4784 4813 4812
f 4785 4786 4814
f 4785 4814 4813
f 4786 4787 4815
f 4786 4815 4814
f 4787 4788 4816
f 4787 4816 4815
f 4788 4789 4817
f 4788 4817 4816
f 4789 4790 4818
f 4789 4818 4817
f 4790 4791 4819
f 4790 4819 4818
f 4792 4793 4821
f 4792 4821 4820
f 4793 4794 4822
f 4793 4822 4821
f 4794 4795 4823
f 4794 4823 4822
f 4795 4796 4824
f 4795 4824 4823
f 4796 4797 4825
f 4796 4825 4824
f 4797 4798 4826
f 4797 4826 4825
f 4798 4799 4827
f 4798 4827 4826
f 4799 4800 4828
f 4799 4828 4827
f 4800 4801 4829
f 4800 4829 4828
f 4801 4802 4830
f 4801 4830 4829
f 4802 4803 4831
f 4802 4831 4830
f 4803 4804 4832
f 4803 4832 4831
f 4804 4805 4833
f 4804 4833 4832
f 4805 4806 4834
f 4805 4834 4833
f 4806 4807 4835
f 4806 4835 4834
f 4807 4808 4836
f 4807 4836 4835
f 4808 4809 4837
f 4808 4837 4836
f 4809 4810 4838
f 4809 4838 4837
f 4810 4811 4839
f 4810 4839 4838
f 4811 4812 4840
f 4811 4840 4839
f 4812 4813 4841
f 4812 4841 4840
f 4813 4814 4842
f 4813 4842 4841
f 4814 4815 4843
f 4814 4843 4842
f 4815 4816 4844
f 4815 4844 4843
f 4816 4817 4845
f 4816 4845 4844
f 4817 4818 4846
f 4817 4846 4845
f 4818 4819 4847
f 4818 4847 4846
f 4820 4821 4849
f 4820 4849 4848
f 4821 4822 4850
f 4821 4850 4849
f 4822 4823 4851
f 4822 4851 4850
f 4823 4824 4852
f 4823 4852 4851
f 4824 4825 4853
f 4824 4853 4852
f 4825 4826 4854
f 4825 4854 4853
f 4826 4827 4855
f 4826 4855 4854
f 4827 4828 4856
f 4827 4856 4855
f 4828 4829 4857
f 4828 4857 4856
f 4829 4830 4858
f 4829 4858 4857
f 4830 4831 4859
f 4830 4859 4858
f 4831 4832 4860
f 4831 4860 4859
f 4832 4833 4861
f 4832 4861 4860
f 4833 4834 4862
f 4833 4862 4861
f 4834 4835 4863
f 4834 4863 4862
f 4835 4836 4864
f 4835 4864 4863
f 4836 4837 4865
f 4836 4865 4864
f 4837 4838 4866
f 4837 4866 4865
f 4838 4839 4867
f 4838 4867 4866
f 4839 4840 4868
f 4839 4868 4867
f 4840 4841 4869
f 4840 4869 4868
f 4841 4842 4870
f 4841 4870 4869
f 4842 4843 4871
f 4842 4871 4870
f 4843 4844 4872
f 4843 4872 4871
f 4844 4845 4873
f 4844 4873 4872
f 4845 4846 4874
f 4845 4874 4873
f 4846 4847 4875
f 4846 4875 4874
f 4848 4849 4877
f 4848 4877 4876
f 4849 4850 4878
f 4849 4878 4877
f 4850 4851 4879
f 4850 4879 4878
f 4851 4852 4880
f 4851 4880 4879
f 4852 4853 4881
f 4852 4881 4880
f 4853 4854 4882
f 4853 4882 4881
f 4854 4855 4883
f 4854 4883 4882
f 4855 4856 4884
f 4855 4884 4883
f 4856 4857 4885
f 4856 4885 4884
f 4857 4858 4886
f 4857 4886 4885
f 4858 4859 4887
f 4858 4887 4886
f 4859 4860 4888
f 4859 4888 4887
f 4860 4861 4889
f 4860 4889 4888
f 4861 4862 4890
f 4861 4890 4889
f 4862 4863 4891
f 4862 4891 4890
f 4863 4864 4892
f 4863 4892 4891
f 4864 4865 4893
f 4864 4893 4892
f 4865 4866 4894
f 4865 4894 4893
f 4866 4867 4895
f 4866 4895 4894
f 4867 4868 4896
f 4867 4896 4895
f 4868 4869 4897
f 4868 4897 4896
f 4869 4870 4898
f 4869 4898 4897
f 4870 4871 4899
f 4870 4899 4898
f 4871 4872 4900
f 4871 4900 4899
f 4872 4873 4901
f 4872 4901 4900
f 4873 4874 4902
f 4873 4902 4901
f 4874 4875 4903
f 4874 4903 4902
f 4876 4877 4905
f 4876 4905 4904
f 4877 4878 4906
f 4877 4906 4905
f 4878 4879 4907
f 4878 4907 4906
f 4879 4880 4908
f 4879 4908 4907
f 4880 4881 4909
f 4880 4909 4908
f 4881 4882 4910
f 4881 4910 4909
f 4882 4883 4911
f 4882 4911 4910
f 4883 4884 4912
f 4883 4912 4911
f 4884 4885 4913
f 4884 4913 4912
f 4885 4886 4914
f 4885 4914 4913
f 4886 4887 4915
f 4886 4915 4914
f 4887 4888 4916
f 4887 4916 4915
f 4888 4889 4917
f 4888 4917 4916
f 4889 4890 4918
f 4889 4918 4917
f 4890 4891 4919
f 4890 4919 4918
f 4891 4892 4920
f 4891 4920 4919
f 4892 4893 4921
f 4892 4921 4920
f 4893 4894 4922
f 4893 4922 4921
f 4894 4895 4923
f 4894 4923 4922
f 4895 4896 4924
f 4895 4924 4923
f 4896 4897 4925
f 4896 4925 4924
f 4897 4898 4926
f 4897 4926 4925
f 4898 4899 4927
f 4898 4927 4926
f 4899 4900 4928
f 4899 4928 4927
f 4900 4901 4929
f 4900 4929 4928
f 4901 4902 4930
f 4901 4930 4929
f 4902 4903 4931
f 4902 4931 4930
f 4904 4905 4933
f 4904 4933 4932
f 4905 4906 4934
f 4905 4934 4933
f 4906 4907 4935
f 4906 4935 4934
f 4907 4908 4936
f 4907 4936 4935
f 4908 4909 4937
f 4908 4937 4936
f 4909 4910 4938
f 4909 4938 4937
f 4910 4911 4939
f 4910 4939 4938
f 4911 4912 4940
f 4911 4940 4939
f 4912 4913 4941
f 4912 4941 4940
f 4913 4914 4942
f 4913 4942 4941
f 4914 4915 4943
f 4914 4943 4942
f 4915 4916 4944
f 4915 4944 4943
f 4916 4917 4945
f 4916 4945 4944
f 4917 4918 4946
f 4917 4946 4945
f 4918 4919 4947
f 4918 4947 4946
f 4919 4920 4948
f 4919 4948 4947
f 4920 4921 4949
f 4920 4949 4948
f 4921 4922 4950
f 4921 4950 4949
f 4922 4923 4951
f 4922 4951 4950
f 4923 4924 4952
f 4923 4952 4951
f 4924 4925 4953
f 4924 4953 4952
f 4925 4926 4954
f 4925 4954 4953
f 4926 4927 4955
f 4926 4955 4954
f 4927 4928 4956
f 4927 4956 4955
f 4928 4929 4957
f 4928 4957 4956
f 4929 4930 4958
f 4929 4958 4957
f 4930 4931 4959
f 4930 4959 4958
f 4932 4933 4961
f 4932 4961 4960
f 4933 4934 4962
f 4933 4962 4961
f 4934 4935 4963
f 4934 4963 4962
f 4935 4936 4964
f 4935 4964 4963
f 4936 4937 4965
f 4936 4965 4964
f 4937 4938 4966
f 4937 4966 4965
f 4938 4939 4967
f 4938 4967 4966
f 4939 4940 4968
f 4939 4968 4967
f 4940 4941 4969
f 4940 4969 4968
f 4941 4942 4970
f 4941 4970 4969
f 4942 4943 4971
f 4942 4971 4970
f 4943 4944 4972
f 4943 4972 4971
f 4944 4945 4973
f 4944 4973 4972
f 4945 4946 4974
f 4945 4974 4973
f 4946 4947 4975
f 4946 4975 4974
f 4947 4948 4976
f 4947 4976 4975
f 4948 4949 4977
f 4948 4977 4976
f 4949 4950 4978
f 4949 4978 4977
f 4950 4951 4979
f 4950 4979 4978
f 4951 4952 4980
f 4951 4980 4979
f 4952 4953 4981
f 4952 4981 4980
f 4953 4954 4982
f 4953 4982 4981
f 4954 4955 4983
f 4954 4983 4982
f 4955 4956 4984
f 4955 4984 4983
f 4956 4957 4985
f 4956 4985 4984
f 4957 4958 4986
f 4957 4986 4985
f 4958 4959 4987
f 4958 4987 4986
f 4960 4961 4989
f 4960 4989 4988
f 4961 4962 4990
f 4961 4990 4989
f 4962 4963 4991
f 4962 4991 4990
f 4963 4964 4992
f 4963 4992 4991
f 4964 4965 4993
f 4964 4993 4992
f 4965 4966 4994
f 4965 4994 4993
f 4966 4967 4995
f 4966 4995 4994
f 4967 4968 4996
f 4967 4996 4995
f 4968 4969 4997
f 4968 4997 4996
f 4969 4970 4998
f 4969 4998 4997
f 4970 4971 4999
f 4970 4999 4998
f 4971 4972 5000
f 4971 5000 4999
f 4972 4973 5001
f 4972 5001 5000
f 4973 4974 5002
f 4973 5002 5001
f 4974 4975 5003
f 4974 5003 5002
f 4975 4976 5004
f 4975 5004 5003
f 4976 4977 5005
f 4976 5005 5004
f 4977 4978 5006
f 4977 5006 5005
f 4978 4979 5007
f 4978 5007 5006
f 4979 4980 5008
f 4979 5008 5007
f 4980 4981 5009
f 4980 5009 5008
f 4981 4982 5010
f 4981 5010 5009
f 4982 4983 5011
f 4982 5011 5010
f 4983 4984 5012
f 4983 5012 5011
f 4984 4985 5013
f 4984 5013 5012
f 4985 4986 5014
f 4985 5014 5013
f 4986 4987 5015
f 4986 5015 5014
f 4988 4989 5017
f 4988 5017 5016
f 4989 4990 5018
f 4989 5018 5017
f 4990 4991 5019
f 4990 5019 5018
f 4991 4992 5020
f 4991 5020 5019
f 4992 4993 5021
f 4992 5021 5020
f 4993 4994 5022
f 4993 5022 5021
f 4994 4995 5023
f 4994 5023 5022
f 4995 4996 5024
f 4995 5024 5023
f 4996 4997 5025
f 4996 5025 5024
f 4997 4998 5026
f 4997 5026 5025
f 4998 4999 5027
f 4998 5027 5026
f 4999 5000 5028
f 4999 5028 5027
f 5000 5001 5029
f 5000 5029 5028
f 5001 5002 5030
f 5001 5030 5029
f 5002 5003 5031
f 5002 5031 5030
f 5003 5004 5032
f 5003 5032 5031
f 5004 5005 5033
f 5004 5033 5032
f 5005 5006 5034
f 5005 5034 5033
f 5006 5007 5035
f 5006 5035 5034
f 5007 5008 5036
f 5007 5036 5035
f 5008 5009 5037
f 5008 5037 5036
f 5009 5010 5038
f 5009 5038 5037
f 5010 5011 5039
f 5010 5039 5038
f 5011 5012 5040
f 5011 5040 5039
f 5012 5013 5041
f 5012 5041 5040
f 5013 5014 5042
f 5013 5042 5041
f 5014 5015 5043
f 5014 5043 5042
f 5016 5017 5045
f 5016 5045 5044
f 5017 5018 5046
f 5017 5046 5045
f 5018 5019 5047
f 5018 5047 5046
f 5019 5020 5048
f 5019 5048 5047
f 5020 5021 5049
f 5020 5049 5048
f 5021 5022 5050
f 5021 5050 5049
f 5022 5023 5051
f 5022 5051 5050
f 5023 5024 5052
f 5023 5052 5051
f 5024 5025 5053
f 5024 5053 5052
f 5025 5026 5054
f 5025 5054 5053
f 5026 5027 5055
f 5026 5055 5054
f 5027 5028 5056
f 5027 5056 5055
f 5028 5029 5057
f 5028 5057 5056
f 5029 5030 5058
f 5029 5058 5057
f 5030 5031 5059
f 5030 5059 5058
f 5031 5032 5060
f 5031 5060 5059
f 5032 5033 5061
f 5032 5061 5060
f 5033 5034 5062
f 5033 5062 5061
f 5034 5035 5063
f 5034 5063 5062
f 5035 5036 5064
f 5035 5064 5063
f 5036 5037 5065
f 5036 5065 5064
f 5037 5038 5066
f 5037 5066 5065
f 5038 5039 5067
f 5038 5067 5066
f 5039 5040 5068
f 5039 5068 5067
f 5040 5041 5069
f 5040 5069 5068
f 5041 5042 5070
f 5041 5070 5069
f 5042 5043 5071
f 5042 5071 5070
f 5044 5045 5073
f 5044 5073 5072
f 5045 5046 5074
f 5045 5074 5073
f 5046 5047 5075
f 5046 5075 5074
f 5047 5048 5076
f 5047 5076 5075
f 5048 5049 5077
f 5048 5077 5076
f 5049 5050 5078
f 5049 5078 5077
f 5050 5051 5079
f 5050 5079 5078
f 5051 5052 5080
f 5051 5080 5079
f 5052 5053 5081
f 5052 5081 5080
f 5053 5054 5082
f 5053 5082 5081
f 5054 5055 5083
f 5054 5083 5082
f 5055 5056 5084
f 5055 5084 5083
f 5056 5057 5085
f 5056 5085 5084
f 5057 5058 5086
f 5057 5086 5085
f 5058 5059 5087
f 5058 5087 5086
f 5059 5060 5088
f 5059 5088 5087
f 5060 5061 5089
f 5060 5089 5088
f 5061 5062 5090
f 5061 5090 5089
f 5062 5063 5091
f 5062 5091 5090
f 5063 5064 5092
f 5063 5092 5091
f 5064 5065 5093
f 5064 5093 5092
f 5065 5066 5094
f 5065 5094 5093
f 5066 5067 5095
f 5066 5095 5094
f 5067 5068 5096
f 5067 5096 5095
f 5068 5069 5097
f 5068 5097 5096
f 5069 5070 5098
f 5069 5098 5097
f 5070 5071 5099
f 5070 5099 5098
f 5072 5073 5101
f 5072 5101 5100
f 5073 5074 5102
f 5073 5102 5101
f 5074 5075 5103
f 5074 5103 5102
f 5075 5076 5104
f 5075 5104 5103
f 5076 5077 5105
f 5076 5105 5104
f 5077 5078 5106
f 5077 5106 5105
f 5078 5079 5107
f 5078 5107 5106
f 5079 5080 5108
f 5079 5108 5107
f 5080 5081 5109
f 5080 5109 5108
f 5081 5082 5110
f 5081 5110 5109
f 5082 5083 5111
f 5082 5111 5110
f 5083 5084 5112
f 5083 5112 5111
f 5084 5085 5113
f 5084 5113 5112
f 5085 5086 5114
f 5085 5114 5113
f 5086 5087 5115
f 5086 5115 5114
f 5087 5088 5116
f 5087 5116 5115
f 5088 5089 5117
f 5088 5117 5116
f 5089 5090 5118
f 5089 5118 5117
f 5090 5091 5119
f 5090 5119 5118
f 5091 5092 5120
f 5091 5120 5119
f 5092 5093 5121
f 5092 5121 5120
f 5093 5094 5122
f 5093 5122 5121
f 5094 5095 5123
f 5094 5123 5122
f 5095 5096 5124
f 5095 5124 5123
f 5096 5097 5125
f 5096 5125 5124
f 5097 5098 5126
f 5097 5126 5125
f 5098 5099 5127
f 5098 5127 5126
f 5100 5101 5129
f 5100 5129 5128
f 5101 5102 5130
f 5101 5130 5129
f 5102 5103 5131
f 5102 5131 5130
f 5103 5104 5132
f 5103 5132 5131
f 5104 5105 5133
f 5104 5133 5132
f 5105 5106 5134
f 5105 5134 5133
f 5106 5107 5135
f 5106 5135 5134
f 5107 5108 5136
f 5107 5136 5135
f 5108 5109 5137
f 5108 5137 5136
f 5109 5110 5138
f 5109 5138 5137
f 5110 5111 5139
f 5110 5139 5138
f 5111 5112 5140
f 5111 5140 5139
f 5112 5113 5141
f 5112 5141 5140
f 5113 5114 5142
f 5113 5142 5141
f 5114 5115 5143
f 5114 5143 5142
f 5115 5116 5144
f 5115 5144 5143
f 5116 5117 5145
f 5116 5145 5144
f 5117 5118 5146
f 5117 5146 5145
f 5118 5119 5147
f 5118 5147 5146
f 5119 5120 5148
f 5119 5148 5147
f 5120 5121 5149
f 5120 5149 5148
f 5121 5122 5150
f 5121 5150 5149
f 5122 5123 5151
f 5122 5151 5150
f 5123 5124 5152
f 5123 5152 5151
f 5124 5125 5153
f 5124 5153 5152
f 5125 5126 5154
f 5125 5154 5153
f 5126 5127 5155
f 5126 5155 5154
f 5128 5129 5157
f 5128 5157 5156
f 5129 5130 5158
f 5129 5158 5157
f 5130 5131 5159
f 5130 5159 5158
f 5131 5132 5160
f 5131 5160 5159
f 5132 5133 5161
f 5132 5161 5160
f 5133 5134 5162
f 5133 5162 5161
f 5134 5135 5163
f 5134 5163 5162
f 5135 5136 5164
f 5135 5164 5163
f 5136 5137 5165
f 5136 5165 5164
f 5137 5138 5166
f 5137 5166 5165
f 5138 5139 5167
f 5138 5167 5166
f 5139 5140 5168
f 5139 5168 5167
f 5140 5141 5169
f 5140 5169 5168
f 5141 5142 5170
f 5141 5170 5169
f 5142 5143 5171
f 5142 5171 5170
f 5143 5144 5172
f 5143 5172 5171
f 5144 5145 5173
f 5144 5173 5172
f 5145 5146 5174
f 5145 5174 5173
f 5146 5147 5175
f 5146 5175 5174
f 5147 5148 5176
f 5147 5176 5175
f 5148 5149 5177
f 5148 5177 5176
f 5149 5150 5178
f 5149 5178 5177
f 5150 5151 5179
f 5150 5179 5178
f 5151 5152 5180
f 5151 5180 5179
f 5152 5153 5181
f 5152 5181 5180
f 5153 5154 5182
f 5153 5182 5181
f 5154 5155 5183
f 5154 5183 5182
f 5156 5157 5185
f 5156 5185 5184
f 5157 5158 5186
f 5157 5186 5185
f 5158 5159 5187
f 5158 5187 5186
f 5159 5160 5188
f 5159 5188 5187
f 5160 5161 5189
f 5160 5189 5188
f 5161 5162 5190
f 5161 5190 5189
f 5162 5163 5191
f 5162 5191 5190
f 5163 5164 5192
f 5163 5192 5191
f 5164 5165 5193
f 5164 5193 5192
f 5165 5166 5194
f 5165 5194 5193
f 5166 5167 5195
f 5166 5195 5194
f 5167 5168 5196
f 5167 5196 5195
f 5168 5169 5197
f 5168 5197 5196
f 5169 5170 5198
f 5169 5198 5197
f 5170 5171 5199
f 5170 5199 5198
f 5171 5172 5200
f 5171 5200 5199
f 5172 5173 5201
f 5172 5201 5200
f 5173 5174 5202
f 5173 5202 5201
f 5174 5175 5203
f 5174 5203 5202
f 5175 5176 5204
f 5175 5204 5203
f 5176 5177 5205
f 5176 5205 5204
f 5177 5178 5206
f 5177 5206 5205
f 5178 5179 5207
f 5178 5207 5206
f 5179 5180 5208
f 5179 5208 5207
f 5180 5181 5209
f 5180 5209 5208
f 5181 5182 5210
f 5181 5210 5209
f 5182 5183 5211
f 5182 5211 5210
f 5184 5185 5213
f 5184 5213 5212
f 5185 5186 5214
f 5185 5214 5213
f 5186 5187 5215
f 5186 5215 5214
f 5187 5188 5216
f 5187 5216 5215
f 5188 5189 5217
f 5188 5217 5216
f 5189 5190 5218
f 5189 5218 5217
f 5190 5191 5219
f 5190 5219 5218
f 5191 5192 5220
f 5191 5220 5219
f 5192 5193 5221
f 5192 5221 5220
f 5193 5194 5222
f 5193 5222 5221
f 5194 5195 5223
f 5194 5223 5222
f 5195 5196 5224
f 5195 5224 5223
f 5196 5197 5225
f 5196 5225 5224
f 5197 5198 5226
f 5197 5226 5225
f 5198 5199 5227
f 5198 5227 5226
f 5199 5200 5228
f 5199 5228 5227
f 5200 5201 5229
f 5200 5229 5228
f 5201 5202 5230
f 5201 5230 5229
f 5202 5203 5231
f 5202 5231 5230
f 5203 5204 5232
f 5203 5232 5231
f 5204 5205 5233
f 5204 5233 5232
f 5205 5206 5234
f 5205 5234 5233
f 5206 5207 5235
f 5206 5235 5234
f 5207 5208 5236
f 5207 5236 5235
f 5208 5209 5237
f 5208 5237 5236
f 5209 5210 5238
f 5209 5238 5237
f 5210 5211 5239
f 5210 5239 5238
f 5212 5213 5241
f 5212 5241 5240
f 5213 5214 5242
f 5213 5242 5241
f 5214 5215 5243
f 5214 5243 5242
f 5215 5216 5244
f 5215 5244 5243
f 5216 5217 5245
f 5216 5245 5244
f 5217 5218 5246
f 5217 5246 5245
f 5218 5219 5247
f 5218 5247 5246
f 5219 5220 5248
f 5219 5248 5247
f 5220 5221 5249
f 5220 5249 5248
f 5221 5222 5250
f 5221 5250 5249
f 5222 5223 5251
f 5222 5251 5250
f 5223 5224 5252
f 5223 5252 5251
f 5224 5225 5253
f 5224 5253 5252
f 5225 5226 5254
f 5225 5254 5253
f 5226 5227 5255
f 5226 5255 5254
f 5227 5228 5256
f 5227 5256 5255
f 5228 5229 5257
f 5228 5257 5256
f 5229 5230 5258
f 5229 5258 5257
f 5230 5231 5259
f 5230 5259 5258
f 5231 5232 5260
f 5231 5260 5259
f 5232 5233 5261
f 5232 5261 5260
f 5233 5234 5262
f 5233 5262 5261
f 5234 5235 5263
f 5234 5263 5262
f 5235 5236 5264
f 5235 5264 5263
f 5236 5237 5265
f 5236 5265 5264
f 5237 5238 5266
f 5237 5266 5265
f 5238 5239 5267
f 5238 5267 5266
f 5240 5241 4429
f 5240 4429 4428
f 5241 5242 4430
f 5241 4430 4429
f 5242 5243 4431
f 5242 4431 4430
f 5243 5244 4432
f 5243 4432 4431
f 5244 5245 4433
f 5244 4433 4432
f 5245 5246 4434
f 5245 4434 4433
f 5246 5247 4435
f 5246 4435 4434
f 5247 5248 4436
f 5247 4436 4435
f 5248 5249 4437
f 5248 4437 4436
f 5249 5250 4438
f 5249 4438 4437
f 5250 5251 4439
f 5250 4439 4438
f 5251 5252 4440
f 5251 4440 4439
f 5252 5253 4441
f 5252 4441 4440
f 5253 5254 4442
f 5253 4442 4441
f 5254 5255 4443
f 5254 4443 4442
f 5255 5256 4444
f 5255 4444 4443
f 5256 5257 4445
f 5256 4445 4444
f 5257 5258 4446
f 5257 4446 4445
f 5258 5259 4447
f 5258 4447 4446
f 5259 5260 4448
f 5259 4448 4447
f 5260 5261 4449
f 5260 4449 4448
f 5261 5262 4450
f 5261 4450 4449
f 5262 5263 4451
f 5262 4451 4450
f 5263 5264 4452
f 5263 4452 4451
f 5264 5265 4453
f 5264 4453 4452
f 5265 5266 4454
f 5265 4454 4453
f 5266 5267 4455
f 5266 4455 4454
f 5270 5298 5268
f 5298 5326 5268
f 5326 5354 5268
f 5354 5382 5268
f 5382 5410 5268
f 5410 5438 5268
f 5438 5466 5268
f 5466 5494 5268
f 5494 5522 5268
f 5522 5550 5268
f 5550 5578 5268
f 5578 5606 5268
f 5606 5634 5268
f 5634 5662 5268
f 5662 5690 5268
f 5690 5718 5268
f 5718 5746 5268
f 5746 5774 5268
f 5774 5802 5268
f 5802 5830 5268
f 5830 5858 5268
f 5858 5886 5268
f 5886 5914 5268
f 5914 5942 5268
f 5942 5970 5268
f 5970 5998 5268
f 5998 6026 5268
f 6026 6054 5268
f 6054 6082 5268
f 6082 5270 5268
f 5297 5269 5325
f 5325 5269 5353
f 5353 5269 5381
f 5381 5269 5409
f 5409 5269 5437
f 5437 5269 5465
f 5465 5269 5493
f 5493 5269 5521
f 5521 5269 5549
f 5549 5269 5577
f 5577 5269 5605
f 5605 5269 5633
f 5633 5269 5661
f 5661 5269 5689
f 5689 5269 5717
f 5717 5269 5745
f 5745 5269 5773
f 5773 5269 5801
f 5801 5269 5829
f 5829 5269 5857
f 5857 5269 5885
f 5885 5269 5913
f 5913 5269 5941
f 5941 5269 5969
f 5969 5269 5997
f 5997 5269 6025
f 6025 5269 6053
f 6053 5269 6081
f 6081 5269 6109
f 6109 5269 5297
f 5270 5271 5299
f 5270 5299 5298
f 5271 5272 5300
f 5271 5300 5299
f 5272 5273 5301
f 5272 5301 5300
f 5273 5274 5302
f 5273 5302 5301
f 5274 5275 5303
f 5274 5303 5302
f 5275 5276 5304
f 5275 5304 5303
f 5276 5277 5305
f 5276 5305 5304
f 5277 5278 5306
f 5277 5306 5305
f 5278 5279 5307
f 5278 5307 5306
f 5279 5280 5308
f 5279 5308 5307
f 5280 5281 5309
f 5280 5309 5308
f 5281 5282 5310
f 5281 5310 5309
f 5282 5283 5311
f 5282 5311 5310
f 5283 5284 5312
f 5283 5312 5311
f 5284 5285 5313
f 5284 5313 5312
f 5285 5286 5314
f 5285 5314 5313
f 5286 5287 5315
f 5286 5315 5314
f 5287 5288 5316
f 5287 5316 5315
f 5288 5289 5317
f 5288 5317 5316
f 5289 5290 5318
f 5289 5318 5317
f 5290 5291 5319
f 5290 5319 5318
f 5291 5292 5320
f 5291 5320 5319
f 5292 5293 5321
f 5292 5321 5320
f 5293 5294 5322
f 5293 5322 5321
f 5294 5295 5323
f 5294 5323 5322
f 5295 5296 5324
f 5295 5324 5323
f 5296 5297 5325
f 5296 5325 5324
f 5298 5299 5327
f 5298 5327 5326
f 5299 5300 5328
f 5299 5328 5327
f 5300 5301 5329
f 5300 5329 5328
f 5301 5302 5330
f 5301 5330 5329
f 5302 5303 5331
f 5302 5331 5330
f 5303 5304 5332
f 5303 5332 5331
f 5304 5305 5333
f 5304 5333 5332
f 5305 5306 5334
f 5305 5334 5333
f 5306 5307 5335
f 5306 5335 5334
f 5307 5308 5336
f 5307 5336 5335
f 5308 5309 5337
f 5308 5337 5336
f 5309 5310 5338
f 5309 5338 5337
f 5310 5311 5339
f 5310 5339 5338
f 5311 5312 5340
f 5311 5340 5339
f 5312 5313 5341
f 5312 5341 5340
f 5313 5314 5342
f 5313 5342 5341
f 5314 5315 5343
f 5314 5343 5342
f 5315 5316 5344
f 5315 5344 5343
f 5316 5317 5345
f 5316 5345 5344
f 5317 5318 5346
f 5317 5346 5345
f 5318 5319 5347
f 5318 5347 5346
f 5319 5320 5348
f 5319 5348 5347
f 5320 5321 5349
f 5320 5349 5348
f 5321 5322 5350
f 5321 5350 5349
f 5322 5323 5351
f 5322 5351 5350
f 5323 5324 5352
f 5323 5352 5351
f 5324 5325 5353
f 5324 5353 5352
f 5326 5327 5355
f 5326 5355 5354
f 5327 5328 5356
f 5327 5356 5355
f 5328 5329 5357
f 5328 5357 5356
f 5329 5330 5358
f 5329 5358 5357
f 5330 5331 5359
f 5330 5359 5358
f 5331 5332 5360
f 5331 5360 5359
f 5332 5333 5361
f 5332 5361 5360
f 5333 5334 5362
f 5333 5362 5361
f 5334 5335 5363
f 5334 5363 5362
f 5335 5336 5364
f 5335 5364 5363
f 5336 5337 5365
f 5336 5365 5364
f 5337 5338 5366
f 5337 5366 5365
f 5338 5339 5367
f 5338 5367 5366
f 5339 5340 5368
f 5339 5368 5367
f 5340 5341 5369
f 5340 5369 5368
f 5341 5342 5370
f 5341 5370 5369
f 5342 5343 5371
f 5342 5371 5370
f 5343 5344 5372
f 5343 5372 5371
f 5344 5345 5373
f 5344 5373 5372
f 5345 5346 5374
f 5345 5374 5373
f 5346 5347 5375
f 5346 5375 5374
f 5347 5348 5376
f 5347 5376 5375
f 5348 5349 5377
f 5348 5377 5376
f 5349 5350 5378
f 5349 5378 5377
f 5350 5351 5379
f 5350 5379 5378
f 5351 5352 5380
f 5351 5380 5379
f 5352 5353 5381
f 5352 5381 5380
f 5354 5355 5383
f 5354 5383 5382
f 5355 5356 5384
f 5355 5384 5383
f 5356 5357 5385
f 5356 5385 5384
f 5357 5358 5386
f 5357 5386 5385
f 5358 5359 5387
f 5358 5387 5386
f 5359 5360 5388
f 5359 5388 5387
f 5360 5361 5389
f 5360 5389 5388
f 5361 5362 5390
f 5361 5390 5389
f 5362 5363 5391
f 5362 5391 5390
f 5363 5364 5392
f 5363 5392 5391
f 5364 5365 5393
f 5364 5393 5392
f 5365 5366 5394
f 5365 5394 5393
f 5366 5367 5395
f 5366 5395 5394
f 5367 5368 5396
f 5367 5396 5395
f 5368 5369 5397
f 5368 5397 5396
f 5369 5370 5398
f 5369 5398 5397
f 5370 5371 5399
f 5370 5399 5398
f 5371 5372 5400
f 5371 5400 5399
f 5372 5373 5401
f 5372 5401 5400
f 5373 5374 5402
f 5373 5402 5401
f 5374 5375 5403
f 5374 5403 5402
f 5375 5376 5404
f 5375 5404 5403
f 5376 5377 5405
f 5376 5405 5404
f 5377 5378 5406
f 5377 5406 5405
f 5378 5379 5407
f 5378 5407 5406
f 5379 5380 5408
f 5379 5408 5407
f 5380 5381 5409
f 5380 5409 5408
f 5382 5383 5411
f 5382 5411 5410
f 5383 5384 5412
f 5383 5412 5411
f 5384 5385 5413
f 5384 5413 5412
f 5385 5386 5414
f 5385 5414 5413
f 5386 5387 5415
f 5386 5415 5414
f 5387 5388 5416
f 5387 5416 5415
f 5388 5389 5417
f 5388 5417 5416
f 5389 5390 5418
f 5389 5418 5417
f 5390 5391 5419
f 5390 5419 5418
f 5391 5392 5420
f 5391 5420 5419
f 5392 5393 5421
f 5392 5421 5420
f 5393 5394 5422
f 5393 5422 5421
f 5394 5395 5423
f 5394 5423 5422
f 5395 5396 5424
f 5395 5424 5423
f 5396 5397 5425
f 5396 5425 5424
f 5397 5398 5426
f 5397 5426 5425
f 5398 5399 5427
f 5398 5427 5426
f 5399 5400 5428
f 5399 5428 5427
f 5400 5401 5429
f 5400 5429 5428
f 5401 5402 5430
f 5401 5430 5429
f 5402 5403 5431
f 5402 5431 5430
f 5403 5404 5432
f 5403 5432 5431
f 5404 5405 5433
f 5404 5433 5432
f 5405 5406 5434
f 5405 5434 5433
f 5406 5407 5435
f 5406 5435 5434
f 5407 5408 5436
f 5407 5436 5435
f 5408 5409 5437
f 5408 5437 5436
f 5410 5411 5439
f 5410 5439 5438
f 5411 5412 5440
f 5411 5440 5439
f 5412 5413 5441
f 5412 5441 5440
f 5413 5414 5442
f 5413 5442 5441
f 5414 5415 5443
f 5414 5443 5442
f 5415 5416 5444
f 5415 5444 5443
f 5416 5417 5445
f 5416 5445 5444
f 5417 5418 5446
f 5417 5446 5445
f 5418 5419 5447
f 5418 5447 5446
f 5419 5420 5448
f 5419 5448 5447
f 5420 5421 5449
f 5420 5449 5448
f 5421 5422 5450
f 5421 5450 5449
f 5422 5423 5451
f 5422 5451 5450
f 5423 5424 5452
f 5423 5452 5451
f 5424 5425 5453
f 5424 5453 5452
f 5425 5426 5454
f 5425 5454 5453
f 5426 5427 5455
f 5426 5455 5454
f 5427 5428 5456
f 5427 5456 5455
f 5428 5429 5457
f 5428 5457 5456
f 5429 5430 5458
f 5429 5458 5457
f 5430 5431 5459
f 5430 5459 5458
f 5431 5432 5460
f 5431 5460 5459
f 5432 5433 5461
f 5432 5461 5460
f 5433 5434 5462
f 5433 5462 5461
f 5434 5435 5463
f 5434 5463 5462
f 5435 5436 5464
f 5435 5464 5463
f 5436 5437 5465
f 5436 5465 5464
f 5438 5439 5467
f 5438 5467 5466
f 5439 5440 5468
f 5439 5468 5467
f 5440 5441 5469
f 5440 5469 5468
f 5441 5442 5470
f 5441 5470 5469
f 5442 5443 5471
f 5442 5471 5470
f 5443 5444 5472
f 5443 5472 5471
f 5444 5445 5473
f 5444 5473 5472
f 5445 5446 5474
f 5445 5474 5473
f 5446 5447 5475
f 5446 5475 5474
f 5447 5448 5476
f 5447 5476 5475
f 5448 5449 5477
f 5448 5477 5476
f 5449 5450 5478
f 5449 5478 5477
f 5450 5451 5479
f 5450 5479 5478
f 5451 5452 5480
f 5451 5480 5479
f 5452 5453 5481
f 5452 5481 5480
f 5453 5454 5482
f 5453 5482 5481
f 5454 5455 5483
f 5454 5483 5482
f 5455 5456 5484
f 5455 5484 5483
f 5456 5457 5485
f 5456 5485 5484
f 5457 5458 5486
f 5457 5486 5485
f 5458 5459 5487
f 5458 5487 5486
f 5459 5460 5488
f 5459 5488 5487
f 5460 5461 5489
f 5460 5489 5488
f 5461 5462 5490
f 5461 5490 5489
f 5462 5463 5491
f 5462 5491 5490
f 5463 5464 5492
f 5463 5492 5491
f 5464 5465 5493
f 5464 5493 5492
f 5466 5467 5495
f 5466 5495 5494
f 5467 5468 5496
f 5467 5496 5495
f 5468 5469 5497
f 5468 5497 5496
f 5469 5470 5498
f 5469 5498 5497
f 5470 5471 5499
f 5470 5499 5498
f 5471 5472 5500
f 5471 5500 5499
f 5472 5473 5501
f 5472 5501 5500
f 5473 5474 5502
f 5473 5502 5501
f 5474 5475 5503
f 5474 5503 5502
f 5475 5476 5504
f 5475 5504 5503
f 5476 5477 5505
f 5476 5505 5504
f 5477 5478 5506
f 5477 5506 5505
f 5478 5479 5507
f 5478 5507 5506
f 5479 5480 5508
f 5479 5508 5507
f 5480 5481 5509
f 5480 5509 5508
f 5481 5482 5510
f 5481 5510 5509
f 5482 5483 5511
f 5482 5511 5510
f 5483 5484 5512
f 5483 5512 5511
f 5484 5485 5513
f 5484 5513 5512
f 5485 5486 5514
f 5485 5514 5513
f 5486 5487 5515
f 5486 5515 5514
f 5487 5488 5516
f 5487 5516 5515
f 5488 5489 5517
f 5488 5517 5516
f 5489 5490 5518
f 5489 5518 5517
f 5490 5491 5519
f 5490 5519 5518
f 5491 5492 5520
f 5491 5520 5519
f 5492 5493 5521
f 5492 5521 5520
f 5494 5495 5523
f 5494 5523 5522
f 5495 5496 5524
f 5495 5524 5523
f 5496 5497 5525
f 5496 5525 5524
f 5497 5498 5526
f 5497 5526 5525
f 5498 5499 5527
f 5498 5527 5526
f 5499 5500 5528
f 5499 5528 5527
f 5500 5501 5529
f 5500 5529 5528
f 5501 5502 5530
f 5501 5530 5529
f 5502 5503 5531
f 5502 5531 5530
f 5503 5504 5532
f 5503 5532 5531
f 5504 5505 5533
f 5504 5533 5532
f 5505 5506 5534
f 5505 5534 5533
f 5506 5507 5535
f 5506 5535 5534
f 5507 5508 5536
f 5507 5536 5535
f 5508 5509 5537
f 5508 5537 5536
f 5509 5510 5538
f 5509 5538 5537
f 5510 5511 5539
f 5510 5539 5538
f 5511 5512 5540
f 5511 5540 5539
f 5512 5513 5541
f 5512 5541 5540
f 5513 5514 5542
f 5513 5542 5541
f 5514 5515 5543
f 5514 5543 5542
f 5515 5516 5544
f 5515 5544 5543
f 5516 5517 5545
f 5516 5545 5544
f 5517 5518 5546
f 5517 5546 5545
f 5518 5519 5547
f 5518 5547 5546
f 5519 5520 5548
f 5519 5548 5547
f 5520 5521 5549
f 5520 5549 5548
f 5522 5523 5551
f 5522 5551 5550
f 5523 5524 5552
f 5523 5552 5551
f 5524 5525 5553
f 5524 5553 5552
f 5525 5526 5554
f 5525 5554 5553
f 5526 5527 5555
f 5526 5555 5554
f 5527 5528 5556
f 5527 5556 5555
f 5528 5529 5557
f 5528 5557 5556
f 5529 5530 5558
f 5529 5558 5557
f 5530 5531 5559
f 5530 5559 5558
f 5531 5532 5560
f 5531 5560 5559
f 5532 5533 5561
f 5532 5561 5560
f 5533 5534 5562
f 5533 5562 5561
f 5534 5535 5563
f 5534 5563 5562
f 5535 5536 5564
f 5535 5564 5563
f 5536 5537 5565
f 5536 5565 5564
f 5537 5538 5566
f 5537 5566 5565
f 5538 5539 5567
f 5538 5567 5566
f 5539 5540 5568
f 5539 5568 5567
f 5540 5541 5569
f 5540 5569 5568
f 5541 5542 5570
f 5541 5570 5569
f 5542 5543 5571
f 5542 5571 5570
f 5543 5544 5572
f 5543 5572 5571
f 5544 5545 5573
f 5544 5573 5572
f 5545 5546 5574
f 5545 5574 5573
f 5546 5547 5575
f 5546 5575 5574
f 5547 5548 5576
f 5547 5576 5575
f 5548 5549 5577
f 5548 5577 5576
f 5550 5551 5579
f 5550 5579 5578
f 5551 5552 5580
f 5551 5580 5579
f 5552 5553 5581
f 5552 5581 5580
f 5553 5554 5582
f 5553 5582 5581
f 5554 5555 5583
f 5554 5583 5582
f 5555 5556 5584
f 5555 5584 5583
f 5556 5557 5585
f 5556 5585 5584
f 5557 5558 5586
f 5557 5586 5585
f 5558 5559 5587
f 5558 5587 5586
f 5559 5560 5588
f 5559 5588 5587
f 5560 5561 5589
f 5560 5589 5588
f 5561 5562 5590
f 5561 5590 5589
f 5562 5563 5591
f 5562 5591 5590
f 5563 5564 5592
f 5563 5592 5591
f 5564 5565 5593
f 5564 5593 5592
f 5565 5566 5594
f 5565 5594 5593
f 5566 5567 5595
f 5566 5595 5594
f 5567 5568 5596
f 5567 5596 5595
f 5568 5569 5597
f 5568 5597 5596
f 5569 5570 5598
f 5569 5598 5597
f 5570 5571 5599
f 5570 5599 5598
f 5571 5572 5600
f 5571 5600 5599
f 5572 5573 5601
f 5572 5601 5600
f 5573 5574 5602
f 5573 5602 5601
f 5574 5575 5603
f 5574 5603 5602
f 5575 5576 5604
f 5575 5604 5603
f 5576 5577 5605
f 5576 5605 5604
f 5578 5579 5607
f 5578 5607 5606
f 5579 5580 5608
f 5579 5608 5607
f 5580 5581 5609
f 5580 5609 5608
f 5581 5582 5610
f 5581 5610 5609
f 5582 5583 5611
f 5582 5611 5610
f 5583 5584 5612
f 5583 5612 5611
f 5584 5585 5613
f 5584 5613 5612
f 5585 5586 5614
f 5585 5614 5613
f 5586 5587 5615
f 5586 5615 5614
f 5587 5588 5616
f 5587 5616 5615
f 5588 5589 5617
f 5588 5617 5616
f 5589 5590 5618
f 5589 5618 5617
f 5590 5591 5619
f 5590 5619 5618
f 5591 5592 5620
f 5591 5620 5619
f 5592 5593 5621
f 5592 5621 5620
f 5593 5594 5622
f 5593 5622 5621
f 5594 5595 5623
f 5594 5623 5622
f 5595 5596 5624
f 5595 5624 5623
f 5596 5597 5625
f 5596 5625 5624
f 5597 5598 5626
f 5597 5626 5625
f 5598 5599 5627
f 5598 5627 5626
f 5599 5600 5628
f 5599 5628 5627
f 5600 5601 5629
f 5600 5629 5628
f 5601 5602 5630
f 5601 5630 5629
f 5602 5603 5631
f 5602 5631 5630
f 5603 5604 5632
f 5603 5632 5631
f 5604 5605 5633
f 5604 5633 5632
f 5606 5607 5635
f 5606 5635 5634
f 5607 5608 5636
f 5607 5636 5635
f 5608 5609 5637
f 5608 5637 5636
f 5609 5610 5638
f 5609 5638 5637
f 5610 5611 5639
f 5610 5639 5638
f 5611 5612 5640
f 5611 5640 5639
f 5612 5613 5641
f 5612 5641 5640
f 5613 5614 5642
f 5613 5642 5641
f 5614 5615 5643
f 5614 5643 5642
f 5615 5616 5644
f 5615 5644 5643
f 5616 5617 5645
f 5616 5645 5644
f 5617 5618 5646
f 5617 5646 5645
f 5618 5619 5647
f 5618 5647 5646
f 5619 5620 5648
f 5619 5648 5647
f 5620 5621 5649
f 5620 5649 5648
f 5621 5622 5650
f 5621 5650 5649
f 5622 5623 5651
f 5622 5651 5650
f 5623 5624 5652
f 5623 5652 5651
f 5624 5625 5653
f 5624 5653 5652
f 5625 5626 5654
f 5625 5654 5653
f 5626 5627 5655
f 5626 5655 5654
f 5627 5628 5656
f 5627 5656 5655
f 5628 5629 5657
f 5628 5657 5656
f 5629 5630 5658
f 5629 5658 5657
f 5630 5631 5659
f 5630 5659 5658
f 5631 5632 5660
f 5631 5660 5659
f 5632 5633 5661
f 5632 5661 5660
f 5634 5635 5663
f 5634 5663 5662
f 5635 5636 5664
f 5635 5664 5663
f 5636 5637 5665
f 5636 5665 5664
f 5637 5638 5666
f 5637 5666 5665
f 5638 5639 5667
f 5638 5667 5666
f 5639 5640 5668
f 5639 5668 5667
f 5640 5641 5669
f 5640 5669 5668
f 5641 5642 5670
f 5641 5670 5669
f 5642 5643 5671
f 5642 5671 5670
f 5643 5644 5672
f 5643 5672 5671
f 5644 5645 5673
f 5644 5673 5672
f 5645 5646 5674
f 5645 5674 5673
f 5646 5647 5675
f 5646 5675 5674
f 5647 5648 5676
f 5647 5676 5675
f 5648 5649 5677
f 5648 5677 5676
f 5649 5650 5678
f 5649 5678 5677
f 5650 5651 5679
f 5650 5679 5678
f 5651 5652 5680
f 5651 5680 5679
f 5652 5653 5681
f 5652 5681 5680
f 5653 5654 5682
f 5653 5682 5681
f 5654 5655 5683
f 5654 5683 5682
f 5655 5656 5684
f 5655 5684 5683
f 5656 5657 5685
f 5656 5685 5684
f 5657 5658 5686
f 5657 5686 5685
f 5658 5659 5687
f 5658 5687 5686
f 5659 5660 5688
f 5659 5688 5687
f 5660 5661 5689
f 5660 5689 5688
f 5662 5663 5691
f 5662 5691 5690
f 5663 5664 5692
f 5663 5692 5691
f 5664 5665 5693
f 5664 5693 5692
f 5665 5666 5694
f 5665 5694 5693
f 5666 5667 5695
f 5666 5695 5694
f 5667 5668 5696
f 5667 5696 5695
f 5668 5669 5697
f 5668 5697 5696
f 5669 5670 5698
f 5669 5698 5697
f 5670 5671 5699
f 5670 5699 5698
f 5671 5672 5700
f 5671 5700 5699
f 5672 5673 5701
f 5672 5701 5700
f 5673 5674 5702
f 5673 5702 5701
f 5674 5675 5703
f 5674 5703 5702
f 5675 5676 5704
f 5675 5704 5703
f 5676 5677 5705
f 5676 5705 5704
f 5677 5678 5706
f 5677 5706 5705
f 5678 5679 5707
f 5678 5707 5706
f 5679 5680 5708
f 5679 5708 5707
f 5680 5681 5709
f 5680 5709 5708
f 5681 5682 5710
f 5681 5710 5709
f 5682 5683 5711
f 5682 5711 5710
f 5683 5684 5712
f 5683 5712 5711
f 5684 5685 5713
f 5684 5713 5712
f 5685 5686 5714
f 5685 5714 5713
f 5686 5687 5715
f 5686 5715 5714
f 5687 5688 5716
f 5687 5716 5715
f 5688 5689 5717
f 5688 5717 5716
f 5690 5691 5719
f 5690 5719 5718
f 5691 5692 5720
f 5691 5720 5719
f 5692 5693 5721
f 5692 5721 5720
f 5693 5694 5722
f 5693 5722 5721
f 5694 5695 5723
f 5694 5723 5722
f 5695 5696 5724
f 5695 5724 5723
f 5696 5697 5725
f 5696 5725 5724
f 5697 5698 5726
f 5697 5726 5725
f 5698 5699 5727
f 5698 5727 5726
f 5699 5700 5728
f 5699 5728 5727
f 5700 5701 5729
f 5700 5729 5728
f 5701 5702 5730
f 5701 5730 5729
f 5702 5703 5731
f 5702 5731 5730
f 5703 5704 5732
f 5703 5732 5731
f 5704 5705 5733
f 5704 5733 5732
f 5705 5706 5734
f 5705 5734 5733
f 5706 5707 5735
f 5706 5735 5734
f 5707 5708 5736
f 5707 5736 5735
f 5708 5709 5737
f 5708 5737 5736
f 5709 5710 5738
f 5709 5738 5737
f 5710 5711 5739
f 5710 5739 5738
f 5711 5712 5740
f 5711 5740 5739
f 5712 5713 5741
f 5712 5741 5740
f 5713 5714 5742
f 5713 5742 5741
f 5714 5715 5743
f 5714 5743 5742
f 5715 5716 5744
f 5715 5744 5743
f 5716 5717 5745
f 5716 5745 5744
f 5718 5719 5747
f 5718 5747 5746
f 5719 5720 5748
f 5719 5748 5747
f 5720 5721 5749
f 5720 5749 5748
f 5721 5722 5750
f 5721 5750 5749
f 5722 5723 5751
f 5722 5751 5750
f 5723 5724 5752
f 5723 5752 5751
f 5724 5725 5753
f 5724 5753 5752
f 5725 5726 5754
f 5725 5754 5753
f 5726 5727 5755
f 5726 5755 5754
f 5727 5728 5756
f 5727 5756 5755
f 5728 5729 5757
f 5728 5757 5756
f 5729 5730 5758
f 5729 5758 5757
f 5730 5731 5759
f 5730 5759 5758
f 5731 5732 5760
f 5731 5760 5759
f 5732 5733 5761
f 5732 5761 5760
f 5733 5734 5762
f 5733 5762 5761
f 5734 5735 5763
f 5734 5763 5762
f 5735 5736 5764
f 5735 5764 5763
f 5736 5737 5765
f 5736 5765 5764
f 5737 5738 5766
f 5737 5766 5765
f 5738 5739 5767
f 5738 5767 5766
f 5739 5740 5768
f 5739 5768 5767
f 5740 5741 5769
f 5740 5769 5768
f 5741 5742 5770
f 5741 5770 5769
f 5742 5743 5771
f 5742 5771 5770
f 5743 5744 5772
f 5743 5772 5771
f 5744 5745 5773
f 5744 5773 5772
f 5746 5747 5775
f 5746 5775 5774
f 5747 5748 5776
f 5747 5776 5775
f 5748 5749 5777
f 5748 5777 5776
f 5749 5750 5778
f 5749 5778 5777
f 5750 5751 5779
f 5750 5779 5778
f 5751 5752 5780
f 5751 5780 5779
f 5752 5753 5781
f 5752 5781 5780
f 5753 5754 5782
f 5753 5782 5781
f 5754 5755 5783
f 5754 5783 5782
f 5755 5756 5784
f 5755 5784 5783
f 5756 5757 5785
f 5756 5785 5784
f 5757 5758 5786
f 5757 5786 5785
f 5758 5759 5787
f 5758 5787 5786
f 5759 5760 5788
f 5759 5788 5787
f 5760 5761 5789
f 5760 5789 5788
f 5761 5762 5790
f 5761 5790 5789
f 5762 5763 5791
f 5762 5791 5790
f 5763 5764 5792
f 5763 5792 5791
f 5764 5765 5793
f 5764 5793 5792
f 5765 5766 5794
f 5765 5794 5793
f 5766 5767 5795
f 5766 5795 5794
f 5767 5768 5796
f 5767 5796 5795
f 5768 5769 5797
f 5768 5797 5796
f 5769 5770 5798
f 5769 5798 5797
f 5770 5771 5799
f 5770 5799 5798
f 5771 5772 5800
f 5771 5800 5799
f 5772 5773 5801
f 5772 5801 5800
f 5774 5775 5803
f 5774 5803 5802
f 5775 5776 5804
f 5775 5804 5803
f 5776 5777 5805
f 5776 5805 5804
f 5777 5778 5806
f 5777 5806 5805
f 5778 5779 5807
f 5778 5807 5806
f 5779 5780 5808
f 5779 5808 5807
f 5780 5781 5809
f 5780 5809 5808
f 5781 5782 5810
f 5781 5810 5809
f 5782 5783 5811
f 5782 5811 5810
f 5783 5784 5812
f 5783 5812 5811
f 5784 5785 5813
f 5784 5813 5812
f 5785 5786 5814
f 5785 5814 5813
f 5786 5787 5815
f 5786 5815 5814
f 5787 5788 5816
f 5787 5816 5815
f 5788 5789 5817
f 5788 5817 5816
f 5789 5790 5818
f 5789 5818 5817
f 5790 5791 5819
f 5790 5819 5818
f 5791 5792 5820
f 5791 5820 5819
f 5792 5793 5821
f 5792 5821 5820
f 5793 5794 5822
f 5793 5822 5821
f 5794 5795 5823
f 5794 5823 5822
f 5795 5796 5824
f 5795 5824 5823
f 5796 5797 5825
f 5796 5825 5824
f 5797 5798 5826
f 5797 5826 5825
f 5798 5799 5827
f 5798 5827 5826
f 5799 5800 5828
f 5799 5828 5827
f 5800 5801 5829
f 5800 5829 5828
f 5802 5803 5831
f 5802 5831 5830
f 5803 5804 5832
f 5803 5832 5831
f 5804 5805 5833
f 5804 5833 5832
f 5805 5806 5834
f 5805 5834 5833
f 5806 5807 5835
f 5806 5835 5834
f 5807 5808 5836
f 5807 5836 5835
f 5808 5809 5837
f 5808 5837 5836
f 5809 5810 5838
f 5809 5838 5837
f 5810 5811 5839
f 5810 5839 5838
f 5811 5812 5840
f 5811 5840 5839
f 5812 5813 5841
f 5812 5841 5840
f 5813 5814 5842
f 5813 5842 5841
f 5814 5815 5843
f 5814 5843 5842
f 5815 5816 5844
f 5815 5844 5843
f 5816 5817 5845
f 5816 5845 5844
f 5817 5818 5846
f 5817 5846 5845
f 5818 5819 5847
f 5818 5847 5846
f 5819 5820 5848
f 5819 5848 5847
f 5820 5821 5849
f 5820 5849 5848
f 5821 5822 5850
f 5821 5850 5849
f 5822 5823 5851
f 5822 5851 5850
f 5823 5824 5852
f 5823 5852 5851
f 5824 5825 5853
f 5824 5853 5852
f 5825 5826 5854
f 5825 5854 5853
f 5826 5827 5855
f 5826 5855 5854
f 5827 5828 5856
f 5827 5856 5855
f 5828 5829 5857
f 5828 5857 5856
f 5830 5831 5859
f 5830 5859 5858
f 5831 5832 5860
f 5831 5860 5859
f 5832 5833 5861
f 5832 5861 5860
f 5833 5834 5862
f 5833 5862 5861
f 5834 5835 5863
f 5834 5863 5862
f 5835 5836 5864
f 5835 5864 5863
f 5836 5837 5865
f 5836 5865 5864
f 5837 5838 5866
f 5837 5866 5865
f 5838 5839 5867
f 5838 5867 5866
f 5839 5840 5868
f 5839 5868 5867
f 5840 5841 5869
f 5840 5869 5868
f 5841 5842 5870
f 5841 5870 5869
f 5842 5843 5871
f 5842 5871 5870
f 5843 5844 5872
f 5843 5872 5871
f 5844 5845 5873
f 5844 5873 5872
f 5845 5846 5874
f 5845 5874 5873
f 5846 5847 5875
f 5846 5875 5874
f 5847 5848 5876
f 5847 5876 5875
f 5848 5849 5877
f 5848 5877 5876
f 5849 5850 5878
f 5849 5878 5877
f 5850 5851 5879
f 5850 5879 5878
f 5851 5852 5880
f 5851 5880 5879
f 5852 5853 5881
f 5852 5881 5880
f 5853 5854 5882
f 5853 5882 5881
f 5854 5855 5883
f 5854 5883 5882
f 5855 5856 5884
f 5855 5884 5883
f 5856 5857 5885
f 5856 5885 5884
f 5858 5859 5887
f 5858 5887 5886
f 5859 5860 5888
f 5859 5888 5887
f 5860 5861 5889
f 5860 5889 5888
f 5861 5862 5890
f 5861 5890 5889
f 5862 5863 5891
f 5862 5891 5890
f 5863 5864 5892
f 5863 5892 5891
f 5864 5865 5893
f 5864 5893 5892
f 5865 5866 5894
f 5865 5894 5893
f 5866 5867 5895
f 5866 5895 5894
f 5867 5868 5896
f 5867 5896 5895
f 5868 5869 5897
f 5868 5897 5896
f 5869 5870 5898
f 5869 5898 5897
f 5870 5871 5899
f 5870 5899 5898
f 5871 5872 5900
f 5871 5900 5899
f 5872 5873 5901
f 5872 5901 5900
f 5873 5874 5902
f 5873 5902 5901
f 5874 5875 5903
f 5874 5903 5902
f 5875 5876 5904
f 5875 5904 5903
f 5876 5877 5905
f 5876 5905 5904
f 5877 5878 5906
f 5877 5906 5905
f 5878 5879 5907
f 5878 5907 5906
f 5879 5880 5908
f 5879 5908 5907
f 5880 5881 5909
f 5880 5909 5908
f 5881 5882 5910
f 5881 5910 5909
f 5882 5883 5911
f 5882 5911 5910
f 5883 5884 5912
f 5883 5912 5911
f 5884 5885 5913
f 5884 5913 5912
f 5886 5887 5915
f 5886 5915 5914
f 5887 5888 5916
f 5887 5916 5915
f 5888 5889 5917
f 5888 5917 5916
f 5889 5890 5918
f 5889 5918 5917
f 5890 5891 5919
f 5890 5919 5918
f 5891 5892 5920
f 5891 5920 5919
f 5892 5893 5921
f 5892 5921 5920
f 5893 5894 5922
f 5893 5922 5921
f 5894 5895 5923
f 5894 5923 5922
f 5895 5896 5924
f 5895 5924 5923
f 5896 5897 5925
f 5896 5925 5924
f 5897 5898 5926
f 5897 5926 5925
f 5898 5899 5927
f 5898 5927 5926
f 5899 5900 5928
f 5899 5928 5927
f 5900 5901 5929
f 5900 5929 5928
f 5901 5902 5930
f 5901 5930 5929
f 5902 5903 5931
f 5902 5931 5930
f 5903 5904 5932
f 5903 5932 5931
f 5904 5905 5933
f 5904 5933 5932
f 5905 5906 5934
f 5905 5934 5933
f 5906 5907 5935
f 5906 5935 5934
f 5907 5908 5936
f 5907 5936 5935
f 5908 5909 5937
f 5908 5937 5936
f 5909 5910 5938
f 5909 5938 5937
f 5910 5911 5939
f 5910 5939 5938
f 5911 5912 5940
f 5911 5940 5939
f 5912 5913 5941
f 5912 5941 5940
f 5914 5915 5943
f 5914 5943 5942
f 5915 5916 5944
f 5915 5944 5943
f 5916 5917 5945
f 5916 5945 5944
f 5917 5918 5946
f 5917 5946 5945
f 5918 5919 5947
f 5918 5947 5946
f 5919 5920 5948
f 5919 5948 5947
f 5920 5921 5949
f 5920 5949 5948
f 5921 5922 5950
f 5921 5950 5949
f 5922 5923 5951
f 5922 5951 5950
f 5923 5924 5952
f 5923 5952 5951
f 5924 5925 5953
f 5924 5953 5952
f 5925 5926 5954
f 5925 5954 5953
f 5926 5927 5955
f 5926 5955 5954
f 5927 5928 5956
f 5927 5956 5955
f 5928 5929 5957
f 5928 5957 5956
f 5929 5930 5958
f 5929 5958 5957
f 5930 5931 5959
f 5930 5959 5958
f 5931 5932 5960
f 5931 5960 5959
f 5932 5933 5961
f 5932 5961 5960
f 5933 5934 5962
f 5933 5962 5961
f 5934 5935 5963
f 5934 5963 5962
f 5935 5936 5964
f 5935 5964 5963
f 5936 5937 5965
f 5936 5965 5964
f 5937 5938 5966
f 5937 5966 5965
f 5938 5939 5967
f 5938 5967 5966
f 5939 5940 5968
f 5939 5968 5967
f 5940 5941 5969
f 5940 5969 5968
f 5942 5943 5971
f 5942 5971 5970
f 5943 5944 5972
f 5943 5972 5971
f 5944 5945 5973
f 5944 5973 5972
f 5945 5946 5974
f 5945 5974 5973
f 5946 5947 5975
f 5946 5975 5974
f 5947 5948 5976
f 5947 5976 5975
f 5948 5949 5977
f 5948 5977 5976
f 5949 5950 5978
f 5949 5978 5977
f 5950 5951 5979
f 5950 5979 5978
f 5951 5952 5980
f 5951 5980 5979
f 5952 5953 5981
f 5952 5981 5980
f 5953 5954 5982
f 5953 5982 5981
f 5954 5955 5983
f 5954 5983 5982
f 5955 5956 5984
f 5955 5984 5983
f 5956 5957 5985
f 5956 5985 5984
f 5957 5958 5986
f 5957 5986 5985
f 5958 5959 5987
f 5958 5987 5986
f 5959 5960 5988
f 5959 5988 5987
f 5960 5961 5989
f 5960 5989 5988
f 5961 5962 5990
f 5961 5990 5989
f 5962 5963 5991
f 5962 5991 5990
f 5963 5964 5992
f 5963 5992 5991
f 5964 5965 5993
f 5964 5993 5992
f 5965 5966 5994
f 5965 5994 5993
f 5966 5967 5995
f 5966 5995 5994
f 5967 5968 5996
f 5967 5996 5995
f 5968 5969 5997
f 5968 5997 5996
f 5970 5971 5999
f 5970 5999 5998
f 5971 5972 6000
f 5971 6000 5999
f 5972 5973 6001
f 5972 6001 6000
f 5973 5974 6002
f 5973 6002 6001
f 5974 5975 6003
f 5974 6003 6002
f 5975 5976 6004
f 5975 6004 6003
f 5976 5977 6005
f 5976 6005 6004
f 5977 5978 6006
f 5977 6006 6005
f 5978 5979 6007
f 5978 6007 6006
f 5979 5980 6008
f 5979 6008 6007
f 5980 5981 6009
f 5980 6009 6008
f 5981 5982 6010
f 5981 6010 6009
f 5982 5983 6011
f 5982 6011 6010
f 5983 5984 6012
f 5983 6012 6011
f 5984 5985 6013
f 5984 6013 6012
f 5985 5986 6014
f 5985 6014 6013
f 5986 5987 6015
f 5986 6015 6014
f 5987 5988 6016
f 5987 6016 6015
f 5988 5989 6017
f 5988 6017 6016
f 5989 5990 6018
f 5989 6018 6017
f 5990 5991 6019
f 5990 6019 6018
f 5991 5992 6020
f 5991 6020 6019
f 5992 5993 6021
f 5992 6021 6020
f 5993 5994 6022
f 5993 6022 6021
f 5994 5995 6023
f 5994 6023 6022
f 5995 5996 6024
f 5995 6024 6023
f 5996 5997 6025
f 5996 6025 6024
f 5998 5999 6027
f 5998 6027 6026
f 5999 6000 6028
f 5999 6028 6027
f 6000 6001 6029
f 6000 6029 6028
f 6001 6002 6030
f 6001 6030 6029
f 6002 6003 6031
f 6002 6031 6030
f 6003 6004 6032
f 6003 6032 6031
f 6004 6005 6033
f 6004 6033 6032
f 6005 6006 6034
f 6005 6034 6033
f 6006 6007 6035
f 6006 6035 6034
f 6007 6008 6036
f 6007 6036 6035
f 6008 6009 6037
f 6008 6037 6036
f 6009 6010 6038
f 6009 6038 6037
f 6010 6011 6039
f 6010 6039 6038
f 6011 6012 6040
f 6011 6040 6039
f 6012 6013 6041
f 6012 6041 6040
f 6013 6014 6042
f 6013 6042 6041
f 6014 6015 6043
f 6014 6043 6042
f 6015 6016 6044
f 6015 6044 6043
f 6016 6017 6045
f 6016 6045 6044
f 6017 6018 6046
f 6017 6046 6045
f 6018 6019 6047
f 6018 6047 6046
f 6019 6020 6048
f 6019 6048 6047
f 6020 6021 6049
f 6020 6049 6048
f 6021 6022 6050
f 6021 6050 6049
f 6022 6023 6051
f 6022 6051 6050
f 6023 6024 6052
f 6023 6052 6051
f 6024 6025 6053
f 6024 6053 6052
f 6026 6027 6055
f 6026 6055 6054
f 6027 6028 6056
f 6027 6056 6055
f 6028 6029 6057
f 6028 6057 6056
f 6029 6030 6058
f 6029 6058 6057
f 6030 6031 6059
f 6030 6059 6058
f 6031 6032 6060
f 6031 6060 6059
f 6032 6033 6061
f 6032 6061 6060
f 6033 6034 6062
f 6033 6062 6061
f 6034 6035 6063
f 6034 6063 6062
f 6035 6036 6064
f 6035 6064 6063
f 6036 6037 6065
f 6036 6065 6064
f 6037 6038 6066
f 6037 6066 6065
f 6038 6039 6067
f 6038 6067 6066
f 6039 6040 6068
f 6039 6068 6067
f 6040 6041 6069
f 6040 6069 6068
f 6041 6042 6070
f 6041 6070 6069
f 6042 6043 6071
f 6042 6071 6070
f 6043 6044 6072
f 6043 6072 6071
f 6044 6045 6073
f 6044 6073 6072
f 6045 6046 6074
f 6045 6074 6073
f 6046 6047 6075
f 6046 6075 6074
f 6047 6048 6076
f 6047 6076 6075
f 6048 6049 6077
f 6048 6077 6076
f 6049 6050 6078
f 6049 6078 6077
f 6050 6051 6079
f 6050 6079 6078
f 6051 6052 6080
f 6051 6080 6079
f 6052 6053 6081
f 6052 6081 6080
f 6054 6055 6083
f 6054 6083 6082
f 6055 6056 6084
f 6055 6084 6083
f 6056 6057 6085
f 6056 6085 6084
f 6057 6058 6086
f 6057 6086 6085
f 6058 6059 6087
f 6058 6087 6086
f 6059 6060 6088
f 6059 6088 6087
f 6060 6061 6089
f 6060 6089 6088
f 6061 6062 6090
f 6061 6090 6089
f 6062 6063 6091
f 6062 6091 6090
f 6063 6064 6092
f 6063 6092 6091
f 6064 6065 6093
f 6064 6093 6092
f 6065 6066 6094
f 6065 6094 6093
f 6066 6067 6095
f 6066 6095 6094
f 6067 6068 6096
f 6067 6096 6095
f 6068 6069 6097
f 6068 6097 6096
f 6069 6070 6098
f 6069 6098 6097
f 6070 6071 6099
f 6070 6099 6098
f 6071 6072 6100
f 6071 6100 6099
f 6072 6073 6101
f 6072 6101 6100
f 6073 6074 6102
f 6073 6102 6101
f 6074 6075 6103
f 6074 6103 6102
f 6075 6076 6104
f 6075 6104 6103
f 6076 6077 6105
f 6076 6105 6104
f 6077 6078 6106
f 6077 6106 6105
f 6078 6079 6107
f 6078 6107 6106
f 6079 6080 6108
f 6079 6108 6107
f 6080 6081 6109
f 6080 6109 6108
f 6082 6083 5271
f 6082 5271 5270
f 6083 6084 5272
f 6083 5272 5271
f 6084 6085 5273
f 6084 5273 5272
f 6085 6086 5274
f 6085 5274 5273
f 6086 6087 5275
f 6086 5275 5274
f 6087 6088 5276
f 6087 5276 5275
f 6088 6089 5277
f 6088 5277 5276
f 6089 6090 5278
f 6089 5278 5277
f 6090 6091 5279
f 6090 5279 5278
f 6091 6092 5280
f 6091 5280 5279
f 6092 6093 5281
f 6092 5281 5280
f 6093 6094 5282
f 6093 5282 5281
f 6094 6095 5283
f 6094 5283 5282
f 6095 6096 5284
f 6095 5284 5283
f 6096 6097 5285
f 6096 5285 5284
f 6097 6098 5286
f 6097 5286 5285
f 6098 6099 5287
f 6098 5287 5286
f 6099 6100 5288
f 6099 5288 5287
f 6100 6101 5289
f 6100 5289 5288
f 6101 6102 5290
f 6101 5290 5289
f 6102 6103 5291
f 6102 5291 5290
f 6103 6104 5292
f 6103 5292 5291
f 6104 6105 5293
f 6104 5293 5292
f 6105 6106 5294
f 6105 5294 5293
f 6106 6107 5295
f 6106 5295 5294
f 6107 6108 5296
f 6107 5296 5295
f 6108 6109 5297
f 6108 5297 5296
f 6112 6140 6110
f 6140 6168 6110
f 6168 6196 6110
f 6196 6224 6110
f 6224 6252 6110
f 6252 6280 6110
f 6280 6308 6110
f 6308 6336 6110
f 6336 6364 6110
f 6364 6392 6110
f 6392 6420 6110
f 6420 6448 6110
f 6448 6476 6110
f 6476 6504 6110
f 6504 6532 6110
f 6532 6560 6110
f 6560 6588 6110
f 6588 6616 6110
f 6616 6644 6110
f 6644 6672 6110
f 6672 6700 6110
f 6700 6728 6110
f 6728 6756 6110
f 6756 6784 6110
f 6784 6812 6110
f 6812 6840 6110
f 6840 6868 6110
f 6868 6896 6110
f 6896 6924 6110
f 6924 6112 6110
f 6139 6111 6167
f 6167 6111 6195
f 6195 6111 6223
f 6223 6111 6251
f 6251 6111 6279
f 6279 6111 6307
f 6307 6111 6335
f 6335 6111 6363
f 6363 6111 6391
f 6391 6111 6419
f 6419 6111 6447
f 6447 6111 6475
f 6475 6111 6503
f 6503 6111 6531
f 6531 6111 6559
f 6559 6111 6587
f 6587 6111 6615
f 6615 6111 6643
f 6643 6111 6671
f 6671 6111 6699
f 6699 6111 6727
f 6727 6111 6755
f 6755 6111 6783
f 6783 6111 6811
f 6811 6111 6839
f 6839 6111 6867
f 6867 6111 6895
f 6895 6111 6923
f 6923 6111 6951
f 6951 6111 6139
f 6112 6113 6141
f 6112 6141 6140
f 6113 6114 6142
f 6113 6142 6141
f 6114 6115 6143
f 6114 6143 6142
f 6115 6116 6144
f 6115 6144 6143
f 6116 6117 6145
f 6116 6145 6144
f 6117 6118 6146
f 6117 6146 6145
f 6118 6119 6147
f 6118 6147 6146
f 6119 6120 6148
f 6119 6148 6147
f 6120 6121 6149
f 6120 6149 6148
f 6121 6122 6150
f 6121 6150 6149
f 6122 6123 6151
f 6122 6151 6150
f 6123 6124 6152
f 6123 6152 6151
f 6124 6125 6153
f 6124 6153 6152
f 6125 6126 6154
f 6125 6154 6153
f 6126 6127 6155
f 6126 6155 6154
f 6127 6128 6156
f 6127 6156 6155
f 6128 6129 6157
f 6128 6157 6156
f 6129 6130 6158
f 6129 6158 6157
f 6130 6131 6159
f 6130 6159 6158
f 6131 6132 6160
f 6131 6160 6159
f 6132 6133 6161
f 6132 6161 6160
f 6133 6134 6162
f 6133 6162 6161
f 6134 6135 6163
f 6134 6163 6162
f 6135 6136 6164
f 6135 6164 6163
f 6136 6137 6165
f 6136 6165 6164
f 6137 6138 6166
f 6137 6166 6165
f 6138 6139 6167
f 6138 6167 6166
f 6140 6141 6169
f 6140 6169 6168
f 6141 6142 6170
f 6141 6170 6169
f 6142 6143 6171
f 6142 6171 6170
f 6143 6144 6172
f 6143 6172 6171
f 6144 6145 6173
f 6144 6173 6172
f 6145 6146 6174
f 6145 6174 6173
f 6146 6147 6175
f 6146 6175 6174
f 6147 6148 6176
f 6147 6176 6175
f 6148 6149 6177
f 6148 6177 6176
f 6149 6150 6178
f 6149 6178 6177
f 6150 6151 6179
f 6150 6179 6178
f 6151 6152 6180
f 6151 6180 6179
f 6152 6153 6181
f 6152 6181 6180
f 6153 6154 6182
f 6153 6182 6181
f 6154 6155 6183
f 6154 6183 6182
f 6155 6156 6184
f 6155 6184 6183
f 6156 6157 6185
f 6156 6185 6184
f 6157 6158 6186
f 6157 6186 6185
f 6158 6159 6187
f 6158 6187 6186
f 6159 6160 6188
f 6159 6188 6187
f 6160 6161 6189
f 6160 6189 6188
f 6161 6162 6190
f 6161 6190 6189
f 6162 6163 6191
f 6162 6191 6190
f 6163 6164 6192
f 6163 6192 6191
f 6164 6165 6193
f 6164 6193 6192
f 6165 6166 6194
f 6165 6194 6193
f 6166 6167 6195
f 6166 6195 6194
f 6168 6169 6197
f 6168 6197 6196
f 6169 6170 6198
f 6169 6198 6197
f 6170 6171 6199
f 6170 6199 6198
f 6171 6172 6200
f 6171 6200 6199
f 6172 6173 6201
f 6172 6201 6200
f 6173 6174 6202
f 6173 6202 6201
f 6174 6175 6203
f 6174 6203 6202
f 6175 6176 6204
f 6175 6204 6203
f 6176 6177 6205
f 6176 6205 6204
f 6177 6178 6206
f 6177 6206 6205
f 6178 6179 6207
f 6178 6207 6206
f 6179 6180 6208
f 6179 6208 6207
f 6180 6181 6209
f 6180 6209 6208
f 6181 6182 6210
f 6181 6210 6209
f 6182 6183 6211
f 6182 6211 6210
f 6183 6184 6212
f 6183 6212 6211
f 6184 6185 6213
f 6184 6213 6212
f 6185 6186 6214
f 6185 6214 6213
f 6186 6187 6215
f 6186 6215 6214
f 6187 6188 6216
f 6187 6216 6215
f 6188 6189 6217
f 6188 6217 6216
f 6189 6190 6218
f 6189 6218 6217
f 6190 6191 6219
f 6190 6219 6218
f 6191 6192 6220
f 6191 6220 6219
f 6192 6193 6221
f 6192 6221 6220
f 6193 6194 6222
f 6193 6222 6221
f 6194 6195 6223
f 6194 6223 6222
f 6196 6197 6225
f 6196 6225 6224
f 6197 6198 6226
f 6197 6226 6225
f 6198 6199 6227
f 6198 6227 6226
f 6199 6200 6228
f 6199 6228 6227
f 6200 6201 6229
f 6200 6229 6228
f 6201 6202 6230
f 6201 6230 6229
f 6202 6203 6231
f 6202 6231 6230
f 6203 6204 6232
f 6203 6232 6231
f 6204 6205 6233
f 6204 6233 6232
f 6205 6206 6234
f 6205 6234 6233
f 6206 6207 6235
f 6206 6235 6234
f 6207 6208 6236
f 6207 6236 6235
f 6208 6209 6237
f 6208 6237 6236
f 6209 6210 6238
f 6209 6238 6237
f 6210 6211 6239
f 6210 6239 6238
f 6211 6212 6240
f 6211 6240 6239
f 6212 6213 6241
f 6212 6241 6240
f 6213 6214 6242
f 6213 6242 6241
f 6214 6215 6243
f 6214 6243 6242
f 6215 6216 6244
f 6215 6244 6243
f 6216 6217 6245
f 6216 6245 6244
f 6217 6218 6246
f 6217 6246 6245
f 6218 6219 6247
f 6218 6247 6246
f 6219 6220 6248
f 6219 6248 6247
f 6220 6221 6249
f 6220 6249 6248
f 6221 6222 6250
f 6221 6250 6249
f 6222 6223 6251
f 6222 6251 6250
f 6224 6225 6253
f 6224 6253 6252
f 6225 6226 6254
f 6225 6254 6253
f 6226 6227 6255
f 6226 6255 6254
f 6227 6228 6256
f 6227 6256 6255
f 6228 6229 6257
f 6228 6257 6256
f 6229 6230 6258
f 6229 6258 6257
f 6230 6231 6259
f 6230 6259 6258
f 6231 6232 6260
f 6231 6260 6259
f 6232 6233 6261
f 6232 6261 6260
f 6233 6234 6262
f 6233 6262 6261
f 6234 6235 6263
f 6234 6263 6262
f 6235 6236 6264
f 6235 6264 6263
f 6236 6237 6265
f 6236 6265 6264
f 6237 6238 6266
f 6237 6266 6265
f 6238 6239 6267
f 6238 6267 6266
f 6239 6240 6268
f 6239 6268 6267
f 6240 6241 6269
f 6240 6269 6268
f 6241 6242 6270
f 6241 6270 6269
f 6242 6243 6271
f 6242 6271 6270
f 6243 6244 6272
f 6243 6272 6271
f 6244 6245 6273
f 6244 6273 6272
f 6245 6246 6274
f 6245 6274 6273
f 6246 6247 6275
f 6246 6275 6274
f 6247 6248 6276
f 6247 6276 6275
f 6248 6249 6277
f 6248 6277 6276
f 6249 6250 6278
f 6249 6278 6277
f 6250 6251 6279
f 6250 6279 6278
f 6252 6253 6281
f 6252 6281 6280
f 6253 6254 6282
f 6253 6282 6281
f 6254 6255 6283
f 6254 6283 6282
f 6255 6256 6284
f 6255 6284 6283
f 6256 6257 6285
f 6256 6285 6284
f 6257 6258 6286
f 6257 6286 6285
f 6258 6259 6287
f 6258 6287 6286
f 6259 6260 6288
f 6259 6288 6287
f 6260 6261 6289
f 6260 6289 6288
f 6261 6262 6290
f 6261 6290 6289
f 6262 6263 6291
f 6262 6291 6290
f 6263 6264 6292
f 6263 6292 6291
f 6264 6265 6293
f 6264 6293 6292
f 6265 6266 6294
f 6265 6294 6293
f 6266 6267 6295
f 6266 6295 6294
f 6267 6268 6296
f 6267 6296 6295
f 6268 6269 6297
f 6268 6297 6296
f 6269 6270 6298
f 6269 6298 6297
f 6270 6271 6299
f 6270 6299 6298
f 6271 6272 6300
f 6271 6300 6299
f 6272 6273 6301
f 6272 6301 6300
f 6273 6274 6302
f 6273 6302 6301
f 6274 6275 6303
f 6274 6303 6302
f 6275 6276 6304
f 6275 6304 6303
f 6276 6277 6305
f 6276 6305 6304
f 6277 6278 6306
f 6277 6306 6305
f 6278 6279 6307
f 6278 6307 6306
f 6280 6281 6309
f 6280 6309 6308
f 6281 6282 6310
f 6281 6310 6309
f 6282 6283 6311
f 6282 6311 6310
f 6283 6284 6312
f 6283 6312 6311
f 6284 6285 6313
f 6284 6313 6312
f 6285 6286 6314
f 6285 6314 6313
f 6286 6287 6315
f 6286 6315 6314
f 6287 6288 6316
f 6287 6316 6315
f 6288 6289 6317
f 6288 6317 6316
f 6289 6290 6318
f 6289 6318 6317
f 6290 6291 6319
f 6290 6319 6318
f 6291 6292 6320
f 6291 6320 6319
f 6292 6293 6321
f 6292 6321 6320
f 6293 6294 6322
f 6293 6322 6321
f 6294 6295 6323
f 6294 6323 6322
f 6295 6296 6324
f 6295 6324 6323
f 6296 6297 6325
f 6296 6325 6324
f 6297 6298 6326
f 6297 6326 6325
f 6298 6299 6327
f 6298 6327 6326
f 6299 6300 6328
f 6299 6328 6327
f 6300 6301 6329
f 6300 6329 6328
f 6301 6302 6330
f 6301 6330 6329
f 6302 6303 6331
f 6302 6331 6330
f 6303 6304 6332
f 6303 6332 6331
f 6304 6305 6333
f 6304 6333 6332
f 6305 6306 6334
f 6305 6334 6333
f 6306 6307 6335
f 6306 6335 6334
f 6308 6309 6337
f 6308 6337 6336
f 6309 6310 6338
f 6309 6338 6337
f 6310 6311 6339
f 6310 6339 6338
f 6311 6312 6340
f 6311 6340 6339
f 6312 6313 6341
f 6312 6341 6340
f 6313 6314 6342
f 6313 6342 6341
f 6314 6315 6343
f 6314 6343 6342
f 6315 6316 6344
f 6315 6344 6343
f 6316 6317 6345
f 6316 6345 6344
f 6317 6318 6346
f 6317 6346 6345
f 6318 6319 6347
f 6318 6347 6346
f 6319 6320 6348
f 6319 6348 6347
f 6320 6321 6349
f 6320 6349 6348
f 6321 6322 6350
f 6321 6350 6349
f 6322 6323 6351
f 6322 6351 6350
f 6323 6324 6352
f 6323 6352 6351
f 6324 6325 6353
f 6324 6353 6352
f 6325 6326 6354
f 6325 6354 6353
f 6326 6327 6355
f 6326 6355 6354
f 6327 6328 6356
f 6327 6356 6355
f 6328 6329 6357
f 6328 6357 6356
f 6329 6330 6358
f 6329 6358 6357
f 6330 6331 6359
f 6330 6359 6358
f 6331 6332 6360
f 6331 6360 6359
f 6332 6333 6361
f 6332 6361 6360
f 6333 6334 6362
f 6333 6362 6361
f 6334 6335 6363
f 6334 6363 6362
f 6336 6337 6365
f 6336 6365 6364
f 6337 6338 6366
f 6337 6366 6365
f 6338 6339 6367
f 6338 6367 6366
f 6339 6340 6368
f 6339 6368 6367
f 6340 6341 6369
f 6340 6369 6368
f 6341 6342 6370
f 6341 6370 6369
f 6342 6343 6371
f 6342 6371 6370
f 6343 6344 6372
f 6343 6372 6371
f 6344 6345 6373
f 6344 6373 6372
f 6345 6346 6374
f 6345 6374 6373
f 6346 6347 6375
f 6346 6375 6374
f 6347 6348 6376
f 6347 6376 6375
f 6348 6349 6377
f 6348 6377 6376
f 6349 6350 6378
f 6349 6378 6377
f 6350 6351 6379
f 6350 6379 6378
f 6351 6352 6380
f 6351 6380 6379
f 6352 6353 6381
f 6352 6381 6380
f 6353 6354 6382
f 6353 6382 6381
f 6354 6355 6383
f 6354 6383 6382
f 6355 6356 6384
f 6355 6384 6383
f 6356 6357 6385
f 6356 6385 6384
f 6357 6358 6386
f 6357 6386 6385
f 6358 6359 6387
f 6358 6387 6386
f 6359 6360 6388
f 6359 6388 6387
f 6360 6361 6389
f 6360 6389 6388
f 6361 6362 6390
f 6361 6390 6389
f 6362 6363 6391
f 6362 6391 6390
f 6364 6365 6393
f 6364 6393 6392
f 6365 6366 6394
f 6365 6394 6393
f 6366 6367 6395
f 6366 6395 6394
f 6367 6368 6396
f 6367 6396 6395
f 6368 6369 6397
f 6368 6397 6396
f 6369 6370 6398
f 6369 6398 6397
f 6370 6371 6399
f 6370 6399 6398
f 6371 6372 6400
f 6371 6400 6399
f 6372 6373 6401
f 6372 6401 6400
f 6373 6374 6402
f 6373 6402 6401
f 6374 6375 6403
f 6374 6403 6402
f 6375 6376 6404
f 6375 6404 6403
f 6376 6377 6405
f 6376 6405 6404
f 6377 6378 6406
f 6377 6406 6405
f 6378 6379 6407
f 6378 6407 6406
f 6379 6380 6408
f 6379 6408 6407
f 6380 6381 6409
f 6380 6409 6408
f 6381 6382 6410
f 6381 6410 6409
f 6382 6383 6411
f 6382 6411 6410
f 6383 6384 6412
f 6383 6412 6411
f 6384 6385 6413
f 6384 6413 6412
f 6385 6386 6414
f 6385 6414 6413
f 6386 6387 6415
f 6386 6415 6414
f 6387 6388 6416
f 6387 6416 6415
f 6388 6389 6417
f 6388 6417 6416
f 6389 6390 6418
f 6389 6418 6417
f 6390 6391 6419
f 6390 6419 6418
f 6392 6393 6421
f 6392 6421 6420
f 6393 6394 6422
f 6393 6422 6421
f 6394 6395 6423
f 6394 6423 6422
f 6395 6396 6424
f 6395 6424 6423
f 6396 6397 6425
f 6396 6425 6424
f 6397 6398 6426
f 6397 6426 6425
f 6398 6399 6427
f 6398 6427 6426
f 6399 6400 6428
f 6399 6428 6427
f 6400 6401 6429
f 6400 6429 6428
f 6401 6402 6430
f 6401 6430 6429
f 6402 6403 6431
f 6402 6431 6430
f 6403 6404 6432
f 6403 6432 6431
f 6404 6405 6433
f 6404 6433 6432
f 6405 6406 6434
f 6405 6434 6433
f 6406 6407 6435
f 6406 6435 6434
f 6407 6408 6436
f 6407 6436 6435
f 6408 6409 6437
f 6408 6437 6436
f 6409 6410 6438
f 6409 6438 6437
f 6410 6411 6439
f 6410 6439 6438
f 6411 6412 6440
f 6411 6440 6439
f 6412 6413 6441
f 6412 6441 6440
f 6413 6414 6442
f 6413 6442 6441
f 6414 6415 6443
f 6414 6443 6442
f 6415 6416 6444
f 6415 6444 6443
f 6416 6417 6445
f 6416 6445 6444
f 6417 6418 6446
f 6417 6446 6445
f 6418 6419 6447
f 6418 6447 6446
f 6420 6421 6449
f 6420 6449 6448
f 6421 6422 6450
f 6421 6450 6449
f 6422 6423 6451
f 6422 6451 6450
f 6423 6424 6452
f 6423 6452 6451
f 6424 6425 6453
f 6424 6453 6452
f 6425 6426 6454
f 6425 6454 6453
f 6426 6427 6455
f 6426 6455 6454
f 6427 6428 6456
f 6427 6456 6455
f 6428 6429 6457
f 6428 6457 6456
f 6429 6430 6458
f 6429 6458 6457
f 6430 6431 6459
f 6430 6459 6458
f 6431 6432 6460
f 6431 6460 6459
f 6432 6433 6461
f 6432 6461 6460
f 6433 6434 6462
f 6433 6462 6461
f 6434 6435 6463
f 6434 6463 6462
f 6435 6436 6464
f 6435 6464 6463
f 6436 6437 6465
f 6436 6465 6464
f 6437 6438 6466
f 6437 6466 6465
f 6438 6439 6467
f 6438 6467 6466
f 6439 6440 6468
f 6439 6468 6467
f 6440 6441 6469
f 6440 6469 6468
f 6441 6442 6470
f 6441 6470 6469
f 6442 6443 6471
f 6442 6471 6470
f 6443 6444 6472
f 6443 6472 6471
f 6444 6445 6473
f 6444 6473 6472
f 6445 6446 6474
f 6445 6474 6473
f 6446 6447 6475
f 6446 6475 6474
f 6448 6449 6477
f 6448 6477 6476
f 6449 6450 6478
f 6449 6478 6477
f 6450 6451 6479
f 6450 6479 6478
f 6451 6452 6480
f 6451 6480 6479
f 6452 6453 6481
f 6452 6481 6480
f 6453 6454 6482
f 6453 6482 6481
f 6454 6455 6483
f 6454 6483 6482
f 6455 6456 6484
f 6455 6484 6483
f 6456 6457 6485
f 6456 6485 6484
f 6457 6458 6486
f 6457 6486 6485
f 6458 6459 6487
f 6458 6487 6486
f 6459 6460 6488
f 6459 6488 6487
f 6460 6461 6489
f 6460 6489 6488
f 6461 6462 6490
f 6461 6490 6489
f 6462 6463 6491
f 6462 6491 6490
f 6463 6464 6492
f 6463 6492 6491
f 6464 6465 6493
f 6464 6493 6492
f 6465 6466 6494
f 6465 6494 6493
f 6466 6467 6495
f 6466 6495 6494
f 6467 6468 6496
f 6467 6496 6495
f 6468 6469 6497
f 6468 6497 6496
f 6469 6470 6498
f 6469 6498 6497
f 6470 6471 6499
f 6470 6499 6498
f 6471 6472 6500
f 6471 6500 6499
f 6472 6473 6501
f 6472 6501 6500
f 6473 6474 6502
f 6473 6502 6501
f 6474 6475 6503
f 6474 6503 6502
f 6476 6477 6505
f 6476 6505 6504
f 6477 6478 6506
f 6477 6506 6505
f 6478 6479 6507
f 6478 6507 6506
f 6479 6480 6508
f 6479 6508 6507
f 6480 6481 6509
f 6480 6509 6508
f 6481 6482 6510
f 6481 6510 6509
f 6482 6483 6511
f 6482 6511 6510
f 6483 6484 6512
f 6483 6512 6511
f 6484 6485 6513
f 6484 6513 6512
f 6485 6486 6514
f 6485 6514 6513
f 6486 6487 6515
f 6486 6515 6514
f 6487 6488 6516
f 6487 6516 6515
f 6488 6489 6517
f 6488 6517 6516
f 6489 6490 6518
f 6489 6518 6517
f 6490 6491 6519
f 6490 6519 6518
f 6491 6492 6520
f 6491 6520 6519
f 6492 6493 6521
f 6492 6521 6520
f 6493 6494 6522
f 6493 6522 6521
f 6494 6495 6523
f 6494 6523 6522
f 6495 6496 6524
f 6495 6524 6523
f 6496 6497 6525
f 6496 6525 6524
f 6497 6498 6526
f 6497 6526 6525
f 6498 6499 6527
f 6498 6527 6526
f 6499 6500 6528
f 6499 6528 6527
f 6500 6501 6529
f 6500 6529 6528
f 6501 6502 6530
f 6501 6530 6529
f 6502 6503 6531
f 6502 6531 6530
f 6504 6505 6533
f 6504 6533 6532
f 6505 6506 6534
f 6505 6534 6533
f 6506 6507 6535
f 6506 6535 6534
f 6507 6508 6536
f 6507 6536 6535
f 6508 6509 6537
f 6508 6537 6536
f 6509 6510 6538
f 6509 6538 6537
f 6510 6511 6539
f 6510 6539 6538
f 6511 6512 6540
f 6511 6540 6539
f 6512 6513 6541
f 6512 6541 6540
f 6513 6514 6542
f 6513 6542 6541
f 6514 6515 6543
f 6514 6543 6542
f 6515 6516 6544
f 6515 6544 6543
f 6516 6517 6545
f 6516 6545 6544
f 6517 6518 6546
f 6517 6546 6545
f 6518 6519 6547
f 6518 6547 6546
f 6519 6520 6548
f 6519 6548 6547
f 6520 6521 6549
f 6520 6549 6548
f 6521 6522 6550
f 6521 6550 6549
f 6522 6523 6551
f 6522 6551 6550
f 6523 6524 6552
f 6523 6552 6551
f 6524 6525 6553
f 6524 6553 6552
f 6525 6526 6554
f 6525 6554 6553
f 6526 6527 6555
f 6526 6555 6554
f 6527 6528 6556
f 6527 6556 6555
f 6528 6529 6557
f 6528 6557 6556
f 6529 6530 6558
f 6529 6558 6557
f 6530 6531 6559
f 6530 6559 6558
f 6532 6533 6561
f 6532 6561 6560
f 6533 6534 6562
f 6533 6562 6561
f 6534 6535 6563
f 6534 6563 6562
f 6535 6536 6564
f 6535 6564 6563
f 6536 6537 6565
f 6536 6565 6564
f 6537 6538 6566
f 6537 6566 6565
f 6538 6539 6567
f 6538 6567 6566
f 6539 6540 6568
f 6539 6568 6567
f 6540 6541 6569
f 6540 6569 6568
f 6541 6542 6570
f 6541 6570 6569
f 6542 6543 6571
f 6542 6571 6570
f 6543 6544 6572
f 6543 6572 6571
f 6544 6545 6573
f 6544 6573 6572
f 6545 6546 6574
f 6545 6574 6573
f 6546 6547 6575
f 6546 6575 6574
f 6547 6548 6576
f 6547 6576 6575
f 6548 6549 6577
f 6548 6577 6576
f 6549 6550 6578
f 6549 6578 6577
f 6550 6551 6579
f 6550 6579 6578
f 6551 6552 6580
f 6551 6580 6579
f 6552 6553 6581
f 6552 6581 6580
f 6553 6554 6582
f 6553 6582 6581
f 6554 6555 6583
f 6554 6583 6582
f 6555 6556 6584
f 6555 6584 6583
f 6556 6557 6585
f 6556 6585 6584
f 6557 6558 6586
f 6557 6586 6585
f 6558 6559 6587
f 6558 6587 6586
f 6560 6561 6589
f 6560 6589 6588
f 6561 6562 6590
f 6561 6590 6589
f 6562 6563 6591
f 6562 6591 6590
f 6563 6564 6592
f 6563 6592 6591
f 6564 6565 6593
f 6564 6593 6592
f 6565 6566 6594
f 6565 6594 6593
f 6566 6567 6595
f 6566 6595 6594
f 6567 6568 6596
f 6567 6596 6595
f 6568 6569 6597
f 6568 6597 6596
f 6569 6570 6598
f 6569 6598 6597
f 6570 6571 6599
f 6570 6599 6598
f 6571 6572 6600
f 6571 6600 6599
f 6572 6573 6601
f 6572 6601 6600
f 6573 6574 6602
f 6573 6602 6601
f 6574 6575 6603
f 6574 6603 6602
f 6575 6576 6604
f 6575 6604 6603
f 6576 6577 6605
f 6576 6605 6604
f 6577 6578 6606
f 6577 6606 6605
f 6578 6579 6607
f 6578 6607 6606
f 6579 6580 6608
f 6579 6608 6607
f 6580 6581 6609
f 6580 6609 6608
f 6581 6582 6610
f 6581 6610 6609
f 6582 6583 6611
f 6582 6611 6610
f 6583 6584 6612
f 6583 6612 6611
f 6584 6585 6613
f 6584 6613 6612
f 6585 6586 6614
f 6585 6614 6613
f 6586 6587 6615
f 6586 6615 6614
f 6588 6589 6617
f 6588 6617 6616
f 6589 6590 6618
f 6589 6618 6617
f 6590 6591 6619
f 6590 6619 6618
f 6591 6592 6620
f 6591 6620 6619
f 6592 6593 6621
f 6592 6621 6620
f 6593 6594 6622
f 6593 6622 6621
f 6594 6595 6623
f 6594 6623 6622
f 6595 6596 6624
f 6595 6624 6623
f 6596 6597 6625
f 6596 6625 6624
f 6597 6598 6626
f 6597 6626 6625
f 6598 6599 6627
f 6598 6627 6626
f 6599 6600 6628
f 6599 6628 6627
f 6600 6601 6629
f 6600 6629 6628
f 6601 6602 6630
f 6601 6630 6629
f 6602 6603 6631
f 6602 6631 6630
f 6603 6604 6632
f 6603 6632 6631
f 6604 6605 6633
f 6604 6633 6632
f 6605 6606 6634
f 6605 6634 6633
f 6606 6607 6635
f 6606 6635 6634
f 6607 6608 6636
f 6607 6636 6635
f 6608 6609 6637
f 6608 6637 6636
f 6609 6610 6638
f 6609 6638 6637
f 6610 6611 6639
f 6610 6639 6638
f 6611 6612 6640
f 6611 6640 6639
f 6612 6613 6641
f 6612 6641 6640
f 6613 6614 6642
f 6613 6642 6641
f 6614 6615 6643
f 6614 6643 6642
f 6616 6617 6645
f 6616 6645 6644
f 6617 6618 6646
f 6617 6646 6645
f 6618 6619 6647
f 6618 6647 6646
f 6619 6620 6648
f 6619 6648 6647
f 6620 6621 6649
f 6620 6649 6648
f 6621 6622 6650
f 6621 6650 6649
f 6622 6623 6651
f 6622 6651 6650
f 6623 6624 6652
f 6623 6652 6651
f 6624 6625 6653
f 6624 6653 6652
f 6625 6626 6654
f 6625 6654 6653
f 6626 6627 6655
f 6626 6655 6654
f 6627 6628 6656
f 6627 6656 6655
f 6628 6629 6657
f 6628 6657 6656
f 6629 6630 6658
f 6629 6658 6657
f 6630 6631 6659
f 6630 6659 6658
f 6631 6632 6660
f 6631 6660 6659
f 6632 6633 6661
f 6632 6661 6660
f 6633 6634 6662
f 6633 6662 6661
f 6634 6635 6663
f 6634 6663 6662
f 6635 6636 6664
f 6635 6664 6663
f 6636 6637 6665
f 6636 6665 6664
f 6637 6638 6666
f 6637 6666 6665
f 6638 6639 6667
f 6638 6667 6666
f 6639 6640 6668
f 6639 6668 6667
f 6640 6641 6669
f 6640 6669 6668
f 6641 6642 6670
f 6641 6670 6669
f 6642 6643 6671
f 6642 6671 6670
f 6644 6645 6673
f 6644 6673 6672
f 6645 6646 6674
f 6645 6674 6673
f 6646 6647 6675
f 6646 6675 6674
f 6647 6648 6676
f 6647 6676 6675
f 6648 6649 6677
f 6648 6677 6676
f 6649 6650 6678
f 6649 6678 6677
f 6650 6651 6679
f 6650 6679 6678
f 6651 6652 6680
f 6651 6680 6679
f 6652 6653 6681
f 6652 6681 6680
f 6653 6654 6682
f 6653 6682 6681
f 6654 6655 6683
f 6654 6683 6682
f 6655 6656 6684
f 6655 6684 6683
f 6656 6657 6685
f 6656 6685 6684
f 6657 6658 6686
f 6657 6686 6685
f 6658 6659 6687
f 6658 6687 6686
f 6659 6660 6688
f 6659 6688 6687
f 6660 6661 6689
f 6660 6689 6688
f 6661 6662 6690
f 6661 6690 6689
f 6662 6663 6691
f 6662 6691 6690
f 6663 6664 6692
f 6663 6692 6691
f 6664 6665 6693
f 6664 6693 6692
f 6665 6666 6694
f 6665 6694 6693
f 6666 6667 6695
f 6666 6695 6694
f 6667 6668 6696
f 6667 6696 6695
f 6668 6669 6697
f 6668 6697 6696
f 6669 6670 6698
f 6669 6698 6697
f 6670 6671 6699
f 6670 6699 6698
f 6672 6673 6701
f 6672 6701 6700
f 6673 6674 6702
f 6673 6702 6701
f 6674 6675 6703
f 6674 6703 6702
f 6675 6676 6704
f 6675 6704 6703
f 6676 6677 6705
f 6676 6705 6704
f 6677 6678 6706
f 6677 6706 6705
f 6678 6679 6707
f 6678 6707 6706
f 6679 6680 6708
f 6679 6708 6707
f 6680 6681 6709
f 6680 6709 6708
f 6681 6682 6710
f 6681 6710 6709
f 6682 6683 6711
f 6682 6711 6710
f 6683 6684 6712
f 6683 6712 6711
f 6684 6685 6713
f 6684 6713 6712
f 6685 6686 6714
f 6685 6714 6713
f 6686 6687 6715
f 6686 6715 6714
f 6687 6688 6716
f 6687 6716 6715
f 6688 6689 6717
f 6688 6717 6716
f 6689 6690 6718
f 6689 6718 6717
f 6690 6691 6719
f 6690 6719 6718
f 6691 6692 6720
f 6691 6720 6719
f 6692 6693 6721
f 6692 6721 6720
f 6693 6694 6722
f 6693 6722 6721
f 6694 6695 6723
f 6694 6723 6722
f 6695 6696 6724
f 6695 6724 6723
f 6696 6697 6725
f 6696 6725 6724
f 6697 6698 6726
f 6697 6726 6725
f 6698 6699 6727
f 6698 6727 6726
f 6700 6701 6729
f 6700 6729 6728
f 6701 6702 6730
f 6701 6730 6729
f 6702 6703 6731
f 6702 6731 6730
f 6703 6704 6732
f 6703 6732 6731
f 6704 6705 6733
f 6704 6733 6732
f 6705 6706 6734
f 6705 6734 6733
f 6706 6707 6735
f 6706 6735 6734
f 6707 6708 6736
f 6707 6736 6735
f 6708 6709 6737
f 6708 6737 6736
f 6709 6710 6738
f 6709 6738 6737
f 6710 6711 6739
f 6710 6739 6738
f 6711 6712 6740
f 6711 6740 6739
f 6712 6713 6741
f 6712 6741 6740
f 6713 6714 6742
f 6713 6742 6741
f 6714 6715 6743
f 6714 6743 6742
f 6715 6716 6744
f 6715 6744 6743
f 6716 6717 6745
f 6716 6745 6744
f 6717 6718 6746
f 6717 6746 6745
f 6718 6719 6747
f 6718 6747 6746
f 6719 6720 6748
f 6719 6748 6747
f 6720 6721 6749
f 6720 6749 6748
f 6721 6722 6750
f 6721 6750 6749
f 6722 6723 6751
f 6722 6751 6750
f 6723 6724 6752
f 6723 6752 6751
f 6724 6725 6753
f 6724 6753 6752
f 6725 6726 6754
f 6725 6754 6753
f 6726 6727 6755
f 6726 6755 6754
f 6728 6729 6757
f 6728 6757 6756
f 6729 6730 6758
f 6729 6758 6757
f 6730 6731 6759
f 6730 6759 6758
f 6731 6732 6760
f 6731 6760 6759
f 6732 6733 6761
f 6732 6761 6760
f 6733 6734 6762
f 6733 6762 6761
f 6734 6735 6763
f 6734 6763 6762
f 6735 6736 6764
f 6735 6764 6763
f 6736 6737 6765
f 6736 6765 6764
f 6737 6738 6766
f 6737 6766 6765
f 6738 6739 6767
f 6738 6767 6766
f 6739 6740 6768
f 6739 6768 6767
f 6740 6741 6769
f 6740 6769 6768
f 6741 6742 6770
f 6741 6770 6769
f 6742 6743 6771
f 6742 6771 6770
f 6743 6744 6772
f 6743 6772 6771
f 6744 6745 6773
f 6744 6773 6772
f 6745 6746 6774
f 6745 6774 6773
f 6746 6747 6775
f 6746 6775 6774
f 6747 6748 6776
f 6747 6776 6775
f 6748 6749 6777
f 6748 6777 6776
f 6749 6750 6778
f 6749 6778 6777
f 6750 6751 6779
f 6750 6779 6778
f 6751 6752 6780
f 6751 6780 6779
f 6752 6753 6781
f 6752 6781 6780
f 6753 6754 6782
f 6753 6782 6781
f 6754 6755 6783
f 6754 6783 6782
f 6756 6757 6785
f 6756 6785 6784
f 6757 6758 6786
f 6757 6786 6785
f 6758 6759 6787
f 6758 6787 6786
f 6759 6760 6788
f 6759 6788 6787
f 6760 6761 6789
f 6760 6789 6788
f 6761 6762 6790
f 6761 6790 6789
f 6762 6763 6791
f 6762 6791 6790
f 6763 6764 6792
f 6763 6792 6791
f 6764 6765 6793
f 6764 6793 6792
f 6765 6766 6794
f 6765 6794 6793
f 6766 6767 6795
f 6766 6795 6794
f 6767 6768 6796
f 6767 6796 6795
f 6768 6769 6797
f 6768 6797 6796
f 6769 6770 6798
f 6769 6798 6797
f 6770 6771 6799
f 6770 6799 6798
f 6771 6772 6800
f 6771 6800 6799
f 6772 6773 6801
f 6772 6801 6800
f 6773 6774 6802
f 6773 6802 6801
f 6774 6775 6803
f 6774 6803 6802
f 6775 6776 6804
f 6775 6804 6803
f 6776 6777 6805
f 6776 6805 6804
f 6777 6778 6806
f 6777 6806 6805
f 6778 6779 6807
f 6778 6807 6806
f 6779 6780 6808
f 6779 6808 6807
f 6780 6781 6809
f 6780 6809 6808
f 6781 6782 6810
f 6781 6810 6809
f 6782 6783 6811
f 6782 6811 6810
f 6784 6785 6813
f 6784 6813 6812
f 6785 6786 6814
f 6785 6814 6813
f 6786 6787 6815
f 6786 6815 6814
f 6787 6788 6816
f 6787 6816 6815
f 6788 6789 6817
f 6788 6817 6816
f 6789 6790 6818
f 6789 6818 6817
f 6790 6791 6819
f 6790 6819 6818
f 6791 6792 6820
f 6791 6820 6819
f 6792 6793 6821
f 6792 6821 6820
f 6793 6794 6822
f 6793 6822 6821
f 6794 6795 6823
f 6794 6823 6822
f 6795 6796 6824
f 6795 6824 6823
f 6796 6797 6825
f 6796 6825 6824
f 6797 6798 6826
f 6797 6826 6825
f 6798 6799 6827
f 6798 6827 6826
f 6799 6800 6828
f 6799 6828 6827
f 6800 6801 6829
f 6800 6829 6828
f 6801 6802 6830
f 6801 6830 6829
f 6802 6803 6831
f 6802 6831 6830
f 6803 6804 6832
f 6803 6832 6831
f 6804 6805 6833
f 6804 6833 6832
f 6805 6806 6834
f 6805 6834 6833
f 6806 6807 6835
f 6806 6835 6834
f 6807 6808 6836
f 6807 6836 6835
f 6808 6809 6837
f 6808 6837 6836
f 6809 6810 6838
f 6809 6838 6837
f 6810 6811 6839
f 6810 6839 6838
f 6812 6813 6841
f 6812 6841 6840
f 6813 6814 6842
f 6813 6842 6841
f 6814 6815 6843
f 6814 6843 6842
f 6815 6816 6844
f 6815 6844 6843
f 6816 6817 6845
f 6816 6845 6844
f 6817 6818 6846
f 6817 6846 6845
f 6818 6819 6847
f 6818 6847 6846
f 6819 6820 6848
f 6819 6848 6847
f 6820 6821 6849
f 6820 6849 6848
f 6821 6822 6850
f 6821 6850 6849
f 6822 6823 6851
f 6822 6851 6850
f 6823 6824 6852
f 6823 6852 6851
f 6824 6825 6853
f 6824 6853 6852
f 6825 6826 6854
f 6825 6854 6853
f 6826 6827 6855
f 6826 6855 6854
f 6827 6828 6856
f 6827 6856 6855
f 6828 6829 6857
f 6828 6857 6856
f 6829 6830 6858
f 6829 6858 6857
f 6830 6831 6859
f 6830 6859 6858
f 6831 6832 6860
f 6831 6860 6859
f 6832 6833 6861
f 6832 6861 6860
f 6833 6834 6862
f 6833 6862 6861
f 6834 6835 6863
f 6834 6863 6862
f 6835 6836 6864
f 6835 6864 6863
f 6836 6837 6865
f 6836 6865 6864
f 6837 6838 6866
f 6837 6866 6865
f 6838 6839 6867
f 6838 6867 6866
f 6840 6841 6869
f 6840 6869 6868
f 6841 6842 6870
f 6841 6870 6869
f 6842 6843 6871
f 6842 6871 6870
f 6843 6844 6872
f 6843 6872 6871
f 6844 6845 6873
f 6844 6873 6872
f 6845 6846 6874
f 6845 6874 6873
f 6846 6847 6875
f 6846 6875 6874
f 6847 6848 6876
f 6847 6876 6875
f 6848 6849 6877
f 6848 6877 6876
f 6849 6850 6878
f 6849 6878 6877
f 6850 6851 6879
f 6850 6879 6878
f 6851 6852 6880
f 6851 6880 6879
f 6852 6853 6881
f 6852 6881 6880
f 6853 6854 6882
f 6853 6882 6881
f 6854 6855 6883
f 6854 6883 6882
f 6855 6856 6884
f 6855 6884 6883
f 6856 6857 6885
f 6856 6885 6884
f 6857 6858 6886
f 6857 6886 6885
f 6858 6859 6887
f 6858 6887 6886
f 6859 6860 6888
f 6859 6888 6887
f 6860 6861 6889
f 6860 6889 6888
f 6861 6862 6890
f 6861 6890 6889
f 6862 6863 6891
f 6862 6891 6890
f 6863 6864 6892
f 6863 6892 6891
f 6864 6865 6893
f 6864 6893 6892
f 6865 6866 6894
f 6865 6894 6893
f 6866 6867 6895
f 6866 6895 6894
f 6868 6869 6897
f 6868 6897 6896
f 6869 6870 6898
f 6869 6898 6897
f 6870 6871 6899
f 6870 6899 6898
f 6871 6872 6900
f 6871 6900 6899
f 6872 6873 6901
f 6872 6901 6900
f 6873 6874 6902
f 6873 6902 6901
f 6874 6875 6903
f 6874 6903 6902
f 6875 6876 6904
f 6875 6904 6903
f 6876 6877 6905
f 6876 6905 6904
f 6877 6878 6906
f 6877 6906 6905
f 6878 6879 6907
f 6878 6907 6906
f 6879 6880 6908
f 6879 6908 6907
f 6880 6881 6909
f 6880 6909 6908
f 6881 6882 6910
f 6881 6910 6909
f 6882 6883 6911
f 6882 6911 6910
f 6883 6884 6912
f 6883 6912 6911
f 6884 6885 6913
f 6884 6913 6912
f 6885 6886 6914
f 6885 6914 6913
f 6886 6887 6915
f 6886 6915 6914
f 6887 6888 6916
f 6887 6916 6915
f 6888 6889 6917
f 6888 6917 6916
f 6889 6890 6918
f 6889 6918 6917
f 6890 6891 6919
f 6890 6919 6918
f 6891 6892 6920
f 6891 6920 6919
f 6892 6893 6921
f 6892 6921 6920
f 6893 6894 6922
f 6893 6922 6921
f 6894 6895 6923
f 6894 6923 6922
f 6896 6897 6925
f 6896 6925 6924
f 6897 6898 6926
f 6897 6926 6925
f 6898 6899 6927
f 6898 6927 6926
f 6899 6900 6928
f 6899 6928 6927
f 6900 6901 6929
f 6900 6929 6928
f 6901 6902 6930
f 6901 6930 6929
f 6902 6903 6931
f 6902 6931 6930
f 6903 6904 6932
f 6903 6932 6931
f 6904 6905 6933
f 6904 6933 6932
f 6905 6906 6934
f 6905 6934 6933
f 6906 6907 6935
f 6906 6935 6934
f 6907 6908 6936
f 6907 6936 6935
f 6908 6909 6937
f 6908 6937 6936
f 6909 6910 6938
f 6909 6938 6937
f 6910 6911 6939
f 6910 6939 6938
f 6911 6912 6940
f 6911 6940 6939
f 6912 6913 6941
f 6912 6941 6940
f 6913 6914 6942
f 6913 6942 6941
f 6914 6915 6943
f 6914 6943 6942
f 6915 6916 6944
f 6915 6944 6943
f 6916 6917 6945
f 6916 6945 6944
f 6917 6918 6946
f 6917 6946 6945
f 6918 6919 6947
f 6918 6947 6946
f 6919 6920 6948
f 6919 6948 6947
f 6920 6921 6949
f 6920 6949 6948
f 6921 6922 6950
f 6921 6950 6949
f 6922 6923 6951
f 6922 6951 6950
f 6924 6925 6113
f 6924 6113 6112
f 6925 6926 6114
f 6925 6114 6113
f 6926 6927 6115
f 6926 6115 6114
f 6927 6928 6116
f 6927 6116 6115
f 6928 6929 6117
f 6928 6117 6116
f 6929 6930 6118
f 6929 6118 6117
f 6930 6931 6119
f 6930 6119 6118
f 6931 6932 6120
f 6931 6120 6119
f 6932 6933 6121
f 6932 6121 6120
f 6933 6934 6122
f 6933 6122 6121
f 6934 6935 6123
f 6934 6123 6122
f 6935 6936 6124
f 6935 6124 6123
f 6936 6937 6125
f 6936 6125 6124
f 6937 6938 6126
f 6937 6126 6125
f 6938 6939 6127
f 6938 6127 6126
f 6939 6940 6128
f 6939 6128 6127
f 6940 6941 6129
f 6940 6129 6128
f 6941 6942 6130
f 6941 6130 6129
f 6942 6943 6131
f 6942 6131 6130
f 6943 6944 6132
f 6943 6132 6131
f 6944 6945 6133
f 6944 6133 6132
f 6945 6946 6134
f 6945 6134 6133
f 6946 6947 6135
f 6946 6135 6134
f 6947 6948 6136
f 6947 6136 6135
f 6948 6949 6137
f 6948 6137 6136
f 6949 6950 6138
f 6949 6138 6137
f 6950 6951 6139
f 6950 6139 6138
f 6954 6982 6952
f 6982 7010 6952
f 7010 7038 6952
f 7038 7066 6952
f 7066 7094 6952
f 7094 7122 6952
f 7122 7150 6952
f 7150 7178 6952
f 7178 7206 6952
f 7206 7234 6952
f 7234 7262 6952
f 7262 7290 6952
f 7290 7318 6952
f 7318 7346 6952
f 7346 7374 6952
f 7374 7402 6952
f 7402 7430 6952
f 7430 7458 6952
f 7458 7486 6952
f 7486 7514 6952
f 7514 7542 6952
f 7542 7570 6952
f 7570 7598 6952
f 7598 7626 6952
f 7626 7654 6952
f 7654 7682 6952
f 7682 7710 6952
f 7710 7738 6952
f 7738 7766 6952
f 7766 6954 6952
f 6981 6953 7009
f 7009 6953 7037
f 7037 6953 7065
f 7065 6953 7093
f 7093 6953 7121
f 7121 6953 7149
f 7149 6953 7177
f 7177 6953 7205
f 7205 6953 7233
f 7233 6953 7261
f 7261 6953 7289
f 7289 6953 7317
f 7317 6953 7345
f 7345 6953 7373
f 7373 6953 7401
f 7401 6953 7429
f 7429 6953 7457
f 7457 6953 7485
f 7485 6953 7513
f 7513 6953 7541
f 7541 6953 7569
f 7569 6953 7597
f 7597 6953 7625
f 7625 6953 7653
f 7653 6953 7681
f 7681 6953 7709
f 7709 6953 7737
f 7737 6953 7765
f 7765 6953 7793
f 7793 6953 6981
f 6954 6955 6983
f 6954 6983 6982
f 6955 6956 6984
f 6955 6984 6983
f 6956 6957 6985
f 6956 6985 6984
f 6957 6958 6986
f 6957 6986 6985
f 6958 6959 6987
f 6958 6987 6986
f 6959 6960 6988
f 6959 6988 6987
f 6960 6961 6989
f 6960 6989 6988
f 6961 6962 6990
f 6961 6990 6989
f 6962 6963 6991
f 6962 6991 6990
f 6963 6964 6992
f 6963 6992 6991
f 6964 6965 6993
f 6964 6993 6992
f 6965 6966 6994
f 6965 6994 6993
f 6966 6967 6995
f 6966 6995 6994
f 6967 6968 6996
f 6967 6996 6995
f 6968 6969 6997
f 6968 6997 6996
f 6969 6970 6998
f 6969 6998 6997
f 6970 6971 6999
f 6970 6999 6998
f 6971 6972 7000
f 6971 7000 6999
f 6972 6973 7001
f 6972 7001 7000
f 6973 6974 7002
f 6973 7002 7001
f 6974 6975 7003
f 6974 7003 7002
f 6975 6976 7004
f 6975 7004 7003
f 6976 6977 7005
f 6976 7005 7004
f 6977 6978 7006
f 6977 7006 7005
f 6978 6979 7007
f 6978 7007 7006
f 6979 6980 7008
f 6979 7008 7007
f 6980 6981 7009
f 6980 7009 7008
f 6982 6983 7011
f 6982 7011 7010
f 6983 6984 7012
f 6983 7012 7011
f 6984 6985 7013
f 6984 7013 7012
f 6985 6986 7014
f 6985 7014 7013
f 6986 6987 7015
f 6986 7015 7014
f 6987 6988 7016
f 6987 7016 7015
f 6988 6989 7017
f 6988 7017 7016
f 6989 6990 7018
f 6989 7018 7017
f 6990 6991 7019
f 6990 7019 7018
f 6991 6992 7020
f 6991 7020 7019
f 6992 6993 7021
f 6992 7021 7020
f 6993 6994 7022
f 6993 7022 7021
f 6994 6995 7023
f 6994 7023 7022
f 6995 6996 7024
f 6995 7024 7023
f 6996 6997 7025
f 6996 7025 7024
f 6997 6998 7026
f 6997 7026 7025
f 6998 6999 7027
f 6998 7027 7026
f 6999 7000 7028
f 6999 7028 7027
f 7000 7001 7029
f 7000 7029 7028
f 7001 7002 7030
f 7001 7030 7029
f 7002 7003 7031
f 7002 7031 7030
f 7003 7004 7032
f 7003 7032 7031
f 7004 7005 7033
f 7004 7033 7032
f 7005 7006 7034
f 7005 7034 7033
f 7006 7007 7035
f 7006 7035 7034
f 7007 7008 7036
f 7007 7036 7035
f 7008 7009 7037
f 7008 7037 7036
f 7010 7011 7039
f 7010 7039 7038
f 7011 7012 7040
f 7011 7040 7039
f 7012 7013 7041
f 7012 7041 7040
f 7013 7014 7042
f 7013 7042 7041
f 7014 7015 7043
f 7014 7043 7042
f 7015 7016 7044
f 7015 7044 7043
f 7016 7017 7045
f 7016 7045 7044
f 7017 7018 7046
f 7017 7046 7045
f 7018 7019 7047
f 7018 7047 7046
f 7019 7020 7048
f 7019 7048 7047
f 7020 7021 7049
f 7020 7049 7048
f 7021 7022 7050
f 7021 7050 7049
f 7022 7023 7051
f 7022 7051 7050
f 7023 7024 7052
f 7023 7052 7051
f 7024 7025 7053
f 7024 7053 7052
f 7025 7026 7054
f 7025 7054 7053
f 7026 7027 7055
f 7026 7055 7054
f 7027 7028 7056
f 7027 7056 7055
f 7028 7029 7057
f 7028 7057 7056
f 7029 7030 7058
f 7029 7058 7057
f 7030 7031 7059
f 7030 7059 7058
f 7031 7032 7060
f 7031 7060 7059
f 7032 7033 7061
f 7032 7061 7060
f 7033 7034 7062
f 7033 7062 7061
f 7034 7035 7063
f 7034 7063 7062
f 7035 7036 7064
f 7035 7064 7063
f 7036 7037 7065
f 7036 7065 7064
f 7038 7039 7067
f 7038 7067 7066
f 7039 7040 7068
f 7039 7068 7067
f 7040 7041 7069
f 7040 7069 7068
f 7041 7042 7070
f 7041 7070 7069
f 7042 7043 7071
f 7042 7071 7070
f 7043 7044 7072
f 7043 7072 7071
f 7044 7045 7073
f 7044 7073 7072
f 7045 7046 7074
f 7045 7074 7073
f 7046 7047 7075
f 7046 7075 7074
f 7047 7048 7076
f 7047 7076 7075
f 7048 7049 7077
f 7048 7077 7076
f 7049 7050 7078
f 7049 7078 7077
f 7050 7051 7079
f 7050 7079 7078
f 7051 7052 7080
f 7051 7080 7079
f 7052 7053 7081
f 7052 7081 7080
f 7053 7054 7082
f 7053 7082 7081
f 7054 7055 7083
f 7054 7083 7082
f 7055 7056 7084
f 7055 7084 7083
f 7056 7057 7085
f 7056 7085 7084
f 7057 7058 7086
f 7057 7086 7085
f 7058 7059 7087
f 7058 7087 7086
f 7059 7060 7088
f 7059 7088 7087
f 7060 7061 7089
f 7060 7089 7088
f 7061 7062 7090
f 7061 7090 7089
f 7062 7063 7091
f 7062 7091 7090
f 7063 7064 7092
f 7063 7092 7091
f 7064 7065 7093
f 7064 7093 7092
f 7066 7067 7095
f 7066 7095 7094
f 7067 7068 7096
f 7067 7096 7095
f 7068 7069 7097
f 7068 7097 7096
f 7069 7070 7098
f 7069 7098 7097
f 7070 7071 7099
f 7070 7099 7098
f 7071 7072 7100
f 7071 7100 7099
f 7072 7073 7101
f 7072 7101 7100
f 7073 7074 7102
f 7073 7102 7101
f 7074 7075 7103
f 7074 7103 7102
f 7075 7076 7104
f 7075 7104 7103
f 7076 7077 7105
f 7076 7105 7104
f 7077 7078 7106
f 7077 7106 7105
f 7078 7079 7107
f 7078 7107 7106
f 7079 7080 7108
f 7079 7108 7107
f 7080 7081 7109
f 7080 7109 7108
f 7081 7082 7110
f 7081 7110 7109
f 7082 7083 7111
f 7082 7111 7110
f 7083 7084 7112
f 7083 7112 7111
f 7084 7085 7113
f 7084 7113 7112
f 7085 7086 7114
f 7085 7114 7113
f 7086 7087 7115
f 7086 7115 7114
f 7087 7088 7116
f 7087 7116 7115
f 7088 7089 7117
f 7088 7117 7116
f 7089 7090 7118
f 7089 7118 7117
f 7090 7091 7119
f 7090 7119 7118
f 7091 7092 7120
f 7091 7120 7119
f 7092 7093 7121
f 7092 7121 7120
f 7094 7095 7123
f 7094 7123 7122
f 7095 7096 7124
f 7095 7124 7123
f 7096 7097 7125
f 7096 7125 7124
f 7097 7098 7126
f 7097 7126 7125
f 7098 7099 7127
f 7098 7127 7126
f 7099 7100 7128
f 7099 7128 7127
f 7100 7101 7129
f 7100 7129 7128
f 7101 7102 7130
f 7101 7130 7129
f 7102 7103 7131
f 7102 7131 7130
f 7103 7104 7132
f 7103 7132 7131
f 7104 7105 7133
f 7104 7133 7132
f 7105 7106 7134
f 7105 7134 7133
f 7106 7107 7135
f 7106 7135 7134
f 7107 7108 7136
f 7107 7136 7135
f 7108 7109 7137
f 7108 7137 7136
f 7109 7110 7138
f 7109 7138 7137
f 7110 7111 7139
f 7110 7139 7138
f 7111 7112 7140
f 7111 7140 7139
f 7112 7113 7141
f 7112 7141 7140
f 7113 7114 7142
f 7113 7142 7141
f 7114 7115 7143
f 7114 7143 7142
f 7115 7116 7144
f 7115 7144 7143
f 7116 7117 7145
f 7116 7145 7144
f 7117 7118 7146
f 7117 7146 7145
f 7118 7119 7147
f 7118 7147 7146
f 7119 7120 7148
f 7119 7148 7147
f 7120 7121 7149
f 7120 7149 7148
f 7122 7123 7151
f 7122 7151 7150
f 7123 7124 7152
f 7123 7152 7151
f 7124 7125 7153
f 7124 7153 7152
f 7125 7126 7154
f 7125 7154 7153
f 7126 7127 7155
f 7126 7155 7154
f 7127 7128 7156
f 7127 7156 7155
f 7128 7129 7157
f 7128 7157 7156
f 7129 7130 7158
f 7129 7158 7157
f 7130 7131 7159
f 7130 7159 7158
f 7131 7132 7160
f 7131 7160 7159
f 7132 7133 7161
f 7132 7161 7160
f 7133 7134 7162
f 7133 7162 7161
f 7134 7135 7163
f 7134 7163 7162
f 7135 7136 7164
f 7135 7164 7163
f 7136 7137 7165
f 7136 7165 7164
f 7137 7138 7166
f 7137 7166 7165
f 7138 7139 7167
f 7138 7167 7166
f 7139 7140 7168
f 7139 7168 7167
f 7140 7141 7169
f 7140 7169 7168
f 7141 7142 7170
f 7141 7170 7169
f 7142 7143 7171
f 7142 7171 7170
f 7143 7144 7172
f 7143 7172 7171
f 7144 7145 7173
f 7144 7173 7172
f 7145 7146 7174
f 7145 7174 7173
f 7146 7147 7175
f 7146 7175 7174
f 7147 7148 7176
f 7147 7176 7175
f 7148 7149 7177
f 7148 7177 7176
f 7150 7151 7179
f 7150 7179 7178
f 7151 7152 7180
f 7151 7180 7179
f 7152 7153 7181
f 7152 7181 7180
f 7153 7154 7182
f 7153 7182 7181
f 7154 7155 7183
f 7154 7183 7182
f 7155 7156 7184
f 7155 7184 7183
f 7156 7157 7185
f 7156 7185 7184
f 7157 7158 7186
f 7157 7186 7185
f 7158 7159 7187
f 7158 7187 7186
f 7159 7160 7188
f 7159 7188 7187
f 7160 7161 7189
f 7160 7189 7188
f 7161 7162 7190
f 7161 7190 7189
f 7162 7163 7191
f 7162 7191 7190
f 7163 7164 7192
f 7163 7192 7191
f 7164 7165 7193
f 7164 7193 7192
f 7165 7166 7194
f 7165 7194 7193
f 7166 7167 7195
f 7166 7195 7194
f 7167 7168 7196
f 7167 7196 7195
f 7168 7169 7197
f 7168 7197 7196
f 7169 7170 7198
f 7169 7198 7197
f 7170 7171 7199
f 7170 7199 7198
f 7171 7172 7200
f 7171 7200 7199
f 7172 7173 7201
f 7172 7201 7200
f 7173 7174 7202
f 7173 7202 7201
f 7174 7175 7203
f 7174 7203 7202
f 7175 7176 7204
f 7175 7204 7203
f 7176 7177 7205
f 7176 7205 7204
f 7178 7179 7207
f 7178 7207 7206
f 7179 7180 7208
f 7179 7208 7207
f 7180 7181 7209
f 7180 7209 7208
f 7181 7182 7210
f 7181 7210 7209
f 7182 7183 7211
f 7182 7211 7210
f 7183 7184 7212
f 7183 7212 7211
f 7184 7185 7213
f 7184 7213 7212
f 7185 7186 7214
f 7185 7214 7213
f 7186 7187 7215
f 7186 7215 7214
f 7187 7188 7216
f 7187 7216 7215
f 7188 7189 7217
f 7188 7217 7216
f 7189 7190 7218
f 7189 7218 7217
f 7190 7191 7219
f 7190 7219 7218
f 7191 7192 7220
f 7191 7220 7219
f 7192 7193 7221
f 7192 7221 7220
f 7193 7194 7222
f 7193 7222 7221
f 7194 7195 7223
f 7194 7223 7222
f 7195 7196 7224
f 7195 7224 7223
f 7196 7197 7225
f 7196 7225 7224
f 7197 7198 7226
f 7197 7226 7225
f 7198 7199 7227
f 7198 7227 7226
f 7199 7200 7228
f 7199 7228 7227
f 7200 7201 7229
f 7200 7229 7228
f 7201 7202 7230
f 7201 7230 7229
f 7202 7203 7231
f 7202 7231 7230
f 7203 7204 7232
f 7203 7232 7231
f 7204 7205 7233
f 7204 7233 7232
f 7206 7207 7235
f 7206 7235 7234
f 7207 7208 7236
f 7207 7236 7235
f 7208 7209 7237
f 7208 7237 7236
f 7209 7210 7238
f 7209 7238 7237
f 7210 7211 7239
f 7210 7239 7238
f 7211 7212 7240
f 7211 7240 7239
f 7212 7213 7241
f 7212 7241 7240
f 7213 7214 7242
f 7213 7242 7241
f 7214 7215 7243
f 7214 7243 7242
f 7215 7216 7244
f 7215 7244 7243
f 7216 7217 7245
f 7216 7245 7244
f 7217 7218 7246
f 7217 7246 7245
f 7218 7219 7247
f 7218 7247 7246
f 7219 7220 7248
f 7219 7248 7247
f 7220 7221 7249
f 7220 7249 7248
f 7221 7222 7250
f 7221 7250 7249
f 7222 7223 7251
f 7222 7251 7250
f 7223 7224 7252
f 7223 7252 7251
f 7224 7225 7253
f 7224 7253 7252
f 7225 7226 7254
f 7225 7254 7253
f 7226 7227 7255
f 7226 7255 7254
f 7227 7228 7256
f 7227 7256 7255
f 7228 7229 7257
f 7228 7257 7256
f 7229 7230 7258
f 7229 7258 7257
f 7230 7231 7259
f 7230 7259 7258
f 7231 7232 7260
f 7231 7260 7259
f 7232 7233 7261
f 7232 7261 7260
f 7234 7235 7263
f 7234 7263 7262
f 7235 7236 7264
f 7235 7264 7263
f 7236 7237 7265
f 7236 7265 7264
f 7237 7238 7266
f 7237 7266 7265
f 7238 7239 7267
f 7238 7267 7266
f 7239 7240 7268
f 7239 7268 7267
f 7240 7241 7269
f 7240 7269 7268
f 7241 7242 7270
f 7241 7270 7269
f 7242 7243 7271
f 7242 7271 7270
f 7243 7244 7272
f 7243 7272 7271
f 7244 7245 7273
f 7244 7273 7272
f 7245 7246 7274
f 7245 7274 7273
f 7246 7247 7275
f 7246 7275 7274
f 7247 7248 7276
f 7247 7276 7275
f 7248 7249 7277
f 7248 7277 7276
f 7249 7250 7278
f 7249 7278 7277
f 7250 7251 7279
f 7250 7279 7278
f 7251 7252 7280
f 7251 7280 7279
f 7252 7253 7281
f 7252 7281 7280
f 7253 7254 7282
f 7253 7282 7281
f 7254 7255 7283
f 7254 7283 7282
f 7255 7256 7284
f 7255 7284 7283
f 7256 7257 7285
f 7256 7285 7284
f 7257 7258 7286
f 7257 7286 7285
f 7258 7259 7287
f 7258 7287 7286
f 7259 7260 7288
f 7259 7288 7287
f 7260 7261 7289
f 7260 7289 7288
f 7262 7263 7291
f 7262 7291 7290
f 7263 7264 7292
f 7263 7292 7291
f 7264 7265 7293
f 7264 7293 7292
f 7265 7266 7294
f 7265 7294 7293
f 7266 7267 7295
f 7266 7295 7294
f 7267 7268 7296
f 7267 7296 7295
f 7268 7269 7297
f 7268 7297 7296
f 7269 7270 7298
f 7269 7298 7297
f 7270 7271 7299
f 7270 7299 7298
f 7271 7272 7300
f 7271 7300 7299
f 7272 7273 7301
f 7272 7301 7300
f 7273 7274 7302
f 7273 7302 7301
f 7274 7275 7303
f 7274 7303 7302
f 7275 7276 7304
f 7275 7304 7303
f 7276 7277 7305
f 7276 7305 7304
f 7277 7278 7306
f 7277 7306 7305
f 7278 7279 7307
f 7278 7307 7306
f 7279 7280 7308
f 7279 7308 7307
f 7280 7281 7309
f 7280 7309 7308
f 7281 7282 7310
f 7281 7310 7309
f 7282 7283 7311
f 7282 7311 7310
f 7283 7284 7312
f 7283 7312 7311
f 7284 7285 7313
f 7284 7313 7312
f 7285 7286 7314
f 7285 7314 7313
f 7286 7287 7315
f 7286 7315 7314
f 7287 7288 7316
f 7287 7316 7315
f 7288 7289 7317
f 7288 7317 7316
f 7290 7291 7319
f 7290 7319 7318
f 7291 7292 7320
f 7291 7320 7319
f 7292 7293 7321
f 7292 7321 7320
f 7293 7294 7322
f 7293 7322 7321
f 7294 7295 7323
f 7294 7323 7322
f 7295 7296 7324
f 7295 7324 7323
f 7296 7297 7325
f 7296 7325 7324
f 7297 7298 7326
f 7297 7326 7325
f 7298 7299 7327
f 7298 7327 7326
f 7299 7300 7328
f 7299 7328 7327
f 7300 7301 7329
f 7300 7329 7328
f 7301 7302 7330
f 7301 7330 7329
f 7302 7303 7331
f 7302 7331 7330
f 7303 7304 7332
f 7303 7332 7331
f 7304 7305 7333
f 7304 7333 7332
f 7305 7306 7334
f 7305 7334 7333
f 7306 7307 7335
f 7306 7335 7334
f 7307 7308 7336
f 7307 7336 7335
f 7308 7309 7337
f 7308 7337 7336
f 7309 7310 7338
f 7309 7338 7337
f 7310 7311 7339
f 7310 7339 7338
f 7311 7312 7340
f 7311 7340 7339
f 7312 7313 7341
f 7312 7341 7340
f 7313 7314 7342
f 7313 7342 7341
f 7314 7315 7343
f 7314 7343 7342
f 7315 7316 7344
f 7315 7344 7343
f 7316 7317 7345
f 7316 7345 7344
f 7318 7319 7347
f 7318 7347 7346
f 7319 7320 7348
f 7319 7348 7347
f 7320 7321 7349
f 7320 7349 7348
f 7321 7322 7350
f 7321 7350 7349
f 7322 7323 7351
f 7322 7351 7350
f 7323 7324 7352
f 7323 7352 7351
f 7324 7325 7353
f 7324 7353 7352
f 7325 7326 7354
f 7325 7354 7353
f 7326 7327 7355
f 7326 7355 7354
f 7327 7328 7356
f 7327 7356 7355
f 7328 7329 7357
f 7328 7357 7356
f 7329 7330 7358
f 7329 7358 7357
f 7330 7331 7359
f 7330 7359 7358
f 7331 7332 7360
f 7331 7360 7359
f 7332 7333 7361
f 7332 7361 7360
f 7333 7334 7362
f 7333 7362 7361
f 7334 7335 7363
f 7334 7363 7362
f 7335 7336 7364
f 7335 7364 7363
f 7336 7337 7365
f 7336 7365 7364
f 7337 7338 7366
f 7337 7366 7365
f 7338 7339 7367
f 7338 7367 7366
f 7339 7340 7368
f 7339 7368 7367
f 7340 7341 7369
f 7340 7369 7368
f 7341 7342 7370
f 7341 7370 7369
f 7342 7343 7371
f 7342 7371 7370
f 7343 7344 7372
f 7343 7372 7371
f 7344 7345 7373
f 7344 7373 7372
f 7346 7347 7375
f 7346 7375 7374
f 7347 7348 7376
f 7347 7376 7375
f 7348 7349 7377
f 7348 7377 7376
f 7349 7350 7378
f 7349 7378 7377
f 7350 7351 7379
f 7350 7379 7378
f 7351 7352 7380
f 7351 7380 7379
f 7352 7353 7381
f 7352 7381 7380
f 7353 7354 7382
f 7353 7382 7381
f 7354 7355 7383
f 7354 7383 7382
f 7355 7356 7384
f 7355 7384 7383
f 7356 7357 7385
f 7356 7385 7384
f 7357 7358 7386
f 7357 7386 7385
f 7358 7359 7387
f 7358 7387 7386
f 7359 7360 7388
f 7359 7388 7387
f 7360 7361 7389
f 7360 7389 7388
f 7361 7362 7390
f 7361 7390 7389
f 7362 7363 7391
f 7362 7391 7390
f 7363 7364 7392
f 7363 7392 7391
f 7364 7365 7393
f 7364 7393 7392
f 7365 7366 7394
f 7365 7394 7393
f 7366 7367 7395
f 7366 7395 7394
f 7367 7368 7396
f 7367 7396 7395
f 7368 7369 7397
f 7368 7397 7396
f 7369 7370 7398
f 7369 7398 7397
f 7370 7371 7399
f 7370 7399 7398
f 7371 7372 7400
f 7371 7400 7399
f 7372 7373 7401
f 7372 7401 7400
f 7374 7375 7403
f 7374 7403 7402
f 7375 7376 7404
f 7375 7404 7403
f 7376 7377 7405
f 7376 7405 7404
f 7377 7378 7406
f 7377 7406 7405
f 7378 7379 7407
f 7378 7407 7406
f 7379 7380 7408
f 7379 7408 7407
f 7380 7381 7409
f 7380 7409 7408
f 7381 7382 7410
f 7381 7410 7409
f 7382 7383 7411
f 7382 7411 7410
f 7383 7384 7412
f 7383 7412 7411
f 7384 7385 7413
f 7384 7413 7412
f 7385 7386 7414
f 7385 7414 7413
f 7386 7387 7415
f 7386 7415 7414
f 7387 7388 7416
f 7387 7416 7415
f 7388 7389 7417
f 7388 7417 7416
f 7389 7390 7418
f 7389 7418 7417
f 7390 7391 7419
f 7390 7419 7418
f 7391 7392 7420
f 7391 7420 7419
f 7392 7393 7421
f 7392 7421 7420
f 7393 7394 7422
f 7393 7422 7421
f 7394 7395 7423
f 7394 7423 7422
f 7395 7396 7424
f 7395 7424 7423
f 7396 7397 7425
f 7396 7425 7424
f 7397 7398 7426
f 7397 7426 7425
f 7398 7399 7427
f 7398 7427 7426
f 7399 7400 7428
f 7399 7428 7427
f 7400 7401 7429
f 7400 7429 7428
f 7402 7403 7431
f 7402 7431 7430
f 7403 7404 7432
f 7403 7432 7431
f 7404 7405 7433
f 7404 7433 7432
f 7405 7406 7434
f 7405 7434 7433
f 7406 7407 7435
f 7406 7435 7434
f 7407 7408 7436
f 7407 7436 7435
f 7408 7409 7437
f 7408 7437 7436
f 7409 7410 7438
f 7409 7438 7437
f 7410 7411 7439
f 7410 7439 7438
f 7411 7412 7440
f 7411 7440 7439
f 7412 7413 7441
f 7412 7441 7440
f 7413 7414 7442
f 7413 7442 7441
f 7414 7415 7443
f 7414 7443 7442
f 7415 7416 7444
f 7415 7444 7443
f 7416 7417 7445
f 7416 7445 7444
f 7417 7418 7446
f 7417 7446 7445
f 7418 7419 7447
f 7418 7447 7446
f 7419 7420 7448
f 7419 7448 7447
f 7420 7421 7449
f 7420 7449 7448
f 7421 7422 7450
f 7421 7450 7449
f 7422 7423 7451
f 7422 7451 7450
f 7423 7424 7452
f 7423 7452 7451
f 7424 7425 7453
f 7424 7453 7452
f 7425 7426 7454
f 7425 7454 7453
f 7426 7427 7455
f 7426 7455 7454
f 7427 7428 7456
f 7427 7456 7455
f 7428 7429 7457
f 7428 7457 7456
f 7430 7431 7459
f 7430 7459 7458
f 7431 7432 7460
f 7431 7460 7459
f 7432 7433 7461
f 7432 7461 7460
f 7433 7434 7462
f 7433 7462 7461
f 7434 7435 7463
f 7434 7463 7462
f 7435 7436 7464
f 7435 7464 7463
f 7436 7437 7465
f 7436 7465 7464
f 7437 7438 7466
f 7437 7466 7465
f 7438 7439 7467
f 7438 7467 7466
f 7439 7440 7468
f 7439 7468 7467
f 7440 7441 7469
f 7440 7469 7468
f 7441 7442 7470
f 7441 7470 7469
f 7442 7443 7471
f 7442 7471 7470
f 7443 7444 7472
f 7443 7472 7471
f 7444 7445 7473
f 7444 7473 7472
f 7445 7446 7474
f 7445 7474 7473
f 7446 7447 7475
f 7446 7475 7474
f 7447 7448 7476
f 7447 7476 7475
f 7448 7449 7477
f 7448 7477 7476
f 7449 7450 7478
f 7449 7478 7477
f 7450 7451 7479
f 7450 7479 7478
f 7451 7452 7480
f 7451 7480 7479
f 7452 7453 7481
f 7452 7481 7480
f 7453 7454 7482
f 7453 7482 7481
f 7454 7455 7483
f 7454 7483 7482
f 7455 7456 7484
f 7455 7484 7483
f 7456 7457 7485
f 7456 7485 7484
f 7458 7459 7487
f 7458 7487 7486
f 7459 7460 7488
f 7459 7488 7487
f 7460 7461 7489
f 7460 7489 7488
f 7461 7462 7490
f 7461 7490 7489
f 7462 7463 7491
f 7462 7491 7490
f 7463 7464 7492
f 7463 7492 7491
f 7464 7465 7493
f 7464 7493 7492
f 7465 7466 7494
f 7465 7494 7493
f 7466 7467 7495
f 7466 7495 7494
f 7467 7468 7496
f 7467 7496 7495
f 7468 7469 7497
f 7468 7497 7496
f 7469 7470 7498
f 7469 7498 7497
f 7470 7471 7499
f 7470 7499 7498
f 7471 7472 7500
f 7471 7500 7499
f 7472 7473 7501
f 7472 7501 7500
f 7473 7474 7502
f 7473 7502 7501
f 7474 7475 7503
f 7474 7503 7502
f 7475 7476 7504
f 7475 7504 7503
f 7476 7477 7505
f 7476 7505 7504
f 7477 7478 7506
f 7477 7506 7505
f 7478 7479 7507
f 7478 7507 7506
f 7479 7480 7508
f 7479 7508 7507
f 7480 7481 7509
f 7480 7509 7508
f 7481 7482 7510
f 7481 7510 7509
f 7482 7483 7511
f 7482 7511 7510
f 7483 7484 7512
f 7483 7512 7511
f 7484 7485 7513
f 7484 7513 7512
f 7486 7487 7515
f 7486 7515 7514
f 7487 7488 7516
f 7487 7516 7515
f 7488 7489 7517
f 7488 7517 7516
f 7489 7490 7518
f 7489 7518 7517
f 7490 7491 7519
f 7490 7519 7518
f 7491 7492 7520
f 7491 7520 7519
f 7492 7493 7521
f 7492 7521 7520
f 7493 7494 7522
f 7493 7522 7521
f 7494 7495 7523
f 7494 7523 7522
f 7495 7496 7524
f 7495 7524 7523
f 7496 7497 7525
f 7496 7525 7524
f 7497 7498 7526
f 7497 7526 7525
f 7498 7499 7527
f 7498 7527 7526
f 7499 7500 7528
f 7499 7528 7527
f 7500 7501 7529
f 7500 7529 7528
f 7501 7502 7530
f 7501 7530 7529
f 7502 7503 7531
f 7502 7531 7530
f 7503 7504 7532
f 7503 7532 7531
f 7504 7505 7533
f 7504 7533 7532
f 7505 7506 7534
f 7505 7534 7533
f 7506 7507 7535
f 7506 7535 7534
f 7507 7508 7536
f 7507 7536 7535
f 7508 7509 7537
f 7508 7537 7536
f 7509 7510 7538
f 7509 7538 7537
f 7510 7511 7539
f 7510 7539 7538
f 7511 7512 7540
f 7511 7540 7539
f 7512 7513 7541
f 7512 7541 7540
f 7514 7515 7543
f 7514 7543 7542
f 7515 7516 7544
f 7515 7544 7543
f 7516 7517 7545
f 7516 7545 7544
f 7517 7518 7546
f 7517 7546 7545
f 7518 7519 7547
f 7518 7547 7546
f 7519 7520 7548
f 7519 7548 7547
f 7520 7521 7549
f 7520 7549 7548
f 7521 7522 7550
f 7521 7550 7549
f 7522 7523 7551
f 7522 7551 7550
f 7523 7524 7552
f 7523 7552 7551
f 7524 7525 7553
f 7524 7553 7552
f 7525 7526 7554
f 7525 7554 7553
f 7526 7527 7555
f 7526 7555 7554
f 7527 7528 7556
f 7527 7556 7555
f 7528 7529 7557
f 7528 7557 7556
f 7529 7530 7558
f 7529 7558 7557
f 7530 7531 7559
f 7530 7559 7558
f 7531 7532 7560
f 7531 7560 7559
f 7532 7533 7561
f 7532 7561 7560
f 7533 7534 7562
f 7533 7562 7561
f 7534 7535 7563
f 7534 7563 7562
f 7535 7536 7564
f 7535 7564 7563
f 7536 7537 7565
f 7536 7565 7564
f 7537 7538 7566
f 7537 7566 7565
f 7538 7539 7567
f 7538 7567 7566
f 7539 7540 7568
f 7539 7568 7567
f 7540 7541 7569
f 7540 7569 7568
f 7542 7543 7571
f 7542 7571 7570
f 7543 7544 7572
f 7543 7572 7571
f 7544 7545 7573
f 7544 7573 7572
f 7545 7546 7574
f 7545 7574 7573
f 7546 7547 7575
f 7546 7575 7574
f 7547 7548 7576
f 7547 7576 7575
f 7548 7549 7577
f 7548 7577 7576
f 7549 7550 7578
f 7549 7578 7577
f 7550 7551 7579
f 7550 7579 7578
f 7551 7552 7580
f 7551 7580 7579
f 7552 7553 7581
f 7552 7581 7580
f 7553 7554 7582
f 7553 7582 7581
f 7554 7555 7583
f 7554 7583 7582
f 7555 7556 7584
f 7555 7584 7583
f 7556 7557 7585
f 7556 7585 7584
f 7557 7558 7586
f 7557 7586 7585
f 7558 7559 7587
f 7558 7587 7586
f 7559 7560 7588
f 7559 7588 7587
f 7560 7561 7589
f 7560 7589 7588
f 7561 7562 7590
f 7561 7590 7589
f 7562 7563 7591
f 7562 7591 7590
f 7563 7564 7592
f 7563 7592 7591
f 7564 7565 7593
f 7564 7593 7592
f 7565 7566 7594
f 7565 7594 7593
f 7566 7567 7595
f 7566 7595 7594
f 7567 7568 7596
f 7567 7596 7595
f 7568 7569 7597
f 7568 7597 7596
f 7570 7571 7599
f 7570 7599 7598
f 7571 7572 7600
f 7571 7600 7599
f 7572 7573 7601
f 7572 7601 7600
f 7573 7574 7602
f 7573 7602 7601
f 7574 7575 7603
f 7574 7603 7602
f 7575 7576 7604
f 7575 7604 7603
f 7576 7577 7605
f 7576 7605 7604
f 7577 7578 7606
f 7577 7606 7605
f 7578 7579 7607
f 7578 7607 7606
f 7579 7580 7608
f 7579 7608 7607
f 7580 7581 7609
f 7580 7609 7608
f 7581 7582 7610
f 7581 7610 7609
f 7582 7583 7611
f 7582 7611 7610
f 7583 7584 7612
f 7583 7612 7611
f 7584 7585 7613
f 7584 7613 7612
f 7585 7586 7614
f 7585 7614 7613
f 7586 7587 7615
f 7586 7615 7614
f 7587 7588 7616
f 7587 7616 7615
f 7588 7589 7617
f 7588 7617 7616
f 7589 7590 7618
f 7589 7618 7617
f 7590 7591 7619
f 7590 7619 7618
f 7591 7592 7620
f 7591 7620 7619
f 7592 7593 7621
f 7592 7621 7620
f 7593 7594 7622
f 7593 7622 7621
f 7594 7595 7623
f 7594 7623 7622
f 7595 7596 7624
f 7595 7624 7623
f 7596 7597 7625
f 7596 7625 7624
f 7598 7599 7627
f 7598 7627 7626
f 7599 7600 7628
f 7599 7628 7627
f 7600 7601 7629
f 7600 7629 7628
f 7601 7602 7630
f 7601 7630 7629
f 7602 7603 7631
f 7602 7631 7630
f 7603 7604 7632
f 7603 7632 7631
f 7604 7605 7633
f 7604 7633 7632
f 7605 7606 7634
f 7605 7634 7633
f 7606 7607 7635
f 7606 7635 7634
f 7607 7608 7636
f 7607 7636 7635
f 7608 7609 7637
f 7608 7637 7636
f 7609 7610 7638
f 7609 7638 7637
f 7610 7611 7639
f 7610 7639 7638
f 7611 7612 7640
f 7611 7640 7639
f 7612 7613 7641
f 7612 7641 7640
f 7613 7614 7642
f 7613 7642 7641
f 7614 7615 7643
f 7614 7643 7642
f 7615 7616 7644
f 7615 7644 7643
f 7616 7617 7645
f 7616 7645 7644
f 7617 7618 7646
f 7617 7646 7645
f 7618 7619 7647
f 7618 7647 7646
f 7619 7620 7648
f 7619 7648 7647
f 7620 7621 7649
f 7620 7649 7648
f 7621 7622 7650
f 7621 7650 7649
f 7622 7623 7651
f 7622 7651 7650
f 7623 7624 7652
f 7623 7652 7651
f 7624 7625 7653
f 7624 7653 7652
f 7626 7627 7655
f 7626 7655 7654
f 7627 7628 7656
f 7627 7656 7655
f 7628 7629 7657
f 7628 7657 7656
f 7629 7630 7658
f 7629 7658 7657
f 7630 7631 7659
f 7630 7659 7658
f 7631 7632 7660
f 7631 7660 7659
f 7632 7633 7661
f 7632 7661 7660
f 7633 7634 7662
f 7633 7662 7661
f 7634 7635 7663
f 7634 7663 7662
f 7635 7636 7664
f 7635 7664 7663
f 7636 7637 7665
f 7636 7665 7664
f 7637 7638 7666
f 7637 7666 7665
f 7638 7639 7667
f 7638 7667 7666
f 7639 7640 7668
f 7639 7668 7667
f 7640 7641 7669
f 7640 7669 7668
f 7641 7642 7670
f 7641 7670 7669
f 7642 7643 7671
f 7642 7671 7670
f 7643 7644 7672
f 7643 7672 7671
f 7644 7645 7673
f 7644 7673 7672
f 7645 7646 7674
f 7645 7674 7673
f 7646 7647 7675
f 7646 7675 7674
f 7647 7648 7676
f 7647 7676 7675
f 7648 7649 7677
f 7648 7677 7676
f 7649 7650 7678
f 7649 7678 7677
f 7650 7651 7679
f 7650 7679 7678
f 7651 7652 7680
f 7651 7680 7679
f 7652 7653 7681
f 7652 7681 7680
f 7654 7655 7683
f 7654 7683 7682
f 7655 7656 7684
f 7655 7684 7683
f 7656 7657 7685
f 7656 7685 7684
f 7657 7658 7686
f 7657 7686 7685
f 7658 7659 7687
f 7658 7687 7686
f 7659 7660 7688
f 7659 7688 7687
f 7660 7661 7689
f 7660 7689 7688
f 7661 7662 7690
f 7661 7690 7689
f 7662 7663 7691
f 7662 7691 7690
f 7663 7664 7692
f 7663 7692 7691
f 7664 7665 7693
f 7664 7693 7692
f 7665 7666 7694
f 7665 7694 7693
f 7666 7667 7695
f 7666 7695 7694
f 7667 7668 7696
f 7667 7696 7695
f 7668 7669 7697
f 7668 7697 7696
f 7669 7670 7698
f 7669 7698 7697
f 7670 7671 7699
f 7670 7699 7698
f 7671 7672 7700
f 7671 7700 7699
f 7672 7673 7701
f 7672 7701 7700
f 7673 7674 7702
f 7673 7702 7701
f 7674 7675 7703
f 7674 7703 7702
f 7675 7676 7704
f 7675 7704 7703
f 7676 7677 7705
f 7676 7705 7704
f 7677 7678 7706
f 7677 7706 7705
f 7678 7679 7707
f 7678 7707 7706
f 7679 7680 7708
f 7679 7708 7707
f 7680 7681 7709
f 7680 7709 7708
f 7682 7683 7711
f 7682 7711 7710
f 7683 7684 7712
f 7683 7712 7711
f 7684 7685 7713
f 7684 7713 7712
f 7685 7686 7714
f 7685 7714 7713
f 7686 7687 7715
f 7686 7715 7714
f 7687 7688 7716
f 7687 7716 7715
f 7688 7689 7717
f 7688 7717 7716
f 7689 7690 7718
f 7689 7718 7717
f 7690 7691 7719
f 7690 7719 7718
f 7691 7692 7720
f 7691 7720 7719
f 7692 7693 7721
f 7692 7721 7720
f 7693 7694 7722
f 7693 7722 7721
f 7694 7695 7723
f 7694 7723 7722
f 7695 7696 7724
f 7695 7724 7723
f 7696 7697 7725
f 7696 7725 7724
f 7697 7698 7726
f 7697 7726 7725
f 7698 7699 7727
f 7698 7727 7726
f 7699 7700 7728
f 7699 7728 7727
f 7700 7701 7729
f 7700 7729 7728
f 7701 7702 7730
f 7701 7730 7729
f 7702 7703 7731
f 7702 7731 7730
f 7703 7704 7732
f 7703 7732 7731
f 7704 7705 7733
f 7704 7733 7732
f 7705 7706 7734
f 7705 7734 7733
f 7706 7707 7735
f 7706 7735 7734
f 7707 7708 7736
f 7707 7736 7735
f 7708 7709 7737
f 7708 7737 7736
f 7710 7711 7739
f 7710 7739 7738
f 7711 7712 7740
f 7711 7740 7739
f 7712 7713 7741
f 7712 7741 7740
f 7713 7714 7742
f 7713 7742 7741
f 7714 7715 7743
f 7714 7743 7742
f 7715 7716 7744
f 7715 7744 7743
f 7716 7717 7745
f 7716 7745 7744
f 7717 7718 7746
f 7717 7746 7745
f 7718 7719 7747
f 7718 7747 7746
f 7719 7720 7748
f 7719 7748 7747
f 7720 7721 7749
f 7720 7749 7748
f 7721 7722 7750
f 7721 7750 7749
f 7722 7723 7751
f 7722 7751 7750
f 7723 7724 7752
f 7723 7752 7751
f 7724 7725 7753
f 7724 7753 7752
f 7725 7726 7754
f 7725 7754 7753
f 7726 7727 7755
f 7726 7755 7754
f 7727 7728 7756
f 7727 7756 7755
f 7728 7729 7757
f 7728 7757 7756
f 7729 7730 7758
f 7729 7758 7757
f 7730 7731 7759
f 7730 7759 7758
f 7731 7732 7760
f 7731 7760 7759
f 7732 7733 7761
f 7732 7761 7760
f 7733 7734 7762
f 7733 7762 7761
f 7734 7735 7763
f 7734 7763 7762
f 7735 7736 7764
f 7735 7764 7763
f 7736 7737 7765
f 7736 7765 7764
f 7738 7739 7767
f 7738 7767 7766
f 7739 7740 7768
f 7739 7768 7767
f 7740 7741 7769
f 7740 7769 7768
f 7741 7742 7770
f 7741 7770 7769
f 7742 7743 7771
f 7742 7771 7770
f 7743 7744 7772
f 7743 7772 7771
f 7744 7745 7773
f 7744 7773 7772
f 7745 7746 7774
f 7745 7774 7773
f 7746 7747 7775
f 7746 7775 7774
f 7747 7748 7776
f 7747 7776 7775
f 7748 7749 7777
f 7748 7777 7776
f 7749 7750 7778
f 7749 7778 7777
f 7750 7751 7779
f 7750 7779 7778
f 7751 7752 7780
f 7751 7780 7779
f 7752 7753 7781
f 7752 7781 7780
f 7753 7754 7782
f 7753 7782 7781
f 7754 7755 7783
f 7754 7783 7782
f 7755 7756 7784
f 7755 7784 7783
f 7756 7757 7785
f 7756 7785 7784
f 7757 7758 7786
f 7757 7786 7785
f 7758 7759 7787
f 7758 7787 7786
f 7759 7760 7788
f 7759 7788 7787
f 7760 7761 7789
f 7760 7789 7788
f 7761 7762 7790
f 7761 7790 7789
f 7762 7763 7791
f 7762 7791 7790
f 7763 7764 7792
f 7763 7792 7791
f 7764 7765 7793
f 7764 7793 7792
f 7766 7767 6955
f 7766 6955 6954
f 7767 7768 6956
f 7767 6956 6955
f 7768 7769 6957
f 7768 6957 6956
f 7769 7770 6958
f 7769 6958 6957
f 7770 7771 6959
f 7770 6959 6958
f 7771 7772 6960
f 7771 6960 6959
f 7772 7773 6961
f 7772 6961 6960
f 7773 7774 6962
f 7773 6962 6961
f 7774 7775 6963
f 7774 6963 6962
f 7775 7776 6964
f 7775 6964 6963
f 7776 7777 6965
f 7776 6965 6964
f 7777 7778 6966
f 7777 6966 6965
f 7778 7779 6967
f 7778 6967 6966
f 7779 7780 6968
f 7779 6968 6967
f 7780 7781 6969
f 7780 6969 6968
f 7781 7782 6970
f 7781 6970 6969
f 7782 7783 6971
f 7782 6971 6970
f 7783 7784 6972
f 7783 6972 6971
f 7784 7785 6973
f 7784 6973 6972
f 7785 7786 6974
f 7785 6974 6973
f 7786 7787 6975
f 7786 6975 6974
f 7787 7788 6976
f 7787 6976 6975
f 7788 7789 6977
f 7788 6977 6976
f 7789 7790 6978
f 7789 6978 6977
f 7790 7791 6979
f 7790 6979 6978
f 7791 7792 6980
f 7791 6980 6979
f 7792 7793 6981
f 7792 6981 6980
