# Generated by Visualization Toolkit
v -7.639749050140381 6.440110206604004 4.213795185089111
v -7.622227191925049 5.902072429656982 4.19936466217041
v -7.619804859161377 5.902067184448242 4.224363803863525
v -7.6145339012146 5.903330326080322 4.24888801574707
v -7.606497287750244 5.9058427810668945 4.2725510597229
v -7.595822334289551 5.909564018249512 4.294979095458984
v -7.582677364349365 5.914435863494873 4.315818786621094
v -7.567269325256348 5.92038106918335 4.334741592407227
v -7.549841403961182 5.927306175231934 4.351449012756348
v -7.53066873550415 5.935102462768555 4.365677356719971
v -7.5100531578063965 5.94364595413208 4.37720251083374
v -7.4883198738098145 5.952802658081055 4.385842323303223
v -7.465811729431152 5.962427616119385 4.39146089553833
v -7.4428839683532715 5.97236967086792 4.393969535827637
v -7.419897556304932 5.982471942901611 4.393328666687012
v -7.397215843200684 5.992574214935303 4.389548301696777
v -7.3751959800720215 6.002518177032471 4.382688045501709
v -7.354185104370117 6.012146949768066 4.372856140136719
v -7.334514617919922 6.021307945251465 4.360208034515381
v -7.316495418548584 6.029857635498047 4.344942569732666
v -7.300410747528076 6.037660121917725 4.327301025390625
v -7.286515235900879 6.044593334197998 4.307560920715332
v -7.275026798248291 6.0505475997924805 4.286034107208252
v -7.266127586364746 6.055428504943848 4.263060569763184
v -7.259957790374756 6.059159755706787 4.239001274108887
v -7.256614685058594 6.061682224273682 4.214236736297607
v -7.256150722503662 6.0629563331604 4.189157485961914
v -7.258573055267334 6.062961578369141 4.164158344268799
v -7.263844013214111 6.0616984367370605 4.139633655548096
v -7.271880626678467 6.0591864585876465 4.115971088409424
v -7.28255558013916 6.055465221405029 4.093542575836182
v -7.295700550079346 6.050593376159668 4.072702884674072
v -7.311108589172363 6.044647693634033 4.0537800788879395
v -7.328536510467529 6.037722587585449 4.037073135375977
v -7.3477091789245605 6.029926776885986 4.0228447914123535
v -7.368325233459473 6.021382808685303 4.011319637298584
v -7.3900580406188965 6.012226104736328 4.002679824829102
v -7.412566184997559 6.002601146697998 3.997061252593994
v -7.4354939460754395 5.992659091949463 3.9945526123046875
v -7.458480358123779 5.98255729675293 3.9951934814453125
v -7.481162071228027 5.97245454788208 3.998973846435547
v -7.5031819343566895 5.962510585784912 4.005834102630615
v -7.524192810058594 5.952881813049316 4.0156660079956055
v -7.543863296508789 5.943720817565918 4.028314113616943
v -7.561882495880127 5.935171127319336 4.043579578399658
v -7.577967166900635 5.927368640899658 4.061221122741699
v -7.591862678527832 5.920435428619385 4.080961227416992
v -7.60335111618042 5.914481163024902 4.102487564086914
v -7.612250328063965 5.909600257873535 4.125461578369141
v -7.618420124053955 5.905869007110596 4.149520397186279
v -7.621763229370117 5.903346538543701 4.174284934997559
v -2.0624706745147705 -6.284951210021973 3.6705820560455322
v -2.4460692405700684 -5.907796859741211 3.6952199935913086
v -2.4456050395965576 -5.90652322769165 3.670140266418457
v -2.4422619342803955 -5.904000759124756 3.6453757286071777
v -2.436091899871826 -5.900269508361816 3.62131667137146
v -2.4271926879882812 -5.895388126373291 3.5983428955078125
v -2.4157047271728516 -5.889434337615967 3.5768160820007324
v -2.401808738708496 -5.882501125335693 3.5570762157440186
v -2.3857243061065674 -5.874698162078857 3.5394346714019775
v -2.3677048683166504 -5.866148948669434 3.5241692066192627
v -2.348034620285034 -5.856987476348877 3.5115208625793457
v -2.327023983001709 -5.8473591804504395 3.5016891956329346
v -2.3050038814544678 -5.8374152183532715 3.494828939437866
v -2.2823219299316406 -5.827312469482422 3.491048812866211
v -2.259335994720459 -5.817210674285889 3.490407705307007
v -2.236407995223999 -5.8072686195373535 3.4929163455963135
v -2.213900089263916 -5.797643184661865 3.498534917831421
v -2.192166805267334 -5.788486480712891 3.5071747303009033
v -2.17155122756958 -5.779942989349365 3.518699884414673
v -2.1523783206939697 -5.772147178649902 3.532928228378296
v -2.1349503993988037 -5.76522159576416 3.549635410308838
v -2.119542360305786 -5.759276390075684 3.5685582160949707
v -2.1063971519470215 -5.754404544830322 3.58939790725708
v -2.0957224369049072 -5.750683307647705 3.611826181411743
v -2.087686061859131 -5.748171329498291 3.635488986968994
v -2.0824151039123535 -5.746907711029053 3.660013198852539
v -2.0799922943115234 -5.746913433074951 3.6850123405456543
v -2.080456495285034 -5.748187065124512 3.710092067718506
v -2.0837996006011963 -5.750709533691406 3.734856605529785
v -2.0899696350097656 -5.754440784454346 3.758915424346924
v -2.0988688468933105 -5.759322166442871 3.7818894386291504
v -2.1103568077087402 -5.765275955200195 3.8034160137176514
v -2.1242527961730957 -5.772209167480469 3.8231558799743652
v -2.1403372287750244 -5.780012130737305 3.8407976627349854
v -2.1583566665649414 -5.7885613441467285 3.8560631275177
v -2.1780269145965576 -5.797722816467285 3.868711233139038
v -2.199037551879883 -5.807351112365723 3.8785431385040283
v -2.221057653427124 -5.817295074462891 3.8854031562805176
v -2.243739604949951 -5.82739782333374 3.889183521270752
v -2.266725540161133 -5.837499618530273 3.889824628829956
v -2.2896535396575928 -5.847441673278809 3.8873159885406494
v -2.312161445617676 -5.857067108154297 3.881697416305542
v -2.333894729614258 -5.8662238121032715 3.8730576038360596
v -2.3545103073120117 -5.874767303466797 3.86153244972229
v -2.373683214187622 -5.88256311416626 3.847304105758667
v -2.391111135482788 -5.889488697052002 3.830596923828125
v -2.4065191745758057 -5.8954339027404785 3.811674118041992
v -2.4196643829345703 -5.90030574798584 3.790834426879883
v -2.4303390979766846 -5.904026985168457 3.7684061527252197
v -2.438375473022461 -5.906538963317871 3.7447433471679688
v -2.4436464309692383 -5.907802581787109 3.7202188968658447
v -2.071662664413452 -6.0158514976501465 3.6714773178100586
v -7.448380947113037 6.251614093780518 4.195156097412109
v -2.0711660385131836 -6.01616907119751 3.684021472930908
v -7.447884559631348 6.251296520233154 4.207700252532959
v -2.072113513946533 -6.017117500305176 3.6965079307556152
v -7.448831558227539 6.250348091125488 4.220186710357666
v -2.074490547180176 -6.018681526184082 3.7087392807006836
v -7.45120906829834 6.248784065246582 4.232418060302734
v -2.0782597064971924 -6.020836353302002 3.7205231189727783
v -7.454977989196777 6.246629238128662 4.244202136993408
v -2.0833609104156494 -6.023548603057861 3.731673240661621
v -7.460079193115234 6.243916988372803 4.255352020263672
v -2.089714527130127 -6.0267744064331055 3.742014169692993
v -7.466432571411133 6.240691184997559 4.265693187713623
v -2.097219705581665 -6.030463695526123 3.751382350921631
v -7.47393798828125 6.237001419067383 4.275061130523682
v -2.1057584285736084 -6.034558296203613 3.7596304416656494
v -7.482477188110352 6.232907295227051 4.283309459686279
v -2.1151959896087646 -6.0389933586120605 3.7666282653808594
v -7.491914749145508 6.228471755981445 4.29030704498291
v -2.1253836154937744 -6.043699264526367 3.7722651958465576
v -7.502101898193359 6.223766326904297 4.2959442138671875
v -2.136160373687744 -6.0486016273498535 3.7764527797698975
v -7.51287841796875 6.2188639640808105 4.300131797790527
v -2.1473565101623535 -6.053622722625732 3.7791247367858887
v -7.524075031280518 6.213842868804932 4.3028035163879395
v -2.1587955951690674 -6.0586838722229 3.780238628387451
v -7.535513877868652 6.208781719207764 4.30391788482666
v -2.1702969074249268 -6.063704967498779 3.7797775268554688
v -7.547015190124512 6.203760623931885 4.3034563064575195
v -2.1816792488098145 -6.068607330322266 3.7777483463287354
v -7.55839729309082 6.198858261108398 4.301427364349365
v -2.192763090133667 -6.073312759399414 3.7741830348968506
v -7.569481372833252 6.194152355194092 4.2978620529174805
v -2.203373432159424 -6.0777482986450195 3.7691378593444824
v -7.58009147644043 6.1897172927856445 4.292816638946533
v -2.213343381881714 -6.081842422485352 3.762692451477051
v -7.590061664581299 6.185622692108154 4.286371231079102
v -2.222515344619751 -6.085532188415527 3.754948616027832
v -7.599233627319336 6.181933403015137 4.278627395629883
v -2.2307448387145996 -6.0887579917907715 3.746028184890747
v -7.6074628829956055 6.178707599639893 4.269707202911377
v -2.2379019260406494 -6.091470241546631 3.736071825027466
v -7.614620208740234 6.175995349884033 4.259750843048096
v -2.2438738346099854 -6.093625068664551 3.7252368927001953
v -7.62059211730957 6.173840522766113 4.248915672302246
v -2.2485666275024414 -6.095189094543457 3.713693857192993
v -7.6252851486206055 6.172276496887207 4.237372875213623
v -2.251905679702759 -6.096137523651123 3.701625108718872
v -7.628623962402344 6.171328067779541 4.225304126739502
v -2.2538390159606934 -6.096455097198486 3.689220905303955
v -7.630557060241699 6.171010494232178 4.212899684906006
v -2.254335641860962 -6.096137523651123 3.6766765117645264
v -7.631053924560547 6.171328067779541 4.200355529785156
v -2.2533881664276123 -6.095189094543457 3.6641902923583984
v -7.630106449127197 6.172276496887207 4.187869071960449
v -2.2510108947753906 -6.093625068664551 3.651958703994751
v -7.627729415893555 6.173840522766113 4.175637722015381
v -2.247241973876953 -6.091470241546631 3.6401748657226562
v -7.623960494995117 6.175995349884033 4.163853645324707
v -2.242140531539917 -6.0887579917907715 3.6290247440338135
v -7.61885929107666 6.178707599639893 4.152703762054443
v -2.2357871532440186 -6.085532188415527 3.6186840534210205
v -7.6125054359436035 6.181933403015137 4.14236307144165
v -2.2282819747924805 -6.081842422485352 3.6093156337738037
v -7.6050004959106445 6.185622692108154 4.132994651794434
v -2.219743013381958 -6.0777482986450195 3.601067543029785
v -7.596461296081543 6.1897172927856445 4.124746322631836
v -2.2103054523468018 -6.073312759399414 3.5940699577331543
v -7.587023735046387 6.194152355194092 4.117748737335205
v -2.200118064880371 -6.068607330322266 3.588432788848877
v -7.576836585998535 6.198858261108398 4.112111568450928
v -2.1893413066864014 -6.063704967498779 3.584245443344116
v -7.566059589385986 6.203760623931885 4.107924461364746
v -2.178144931793213 -6.0586838722229 3.581573486328125
v -7.554863452911377 6.208781719207764 4.105252265930176
v -2.166706085205078 -6.053622722625732 3.5804593563079834
v -7.543424606323242 6.213842868804932 4.104138374328613
v -2.1552047729492188 -6.0486016273498535 3.580920457839966
v -7.531923294067383 6.2188639640808105 4.104599475860596
v -2.143822431564331 -6.043699264526367 3.5829498767852783
v -7.520540714263916 6.223766326904297 4.106628894805908
v -2.1327385902404785 -6.0389933586120605 3.586514949798584
v -7.509456634521484 6.228471755981445 4.110194206237793
v -2.1221282482147217 -6.034558296203613 3.591560125350952
v -7.498846530914307 6.232907295227051 4.115239143371582
v -2.1121582984924316 -6.030463695526123 3.598005533218384
v -7.4888763427734375 6.237001419067383 4.121684551239014
v -2.1029863357543945 -6.0267744064331055 3.6057496070861816
v -7.479704856872559 6.240691184997559 4.129428386688232
v -2.094756841659546 -6.023548603057861 3.6146700382232666
v -7.471475124359131 6.243916988372803 4.1383490562438965
v -2.087599754333496 -6.020836353302002 3.6246261596679688
v -7.46431827545166 6.246629238128662 4.1483049392700195
v -2.08162784576416 -6.018681526184082 3.6354613304138184
v -7.458346366882324 6.248784065246582 4.159140110015869
v -2.076935052871704 -6.017117500305176 3.6470041275024414
v -7.453653335571289 6.250348091125488 4.170682907104492
v -2.0735957622528076 -6.01616907119751 3.6590728759765625
v -7.450314521789551 6.251296520233154 4.182751655578613
v -1.8217984437942505 -6.834066390991211 4.247141361236572
v -1.8217984437942505 -6.834066390991211 3.0471410751342773
v -1.7569270133972168 -6.834066390991211 4.243623733520508
v -1.692816138267517 -6.834066390991211 4.2331132888793945
v -1.6302175521850586 -6.834066390991211 4.215733051300049
v -1.5698649883270264 -6.834066390991211 4.191686630249023
v -1.5124661922454834 -6.834066390991211 4.161255359649658
v -1.4586939811706543 -6.834066390991211 4.1247968673706055
v -1.4091787338256836 -6.834066390991211 4.082738399505615
v -1.3645012378692627 -6.834066390991211 4.0355730056762695
v -1.3251850605010986 -6.834066390991211 3.983853340148926
v -1.2916913032531738 -6.834066390991211 3.9281864166259766
v -1.2644124031066895 -6.834066390991211 3.8692240715026855
v -1.2436684370040894 -6.834066390991211 3.8076581954956055
v -1.2297024726867676 -6.834066390991211 3.7442104816436768
v -1.2226784229278564 -6.834066390991211 3.679624557495117
v -1.2226784229278564 -6.834066390991211 3.6146578788757324
v -1.2297024726867676 -6.834066390991211 3.550071954727173
v -1.2436684370040894 -6.834066390991211 3.486624240875244
v -1.2644124031066895 -6.834066390991211 3.425058364868164
v -1.2916913032531738 -6.834066390991211 3.366096019744873
v -1.3251850605010986 -6.834066390991211 3.310429096221924
v -1.3645012378692627 -6.834066390991211 3.25870943069458
v -1.4091787338256836 -6.834066390991211 3.2115440368652344
v -1.4586939811706543 -6.834066390991211 3.169485330581665
v -1.5124661922454834 -6.834066390991211 3.1330268383026123
v -1.5698649883270264 -6.834066390991211 3.1025960445404053
v -1.6302175521850586 -6.834066390991211 3.078549385070801
v -1.692816138267517 -6.834066390991211 3.061168909072876
v -1.7569270133972168 -6.834066390991211 3.0506584644317627
v -1.7583446502685547 -6.8205790519714355 4.243623733520508
v -1.6956347227096558 -6.807249546051025 4.2331132888793945
v -1.6344040632247925 -6.794234275817871 4.215733051300049
v -1.5753703117370605 -6.781686305999756 4.191686630249023
v -1.519225835800171 -6.769752502441406 4.161255359649658
v -1.4666285514831543 -6.758572578430176 4.1247968673706055
v -1.4181954860687256 -6.7482781410217285 4.082738399505615
v -1.3744943141937256 -6.738988876342773 4.0355730056762695
v -1.336037278175354 -6.730814456939697 3.983853340148926
v -1.3032753467559814 -6.723850727081299 3.9281864166259766
v -1.2765926122665405 -6.718179225921631 3.8692240715026855
v -1.256301999092102 -6.713866233825684 3.8076581954956055
v -1.2426412105560303 -6.710962772369385 3.7442104816436768
v -1.235770583152771 -6.709502220153809 3.679624557495117
v -1.235770583152771 -6.709502220153809 3.6146578788757324
v -1.2426412105560303 -6.710962772369385 3.550071954727173
v -1.256301999092102 -6.713866233825684 3.486624240875244
v -1.2765926122665405 -6.718179225921631 3.425058364868164
v -1.3032753467559814 -6.723850727081299 3.366096019744873
v -1.336037278175354 -6.730814456939697 3.310429096221924
v -1.3744943141937256 -6.738988876342773 3.25870943069458
v -1.4181954860687256 -6.7482781410217285 3.2115440368652344
v -1.4666285514831543 -6.758572578430176 3.169485330581665
v -1.519225835800171 -6.769752502441406 3.1330268383026123
v -1.5753703117370605 -6.781686305999756 3.1025960445404053
v -1.6344040632247925 -6.794234275817871 3.078549385070801
v -1.6956347227096558 -6.807249546051025 3.061168909072876
v -1.7583446502685547 -6.8205790519714355 3.0506584644317627
v -1.7625354528427124 -6.807680606842041 4.243623733520508
v -1.7039673328399658 -6.781604766845703 4.2331132888793945
v -1.6467806100845337 -6.756143569946289 4.215733051300049
v -1.5916457176208496 -6.731595993041992 4.191686630249023
v -1.5392093658447266 -6.708249568939209 4.161255359649658
v -1.4900859594345093 -6.686378479003906 4.1247968673706055
v -1.4448516368865967 -6.666238784790039 4.082738399505615
v -1.4040366411209106 -6.648066997528076 4.0355730056762695
v -1.368119478225708 -6.632075309753418 3.983853340148926
v -1.3375214338302612 -6.618452548980713 3.9281864166259766
v -1.3126009702682495 -6.607357025146484 3.8692240715026855
v -1.2936503887176514 -6.598919868469238 3.8076581954956055
v -1.2808918952941895 -6.5932393074035645 3.7442104816436768
v -1.27447509765625 -6.590382099151611 3.679624557495117
v -1.27447509765625 -6.590382099151611 3.6146578788757324
v -1.2808918952941895 -6.5932393074035645 3.550071954727173
v -1.2936503887176514 -6.598919868469238 3.486624240875244
v -1.3126009702682495 -6.607357025146484 3.425058364868164
v -1.3375214338302612 -6.618452548980713 3.366096019744873
v -1.368119478225708 -6.632075309753418 3.310429096221924
v -1.4040366411209106 -6.648066997528076 3.25870943069458
v -1.4448516368865967 -6.666238784790039 3.2115440368652344
v -1.4900859594345093 -6.686378479003906 3.169485330581665
v -1.5392093658447266 -6.708249568939209 3.1330268383026123
v -1.5916457176208496 -6.731595993041992 3.1025960445404053
v -1.6467806100845337 -6.756143569946289 3.078549385070801
v -1.7039673328399658 -6.781604766845703 3.061168909072876
v -1.7625354528427124 -6.807680606842041 3.0506584644317627
v -1.76931631565094 -6.795936107635498 4.243623733520508
v -1.7174495458602905 -6.7582526206970215 4.2331132888793945
v -1.6668062210083008 -6.7214579582214355 4.215733051300049
v -1.6179800033569336 -6.685983657836914 4.191686630249023
v -1.5715433359146118 -6.65224552154541 4.161255359649658
v -1.5280406475067139 -6.620638847351074 4.1247968673706055
v -1.487982153892517 -6.591534614562988 4.082738399505615
v -1.451837182044983 -6.565273761749268 4.0355730056762695
v -1.4200297594070435 -6.542164325714111 3.983853340148926
v -1.392932653427124 -6.522477149963379 3.9281864166259766
v -1.370863676071167 -6.506443023681641 3.8692240715026855
v -1.354081392288208 -6.494250297546387 3.8076581954956055
v -1.342782735824585 -6.486041069030762 3.7442104816436768
v -1.3371001482009888 -6.481912612915039 3.679624557495117
v -1.3371001482009888 -6.481912612915039 3.6146578788757324
v -1.342782735824585 -6.486041069030762 3.550071954727173
v -1.354081392288208 -6.494250297546387 3.486624240875244
v -1.370863676071167 -6.506443023681641 3.425058364868164
v -1.392932653427124 -6.522477149963379 3.366096019744873
v -1.4200297594070435 -6.542164325714111 3.310429096221924
v -1.451837182044983 -6.565273761749268 3.25870943069458
v -1.487982153892517 -6.591534614562988 3.2115440368652344
v -1.5280406475067139 -6.620638847351074 3.169485330581665
v -1.5715433359146118 -6.65224552154541 3.1330268383026123
v -1.6179800033569336 -6.685983657836914 3.1025960445404053
v -1.6668062210083008 -6.7214579582214355 3.078549385070801
v -1.7174495458602905 -6.7582526206970215 3.061168909072876
v -1.76931631565094 -6.795936107635498 3.0506584644317627
v -1.7783910036087036 -6.785857677459717 4.243623733520508
v -1.735492467880249 -6.738214015960693 4.2331132888793945
v -1.6936057806015015 -6.691694259643555 4.215733051300049
v -1.6532220840454102 -6.646843433380127 4.191686630249023
v -1.6148147583007812 -6.604187488555908 4.161255359649658
v -1.578834056854248 -6.564227104187012 4.1247968673706055
v -1.5457019805908203 -6.527430057525635 4.082738399505615
v -1.5158069133758545 -6.494228363037109 4.0355730056762695
v -1.4894992113113403 -6.465010643005371 3.983853340148926
v -1.4670875072479248 -6.440119743347168 3.9281864166259766
v -1.4488344192504883 -6.4198479652404785 3.8692240715026855
v -1.4349539279937744 -6.40443229675293 3.8076581954956055
v -1.4256088733673096 -6.3940534591674805 3.7442104816436768
v -1.4209089279174805 -6.388833522796631 3.679624557495117
v -1.4209089279174805 -6.388833522796631 3.6146578788757324
v -1.4256088733673096 -6.3940534591674805 3.550071954727173
v -1.4349539279937744 -6.40443229675293 3.486624240875244
v -1.4488344192504883 -6.4198479652404785 3.425058364868164
v -1.4670875072479248 -6.440119743347168 3.366096019744873
v -1.4894992113113403 -6.465010643005371 3.310429096221924
v -1.5158069133758545 -6.494228363037109 3.25870943069458
v -1.5457019805908203 -6.527430057525635 3.2115440368652344
v -1.578834056854248 -6.564227104187012 3.169485330581665
v -1.6148147583007812 -6.604187488555908 3.1330268383026123
v -1.6532220840454102 -6.646843433380127 3.1025960445404053
v -1.6936057806015015 -6.691694259643555 3.078549385070801
v -1.735492467880249 -6.738214015960693 3.061168909072876
v -1.7783910036087036 -6.785857677459717 3.0506584644317627
v -1.7893627882003784 -6.777885913848877 4.243623733520508
v -1.7573072910308838 -6.72236442565918 4.2331132888793945
v -1.7260079383850098 -6.668152332305908 4.215733051300049
v -1.6958317756652832 -6.6158857345581055 4.191686630249023
v -1.6671322584152222 -6.566176891326904 4.161255359649658
v -1.6402461528778076 -6.519608497619629 4.1247968673706055
v -1.6154886484146118 -6.476727485656738 4.082738399505615
v -1.5931497812271118 -6.438035488128662 4.0355730056762695
v -1.5734916925430298 -6.40398645401001 3.983853340148926
v -1.5567448139190674 -6.3749799728393555 3.9281864166259766
v -1.5431053638458252 -6.351356029510498 3.8692240715026855
v -1.53273344039917 -6.333391189575195 3.8076581954956055
v -1.5257505178451538 -6.321296215057373 3.7442104816436768
v -1.5222384929656982 -6.315213203430176 3.679624557495117
v -1.5222384929656982 -6.315213203430176 3.6146578788757324
v -1.5257505178451538 -6.321296215057373 3.550071954727173
v -1.53273344039917 -6.333391189575195 3.486624240875244
v -1.5431053638458252 -6.351356029510498 3.425058364868164
v -1.5567448139190674 -6.3749799728393555 3.366096019744873
v -1.5734916925430298 -6.40398645401001 3.310429096221924
v -1.5931497812271118 -6.438035488128662 3.25870943069458
v -1.6154886484146118 -6.476727485656738 3.2115440368652344
v -1.6402461528778076 -6.519608497619629 3.169485330581665
v -1.6671322584152222 -6.566176891326904 3.1330268383026123
v -1.6958317756652832 -6.6158857345581055 3.1025960445404053
v -1.7260079383850098 -6.668152332305908 3.078549385070801
v -1.7573072910308838 -6.72236442565918 3.061168909072876
v -1.7893627882003784 -6.777885913848877 3.0506584644317627
v -1.8017520904541016 -6.772369861602783 4.243623733520508
v -1.7819406986236572 -6.711397171020508 4.2331132888793945
v -1.7625967264175415 -6.651862144470215 4.215733051300049
v -1.7439466714859009 -6.594463348388672 4.191686630249023
v -1.7262095212936401 -6.539874076843262 4.161255359649658
v -1.7095929384231567 -6.488733291625977 4.1247968673706055
v -1.6942919492721558 -6.441641807556152 4.082738399505615
v -1.6804858446121216 -6.399150848388672 4.0355730056762695
v -1.6683365106582642 -6.361759185791016 3.983853340148926
v -1.6579862833023071 -6.329904556274414 3.9281864166259766
v -1.6495566368103027 -6.303960800170898 3.8692240715026855
v -1.6431465148925781 -6.284232139587402 3.8076581954956055
v -1.6388307809829712 -6.270949840545654 3.7442104816436768
v -1.6366602182388306 -6.2642693519592285 3.679624557495117
v -1.6366602182388306 -6.2642693519592285 3.6146578788757324
v -1.6388307809829712 -6.270949840545654 3.550071954727173
v -1.6431465148925781 -6.284232139587402 3.486624240875244
v -1.6495566368103027 -6.303960800170898 3.425058364868164
v -1.6579862833023071 -6.329904556274414 3.366096019744873
v -1.6683365106582642 -6.361759185791016 3.310429096221924
v -1.6804858446121216 -6.399150848388672 3.25870943069458
v -1.6942919492721558 -6.441641807556152 3.2115440368652344
v -1.7095929384231567 -6.488733291625977 3.169485330581665
v -1.7262095212936401 -6.539874076843262 3.1330268383026123
v -1.7439466714859009 -6.594463348388672 3.1025960445404053
v -1.7625967264175415 -6.651862144470215 3.078549385070801
v -1.7819406986236572 -6.711397171020508 3.061168909072876
v -1.8017520904541016 -6.772369861602783 3.0506584644317627
v -1.815017580986023 -6.769550323486328 4.243623733520508
v -1.8083161115646362 -6.7057905197143555 4.2331132888793945
v -1.8017728328704834 -6.643535137176514 4.215733051300049
v -1.795464277267456 -6.583513259887695 4.191686630249023
v -1.7894644737243652 -6.526428699493408 4.161255359649658
v -1.7838436365127563 -6.4729509353637695 4.1247968673706055
v -1.77866792678833 -6.423707008361816 4.082738399505615
v -1.7739979028701782 -6.379274368286133 4.0355730056762695
v -1.769888162612915 -6.340173721313477 3.983853340148926
v -1.7663871049880981 -6.306863307952881 3.9281864166259766
v -1.763535737991333 -6.279733657836914 3.8692240715026855
v -1.7613674402236938 -6.259103298187256 3.8076581954956055
v -1.759907603263855 -6.245213985443115 3.7442104816436768
v -1.7591733932495117 -6.2382283210754395 3.679624557495117
v -1.7591733932495117 -6.2382283210754395 3.6146578788757324
v -1.759907603263855 -6.245213985443115 3.550071954727173
v -1.7613674402236938 -6.259103298187256 3.486624240875244
v -1.763535737991333 -6.279733657836914 3.425058364868164
v -1.7663871049880981 -6.306863307952881 3.366096019744873
v -1.769888162612915 -6.340173721313477 3.310429096221924
v -1.7739979028701782 -6.379274368286133 3.25870943069458
v -1.77866792678833 -6.423707008361816 3.2115440368652344
v -1.7838436365127563 -6.4729509353637695 3.169485330581665
v -1.7894644737243652 -6.526428699493408 3.1330268383026123
v -1.795464277267456 -6.583513259887695 3.1025960445404053
v -1.8017728328704834 -6.643535137176514 3.078549385070801
v -1.8083161115646362 -6.7057905197143555 3.061168909072876
v -1.815017580986023 -6.769550323486328 3.0506584644317627
v -1.828579306602478 -6.769550323486328 4.243623733520508
v -1.8352807760238647 -6.7057905197143555 4.2331132888793945
v -1.8418240547180176 -6.643535137176514 4.215733051300049
v -1.848132610321045 -6.583513259887695 4.191686630249023
v -1.8541324138641357 -6.526428699493408 4.161255359649658
v -1.8597532510757446 -6.4729509353637695 4.1247968673706055
v -1.864928960800171 -6.423707008361816 4.082738399505615
v -1.8695989847183228 -6.379274368286133 4.0355730056762695
v -1.873708724975586 -6.340173721313477 3.983853340148926
v -1.8772097826004028 -6.306863307952881 3.9281864166259766
v -1.880061149597168 -6.279733657836914 3.8692240715026855
v -1.8822294473648071 -6.259103298187256 3.8076581954956055
v -1.883689284324646 -6.245213985443115 3.7442104816436768
v -1.8844234943389893 -6.2382283210754395 3.679624557495117
v -1.8844234943389893 -6.2382283210754395 3.6146578788757324
v -1.883689284324646 -6.245213985443115 3.550071954727173
v -1.8822294473648071 -6.259103298187256 3.486624240875244
v -1.880061149597168 -6.279733657836914 3.425058364868164
v -1.8772097826004028 -6.306863307952881 3.366096019744873
v -1.873708724975586 -6.340173721313477 3.310429096221924
v -1.8695989847183228 -6.379274368286133 3.25870943069458
v -1.864928960800171 -6.423707008361816 3.2115440368652344
v -1.8597532510757446 -6.4729509353637695 3.169485330581665
v -1.8541324138641357 -6.526428699493408 3.1330268383026123
v -1.848132610321045 -6.583513259887695 3.1025960445404053
v -1.8418240547180176 -6.643535137176514 3.078549385070801
v -1.8352807760238647 -6.7057905197143555 3.061168909072876
v -1.828579306602478 -6.769550323486328 3.0506584644317627
v -1.8418447971343994 -6.772369861602783 4.243623733520508
v -1.8616561889648438 -6.711397171020508 4.2331132888793945
v -1.8810001611709595 -6.651862144470215 4.215733051300049
v -1.8996502161026 -6.594463348388672 4.191686630249023
v -1.9173873662948608 -6.539874076843262 4.161255359649658
v -1.9340039491653442 -6.488733291625977 4.1247968673706055
v -1.9493049383163452 -6.441641807556152 4.082738399505615
v -1.9631110429763794 -6.399150848388672 4.0355730056762695
v -1.9752603769302368 -6.361759185791016 3.983853340148926
v -1.9856106042861938 -6.329904556274414 3.9281864166259766
v -1.9940402507781982 -6.303960800170898 3.8692240715026855
v -2.000450372695923 -6.284232139587402 3.8076581954956055
v -2.0047662258148193 -6.270949840545654 3.7442104816436768
v -2.00693678855896 -6.2642693519592285 3.679624557495117
v -2.00693678855896 -6.2642693519592285 3.6146578788757324
v -2.0047662258148193 -6.270949840545654 3.550071954727173
v -2.000450372695923 -6.284232139587402 3.486624240875244
v -1.9940402507781982 -6.303960800170898 3.425058364868164
v -1.9856106042861938 -6.329904556274414 3.366096019744873
v -1.9752603769302368 -6.361759185791016 3.310429096221924
v -1.9631110429763794 -6.399150848388672 3.25870943069458
v -1.9493049383163452 -6.441641807556152 3.2115440368652344
v -1.9340039491653442 -6.488733291625977 3.169485330581665
v -1.9173873662948608 -6.539874076843262 3.1330268383026123
v -1.8996502161026 -6.594463348388672 3.1025960445404053
v -1.8810001611709595 -6.651862144470215 3.078549385070801
v -1.8616561889648438 -6.711397171020508 3.061168909072876
v -1.8418447971343994 -6.772369861602783 3.0506584644317627
v -1.8542340993881226 -6.777885913848877 4.243623733520508
v -1.8862895965576172 -6.72236442565918 4.2331132888793945
v -1.9175889492034912 -6.668152332305908 4.215733051300049
v -1.9477651119232178 -6.6158857345581055 4.191686630249023
v -1.9764646291732788 -6.566176891326904 4.161255359649658
v -2.0033507347106934 -6.519608497619629 4.1247968673706055
v -2.0281083583831787 -6.476727485656738 4.082738399505615
v -2.0504469871520996 -6.438035488128662 4.0355730056762695
v -2.0701050758361816 -6.40398645401001 3.983853340148926
v -2.0868520736694336 -6.3749799728393555 3.9281864166259766
v -2.100491523742676 -6.351356029510498 3.8692240715026855
v -2.110863447189331 -6.333391189575195 3.8076581954956055
v -2.1178464889526367 -6.321296215057373 3.7442104816436768
v -2.1213583946228027 -6.315213203430176 3.679624557495117
v -2.1213583946228027 -6.315213203430176 3.6146578788757324
v -2.1178464889526367 -6.321296215057373 3.550071954727173
v -2.110863447189331 -6.333391189575195 3.486624240875244
v -2.100491523742676 -6.351356029510498 3.425058364868164
v -2.0868520736694336 -6.3749799728393555 3.366096019744873
v -2.0701050758361816 -6.40398645401001 3.310429096221924
v -2.0504469871520996 -6.438035488128662 3.25870943069458
v -2.0281083583831787 -6.476727485656738 3.2115440368652344
v -2.0033507347106934 -6.519608497619629 3.169485330581665
v -1.9764646291732788 -6.566176891326904 3.1330268383026123
v -1.9477651119232178 -6.6158857345581055 3.1025960445404053
v -1.9175889492034912 -6.668152332305908 3.078549385070801
v -1.8862895965576172 -6.72236442565918 3.061168909072876
v -1.8542340993881226 -6.777885913848877 3.0506584644317627
v -1.8652058839797974 -6.785857677459717 4.243623733520508
v -1.908104419708252 -6.738214015960693 4.2331132888793945
v -1.9499911069869995 -6.691694259643555 4.215733051300049
v -1.9903748035430908 -6.646843433380127 4.191686630249023
v -2.0287821292877197 -6.604187488555908 4.161255359649658
v -2.064762830734253 -6.564227104187012 4.1247968673706055
v -2.0978949069976807 -6.527430057525635 4.082738399505615
v -2.1277899742126465 -6.494228363037109 4.0355730056762695
v -2.154097557067871 -6.465010643005371 3.983853340148926
v -2.176509380340576 -6.440119743347168 3.9281864166259766
v -2.1947624683380127 -6.4198479652404785 3.8692240715026855
v -2.2086429595947266 -6.40443229675293 3.8076581954956055
v -2.2179880142211914 -6.3940534591674805 3.7442104816436768
v -2.2226879596710205 -6.388833522796631 3.679624557495117
v -2.2226879596710205 -6.388833522796631 3.6146578788757324
v -2.2179880142211914 -6.3940534591674805 3.550071954727173
v -2.2086429595947266 -6.40443229675293 3.486624240875244
v -2.1947624683380127 -6.4198479652404785 3.425058364868164
v -2.176509380340576 -6.440119743347168 3.366096019744873
v -2.154097557067871 -6.465010643005371 3.310429096221924
v -2.1277899742126465 -6.494228363037109 3.25870943069458
v -2.0978949069976807 -6.527430057525635 3.2115440368652344
v -2.064762830734253 -6.564227104187012 3.169485330581665
v -2.0287821292877197 -6.604187488555908 3.1330268383026123
v -1.9903748035430908 -6.646843433380127 3.1025960445404053
v -1.9499911069869995 -6.691694259643555 3.078549385070801
v -1.908104419708252 -6.738214015960693 3.061168909072876
v -1.8652058839797974 -6.785857677459717 3.0506584644317627
v -1.874280571937561 -6.795936107635498 4.243623733520508
v -1.9261473417282104 -6.7582526206970215 4.2331132888793945
v -1.9767906665802002 -6.7214579582214355 4.215733051300049
v -2.0256168842315674 -6.685983657836914 4.191686630249023
v -2.0720534324645996 -6.65224552154541 4.161255359649658
v -2.115556240081787 -6.620638847351074 4.1247968673706055
v -2.1556148529052734 -6.591534614562988 4.082738399505615
v -2.1917595863342285 -6.565273761749268 4.0355730056762695
v -2.223567008972168 -6.542164325714111 3.983853340148926
v -2.250664234161377 -6.522477149963379 3.9281864166259766
v -2.272733211517334 -6.506443023681641 3.8692240715026855
v -2.289515495300293 -6.494250297546387 3.8076581954956055
v -2.300814151763916 -6.486041069030762 3.7442104816436768
v -2.3064966201782227 -6.481912612915039 3.679624557495117
v -2.3064966201782227 -6.481912612915039 3.6146578788757324
v -2.300814151763916 -6.486041069030762 3.550071954727173
v -2.289515495300293 -6.494250297546387 3.486624240875244
v -2.272733211517334 -6.506443023681641 3.425058364868164
v -2.250664234161377 -6.522477149963379 3.366096019744873
v -2.223567008972168 -6.542164325714111 3.310429096221924
v -2.1917595863342285 -6.565273761749268 3.25870943069458
v -2.1556148529052734 -6.591534614562988 3.2115440368652344
v -2.115556240081787 -6.620638847351074 3.169485330581665
v -2.0720534324645996 -6.65224552154541 3.1330268383026123
v -2.0256168842315674 -6.685983657836914 3.1025960445404053
v -1.9767906665802002 -6.7214579582214355 3.078549385070801
v -1.9261473417282104 -6.7582526206970215 3.061168909072876
v -1.874280571937561 -6.795936107635498 3.0506584644317627
v -1.8810614347457886 -6.807680606842041 4.243623733520508
v -1.9396295547485352 -6.781604766845703 4.2331132888793945
v -1.9968162775039673 -6.756143569946289 4.215733051300049
v -2.0519511699676514 -6.731595993041992 4.191686630249023
v -2.1043875217437744 -6.708249568939209 4.161255359649658
v -2.1535110473632812 -6.686378479003906 4.1247968673706055
v -2.1987452507019043 -6.666238784790039 4.082738399505615
v -2.239560127258301 -6.648066997528076 4.0355730056762695
v -2.275477409362793 -6.632075309753418 3.983853340148926
v -2.3060755729675293 -6.618452548980713 3.9281864166259766
v -2.330996036529541 -6.607357025146484 3.8692240715026855
v -2.3499464988708496 -6.598919868469238 3.8076581954956055
v -2.3627049922943115 -6.5932393074035645 3.7442104816436768
v -2.369121789932251 -6.590382099151611 3.679624557495117
v -2.369121789932251 -6.590382099151611 3.6146578788757324
v -2.3627049922943115 -6.5932393074035645 3.550071954727173
v -2.3499464988708496 -6.598919868469238 3.486624240875244
v -2.330996036529541 -6.607357025146484 3.425058364868164
v -2.3060755729675293 -6.618452548980713 3.366096019744873
v -2.275477409362793 -6.632075309753418 3.310429096221924
v -2.239560127258301 -6.648066997528076 3.25870943069458
v -2.1987452507019043 -6.666238784790039 3.2115440368652344
v -2.1535110473632812 -6.686378479003906 3.169485330581665
v -2.1043875217437744 -6.708249568939209 3.1330268383026123
v -2.0519511699676514 -6.731595993041992 3.1025960445404053
v -1.9968162775039673 -6.756143569946289 3.078549385070801
v -1.9396295547485352 -6.781604766845703 3.061168909072876
v -1.8810614347457886 -6.807680606842041 3.0506584644317627
v -1.8852522373199463 -6.8205790519714355 4.243623733520508
v -1.9479621648788452 -6.807249546051025 4.2331132888793945
v -2.009192943572998 -6.794234275817871 4.215733051300049
v -2.0682265758514404 -6.781686305999756 4.191686630249023
v -2.12437105178833 -6.769752502441406 4.161255359649658
v -2.1769683361053467 -6.758572578430176 4.1247968673706055
v -2.2254014015197754 -6.7482781410217285 4.082738399505615
v -2.2691025733947754 -6.738988876342773 4.0355730056762695
v -2.3075597286224365 -6.730814456939697 3.983853340148926
v -2.3403215408325195 -6.723850727081299 3.9281864166259766
v -2.36700439453125 -6.718179225921631 3.8692240715026855
v -2.3872947692871094 -6.713866233825684 3.8076581954956055
v -2.4009556770324707 -6.710962772369385 3.7442104816436768
v -2.4078264236450195 -6.709502220153809 3.679624557495117
v -2.4078264236450195 -6.709502220153809 3.6146578788757324
v -2.4009556770324707 -6.710962772369385 3.550071954727173
v -2.3872947692871094 -6.713866233825684 3.486624240875244
v -2.36700439453125 -6.718179225921631 3.425058364868164
v -2.3403215408325195 -6.723850727081299 3.366096019744873
v -2.3075597286224365 -6.730814456939697 3.310429096221924
v -2.2691025733947754 -6.738988876342773 3.25870943069458
v -2.2254014015197754 -6.7482781410217285 3.2115440368652344
v -2.1769683361053467 -6.758572578430176 3.169485330581665
v -2.12437105178833 -6.769752502441406 3.1330268383026123
v -2.0682265758514404 -6.781686305999756 3.1025960445404053
v -2.009192943572998 -6.794234275817871 3.078549385070801
v -1.9479621648788452 -6.807249546051025 3.061168909072876
v -1.8852522373199463 -6.8205790519714355 3.0506584644317627
v -1.8866698741912842 -6.834066390991211 4.243623733520508
v -1.9507807493209839 -6.834066390991211 4.2331132888793945
v -2.0133793354034424 -6.834066390991211 4.215733051300049
v -2.0737318992614746 -6.834066390991211 4.191686630249023
v -2.1311306953430176 -6.834066390991211 4.161255359649658
v -2.1849029064178467 -6.834066390991211 4.1247968673706055
v -2.2344181537628174 -6.834066390991211 4.082738399505615
v -2.2790956497192383 -6.834066390991211 4.0355730056762695
v -2.3184118270874023 -6.834066390991211 3.983853340148926
v -2.351905584335327 -6.834066390991211 3.9281864166259766
v -2.3791844844818115 -6.834066390991211 3.8692240715026855
v -2.399928569793701 -6.834066390991211 3.8076581954956055
v -2.4138944149017334 -6.834066390991211 3.7442104816436768
v -2.4209184646606445 -6.834066390991211 3.679624557495117
v -2.4209184646606445 -6.834066390991211 3.6146578788757324
v -2.4138944149017334 -6.834066390991211 3.550071954727173
v -2.399928569793701 -6.834066390991211 3.486624240875244
v -2.3791844844818115 -6.834066390991211 3.425058364868164
v -2.351905584335327 -6.834066390991211 3.366096019744873
v -2.3184118270874023 -6.834066390991211 3.310429096221924
v -2.2790956497192383 -6.834066390991211 3.25870943069458
v -2.2344181537628174 -6.834066390991211 3.2115440368652344
v -2.1849029064178467 -6.834066390991211 3.169485330581665
v -2.1311306953430176 -6.834066390991211 3.1330268383026123
v -2.0737318992614746 -6.834066390991211 3.1025960445404053
v -2.0133793354034424 -6.834066390991211 3.078549385070801
v -1.9507807493209839 -6.834066390991211 3.061168909072876
v -1.8866698741912842 -6.834066390991211 3.0506584644317627
v -1.8852522373199463 -6.847553730010986 4.243623733520508
v -1.9479621648788452 -6.8608832359313965 4.2331132888793945
v -2.009192943572998 -6.873898506164551 4.215733051300049
v -2.0682265758514404 -6.886446475982666 4.191686630249023
v -2.12437105178833 -6.898380279541016 4.161255359649658
v -2.1769683361053467 -6.909560203552246 4.1247968673706055
v -2.2254014015197754 -6.919854640960693 4.082738399505615
v -2.2691025733947754 -6.929143905639648 4.0355730056762695
v -2.3075597286224365 -6.937318325042725 3.983853340148926
v -2.3403215408325195 -6.944282054901123 3.9281864166259766
v -2.36700439453125 -6.949953556060791 3.8692240715026855
v -2.3872947692871094 -6.954266548156738 3.8076581954956055
v -2.4009556770324707 -6.957170009613037 3.7442104816436768
v -2.4078264236450195 -6.958630561828613 3.679624557495117
v -2.4078264236450195 -6.958630561828613 3.6146578788757324
v -2.4009556770324707 -6.957170009613037 3.550071954727173
v -2.3872947692871094 -6.954266548156738 3.486624240875244
v -2.36700439453125 -6.949953556060791 3.425058364868164
v -2.3403215408325195 -6.944282054901123 3.366096019744873
v -2.3075597286224365 -6.937318325042725 3.310429096221924
v -2.2691025733947754 -6.929143905639648 3.25870943069458
v -2.2254014015197754 -6.919854640960693 3.2115440368652344
v -2.1769683361053467 -6.909560203552246 3.169485330581665
v -2.12437105178833 -6.898380279541016 3.1330268383026123
v -2.0682265758514404 -6.886446475982666 3.1025960445404053
v -2.009192943572998 -6.873898506164551 3.078549385070801
v -1.9479621648788452 -6.8608832359313965 3.061168909072876
v -1.8852522373199463 -6.847553730010986 3.0506584644317627
v -1.8810614347457886 -6.860452175140381 4.243623733520508
v -1.9396295547485352 -6.886528015136719 4.2331132888793945
v -1.9968162775039673 -6.911989212036133 4.215733051300049
v -2.0519511699676514 -6.93653678894043 4.191686630249023
v -2.1043875217437744 -6.959883213043213 4.161255359649658
v -2.1535110473632812 -6.981754302978516 4.1247968673706055
v -2.1987452507019043 -7.001893997192383 4.082738399505615
v -2.239560127258301 -7.020065784454346 4.0355730056762695
v -2.275477409362793 -7.036057472229004 3.983853340148926
v -2.3060755729675293 -7.049680233001709 3.9281864166259766
v -2.330996036529541 -7.0607757568359375 3.8692240715026855
v -2.3499464988708496 -7.069212913513184 3.8076581954956055
v -2.3627049922943115 -7.074893474578857 3.7442104816436768
v -2.369121789932251 -7.0777506828308105 3.679624557495117
v -2.369121789932251 -7.0777506828308105 3.6146578788757324
v -2.3627049922943115 -7.074893474578857 3.550071954727173
v -2.3499464988708496 -7.069212913513184 3.486624240875244
v -2.330996036529541 -7.0607757568359375 3.425058364868164
v -2.3060755729675293 -7.049680233001709 3.366096019744873
v -2.275477409362793 -7.036057472229004 3.310429096221924
v -2.239560127258301 -7.020065784454346 3.25870943069458
v -2.1987452507019043 -7.001893997192383 3.2115440368652344
v -2.1535110473632812 -6.981754302978516 3.169485330581665
v -2.1043875217437744 -6.959883213043213 3.1330268383026123
v -2.0519511699676514 -6.93653678894043 3.1025960445404053
v -1.9968162775039673 -6.911989212036133 3.078549385070801
v -1.9396295547485352 -6.886528015136719 3.061168909072876
v -1.8810614347457886 -6.860452175140381 3.0506584644317627
v -1.874280571937561 -6.872196674346924 4.243623733520508
v -1.9261473417282104 -6.9098801612854 4.2331132888793945
v -1.9767906665802002 -6.946674823760986 4.215733051300049
v -2.0256168842315674 -6.982149124145508 4.191686630249023
v -2.0720534324645996 -7.015887260437012 4.161255359649658
v -2.115556240081787 -7.047493934631348 4.1247968673706055
v -2.1556148529052734 -7.076598167419434 4.082738399505615
v -2.1917595863342285 -7.102859020233154 4.0355730056762695
v -2.223567008972168 -7.1259684562683105 3.983853340148926
v -2.250664234161377 -7.145655632019043 3.9281864166259766
v -2.272733211517334 -7.161689758300781 3.8692240715026855
v -2.289515495300293 -7.173882484436035 3.8076581954956055
v -2.300814151763916 -7.18209171295166 3.7442104816436768
v -2.3064966201782227 -7.186220169067383 3.679624557495117
v -2.3064966201782227 -7.186220169067383 3.6146578788757324
v -2.300814151763916 -7.18209171295166 3.550071954727173
v -2.289515495300293 -7.173882484436035 3.486624240875244
v -2.272733211517334 -7.161689758300781 3.425058364868164
v -2.250664234161377 -7.145655632019043 3.366096019744873
v -2.223567008972168 -7.1259684562683105 3.310429096221924
v -2.1917595863342285 -7.102859020233154 3.25870943069458
v -2.1556148529052734 -7.076598167419434 3.2115440368652344
v -2.115556240081787 -7.047493934631348 3.169485330581665
v -2.0720534324645996 -7.015887260437012 3.1330268383026123
v -2.0256168842315674 -6.982149124145508 3.1025960445404053
v -1.9767906665802002 -6.946674823760986 3.078549385070801
v -1.9261473417282104 -6.9098801612854 3.061168909072876
v -1.874280571937561 -6.872196674346924 3.0506584644317627
v -1.8652058839797974 -6.882275104522705 4.243623733520508
v -1.908104419708252 -6.9299187660217285 4.2331132888793945
v -1.9499911069869995 -6.976438522338867 4.215733051300049
v -1.9903748035430908 -7.021289348602295 4.191686630249023
v -2.0287821292877197 -7.063945293426514 4.161255359649658
v -2.064762830734253 -7.10390567779541 4.1247968673706055
v -2.0978949069976807 -7.140702724456787 4.082738399505615
v -2.1277899742126465 -7.1739044189453125 4.0355730056762695
v -2.154097557067871 -7.203122138977051 3.983853340148926
v -2.176509380340576 -7.228013038635254 3.9281864166259766
v -2.1947624683380127 -7.248284816741943 3.8692240715026855
v -2.2086429595947266 -7.263700485229492 3.8076581954956055
v -2.2179880142211914 -7.274079322814941 3.7442104816436768
v -2.2226879596710205 -7.279299259185791 3.679624557495117
v -2.2226879596710205 -7.279299259185791 3.6146578788757324
v -2.2179880142211914 -7.274079322814941 3.550071954727173
v -2.2086429595947266 -7.263700485229492 3.486624240875244
v -2.1947624683380127 -7.248284816741943 3.425058364868164
v -2.176509380340576 -7.228013038635254 3.366096019744873
v -2.154097557067871 -7.203122138977051 3.310429096221924
v -2.1277899742126465 -7.1739044189453125 3.25870943069458
v -2.0978949069976807 -7.140702724456787 3.2115440368652344
v -2.064762830734253 -7.10390567779541 3.169485330581665
v -2.0287821292877197 -7.063945293426514 3.1330268383026123
v -1.9903748035430908 -7.021289348602295 3.1025960445404053
v -1.9499911069869995 -6.976438522338867 3.078549385070801
v -1.908104419708252 -6.9299187660217285 3.061168909072876
v -1.8652058839797974 -6.882275104522705 3.0506584644317627
v -1.8542340993881226 -6.890246868133545 4.243623733520508
v -1.8862895965576172 -6.945768356323242 4.2331132888793945
v -1.9175889492034912 -6.999980449676514 4.215733051300049
v -1.9477651119232178 -7.052247047424316 4.191686630249023
v -1.9764646291732788 -7.101955890655518 4.161255359649658
v -2.0033507347106934 -7.148524284362793 4.1247968673706055
v -2.0281083583831787 -7.191405296325684 4.082738399505615
v -2.0504469871520996 -7.23009729385376 4.0355730056762695
v -2.0701050758361816 -7.264146327972412 3.983853340148926
v -2.0868520736694336 -7.293152809143066 3.9281864166259766
v -2.100491523742676 -7.316776752471924 3.8692240715026855
v -2.110863447189331 -7.334741592407227 3.8076581954956055
v -2.1178464889526367 -7.346836566925049 3.7442104816436768
v -2.1213583946228027 -7.352919578552246 3.679624557495117
v -2.1213583946228027 -7.352919578552246 3.6146578788757324
v -2.1178464889526367 -7.346836566925049 3.550071954727173
v -2.110863447189331 -7.334741592407227 3.486624240875244
v -2.100491523742676 -7.316776752471924 3.425058364868164
v -2.0868520736694336 -7.293152809143066 3.366096019744873
v -2.0701050758361816 -7.264146327972412 3.310429096221924
v -2.0504469871520996 -7.23009729385376 3.25870943069458
v -2.0281083583831787 -7.191405296325684 3.2115440368652344
v -2.0033507347106934 -7.148524284362793 3.169485330581665
v -1.9764646291732788 -7.101955890655518 3.1330268383026123
v -1.9477651119232178 -7.052247047424316 3.1025960445404053
v -1.9175889492034912 -6.999980449676514 3.078549385070801
v -1.8862895965576172 -6.945768356323242 3.061168909072876
v -1.8542340993881226 -6.890246868133545 3.0506584644317627
v -1.8418447971343994 -6.895762920379639 4.243623733520508
v -1.8616561889648438 -6.956735610961914 4.2331132888793945
v -1.8810001611709595 -7.016270637512207 4.215733051300049
v -1.8996502161026 -7.07366943359375 4.191686630249023
v -1.9173873662948608 -7.12825870513916 4.161255359649658
v -1.9340039491653442 -7.179399490356445 4.1247968673706055
v -1.9493049383163452 -7.2264909744262695 4.082738399505615
v -1.9631110429763794 -7.26898193359375 4.0355730056762695
v -1.9752603769302368 -7.306373596191406 3.983853340148926
v -1.9856106042861938 -7.338228225708008 3.9281864166259766
v -1.9940402507781982 -7.364171981811523 3.8692240715026855
v -2.000450372695923 -7.3839006423950195 3.8076581954956055
v -2.0047662258148193 -7.397182941436768 3.7442104816436768
v -2.00693678855896 -7.403863430023193 3.679624557495117
v -2.00693678855896 -7.403863430023193 3.6146578788757324
v -2.0047662258148193 -7.397182941436768 3.550071954727173
v -2.000450372695923 -7.3839006423950195 3.486624240875244
v -1.9940402507781982 -7.364171981811523 3.425058364868164
v -1.9856106042861938 -7.338228225708008 3.366096019744873
v -1.9752603769302368 -7.306373596191406 3.310429096221924
v -1.9631110429763794 -7.26898193359375 3.25870943069458
v -1.9493049383163452 -7.2264909744262695 3.2115440368652344
v -1.9340039491653442 -7.179399490356445 3.169485330581665
v -1.9173873662948608 -7.12825870513916 3.1330268383026123
v -1.8996502161026 -7.07366943359375 3.1025960445404053
v -1.8810001611709595 -7.016270637512207 3.078549385070801
v -1.8616561889648438 -6.956735610961914 3.061168909072876
v -1.8418447971343994 -6.895762920379639 3.0506584644317627
v -1.828579306602478 -6.898582458496094 4.243623733520508
v -1.8352807760238647 -6.962342262268066 4.2331132888793945
v -1.8418240547180176 -7.024597644805908 4.215733051300049
v -1.848132610321045 -7.084619522094727 4.191686630249023
v -1.8541324138641357 -7.141704082489014 4.161255359649658
v -1.8597532510757446 -7.195181846618652 4.1247968673706055
v -1.864928960800171 -7.2444257736206055 4.082738399505615
v -1.8695989847183228 -7.288858413696289 4.0355730056762695
v -1.873708724975586 -7.327959060668945 3.983853340148926
v -1.8772097826004028 -7.361269474029541 3.9281864166259766
v -1.880061149597168 -7.388399124145508 3.8692240715026855
v -1.8822294473648071 -7.409029483795166 3.8076581954956055
v -1.883689284324646 -7.422918796539307 3.7442104816436768
v -1.8844234943389893 -7.429904460906982 3.679624557495117
v -1.8844234943389893 -7.429904460906982 3.6146578788757324
v -1.883689284324646 -7.422918796539307 3.550071954727173
v -1.8822294473648071 -7.409029483795166 3.486624240875244
v -1.880061149597168 -7.388399124145508 3.425058364868164
v -1.8772097826004028 -7.361269474029541 3.366096019744873
v -1.873708724975586 -7.327959060668945 3.310429096221924
v -1.8695989847183228 -7.288858413696289 3.25870943069458
v -1.864928960800171 -7.2444257736206055 3.2115440368652344
v -1.8597532510757446 -7.195181846618652 3.169485330581665
v -1.8541324138641357 -7.141704082489014 3.1330268383026123
v -1.848132610321045 -7.084619522094727 3.1025960445404053
v -1.8418240547180176 -7.024597644805908 3.078549385070801
v -1.8352807760238647 -6.962342262268066 3.061168909072876
v -1.828579306602478 -6.898582458496094 3.0506584644317627
v -1.815017580986023 -6.898582458496094 4.243623733520508
v -1.8083161115646362 -6.962342262268066 4.2331132888793945
v -1.8017728328704834 -7.024597644805908 4.215733051300049
v -1.795464277267456 -7.084619522094727 4.191686630249023
v -1.7894644737243652 -7.141704082489014 4.161255359649658
v -1.7838436365127563 -7.195181846618652 4.1247968673706055
v -1.77866792678833 -7.2444257736206055 4.082738399505615
v -1.7739979028701782 -7.288858413696289 4.0355730056762695
v -1.769888162612915 -7.327959060668945 3.983853340148926
v -1.7663871049880981 -7.361269474029541 3.9281864166259766
v -1.763535737991333 -7.388399124145508 3.8692240715026855
v -1.7613674402236938 -7.409029483795166 3.8076581954956055
v -1.759907603263855 -7.422918796539307 3.7442104816436768
v -1.7591733932495117 -7.429904460906982 3.679624557495117
v -1.7591733932495117 -7.429904460906982 3.6146578788757324
v -1.759907603263855 -7.422918796539307 3.550071954727173
v -1.7613674402236938 -7.409029483795166 3.486624240875244
v -1.763535737991333 -7.388399124145508 3.425058364868164
v -1.7663871049880981 -7.361269474029541 3.366096019744873
v -1.769888162612915 -7.327959060668945 3.310429096221924
v -1.7739979028701782 -7.288858413696289 3.25870943069458
v -1.77866792678833 -7.2444257736206055 3.2115440368652344
v -1.7838436365127563 -7.195181846618652 3.169485330581665
v -1.7894644737243652 -7.141704082489014 3.1330268383026123
v -1.795464277267456 -7.084619522094727 3.1025960445404053
v -1.8017728328704834 -7.024597644805908 3.078549385070801
v -1.8083161115646362 -6.962342262268066 3.061168909072876
v -1.815017580986023 -6.898582458496094 3.0506584644317627
v -1.8017520904541016 -6.895762920379639 4.243623733520508
v -1.7819406986236572 -6.956735610961914 4.2331132888793945
v -1.7625967264175415 -7.016270637512207 4.215733051300049
v -1.7439466714859009 -7.07366943359375 4.191686630249023
v -1.7262095212936401 -7.12825870513916 4.161255359649658
v -1.7095929384231567 -7.179399490356445 4.1247968673706055
v -1.6942919492721558 -7.2264909744262695 4.082738399505615
v -1.6804858446121216 -7.26898193359375 4.0355730056762695
v -1.6683365106582642 -7.306373596191406 3.983853340148926
v -1.6579862833023071 -7.338228225708008 3.9281864166259766
v -1.6495566368103027 -7.364171981811523 3.8692240715026855
v -1.6431465148925781 -7.3839006423950195 3.8076581954956055
v -1.6388307809829712 -7.397182941436768 3.7442104816436768
v -1.6366602182388306 -7.403863430023193 3.679624557495117
v -1.6366602182388306 -7.403863430023193 3.6146578788757324
v -1.6388307809829712 -7.397182941436768 3.550071954727173
v -1.6431465148925781 -7.3839006423950195 3.486624240875244
v -1.6495566368103027 -7.364171981811523 3.425058364868164
v -1.6579862833023071 -7.338228225708008 3.366096019744873
v -1.6683365106582642 -7.306373596191406 3.310429096221924
v -1.6804858446121216 -7.26898193359375 3.25870943069458
v -1.6942919492721558 -7.2264909744262695 3.2115440368652344
v -1.7095929384231567 -7.179399490356445 3.169485330581665
v -1.7262095212936401 -7.12825870513916 3.1330268383026123
v -1.7439466714859009 -7.07366943359375 3.1025960445404053
v -1.7625967264175415 -7.016270637512207 3.078549385070801
v -1.7819406986236572 -6.956735610961914 3.061168909072876
v -1.8017520904541016 -6.895762920379639 3.0506584644317627
v -1.7893627882003784 -6.890246868133545 4.243623733520508
v -1.7573072910308838 -6.945768356323242 4.2331132888793945
v -1.7260079383850098 -6.999980449676514 4.215733051300049
v -1.6958317756652832 -7.052247047424316 4.191686630249023
v -1.6671322584152222 -7.101955890655518 4.161255359649658
v -1.6402461528778076 -7.148524284362793 4.1247968673706055
v -1.6154886484146118 -7.191405296325684 4.082738399505615
v -1.5931497812271118 -7.23009729385376 4.0355730056762695
v -1.5734916925430298 -7.264146327972412 3.983853340148926
v -1.5567448139190674 -7.293152809143066 3.9281864166259766
v -1.5431053638458252 -7.316776752471924 3.8692240715026855
v -1.53273344039917 -7.334741592407227 3.8076581954956055
v -1.5257505178451538 -7.346836566925049 3.7442104816436768
v -1.5222384929656982 -7.352919578552246 3.679624557495117
v -1.5222384929656982 -7.352919578552246 3.6146578788757324
v -1.5257505178451538 -7.346836566925049 3.550071954727173
v -1.53273344039917 -7.334741592407227 3.486624240875244
v -1.5431053638458252 -7.316776752471924 3.425058364868164
v -1.5567448139190674 -7.293152809143066 3.366096019744873
v -1.5734916925430298 -7.264146327972412 3.310429096221924
v -1.5931497812271118 -7.23009729385376 3.25870943069458
v -1.6154886484146118 -7.191405296325684 3.2115440368652344
v -1.6402461528778076 -7.148524284362793 3.169485330581665
v -1.6671322584152222 -7.101955890655518 3.1330268383026123
v -1.6958317756652832 -7.052247047424316 3.1025960445404053
v -1.7260079383850098 -6.999980449676514 3.078549385070801
v -1.7573072910308838 -6.945768356323242 3.061168909072876
v -1.7893627882003784 -6.890246868133545 3.0506584644317627
v -1.7783910036087036 -6.882275104522705 4.243623733520508
v -1.735492467880249 -6.9299187660217285 4.2331132888793945
v -1.6936057806015015 -6.976438522338867 4.215733051300049
v -1.6532220840454102 -7.021289348602295 4.191686630249023
v -1.6148147583007812 -7.063945293426514 4.161255359649658
v -1.578834056854248 -7.10390567779541 4.1247968673706055
v -1.5457019805908203 -7.140702724456787 4.082738399505615
v -1.5158069133758545 -7.1739044189453125 4.0355730056762695
v -1.4894992113113403 -7.203122138977051 3.983853340148926
v -1.4670875072479248 -7.228013038635254 3.9281864166259766
v -1.4488344192504883 -7.248284816741943 3.8692240715026855
v -1.4349539279937744 -7.263700485229492 3.8076581954956055
v -1.4256088733673096 -7.274079322814941 3.7442104816436768
v -1.4209089279174805 -7.279299259185791 3.679624557495117
v -1.4209089279174805 -7.279299259185791 3.6146578788757324
v -1.4256088733673096 -7.274079322814941 3.550071954727173
v -1.4349539279937744 -7.263700485229492 3.486624240875244
v -1.4488344192504883 -7.248284816741943 3.425058364868164
v -1.4670875072479248 -7.228013038635254 3.366096019744873
v -1.4894992113113403 -7.203122138977051 3.310429096221924
v -1.5158069133758545 -7.1739044189453125 3.25870943069458
v -1.5457019805908203 -7.140702724456787 3.2115440368652344
v -1.578834056854248 -7.10390567779541 3.169485330581665
v -1.6148147583007812 -7.063945293426514 3.1330268383026123
v -1.6532220840454102 -7.021289348602295 3.1025960445404053
v -1.6936057806015015 -6.976438522338867 3.078549385070801
v -1.735492467880249 -6.9299187660217285 3.061168909072876
v -1.7783910036087036 -6.882275104522705 3.0506584644317627
v -1.76931631565094 -6.872196674346924 4.243623733520508
v -1.7174495458602905 -6.9098801612854 4.2331132888793945
v -1.6668062210083008 -6.946674823760986 4.215733051300049
v -1.6179800033569336 -6.982149124145508 4.191686630249023
v -1.5715433359146118 -7.015887260437012 4.161255359649658
v -1.5280406475067139 -7.047493934631348 4.1247968673706055
v -1.487982153892517 -7.076598167419434 4.082738399505615
v -1.451837182044983 -7.102859020233154 4.0355730056762695
v -1.4200297594070435 -7.1259684562683105 3.983853340148926
v -1.392932653427124 -7.145655632019043 3.9281864166259766
v -1.370863676071167 -7.161689758300781 3.8692240715026855
v -1.354081392288208 -7.173882484436035 3.8076581954956055
v -1.342782735824585 -7.18209171295166 3.7442104816436768
v -1.3371001482009888 -7.186220169067383 3.679624557495117
v -1.3371001482009888 -7.186220169067383 3.6146578788757324
v -1.342782735824585 -7.18209171295166 3.550071954727173
v -1.354081392288208 -7.173882484436035 3.486624240875244
v -1.370863676071167 -7.161689758300781 3.425058364868164
v -1.392932653427124 -7.145655632019043 3.366096019744873
v -1.4200297594070435 -7.1259684562683105 3.310429096221924
v -1.451837182044983 -7.102859020233154 3.25870943069458
v -1.487982153892517 -7.076598167419434 3.2115440368652344
v -1.5280406475067139 -7.047493934631348 3.169485330581665
v -1.5715433359146118 -7.015887260437012 3.1330268383026123
v -1.6179800033569336 -6.982149124145508 3.1025960445404053
v -1.6668062210083008 -6.946674823760986 3.078549385070801
v -1.7174495458602905 -6.9098801612854 3.061168909072876
v -1.76931631565094 -6.872196674346924 3.0506584644317627
v -1.7625354528427124 -6.860452175140381 4.243623733520508
v -1.7039673328399658 -6.886528015136719 4.2331132888793945
v -1.6467806100845337 -6.911989212036133 4.215733051300049
v -1.5916457176208496 -6.93653678894043 4.191686630249023
v -1.5392093658447266 -6.959883213043213 4.161255359649658
v -1.4900859594345093 -6.981754302978516 4.1247968673706055
v -1.4448516368865967 -7.001893997192383 4.082738399505615
v -1.4040366411209106 -7.020065784454346 4.0355730056762695
v -1.368119478225708 -7.036057472229004 3.983853340148926
v -1.3375214338302612 -7.049680233001709 3.9281864166259766
v -1.3126009702682495 -7.0607757568359375 3.8692240715026855
v -1.2936503887176514 -7.069212913513184 3.8076581954956055
v -1.2808918952941895 -7.074893474578857 3.7442104816436768
v -1.27447509765625 -7.0777506828308105 3.679624557495117
v -1.27447509765625 -7.0777506828308105 3.6146578788757324
v -1.2808918952941895 -7.074893474578857 3.550071954727173
v -1.2936503887176514 -7.069212913513184 3.486624240875244
v -1.3126009702682495 -7.0607757568359375 3.425058364868164
v -1.3375214338302612 -7.049680233001709 3.366096019744873
v -1.368119478225708 -7.036057472229004 3.310429096221924
v -1.4040366411209106 -7.020065784454346 3.25870943069458
v -1.4448516368865967 -7.001893997192383 3.2115440368652344
v -1.4900859594345093 -6.981754302978516 3.169485330581665
v -1.5392093658447266 -6.959883213043213 3.1330268383026123
v -1.5916457176208496 -6.93653678894043 3.1025960445404053
v -1.6467806100845337 -6.911989212036133 3.078549385070801
v -1.7039673328399658 -6.886528015136719 3.061168909072876
v -1.7625354528427124 -6.860452175140381 3.0506584644317627
v -1.7583446502685547 -6.847553730010986 4.243623733520508
v -1.6956347227096558 -6.8608832359313965 4.2331132888793945
v -1.6344040632247925 -6.873898506164551 4.215733051300049
v -1.5753703117370605 -6.886446475982666 4.191686630249023
v -1.519225835800171 -6.898380279541016 4.161255359649658
v -1.4666285514831543 -6.909560203552246 4.1247968673706055
v -1.4181954860687256 -6.919854640960693 4.082738399505615
v -1.3744943141937256 -6.929143905639648 4.0355730056762695
v -1.336037278175354 -6.937318325042725 3.983853340148926
v -1.3032753467559814 -6.944282054901123 3.9281864166259766
v -1.2765926122665405 -6.949953556060791 3.8692240715026855
v -1.256301999092102 -6.954266548156738 3.8076581954956055
v -1.2426412105560303 -6.957170009613037 3.7442104816436768
v -1.235770583152771 -6.958630561828613 3.679624557495117
v -1.235770583152771 -6.958630561828613 3.6146578788757324
v -1.2426412105560303 -6.957170009613037 3.550071954727173
v -1.256301999092102 -6.954266548156738 3.486624240875244
v -1.2765926122665405 -6.949953556060791 3.425058364868164
v -1.3032753467559814 -6.944282054901123 3.366096019744873
v -1.336037278175354 -6.937318325042725 3.310429096221924
v -1.3744943141937256 -6.929143905639648 3.25870943069458
v -1.4181954860687256 -6.919854640960693 3.2115440368652344
v -1.4666285514831543 -6.909560203552246 3.169485330581665
v -1.519225835800171 -6.898380279541016 3.1330268383026123
v -1.5753703117370605 -6.886446475982666 3.1025960445404053
v -1.6344040632247925 -6.873898506164551 3.078549385070801
v -1.6956347227096558 -6.8608832359313965 3.061168909072876
v -1.7583446502685547 -6.847553730010986 3.0506584644317627
v -7.880421161651611 6.989225387573242 4.837235927581787
v -7.880421161651611 6.989225387573242 3.6372361183166504
v -7.815549850463867 6.989225387573242 4.833718776702881
v -7.751439094543457 6.989225387573242 4.823208332061768
v -7.688840389251709 6.989225387573242 4.805828094482422
v -7.628487586975098 6.989225387573242 4.781781196594238
v -7.571088790893555 6.989225387573242 4.751350402832031
v -7.517316818237305 6.989225387573242 4.7148919105529785
v -7.467801570892334 6.989225387573242 4.672833442687988
v -7.423123836517334 6.989225387573242 4.625667572021484
v -7.38380765914917 6.989225387573242 4.573948383331299
v -7.350314140319824 6.989225387573242 4.518280982971191
v -7.32303524017334 6.989225387573242 4.459319114685059
v -7.302290916442871 6.989225387573242 4.3977532386779785
v -7.288325309753418 6.989225387573242 4.334305286407471
v -7.281301021575928 6.989225387573242 4.26971960067749
v -7.281301021575928 6.989225387573242 4.204752445220947
v -7.288325309753418 6.989225387573242 4.140166759490967
v -7.302290916442871 6.989225387573242 4.076718807220459
v -7.32303524017334 6.989225387573242 4.015152931213379
v -7.350314140319824 6.989225387573242 3.956191062927246
v -7.38380765914917 6.989225387573242 3.9005236625671387
v -7.423123836517334 6.989225387573242 3.848804235458374
v -7.467801570892334 6.989225387573242 3.801638603210449
v -7.517316818237305 6.989225387573242 3.759580135345459
v -7.571088790893555 6.989225387573242 3.7231216430664062
v -7.628487586975098 6.989225387573242 3.692690849304199
v -7.688840389251709 6.989225387573242 3.6686441898345947
v -7.751439094543457 6.989225387573242 3.65126371383667
v -7.815549850463867 6.989225387573242 3.6407532691955566
v -7.816967487335205 7.002712726593018 4.833718776702881
v -7.754257678985596 7.016042232513428 4.823208332061768
v -7.693026542663574 7.029057502746582 4.805828094482422
v -7.633993148803711 7.041605472564697 4.781781196594238
v -7.577848434448242 7.053539276123047 4.751350402832031
v -7.525251388549805 7.064719200134277 4.7148919105529785
v -7.476818084716797 7.075013637542725 4.672833442687988
v -7.433116912841797 7.08430290222168 4.625667572021484
v -7.394659996032715 7.092477321624756 4.573948383331299
v -7.361897945404053 7.099441051483154 4.518280982971191
v -7.3352155685424805 7.105112552642822 4.459319114685059
v -7.314924716949463 7.1094255447387695 4.3977532386779785
v -7.301263809204102 7.112329006195068 4.334305286407471
v -7.294393539428711 7.1137895584106445 4.26971960067749
v -7.294393539428711 7.1137895584106445 4.204752445220947
v -7.301263809204102 7.112329006195068 4.140166759490967
v -7.314924716949463 7.1094255447387695 4.076718807220459
v -7.3352155685424805 7.105112552642822 4.015152931213379
v -7.361897945404053 7.099441051483154 3.956191062927246
v -7.394659996032715 7.092477321624756 3.9005236625671387
v -7.433116912841797 7.08430290222168 3.848804235458374
v -7.476818084716797 7.075013637542725 3.801638603210449
v -7.525251388549805 7.064719200134277 3.759580135345459
v -7.577848434448242 7.053539276123047 3.7231216430664062
v -7.633993148803711 7.041605472564697 3.692690849304199
v -7.693026542663574 7.029057502746582 3.6686441898345947
v -7.754257678985596 7.016042232513428 3.65126371383667
v -7.816967487335205 7.002712726593018 3.6407532691955566
v -7.821158409118652 7.015611171722412 4.833718776702881
v -7.762589931488037 7.04168701171875 4.823208332061768
v -7.7054033279418945 7.067148208618164 4.805828094482422
v -7.6502685546875 7.091695785522461 4.781781196594238
v -7.597832202911377 7.115042209625244 4.751350402832031
v -7.548708915710449 7.136913299560547 4.7148919105529785
v -7.503474235534668 7.157052993774414 4.672833442687988
v -7.4626593589782715 7.175224781036377 4.625667572021484
v -7.426742076873779 7.191216468811035 4.573948383331299
v -7.396143913269043 7.20483922958374 4.518280982971191
v -7.371223449707031 7.215934753417969 4.459319114685059
v -7.352272987365723 7.224371910095215 4.3977532386779785
v -7.33951473236084 7.230052471160889 4.334305286407471
v -7.3330979347229 7.232909679412842 4.26971960067749
v -7.3330979347229 7.232909679412842 4.204752445220947
v -7.33951473236084 7.230052471160889 4.140166759490967
v -7.352272987365723 7.224371910095215 4.076718807220459
v -7.371223449707031 7.215934753417969 4.015152931213379
v -7.396143913269043 7.20483922958374 3.956191062927246
v -7.426742076873779 7.191216468811035 3.9005236625671387
v -7.4626593589782715 7.175224781036377 3.848804235458374
v -7.503474235534668 7.157052993774414 3.801638603210449
v -7.548708915710449 7.136913299560547 3.759580135345459
v -7.597832202911377 7.115042209625244 3.7231216430664062
v -7.6502685546875 7.091695785522461 3.692690849304199
v -7.7054033279418945 7.067148208618164 3.6686441898345947
v -7.762589931488037 7.04168701171875 3.65126371383667
v -7.821158409118652 7.015611171722412 3.6407532691955566
v -7.827939033508301 7.027355670928955 4.833718776702881
v -7.7760725021362305 7.065039157867432 4.823208332061768
v -7.725429058074951 7.101833820343018 4.805828094482422
v -7.676602840423584 7.137308120727539 4.781781196594238
v -7.630166053771973 7.171046257019043 4.751350402832031
v -7.586663246154785 7.202652931213379 4.7148919105529785
v -7.546604633331299 7.231757164001465 4.672833442687988
v -7.510459899902344 7.2580180168151855 4.625667572021484
v -7.478652477264404 7.281127452850342 4.573948383331299
v -7.451555252075195 7.300814628601074 4.518280982971191
v -7.429486274719238 7.3168487548828125 4.459319114685059
v -7.412703990936279 7.329041481018066 4.3977532386779785
v -7.401405334472656 7.337250709533691 4.334305286407471
v -7.39572286605835 7.341379165649414 4.26971960067749
v -7.39572286605835 7.341379165649414 4.204752445220947
v -7.401405334472656 7.337250709533691 4.140166759490967
v -7.412703990936279 7.329041481018066 4.076718807220459
v -7.429486274719238 7.3168487548828125 4.015152931213379
v -7.451555252075195 7.300814628601074 3.956191062927246
v -7.478652477264404 7.281127452850342 3.9005236625671387
v -7.510459899902344 7.2580180168151855 3.848804235458374
v -7.546604633331299 7.231757164001465 3.801638603210449
v -7.586663246154785 7.202652931213379 3.759580135345459
v -7.630166053771973 7.171046257019043 3.7231216430664062
v -7.676602840423584 7.137308120727539 3.692690849304199
v -7.725429058074951 7.101833820343018 3.6686441898345947
v -7.7760725021362305 7.065039157867432 3.65126371383667
v -7.827939033508301 7.027355670928955 3.6407532691955566
v -7.8370137214660645 7.037434101104736 4.833718776702881
v -7.79411506652832 7.08507776260376 4.823208332061768
v -7.752228736877441 7.131597518920898 4.805828094482422
v -7.7118449211120605 7.176448345184326 4.781781196594238
v -7.673437595367432 7.219104290008545 4.751350402832031
v -7.637456893920898 7.259064674377441 4.7148919105529785
v -7.604324817657471 7.295861721038818 4.672833442687988
v -7.574429512023926 7.329063415527344 4.625667572021484
v -7.548121929168701 7.358281135559082 4.573948383331299
v -7.525710105895996 7.383172035217285 4.518280982971191
v -7.507457256317139 7.403443813323975 4.459319114685059
v -7.493576526641846 7.418859481811523 4.3977532386779785
v -7.484231472015381 7.429238319396973 4.334305286407471
v -7.479531764984131 7.434458255767822 4.26971960067749
v -7.479531764984131 7.434458255767822 4.204752445220947
v -7.484231472015381 7.429238319396973 4.140166759490967
v -7.493576526641846 7.418859481811523 4.076718807220459
v -7.507457256317139 7.403443813323975 4.015152931213379
v -7.525710105895996 7.383172035217285 3.956191062927246
v -7.548121929168701 7.358281135559082 3.9005236625671387
v -7.574429512023926 7.329063415527344 3.848804235458374
v -7.604324817657471 7.295861721038818 3.801638603210449
v -7.637456893920898 7.259064674377441 3.759580135345459
v -7.673437595367432 7.219104290008545 3.7231216430664062
v -7.7118449211120605 7.176448345184326 3.692690849304199
v -7.752228736877441 7.131597518920898 3.6686441898345947
v -7.79411506652832 7.08507776260376 3.65126371383667
v -7.8370137214660645 7.037434101104736 3.6407532691955566
v -7.84798526763916 7.045405864715576 4.833718776702881
v -7.815929889678955 7.100927352905273 4.823208332061768
v -7.78463077545166 7.155139446258545 4.805828094482422
v -7.754454612731934 7.207406044006348 4.781781196594238
v -7.725755214691162 7.257114887237549 4.751350402832031
v -7.698868751525879 7.303683280944824 4.7148919105529785
v -7.674111366271973 7.346564292907715 4.672833442687988
v -7.651772499084473 7.385256290435791 4.625667572021484
v -7.632114410400391 7.419305324554443 4.573948383331299
v -7.615367412567139 7.448311805725098 4.518280982971191
v -7.6017279624938965 7.471935749053955 4.459319114685059
v -7.59135627746582 7.489900588989258 4.3977532386779785
v -7.5843729972839355 7.50199556350708 4.334305286407471
v -7.5808610916137695 7.508078575134277 4.26971960067749
v -7.5808610916137695 7.508078575134277 4.204752445220947
v -7.5843729972839355 7.50199556350708 4.140166759490967
v -7.59135627746582 7.489900588989258 4.076718807220459
v -7.6017279624938965 7.471935749053955 4.015152931213379
v -7.615367412567139 7.448311805725098 3.956191062927246
v -7.632114410400391 7.419305324554443 3.9005236625671387
v -7.651772499084473 7.385256290435791 3.848804235458374
v -7.674111366271973 7.346564292907715 3.801638603210449
v -7.698868751525879 7.303683280944824 3.759580135345459
v -7.725755214691162 7.257114887237549 3.7231216430664062
v -7.754454612731934 7.207406044006348 3.692690849304199
v -7.78463077545166 7.155139446258545 3.6686441898345947
v -7.815929889678955 7.100927352905273 3.65126371383667
v -7.84798526763916 7.045405864715576 3.6407532691955566
v -7.860374927520752 7.05092191696167 4.833718776702881
v -7.8405632972717285 7.111894607543945 4.823208332061768
v -7.821219444274902 7.171429634094238 4.805828094482422
v -7.802569389343262 7.228828430175781 4.781781196594238
v -7.784832000732422 7.283417701721191 4.751350402832031
v -7.768215656280518 7.334558486938477 4.7148919105529785
v -7.7529144287109375 7.381649971008301 4.672833442687988
v -7.739108562469482 7.424140930175781 4.625667572021484
v -7.726959228515625 7.4615325927734375 4.573948383331299
v -7.716609001159668 7.493387222290039 4.518280982971191
v -7.708179473876953 7.519330978393555 4.459319114685059
v -7.7017693519592285 7.539059638977051 4.3977532386779785
v -7.697453498840332 7.552341938018799 4.334305286407471
v -7.695282936096191 7.559022426605225 4.26971960067749
v -7.695282936096191 7.559022426605225 4.204752445220947
v -7.697453498840332 7.552341938018799 4.140166759490967
v -7.7017693519592285 7.539059638977051 4.076718807220459
v -7.708179473876953 7.519330978393555 4.015152931213379
v -7.716609001159668 7.493387222290039 3.956191062927246
v -7.726959228515625 7.4615325927734375 3.9005236625671387
v -7.739108562469482 7.424140930175781 3.848804235458374
v -7.7529144287109375 7.381649971008301 3.801638603210449
v -7.768215656280518 7.334558486938477 3.759580135345459
v -7.784832000732422 7.283417701721191 3.7231216430664062
v -7.802569389343262 7.228828430175781 3.692690849304199
v -7.821219444274902 7.171429634094238 3.6686441898345947
v -7.8405632972717285 7.111894607543945 3.65126371383667
v -7.860374927520752 7.05092191696167 3.6407532691955566
v -7.873640060424805 7.053741455078125 4.833718776702881
v -7.866939067840576 7.117501258850098 4.823208332061768
v -7.860395431518555 7.1797566413879395 4.805828094482422
v -7.854086875915527 7.239778518676758 4.781781196594238
v -7.848087310791016 7.296863079071045 4.751350402832031
v -7.842466354370117 7.350340843200684 4.7148919105529785
v -7.8372907638549805 7.399584770202637 4.672833442687988
v -7.832620620727539 7.44401741027832 4.625667572021484
v -7.828510761260986 7.483118057250977 4.573948383331299
v -7.825009822845459 7.516428470611572 4.518280982971191
v -7.822158336639404 7.543558120727539 4.459319114685059
v -7.819990158081055 7.564188480377197 4.3977532386779785
v -7.818530082702637 7.578077793121338 4.334305286407471
v -7.817796230316162 7.585063457489014 4.26971960067749
v -7.817796230316162 7.585063457489014 4.204752445220947
v -7.818530082702637 7.578077793121338 4.140166759490967
v -7.819990158081055 7.564188480377197 4.076718807220459
v -7.822158336639404 7.543558120727539 4.015152931213379
v -7.825009822845459 7.516428470611572 3.956191062927246
v -7.828510761260986 7.483118057250977 3.9005236625671387
v -7.832620620727539 7.44401741027832 3.848804235458374
v -7.8372907638549805 7.399584770202637 3.801638603210449
v -7.842466354370117 7.350340843200684 3.759580135345459
v -7.848087310791016 7.296863079071045 3.7231216430664062
v -7.854086875915527 7.239778518676758 3.692690849304199
v -7.860395431518555 7.1797566413879395 3.6686441898345947
v -7.866939067840576 7.117501258850098 3.65126371383667
v -7.873640060424805 7.053741455078125 3.6407532691955566
v -7.887202262878418 7.053741455078125 4.833718776702881
v -7.8939032554626465 7.117501258850098 4.823208332061768
v -7.900446891784668 7.1797566413879395 4.805828094482422
v -7.906755447387695 7.239778518676758 4.781781196594238
v -7.912755012512207 7.296863079071045 4.751350402832031
v -7.9183759689331055 7.350340843200684 4.7148919105529785
v -7.923551559448242 7.399584770202637 4.672833442687988
v -7.928221702575684 7.44401741027832 4.625667572021484
v -7.932331562042236 7.483118057250977 4.573948383331299
v -7.935832500457764 7.516428470611572 4.518280982971191
v -7.938683986663818 7.543558120727539 4.459319114685059
v -7.940852165222168 7.564188480377197 4.3977532386779785
v -7.942312240600586 7.578077793121338 4.334305286407471
v -7.9430460929870605 7.585063457489014 4.26971960067749
v -7.9430460929870605 7.585063457489014 4.204752445220947
v -7.942312240600586 7.578077793121338 4.140166759490967
v -7.940852165222168 7.564188480377197 4.076718807220459
v -7.938683986663818 7.543558120727539 4.015152931213379
v -7.935832500457764 7.516428470611572 3.956191062927246
v -7.932331562042236 7.483118057250977 3.9005236625671387
v -7.928221702575684 7.44401741027832 3.848804235458374
v -7.923551559448242 7.399584770202637 3.801638603210449
v -7.9183759689331055 7.350340843200684 3.759580135345459
v -7.912755012512207 7.296863079071045 3.7231216430664062
v -7.906755447387695 7.239778518676758 3.692690849304199
v -7.900446891784668 7.1797566413879395 3.6686441898345947
v -7.8939032554626465 7.117501258850098 3.65126371383667
v -7.887202262878418 7.053741455078125 3.6407532691955566
v -7.900467395782471 7.05092191696167 4.833718776702881
v -7.920279026031494 7.111894607543945 4.823208332061768
v -7.93962287902832 7.171429634094238 4.805828094482422
v -7.958272933959961 7.228828430175781 4.781781196594238
v -7.976010322570801 7.283417701721191 4.751350402832031
v -7.992626667022705 7.334558486938477 4.7148919105529785
v -8.007927894592285 7.381649971008301 4.672833442687988
v -8.021734237670898 7.424140930175781 4.625667572021484
v -8.033883094787598 7.4615325927734375 4.573948383331299
v -8.044233322143555 7.493387222290039 4.518280982971191
v -8.05266284942627 7.519330978393555 4.459319114685059
v -8.059073448181152 7.539059638977051 4.3977532386779785
v -8.06338882446289 7.552341938018799 4.334305286407471
v -8.065559387207031 7.559022426605225 4.26971960067749
v -8.065559387207031 7.559022426605225 4.204752445220947
v -8.06338882446289 7.552341938018799 4.140166759490967
v -8.059073448181152 7.539059638977051 4.076718807220459
v -8.05266284942627 7.519330978393555 4.015152931213379
v -8.044233322143555 7.493387222290039 3.956191062927246
v -8.033883094787598 7.4615325927734375 3.9005236625671387
v -8.021734237670898 7.424140930175781 3.848804235458374
v -8.007927894592285 7.381649971008301 3.801638603210449
v -7.992626667022705 7.334558486938477 3.759580135345459
v -7.976010322570801 7.283417701721191 3.7231216430664062
v -7.958272933959961 7.228828430175781 3.692690849304199
v -7.93962287902832 7.171429634094238 3.6686441898345947
v -7.920279026031494 7.111894607543945 3.65126371383667
v -7.900467395782471 7.05092191696167 3.6407532691955566
v -7.9128570556640625 7.045405864715576 4.833718776702881
v -7.944912433624268 7.100927352905273 4.823208332061768
v -7.9762115478515625 7.155139446258545 4.805828094482422
v -8.006387710571289 7.207406044006348 4.781781196594238
v -8.035087585449219 7.257114887237549 4.751350402832031
v -8.061973571777344 7.303683280944824 4.7148919105529785
v -8.08673095703125 7.346564292907715 4.672833442687988
v -8.10906982421875 7.385256290435791 4.625667572021484
v -8.128727912902832 7.419305324554443 4.573948383331299
v -8.145474433898926 7.448311805725098 4.518280982971191
v -8.159113883972168 7.471935749053955 4.459319114685059
v -8.169486045837402 7.489900588989258 4.3977532386779785
v -8.176468849182129 7.50199556350708 4.334305286407471
v -8.179981231689453 7.508078575134277 4.26971960067749
v -8.179981231689453 7.508078575134277 4.204752445220947
v -8.176468849182129 7.50199556350708 4.140166759490967
v -8.169486045837402 7.489900588989258 4.076718807220459
v -8.159113883972168 7.471935749053955 4.015152931213379
v -8.145474433898926 7.448311805725098 3.956191062927246
v -8.128727912902832 7.419305324554443 3.9005236625671387
v -8.10906982421875 7.385256290435791 3.848804235458374
v -8.08673095703125 7.346564292907715 3.801638603210449
v -8.061973571777344 7.303683280944824 3.759580135345459
v -8.035087585449219 7.257114887237549 3.7231216430664062
v -8.006387710571289 7.207406044006348 3.692690849304199
v -7.9762115478515625 7.155139446258545 3.6686441898345947
v -7.944912433624268 7.100927352905273 3.65126371383667
v -7.9128570556640625 7.045405864715576 3.6407532691955566
v -7.923828601837158 7.037434101104736 4.833718776702881
v -7.966727256774902 7.08507776260376 4.823208332061768
v -8.008613586425781 7.131597518920898 4.805828094482422
v -8.04899787902832 7.176448345184326 4.781781196594238
v -8.08740520477295 7.219104290008545 4.751350402832031
v -8.123385429382324 7.259064674377441 4.7148919105529785
v -8.15651798248291 7.295861721038818 4.672833442687988
v -8.186412811279297 7.329063415527344 4.625667572021484
v -8.21272087097168 7.358281135559082 4.573948383331299
v -8.235132217407227 7.383172035217285 4.518280982971191
v -8.253385543823242 7.403443813323975 4.459319114685059
v -8.267265319824219 7.418859481811523 4.3977532386779785
v -8.276610374450684 7.429238319396973 4.334305286407471
v -8.28131103515625 7.434458255767822 4.26971960067749
v -8.28131103515625 7.434458255767822 4.204752445220947
v -8.276610374450684 7.429238319396973 4.140166759490967
v -8.267265319824219 7.418859481811523 4.076718807220459
v -8.253385543823242 7.403443813323975 4.015152931213379
v -8.235132217407227 7.383172035217285 3.956191062927246
v -8.21272087097168 7.358281135559082 3.9005236625671387
v -8.186412811279297 7.329063415527344 3.848804235458374
v -8.15651798248291 7.295861721038818 3.801638603210449
v -8.123385429382324 7.259064674377441 3.759580135345459
v -8.08740520477295 7.219104290008545 3.7231216430664062
v -8.04899787902832 7.176448345184326 3.692690849304199
v -8.008613586425781 7.131597518920898 3.6686441898345947
v -7.966727256774902 7.08507776260376 3.65126371383667
v -7.923828601837158 7.037434101104736 3.6407532691955566
v -7.932903289794922 7.027355670928955 4.833718776702881
v -7.984769821166992 7.065039157867432 4.823208332061768
v -8.03541374206543 7.101833820343018 4.805828094482422
v -8.084239959716797 7.137308120727539 4.781781196594238
v -8.13067626953125 7.171046257019043 4.751350402832031
v -8.174179077148438 7.202652931213379 4.7148919105529785
v -8.214237213134766 7.231757164001465 4.672833442687988
v -8.250382423400879 7.2580180168151855 4.625667572021484
v -8.282190322875977 7.281127452850342 4.573948383331299
v -8.309287071228027 7.300814628601074 4.518280982971191
v -8.331356048583984 7.3168487548828125 4.459319114685059
v -8.348137855529785 7.329041481018066 4.3977532386779785
v -8.359436988830566 7.337250709533691 4.334305286407471
v -8.365119934082031 7.341379165649414 4.26971960067749
v -8.365119934082031 7.341379165649414 4.204752445220947
v -8.359436988830566 7.337250709533691 4.140166759490967
v -8.348137855529785 7.329041481018066 4.076718807220459
v -8.331356048583984 7.3168487548828125 4.015152931213379
v -8.309287071228027 7.300814628601074 3.956191062927246
v -8.282190322875977 7.281127452850342 3.9005236625671387
v -8.250382423400879 7.2580180168151855 3.848804235458374
v -8.214237213134766 7.231757164001465 3.801638603210449
v -8.174179077148438 7.202652931213379 3.759580135345459
v -8.13067626953125 7.171046257019043 3.7231216430664062
v -8.084239959716797 7.137308120727539 3.692690849304199
v -8.03541374206543 7.101833820343018 3.6686441898345947
v -7.984769821166992 7.065039157867432 3.65126371383667
v -7.932903289794922 7.027355670928955 3.6407532691955566
v -7.93968391418457 7.015611171722412 4.833718776702881
v -7.9982523918151855 7.04168701171875 4.823208332061768
v -8.055438995361328 7.067148208618164 4.805828094482422
v -8.110573768615723 7.091695785522461 4.781781196594238
v -8.163010597229004 7.115042209625244 4.751350402832031
v -8.212133407592773 7.136913299560547 4.7148919105529785
v -8.257368087768555 7.157052993774414 4.672833442687988
v -8.29818344116211 7.175224781036377 4.625667572021484
v -8.334099769592285 7.191216468811035 4.573948383331299
v -8.36469841003418 7.20483922958374 4.518280982971191
v -8.389618873596191 7.215934753417969 4.459319114685059
v -8.4085693359375 7.224371910095215 4.3977532386779785
v -8.421327590942383 7.230052471160889 4.334305286407471
v -8.42774486541748 7.232909679412842 4.26971960067749
v -8.42774486541748 7.232909679412842 4.204752445220947
v -8.421327590942383 7.230052471160889 4.140166759490967
v -8.4085693359375 7.224371910095215 4.076718807220459
v -8.389618873596191 7.215934753417969 4.015152931213379
v -8.36469841003418 7.20483922958374 3.956191062927246
v -8.334099769592285 7.191216468811035 3.9005236625671387
v -8.29818344116211 7.175224781036377 3.848804235458374
v -8.257368087768555 7.157052993774414 3.801638603210449
v -8.212133407592773 7.136913299560547 3.759580135345459
v -8.163010597229004 7.115042209625244 3.7231216430664062
v -8.110573768615723 7.091695785522461 3.692690849304199
v -8.055438995361328 7.067148208618164 3.6686441898345947
v -7.9982523918151855 7.04168701171875 3.65126371383667
v -7.93968391418457 7.015611171722412 3.6407532691955566
v -7.943874835968018 7.002712726593018 4.833718776702881
v -8.006585121154785 7.016042232513428 4.823208332061768
v -8.067815780639648 7.029057502746582 4.805828094482422
v -8.126849174499512 7.041605472564697 4.781781196594238
v -8.18299388885498 7.053539276123047 4.751350402832031
v -8.235590934753418 7.064719200134277 4.7148919105529785
v -8.284024238586426 7.075013637542725 4.672833442687988
v -8.327725410461426 7.08430290222168 4.625667572021484
v -8.366182327270508 7.092477321624756 4.573948383331299
v -8.398943901062012 7.099441051483154 4.518280982971191
v -8.425626754760742 7.105112552642822 4.459319114685059
v -8.445917129516602 7.1094255447387695 4.3977532386779785
v -8.459578514099121 7.112329006195068 4.334305286407471
v -8.466448783874512 7.1137895584106445 4.26971960067749
v -8.466448783874512 7.1137895584106445 4.204752445220947
v -8.459578514099121 7.112329006195068 4.140166759490967
v -8.445917129516602 7.1094255447387695 4.076718807220459
v -8.425626754760742 7.105112552642822 4.015152931213379
v -8.398943901062012 7.099441051483154 3.956191062927246
v -8.366182327270508 7.092477321624756 3.9005236625671387
v -8.327725410461426 7.08430290222168 3.848804235458374
v -8.284024238586426 7.075013637542725 3.801638603210449
v -8.235590934753418 7.064719200134277 3.759580135345459
v -8.18299388885498 7.053539276123047 3.7231216430664062
v -8.126849174499512 7.041605472564697 3.692690849304199
v -8.067815780639648 7.029057502746582 3.6686441898345947
v -8.006585121154785 7.016042232513428 3.65126371383667
v -7.943874835968018 7.002712726593018 3.6407532691955566
v -7.9452924728393555 6.989225387573242 4.833718776702881
v -8.009403228759766 6.989225387573242 4.823208332061768
v -8.072002410888672 6.989225387573242 4.805828094482422
v -8.132354736328125 6.989225387573242 4.781781196594238
v -8.189753532409668 6.989225387573242 4.751350402832031
v -8.243525505065918 6.989225387573242 4.7148919105529785
v -8.293041229248047 6.989225387573242 4.672833442687988
v -8.33771800994873 6.989225387573242 4.625667572021484
v -8.377034187316895 6.989225387573242 4.573948383331299
v -8.410528182983398 6.989225387573242 4.518280982971191
v -8.437807083129883 6.989225387573242 4.459319114685059
v -8.458551406860352 6.989225387573242 4.3977532386779785
v -8.472517013549805 6.989225387573242 4.334305286407471
v -8.479540824890137 6.989225387573242 4.26971960067749
v -8.479540824890137 6.989225387573242 4.204752445220947
v -8.472517013549805 6.989225387573242 4.140166759490967
v -8.458551406860352 6.989225387573242 4.076718807220459
v -8.437807083129883 6.989225387573242 4.015152931213379
v -8.410528182983398 6.989225387573242 3.956191062927246
v -8.377034187316895 6.989225387573242 3.9005236625671387
v -8.33771800994873 6.989225387573242 3.848804235458374
v -8.293041229248047 6.989225387573242 3.801638603210449
v -8.243525505065918 6.989225387573242 3.759580135345459
v -8.189753532409668 6.989225387573242 3.7231216430664062
v -8.132354736328125 6.989225387573242 3.692690849304199
v -8.072002410888672 6.989225387573242 3.6686441898345947
v -8.009403228759766 6.989225387573242 3.65126371383667
v -7.9452924728393555 6.989225387573242 3.6407532691955566
v -7.943874835968018 6.975738048553467 4.833718776702881
v -8.006585121154785 6.962408542633057 4.823208332061768
v -8.067815780639648 6.949393272399902 4.805828094482422
v -8.126849174499512 6.936845302581787 4.781781196594238
v -8.18299388885498 6.9249114990234375 4.751350402832031
v -8.235590934753418 6.913731575012207 4.7148919105529785
v -8.284024238586426 6.90343713760376 4.672833442687988
v -8.327725410461426 6.894147872924805 4.625667572021484
v -8.366182327270508 6.8859734535217285 4.573948383331299
v -8.398943901062012 6.87900972366333 4.518280982971191
v -8.425626754760742 6.873338222503662 4.459319114685059
v -8.445917129516602 6.869025230407715 4.3977532386779785
v -8.459578514099121 6.866121768951416 4.334305286407471
v -8.466448783874512 6.86466121673584 4.26971960067749
v -8.466448783874512 6.86466121673584 4.204752445220947
v -8.459578514099121 6.866121768951416 4.140166759490967
v -8.445917129516602 6.869025230407715 4.076718807220459
v -8.425626754760742 6.873338222503662 4.015152931213379
v -8.398943901062012 6.87900972366333 3.956191062927246
v -8.366182327270508 6.8859734535217285 3.9005236625671387
v -8.327725410461426 6.894147872924805 3.848804235458374
v -8.284024238586426 6.90343713760376 3.801638603210449
v -8.235590934753418 6.913731575012207 3.759580135345459
v -8.18299388885498 6.9249114990234375 3.7231216430664062
v -8.126849174499512 6.936845302581787 3.692690849304199
v -8.067815780639648 6.949393272399902 3.6686441898345947
v -8.006585121154785 6.962408542633057 3.65126371383667
v -7.943874835968018 6.975738048553467 3.6407532691955566
v -7.93968391418457 6.962839603424072 4.833718776702881
v -7.9982523918151855 6.936763763427734 4.823208332061768
v -8.055438995361328 6.91130256652832 4.805828094482422
v -8.110573768615723 6.886754989624023 4.781781196594238
v -8.163010597229004 6.86340856552124 4.751350402832031
v -8.212133407592773 6.8415374755859375 4.7148919105529785
v -8.257368087768555 6.82139778137207 4.672833442687988
v -8.29818344116211 6.803225994110107 4.625667572021484
v -8.334099769592285 6.787234306335449 4.573948383331299
v -8.36469841003418 6.773611545562744 4.518280982971191
v -8.389618873596191 6.762516021728516 4.459319114685059
v -8.4085693359375 6.7540788650512695 4.3977532386779785
v -8.421327590942383 6.748398303985596 4.334305286407471
v -8.42774486541748 6.745541095733643 4.26971960067749
v -8.42774486541748 6.745541095733643 4.204752445220947
v -8.421327590942383 6.748398303985596 4.140166759490967
v -8.4085693359375 6.7540788650512695 4.076718807220459
v -8.389618873596191 6.762516021728516 4.015152931213379
v -8.36469841003418 6.773611545562744 3.956191062927246
v -8.334099769592285 6.787234306335449 3.9005236625671387
v -8.29818344116211 6.803225994110107 3.848804235458374
v -8.257368087768555 6.82139778137207 3.801638603210449
v -8.212133407592773 6.8415374755859375 3.759580135345459
v -8.163010597229004 6.86340856552124 3.7231216430664062
v -8.110573768615723 6.886754989624023 3.692690849304199
v -8.055438995361328 6.91130256652832 3.6686441898345947
v -7.9982523918151855 6.936763763427734 3.65126371383667
v -7.93968391418457 6.962839603424072 3.6407532691955566
v -7.932903289794922 6.951095104217529 4.833718776702881
v -7.984769821166992 6.913411617279053 4.823208332061768
v -8.03541374206543 6.876616954803467 4.805828094482422
v -8.084239959716797 6.841142654418945 4.781781196594238
v -8.13067626953125 6.807404518127441 4.751350402832031
v -8.174179077148438 6.7757978439331055 4.7148919105529785
v -8.214237213134766 6.7466936111450195 4.672833442687988
v -8.250382423400879 6.720432758331299 4.625667572021484
v -8.282190322875977 6.697323322296143 4.573948383331299
v -8.309287071228027 6.67763614654541 4.518280982971191
v -8.331356048583984 6.661602020263672 4.459319114685059
v -8.348137855529785 6.649409294128418 4.3977532386779785
v -8.359436988830566 6.641200065612793 4.334305286407471
v -8.365119934082031 6.63707160949707 4.26971960067749
v -8.365119934082031 6.63707160949707 4.204752445220947
v -8.359436988830566 6.641200065612793 4.140166759490967
v -8.348137855529785 6.649409294128418 4.076718807220459
v -8.331356048583984 6.661602020263672 4.015152931213379
v -8.309287071228027 6.67763614654541 3.956191062927246
v -8.282190322875977 6.697323322296143 3.9005236625671387
v -8.250382423400879 6.720432758331299 3.848804235458374
v -8.214237213134766 6.7466936111450195 3.801638603210449
v -8.174179077148438 6.7757978439331055 3.759580135345459
v -8.13067626953125 6.807404518127441 3.7231216430664062
v -8.084239959716797 6.841142654418945 3.692690849304199
v -8.03541374206543 6.876616954803467 3.6686441898345947
v -7.984769821166992 6.913411617279053 3.65126371383667
v -7.932903289794922 6.951095104217529 3.6407532691955566
v -7.923828601837158 6.941016674041748 4.833718776702881
v -7.966727256774902 6.893373012542725 4.823208332061768
v -8.008613586425781 6.846853256225586 4.805828094482422
v -8.04899787902832 6.802002429962158 4.781781196594238
v -8.08740520477295 6.7593464851379395 4.751350402832031
v -8.123385429382324 6.719386100769043 4.7148919105529785
v -8.15651798248291 6.682589054107666 4.672833442687988
v -8.186412811279297 6.649387359619141 4.625667572021484
v -8.21272087097168 6.620169639587402 4.573948383331299
v -8.235132217407227 6.595278739929199 4.518280982971191
v -8.253385543823242 6.57500696182251 4.459319114685059
v -8.267265319824219 6.559591293334961 4.3977532386779785
v -8.276610374450684 6.549212455749512 4.334305286407471
v -8.28131103515625 6.543992519378662 4.26971960067749
v -8.28131103515625 6.543992519378662 4.204752445220947
v -8.276610374450684 6.549212455749512 4.140166759490967
v -8.267265319824219 6.559591293334961 4.076718807220459
v -8.253385543823242 6.57500696182251 4.015152931213379
v -8.235132217407227 6.595278739929199 3.956191062927246
v -8.21272087097168 6.620169639587402 3.9005236625671387
v -8.186412811279297 6.649387359619141 3.848804235458374
v -8.15651798248291 6.682589054107666 3.801638603210449
v -8.123385429382324 6.719386100769043 3.759580135345459
v -8.08740520477295 6.7593464851379395 3.7231216430664062
v -8.04899787902832 6.802002429962158 3.692690849304199
v -8.008613586425781 6.846853256225586 3.6686441898345947
v -7.966727256774902 6.893373012542725 3.65126371383667
v -7.923828601837158 6.941016674041748 3.6407532691955566
v -7.9128570556640625 6.933044910430908 4.833718776702881
v -7.944912433624268 6.877523422241211 4.823208332061768
v -7.9762115478515625 6.8233113288879395 4.805828094482422
v -8.006387710571289 6.771044731140137 4.781781196594238
v -8.035087585449219 6.7213358879089355 4.751350402832031
v -8.061973571777344 6.67476749420166 4.7148919105529785
v -8.08673095703125 6.6318864822387695 4.672833442687988
v -8.10906982421875 6.593194484710693 4.625667572021484
v -8.128727912902832 6.559145450592041 4.573948383331299
v -8.145474433898926 6.530138969421387 4.518280982971191
v -8.159113883972168 6.506515026092529 4.459319114685059
v -8.169486045837402 6.488550186157227 4.3977532386779785
v -8.176468849182129 6.476455211639404 4.334305286407471
v -8.179981231689453 6.470372200012207 4.26971960067749
v -8.179981231689453 6.470372200012207 4.204752445220947
v -8.176468849182129 6.476455211639404 4.140166759490967
v -8.169486045837402 6.488550186157227 4.076718807220459
v -8.159113883972168 6.506515026092529 4.015152931213379
v -8.145474433898926 6.530138969421387 3.956191062927246
v -8.128727912902832 6.559145450592041 3.9005236625671387
v -8.10906982421875 6.593194484710693 3.848804235458374
v -8.08673095703125 6.6318864822387695 3.801638603210449
v -8.061973571777344 6.67476749420166 3.759580135345459
v -8.035087585449219 6.7213358879089355 3.7231216430664062
v -8.006387710571289 6.771044731140137 3.692690849304199
v -7.9762115478515625 6.8233113288879395 3.6686441898345947
v -7.944912433624268 6.877523422241211 3.65126371383667
v -7.9128570556640625 6.933044910430908 3.6407532691955566
v -7.900467395782471 6.9275288581848145 4.833718776702881
v -7.920279026031494 6.866556167602539 4.823208332061768
v -7.93962287902832 6.807021141052246 4.805828094482422
v -7.958272933959961 6.749622344970703 4.781781196594238
v -7.976010322570801 6.695033073425293 4.751350402832031
v -7.992626667022705 6.643892288208008 4.7148919105529785
v -8.007927894592285 6.596800804138184 4.672833442687988
v -8.021734237670898 6.554309844970703 4.625667572021484
v -8.033883094787598 6.516918182373047 4.573948383331299
v -8.044233322143555 6.485063552856445 4.518280982971191
v -8.05266284942627 6.45911979675293 4.459319114685059
v -8.059073448181152 6.439391136169434 4.3977532386779785
v -8.06338882446289 6.4261088371276855 4.334305286407471
v -8.065559387207031 6.41942834854126 4.26971960067749
v -8.065559387207031 6.41942834854126 4.204752445220947
v -8.06338882446289 6.4261088371276855 4.140166759490967
v -8.059073448181152 6.439391136169434 4.076718807220459
v -8.05266284942627 6.45911979675293 4.015152931213379
v -8.044233322143555 6.485063552856445 3.956191062927246
v -8.033883094787598 6.516918182373047 3.9005236625671387
v -8.021734237670898 6.554309844970703 3.848804235458374
v -8.007927894592285 6.596800804138184 3.801638603210449
v -7.992626667022705 6.643892288208008 3.759580135345459
v -7.976010322570801 6.695033073425293 3.7231216430664062
v -7.958272933959961 6.749622344970703 3.692690849304199
v -7.93962287902832 6.807021141052246 3.6686441898345947
v -7.920279026031494 6.866556167602539 3.65126371383667
v -7.900467395782471 6.9275288581848145 3.6407532691955566
v -7.887202262878418 6.924709320068359 4.833718776702881
v -7.8939032554626465 6.860949516296387 4.823208332061768
v -7.900446891784668 6.798694133758545 4.805828094482422
v -7.906755447387695 6.738672256469727 4.781781196594238
v -7.912755012512207 6.6815876960754395 4.751350402832031
v -7.9183759689331055 6.628109931945801 4.7148919105529785
v -7.923551559448242 6.578866004943848 4.672833442687988
v -7.928221702575684 6.534433364868164 4.625667572021484
v -7.932331562042236 6.495332717895508 4.573948383331299
v -7.935832500457764 6.462022304534912 4.518280982971191
v -7.938683986663818 6.434892654418945 4.459319114685059
v -7.940852165222168 6.414262294769287 4.3977532386779785
v -7.942312240600586 6.4003729820251465 4.334305286407471
v -7.9430460929870605 6.393387317657471 4.26971960067749
v -7.9430460929870605 6.393387317657471 4.204752445220947
v -7.942312240600586 6.4003729820251465 4.140166759490967
v -7.940852165222168 6.414262294769287 4.076718807220459
v -7.938683986663818 6.434892654418945 4.015152931213379
v -7.935832500457764 6.462022304534912 3.956191062927246
v -7.932331562042236 6.495332717895508 3.9005236625671387
v -7.928221702575684 6.534433364868164 3.848804235458374
v -7.923551559448242 6.578866004943848 3.801638603210449
v -7.9183759689331055 6.628109931945801 3.759580135345459
v -7.912755012512207 6.6815876960754395 3.7231216430664062
v -7.906755447387695 6.738672256469727 3.692690849304199
v -7.900446891784668 6.798694133758545 3.6686441898345947
v -7.8939032554626465 6.860949516296387 3.65126371383667
v -7.887202262878418 6.924709320068359 3.6407532691955566
v -7.873640060424805 6.924709320068359 4.833718776702881
v -7.866939067840576 6.860949516296387 4.823208332061768
v -7.860395431518555 6.798694133758545 4.805828094482422
v -7.854086875915527 6.738672256469727 4.781781196594238
v -7.848087310791016 6.6815876960754395 4.751350402832031
v -7.842466354370117 6.628109931945801 4.7148919105529785
v -7.8372907638549805 6.578866004943848 4.672833442687988
v -7.832620620727539 6.534433364868164 4.625667572021484
v -7.828510761260986 6.495332717895508 4.573948383331299
v -7.825009822845459 6.462022304534912 4.518280982971191
v -7.822158336639404 6.434892654418945 4.459319114685059
v -7.819990158081055 6.414262294769287 4.3977532386779785
v -7.818530082702637 6.4003729820251465 4.334305286407471
v -7.817796230316162 6.393387317657471 4.26971960067749
v -7.817796230316162 6.393387317657471 4.204752445220947
v -7.818530082702637 6.4003729820251465 4.140166759490967
v -7.819990158081055 6.414262294769287 4.076718807220459
v -7.822158336639404 6.434892654418945 4.015152931213379
v -7.825009822845459 6.462022304534912 3.956191062927246
v -7.828510761260986 6.495332717895508 3.9005236625671387
v -7.832620620727539 6.534433364868164 3.848804235458374
v -7.8372907638549805 6.578866004943848 3.801638603210449
v -7.842466354370117 6.628109931945801 3.759580135345459
v -7.848087310791016 6.6815876960754395 3.7231216430664062
v -7.854086875915527 6.738672256469727 3.692690849304199
v -7.860395431518555 6.798694133758545 3.6686441898345947
v -7.866939067840576 6.860949516296387 3.65126371383667
v -7.873640060424805 6.924709320068359 3.6407532691955566
v -7.860374927520752 6.9275288581848145 4.833718776702881
v -7.8405632972717285 6.866556167602539 4.823208332061768
v -7.821219444274902 6.807021141052246 4.805828094482422
v -7.802569389343262 6.749622344970703 4.781781196594238
v -7.784832000732422 6.695033073425293 4.751350402832031
v -7.768215656280518 6.643892288208008 4.7148919105529785
v -7.7529144287109375 6.596800804138184 4.672833442687988
v -7.739108562469482 6.554309844970703 4.625667572021484
v -7.726959228515625 6.516918182373047 4.573948383331299
v -7.716609001159668 6.485063552856445 4.518280982971191
v -7.708179473876953 6.45911979675293 4.459319114685059
v -7.7017693519592285 6.439391136169434 4.3977532386779785
v -7.697453498840332 6.4261088371276855 4.334305286407471
v -7.695282936096191 6.41942834854126 4.26971960067749
v -7.695282936096191 6.41942834854126 4.204752445220947
v -7.697453498840332 6.4261088371276855 4.140166759490967
v -7.7017693519592285 6.439391136169434 4.076718807220459
v -7.708179473876953 6.45911979675293 4.015152931213379
v -7.716609001159668 6.485063552856445 3.956191062927246
v -7.726959228515625 6.516918182373047 3.9005236625671387
v -7.739108562469482 6.554309844970703 3.848804235458374
v -7.7529144287109375 6.596800804138184 3.801638603210449
v -7.768215656280518 6.643892288208008 3.759580135345459
v -7.784832000732422 6.695033073425293 3.7231216430664062
v -7.802569389343262 6.749622344970703 3.692690849304199
v -7.821219444274902 6.807021141052246 3.6686441898345947
v -7.8405632972717285 6.866556167602539 3.65126371383667
v -7.860374927520752 6.9275288581848145 3.6407532691955566
v -7.84798526763916 6.933044910430908 4.833718776702881
v -7.815929889678955 6.877523422241211 4.823208332061768
v -7.78463077545166 6.8233113288879395 4.805828094482422
v -7.754454612731934 6.771044731140137 4.781781196594238
v -7.725755214691162 6.7213358879089355 4.751350402832031
v -7.698868751525879 6.67476749420166 4.7148919105529785
v -7.674111366271973 6.6318864822387695 4.672833442687988
v -7.651772499084473 6.593194484710693 4.625667572021484
v -7.632114410400391 6.559145450592041 4.573948383331299
v -7.615367412567139 6.530138969421387 4.518280982971191
v -7.6017279624938965 6.506515026092529 4.459319114685059
v -7.59135627746582 6.488550186157227 4.3977532386779785
v -7.5843729972839355 6.476455211639404 4.334305286407471
v -7.5808610916137695 6.470372200012207 4.26971960067749
v -7.5808610916137695 6.470372200012207 4.204752445220947
v -7.5843729972839355 6.476455211639404 4.140166759490967
v -7.59135627746582 6.488550186157227 4.076718807220459
v -7.6017279624938965 6.506515026092529 4.015152931213379
v -7.615367412567139 6.530138969421387 3.956191062927246
v -7.632114410400391 6.559145450592041 3.9005236625671387
v -7.651772499084473 6.593194484710693 3.848804235458374
v -7.674111366271973 6.6318864822387695 3.801638603210449
v -7.698868751525879 6.67476749420166 3.759580135345459
v -7.725755214691162 6.7213358879089355 3.7231216430664062
v -7.754454612731934 6.771044731140137 3.692690849304199
v -7.78463077545166 6.8233113288879395 3.6686441898345947
v -7.815929889678955 6.877523422241211 3.65126371383667
v -7.84798526763916 6.933044910430908 3.6407532691955566
v -7.8370137214660645 6.941016674041748 4.833718776702881
v -7.79411506652832 6.893373012542725 4.823208332061768
v -7.752228736877441 6.846853256225586 4.805828094482422
v -7.7118449211120605 6.802002429962158 4.781781196594238
v -7.673437595367432 6.7593464851379395 4.751350402832031
v -7.637456893920898 6.719386100769043 4.7148919105529785
v -7.604324817657471 6.682589054107666 4.672833442687988
v -7.574429512023926 6.649387359619141 4.625667572021484
v -7.548121929168701 6.620169639587402 4.573948383331299
v -7.525710105895996 6.595278739929199 4.518280982971191
v -7.507457256317139 6.57500696182251 4.459319114685059
v -7.493576526641846 6.559591293334961 4.3977532386779785
v -7.484231472015381 6.549212455749512 4.334305286407471
v -7.479531764984131 6.543992519378662 4.26971960067749
v -7.479531764984131 6.543992519378662 4.204752445220947
v -7.484231472015381 6.549212455749512 4.140166759490967
v -7.493576526641846 6.559591293334961 4.076718807220459
v -7.507457256317139 6.57500696182251 4.015152931213379
v -7.525710105895996 6.595278739929199 3.956191062927246
v -7.548121929168701 6.620169639587402 3.9005236625671387
v -7.574429512023926 6.649387359619141 3.848804235458374
v -7.604324817657471 6.682589054107666 3.801638603210449
v -7.637456893920898 6.719386100769043 3.759580135345459
v -7.673437595367432 6.7593464851379395 3.7231216430664062
v -7.7118449211120605 6.802002429962158 3.692690849304199
v -7.752228736877441 6.846853256225586 3.6686441898345947
v -7.79411506652832 6.893373012542725 3.65126371383667
v -7.8370137214660645 6.941016674041748 3.6407532691955566
v -7.827939033508301 6.951095104217529 4.833718776702881
v -7.7760725021362305 6.913411617279053 4.823208332061768
v -7.725429058074951 6.876616954803467 4.805828094482422
v -7.676602840423584 6.841142654418945 4.781781196594238
v -7.630166053771973 6.807404518127441 4.751350402832031
v -7.586663246154785 6.7757978439331055 4.7148919105529785
v -7.546604633331299 6.7466936111450195 4.672833442687988
v -7.510459899902344 6.720432758331299 4.625667572021484
v -7.478652477264404 6.697323322296143 4.573948383331299
v -7.451555252075195 6.67763614654541 4.518280982971191
v -7.429486274719238 6.661602020263672 4.459319114685059
v -7.412703990936279 6.649409294128418 4.3977532386779785
v -7.401405334472656 6.641200065612793 4.334305286407471
v -7.39572286605835 6.63707160949707 4.26971960067749
v -7.39572286605835 6.63707160949707 4.204752445220947
v -7.401405334472656 6.641200065612793 4.140166759490967
v -7.412703990936279 6.649409294128418 4.076718807220459
v -7.429486274719238 6.661602020263672 4.015152931213379
v -7.451555252075195 6.67763614654541 3.956191062927246
v -7.478652477264404 6.697323322296143 3.9005236625671387
v -7.510459899902344 6.720432758331299 3.848804235458374
v -7.546604633331299 6.7466936111450195 3.801638603210449
v -7.586663246154785 6.7757978439331055 3.759580135345459
v -7.630166053771973 6.807404518127441 3.7231216430664062
v -7.676602840423584 6.841142654418945 3.692690849304199
v -7.725429058074951 6.876616954803467 3.6686441898345947
v -7.7760725021362305 6.913411617279053 3.65126371383667
v -7.827939033508301 6.951095104217529 3.6407532691955566
v -7.821158409118652 6.962839603424072 4.833718776702881
v -7.762589931488037 6.936763763427734 4.823208332061768
v -7.7054033279418945 6.91130256652832 4.805828094482422
v -7.6502685546875 6.886754989624023 4.781781196594238
v -7.597832202911377 6.86340856552124 4.751350402832031
v -7.548708915710449 6.8415374755859375 4.7148919105529785
v -7.503474235534668 6.82139778137207 4.672833442687988
v -7.4626593589782715 6.803225994110107 4.625667572021484
v -7.426742076873779 6.787234306335449 4.573948383331299
v -7.396143913269043 6.773611545562744 4.518280982971191
v -7.371223449707031 6.762516021728516 4.459319114685059
v -7.352272987365723 6.7540788650512695 4.3977532386779785
v -7.33951473236084 6.748398303985596 4.334305286407471
v -7.3330979347229 6.745541095733643 4.26971960067749
v -7.3330979347229 6.745541095733643 4.204752445220947
v -7.33951473236084 6.748398303985596 4.140166759490967
v -7.352272987365723 6.7540788650512695 4.076718807220459
v -7.371223449707031 6.762516021728516 4.015152931213379
v -7.396143913269043 6.773611545562744 3.956191062927246
v -7.426742076873779 6.787234306335449 3.9005236625671387
v -7.4626593589782715 6.803225994110107 3.848804235458374
v -7.503474235534668 6.82139778137207 3.801638603210449
v -7.548708915710449 6.8415374755859375 3.759580135345459
v -7.597832202911377 6.86340856552124 3.7231216430664062
v -7.6502685546875 6.886754989624023 3.692690849304199
v -7.7054033279418945 6.91130256652832 3.6686441898345947
v -7.762589931488037 6.936763763427734 3.65126371383667
v -7.821158409118652 6.962839603424072 3.6407532691955566
v -7.816967487335205 6.975738048553467 4.833718776702881
v -7.754257678985596 6.962408542633057 4.823208332061768
v -7.693026542663574 6.949393272399902 4.805828094482422
v -7.633993148803711 6.936845302581787 4.781781196594238
v -7.577848434448242 6.9249114990234375 4.751350402832031
v -7.525251388549805 6.913731575012207 4.7148919105529785
v -7.476818084716797 6.90343713760376 4.672833442687988
v -7.433116912841797 6.894147872924805 4.625667572021484
v -7.394659996032715 6.8859734535217285 4.573948383331299
v -7.361897945404053 6.87900972366333 4.518280982971191
v -7.3352155685424805 6.873338222503662 4.459319114685059
v -7.314924716949463 6.869025230407715 4.3977532386779785
v -7.301263809204102 6.866121768951416 4.334305286407471
v -7.294393539428711 6.86466121673584 4.26971960067749
v -7.294393539428711 6.86466121673584 4.204752445220947
v -7.301263809204102 6.866121768951416 4.140166759490967
v -7.314924716949463 6.869025230407715 4.076718807220459
v -7.3352155685424805 6.873338222503662 4.015152931213379
v -7.361897945404053 6.87900972366333 3.956191062927246
v -7.394659996032715 6.8859734535217285 3.9005236625671387
v -7.433116912841797 6.894147872924805 3.848804235458374
v -7.476818084716797 6.90343713760376 3.801638603210449
v -7.525251388549805 6.913731575012207 3.759580135345459
v -7.577848434448242 6.9249114990234375 3.7231216430664062
v -7.633993148803711 6.936845302581787 3.692690849304199
v -7.693026542663574 6.949393272399902 3.6686441898345947
v -7.754257678985596 6.962408542633057 3.65126371383667
v -7.816967487335205 6.975738048553467 3.6407532691955566
f 51 50 49 48 47 46 45 44 43 42 41 40 39 38 37 36 35 34 33 32 31 30 29 28 27 26 25 24 23 22 21 20 19 18 17 16 15 14 13 12 11 10 9 8 7 6 5 4 3 2
f 1 2 3
f 1 3 4
f 1 4 5
f 1 5 6
f 1 6 7
f 1 7 8
f 1 8 9
f 1 9 10
f 1 10 11
f 1 11 12
f 1 12 13
f 1 13 14
f 1 14 15
f 1 15 16
f 1 16 17
f 1 17 18
f 1 18 19
f 1 19 20
f 1 20 21
f 1 21 22
f 1 22 23
f 1 23 24
f 1 24 25
f 1 25 26
f 1 26 27
f 1 27 28
f 1 28 29
f 1 29 30
f 1 30 31
f 1 31 32
f 1 32 33
f 1 33 34
f 1 34 35
f 1 35 36
f 1 36 37
f 1 37 38
f 1 38 39
f 1 39 40
f 1 40 41
f 1 41 42
f 1 42 43
f 1 43 44
f 1 44 45
f 1 45 46
f 1 46 47
f 1 47 48
f 1 48 49
f 1 49 50
f 1 50 51
f 1 51 2
f 102 101 100 99 98 97 96 95 94 93 92 91 90 89 88 87 86 85 84 83 82 81 80 79 78 77 76 75 74 73 72 71 70 69 68 67 66 65 64 63 62 61 60 59 58 57 56 55 54 53
f 52 53 54
f 52 54 55
f 52 55 56
f 52 56 57
f 52 57 58
f 52 58 59
f 52 59 60
f 52 60 61
f 52 61 62
f 52 62 63
f 52 63 64
f 52 64 65
f 52 65 66
f 52 66 67
f 52 67 68
f 52 68 69
f 52 69 70
f 52 70 71
f 52 71 72
f 52 72 73
f 52 73 74
f 52 74 75
f 52 75 76
f 52 76 77
f 52 77 78
f 52 78 79
f 52 79 80
f 52 80 81
f 52 81 82
f 52 82 83
f 52 83 84
f 52 84 85
f 52 85 86
f 52 86 87
f 52 87 88
f 52 88 89
f 52 89 90
f 52 90 91
f 52 91 92
f 52 92 93
f 52 93 94
f 52 94 95
f 52 95 96
f 52 96 97
f 52 97 98
f 52 98 99
f 52 99 100
f 52 100 101
f 52 101 102
f 52 102 53
f 103 104 106 105
f 105 106 108 107
f 107 108 110 109
f 109 110 112 111
f 111 112 114 113
f 113 114 116 115
f 115 116 118 117
f 117 118 120 119
f 119 120 122 121
f 121 122 124 123
f 123 124 126 125
f 125 126 128 127
f 127 128 130 129
f 129 130 132 131
f 131 132 134 133
f 133 134 136 135
f 135 136 138 137
f 137 138 140 139
f 139 140 142 141
f 141 142 144 143
f 143 144 146 145
f 145 146 148 147
f 147 148 150 149
f 149 150 152 151
f 151 152 154 153
f 153 154 156 155
f 155 156 158 157
f 157 158 160 159
f 159 160 162 161
f 161 162 164 163
f 163 164 166 165
f 165 166 168 167
f 167 168 170 169
f 169 170 172 171
f 171 172 174 173
f 173 174 176 175
f 175 176 178 177
f 177 178 180 179
f 179 180 182 181
f 181 182 184 183
f 183 184 186 185
f 185 186 188 187
f 187 188 190 189
f 189 190 192 191
f 191 192 194 193
f 193 194 196 195
f 195 196 198 197
f 197 198 200 199
f 199 200 202 201
f 201 202 104 103
f 103 105 107 109 111 113 115 117 119 121 123 125 127 129 131 133 135 137 139 141 143 145 147 149 151 153 155 157 159 161 163 165 167 169 171 173 175 177 179 181 183 185 187 189 191 193 195 197 199 201
f 202 200 198 196 194 192 190 188 186 184 182 180 178 176 174 172 170 168 166 164 162 160 158 156 154 152 150 148 146 144 142 140 138 136 134 132 130 128 126 124 122 120 118 116 114 112 110 108 106 104
f 104 103 201 202
f 202 201 199 200
f 200 199 197 198
f 198 197 195 196
f 196 195 193 194
f 194 193 191 192
f 192 191 189 190
f 190 189 187 188
f 188 187 185 186
f 186 185 183 184
f 184 183 181 182
f 182 181 179 180
f 180 179 177 178
f 178 177 175 176
f 176 175 173 174
f 174 173 171 172
f 172 171 169 170
f 170 169 167 168
f 168 167 165 166
f 166 165 163 164
f 164 163 161 162
f 162 161 159 160
f 160 159 157 158
f 158 157 155 156
f 156 155 153 154
f 154 153 151 152
f 152 151 149 150
f 150 149 147 148
f 148 147 145 146
f 146 145 143 144
f 144 143 141 142
f 142 141 139 140
f 140 139 137 138
f 138 137 135 136
f 136 135 133 134
f 134 133 131 132
f 132 131 129 130
f 130 129 127 128
f 128 127 125 126
f 126 125 123 124
f 124 123 121 122
f 122 121 119 120
f 120 119 117 118
f 118 117 115 116
f 116 115 113 114
f 114 113 111 112
f 112 111 109 110
f 110 109 107 108
f 108 107 105 106
f 106 105 103 104
f 104 202 200 198 196 194 192 190 188 186 184 182 180 178 176 174 172 170 168 166 164 162 160 158 156 154 152 150 148 146 144 142 140 138 136 134 132 130 128 126 124 122 120 118 116 114 112 110 108 106
f 105 107 109 111 113 115 117 119 121 123 125 127 129 131 133 135 137 139 141 143 145 147 149 151 153 155 157 159 161 163 165 167 169 171 173 175 177 179 181 183 185 187 189 191 193 195 197 199 201 103
f 205 233 203
f 233 261 203
f 261 289 203
f 289 317 203
f 317 345 203
f 345 373 203
f 373 401 203
f 401 429 203
f 429 457 203
f 457 485 203
f 485 513 203
f 513 541 203
f 541 569 203
f 569 597 203
f 597 625 203
f 625 653 203
f 653 681 203
f 681 709 203
f 709 737 203
f 737 765 203
f 765 793 203
f 793 821 203
f 821 849 203
f 849 877 203
f 877 905 203
f 905 933 203
f 933 961 203
f 961 989 203
f 989 1017 203
f 1017 205 203
f 232 204 260
f 260 204 288
f 288 204 316
f 316 204 344
f 344 204 372
f 372 204 400
f 400 204 428
f 428 204 456
f 456 204 484
f 484 204 512
f 512 204 540
f 540 204 568
f 568 204 596
f 596 204 624
f 624 204 652
f 652 204 680
f 680 204 708
f 708 204 736
f 736 204 764
f 764 204 792
f 792 204 820
f 820 204 848
f 848 204 876
f 876 204 904
f 904 204 932
f 932 204 960
f 960 204 988
f 988 204 1016
f 1016 204 1044
f 1044 204 232
f 205 206 234
f 205 234 233
f 206 207 235
f 206 235 234
f 207 208 236
f 207 236 235
f 208 209 237
f 208 237 236
f 209 210 238
f 209 238 237
f 210 211 239
f 210 239 238
f 211 212 240
f 211 240 239
f 212 213 241
f 212 241 240
f 213 214 242
f 213 242 241
f 214 215 243
f 214 243 242
f 215 216 244
f 215 244 243
f 216 217 245
f 216 245 244
f 217 218 246
f 217 246 245
f 218 219 247
f 218 247 246
f 219 220 248
f 219 248 247
f 220 221 249
f 220 249 248
f 221 222 250
f 221 250 249
f 222 223 251
f 222 251 250
f 223 224 252
f 223 252 251
f 224 225 253
f 224 253 252
f 225 226 254
f 225 254 253
f 226 227 255
f 226 255 254
f 227 228 256
f 227 256 255
f 228 229 257
f 228 257 256
f 229 230 258
f 229 258 257
f 230 231 259
f 230 259 258
f 231 232 260
f 231 260 259
f 233 234 262
f 233 262 261
f 234 235 263
f 234 263 262
f 235 236 264
f 235 264 263
f 236 237 265
f 236 265 264
f 237 238 266
f 237 266 265
f 238 239 267
f 238 267 266
f 239 240 268
f 239 268 267
f 240 241 269
f 240 269 268
f 241 242 270
f 241 270 269
f 242 243 271
f 242 271 270
f 243 244 272
f 243 272 271
f 244 245 273
f 244 273 272
f 245 246 274
f 245 274 273
f 246 247 275
f 246 275 274
f 247 248 276
f 247 276 275
f 248 249 277
f 248 277 276
f 249 250 278
f 249 278 277
f 250 251 279
f 250 279 278
f 251 252 280
f 251 280 279
f 252 253 281
f 252 281 280
f 253 254 282
f 253 282 281
f 254 255 283
f 254 283 282
f 255 256 284
f 255 284 283
f 256 257 285
f 256 285 284
f 257 258 286
f 257 286 285
f 258 259 287
f 258 287 286
f 259 260 288
f 259 288 287
f 261 262 290
f 261 290 289
f 262 263 291
f 262 291 290
f 263 264 292
f 263 292 291
f 264 265 293
f 264 293 292
f 265 266 294
f 265 294 293
f 266 267 295
f 266 295 294
f 267 268 296
f 267 296 295
f 268 269 297
f 268 297 296
f 269 270 298
f 269 298 297
f 270 271 299
f 270 299 298
f 271 272 300
f 271 300 299
f 272 273 301
f 272 301 300
f 273 274 302
f 273 302 301
f 274 275 303
f 274 303 302
f 275 276 304
f 275 304 303
f 276 277 305
f 276 305 304
f 277 278 306
f 277 306 305
f 278 279 307
f 278 307 306
f 279 280 308
f 279 308 307
f 280 281 309
f 280 309 308
f 281 282 310
f 281 310 309
f 282 283 311
f 282 311 310
f 283 284 312
f 283 312 311
f 284 285 313
f 284 313 312
f 285 286 314
f 285 314 313
f 286 287 315
f 286 315 314
f 287 288 316
f 287 316 315
f 289 290 318
f 289 318 317
f 290 291 319
f 290 319 318
f 291 292 320
f 291 320 319
f 292 293 321
f 292 321 320
f 293 294 322
f 293 322 321
f 294 295 323
f 294 323 322
f 295 296 324
f 295 324 323
f 296 297 325
f 296 325 324
f 297 298 326
f 297 326 325
f 298 299 327
f 298 327 326
f 299 300 328
f 299 328 327
f 300 301 329
f 300 329 328
f 301 302 330
f 301 330 329
f 302 303 331
f 302 331 330
f 303 304 332
f 303 332 331
f 304 305 333
f 304 333 332
f 305 306 334
f 305 334 333
f 306 307 335
f 306 335 334
f 307 308 336
f 307 336 335
f 308 309 337
f 308 337 336
f 309 310 338
f 309 338 337
f 310 311 339
f 310 339 338
f 311 312 340
f 311 340 339
f 312 313 341
f 312 341 340
f 313 314 342
f 313 342 341
f 314 315 343
f 314 343 342
f 315 316 344
f 315 344 343
f 317 318 346
f 317 346 345
f 318 319 347
f 318 347 346
f 319 320 348
f 319 348 347
f 320 321 349
f 320 349 348
f 321 322 350
f 321 350 349
f 322 323 351
f 322 351 350
f 323 324 352
f 323 352 351
f 324 325 353
f 324 353 352
f 325 326 354
f 325 354 353
f 326 327 355
f 326 355 354
f 327 328 356
f 327 356 355
f 328 329 357
f 328 357 356
f 329 330 358
f 329 358 357
f 330 331 359
f 330 359 358
f 331 332 360
f 331 360 359
f 332 333 361
f 332 361 360
f 333 334 362
f 333 362 361
f 334 335 363
f 334 363 362
f 335 336 364
f 335 364 363
f 336 337 365
f 336 365 364
f 337 338 366
f 337 366 365
f 338 339 367
f 338 367 366
f 339 340 368
f 339 368 367
f 340 341 369
f 340 369 368
f 341 342 370
f 341 370 369
f 342 343 371
f 342 371 370
f 343 344 372
f 343 372 371
f 345 346 374
f 345 374 373
f 346 347 375
f 346 375 374
f 347 348 376
f 347 376 375
f 348 349 377
f 348 377 376
f 349 350 378
f 349 378 377
f 350 351 379
f 350 379 378
f 351 352 380
f 351 380 379
f 352 353 381
f 352 381 380
f 353 354 382
f 353 382 381
f 354 355 383
f 354 383 382
f 355 356 384
f 355 384 383
f 356 357 385
f 356 385 384
f 357 358 386
f 357 386 385
f 358 359 387
f 358 387 386
f 359 360 388
f 359 388 387
f 360 361 389
f 360 389 388
f 361 362 390
f 361 390 389
f 362 363 391
f 362 391 390
f 363 364 392
f 363 392 391
f 364 365 393
f 364 393 392
f 365 366 394
f 365 394 393
f 366 367 395
f 366 395 394
f 367 368 396
f 367 396 395
f 368 369 397
f 368 397 396
f 369 370 398
f 369 398 397
f 370 371 399
f 370 399 398
f 371 372 400
f 371 400 399
f 373 374 402
f 373 402 401
f 374 375 403
f 374 403 402
f 375 376 404
f 375 404 403
f 376 377 405
f 376 405 404
f 377 378 406
f 377 406 405
f 378 379 407
f 378 407 406
f 379 380 408
f 379 408 407
f 380 381 409
f 380 409 408
f 381 382 410
f 381 410 409
f 382 383 411
f 382 411 410
f 383 384 412
f 383 412 411
f 384 385 413
f 384 413 412
f 385 386 414
f 385 414 413
f 386 387 415
f 386 415 414
f 387 388 416
f 387 416 415
f 388 389 417
f 388 417 416
f 389 390 418
f 389 418 417
f 390 391 419
f 390 419 418
f 391 392 420
f 391 420 419
f 392 393 421
f 392 421 420
f 393 394 422
f 393 422 421
f 394 395 423
f 394 423 422
f 395 396 424
f 395 424 423
f 396 397 425
f 396 425 424
f 397 398 426
f 397 426 425
f 398 399 427
f 398 427 426
f 399 400 428
f 399 428 427
f 401 402 430
f 401 430 429
f 402 403 431
f 402 431 430
f 403 404 432
f 403 432 431
f 404 405 433
f 404 433 432
f 405 406 434
f 405 434 433
f 406 407 435
f 406 435 434
f 407 408 436
f 407 436 435
f 408 409 437
f 408 437 436
f 409 410 438
f 409 438 437
f 410 411 439
f 410 439 438
f 411 412 440
f 411 440 439
f 412 413 441
f 412 441 440
f 413 414 442
f 413 442 441
f 414 415 443
f 414 443 442
f 415 416 444
f 415 444 443
f 416 417 445
f 416 445 444
f 417 418 446
f 417 446 445
f 418 419 447
f 418 447 446
f 419 420 448
f 419 448 447
f 420 421 449
f 420 449 448
f 421 422 450
f 421 450 449
f 422 423 451
f 422 451 450
f 423 424 452
f 423 452 451
f 424 425 453
f 424 453 452
f 425 426 454
f 425 454 453
f 426 427 455
f 426 455 454
f 427 428 456
f 427 456 455
f 429 430 458
f 429 458 457
f 430 431 459
f 430 459 458
f 431 432 460
f 431 460 459
f 432 433 461
f 432 461 460
f 433 434 462
f 433 462 461
f 434 435 463
f 434 463 462
f 435 436 464
f 435 464 463
f 436 437 465
f 436 465 464
f 437 438 466
f 437 466 465
f 438 439 467
f 438 467 466
f 439 440 468
f 439 468 467
f 440 441 469
f 440 469 468
f 441 442 470
f 441 470 469
f 442 443 471
f 442 471 470
f 443 444 472
f 443 472 471
f 444 445 473
f 444 473 472
f 445 446 474
f 445 474 473
f 446 447 475
f 446 475 474
f 447 448 476
f 447 476 475
f 448 449 477
f 448 477 476
f 449 450 478
f 449 478 477
f 450 451 479
f 450 479 478
f 451 452 480
f 451 480 479
f 452 453 481
f 452 481 480
f 453 454 482
f 453 482 481
f 454 455 483
f 454 483 482
f 455 456 484
f 455 484 483
f 457 458 486
f 457 486 485
f 458 459 487
f 458 487 486
f 459 460 488
f 459 488 487
f 460 461 489
f 460 489 488
f 461 462 490
f 461 490 489
f 462 463 491
f 462 491 490
f 463 464 492
f 463 492 491
f 464 465 493
f 464 493 492
f 465 466 494
f 465 494 493
f 466 467 495
f 466 495 494
f 467 468 496
f 467 496 495
f 468 469 497
f 468 497 496
f 469 470 498
f 469 498 497
f 470 471 499
f 470 499 498
f 471 472 500
f 471 500 499
f 472 473 501
f 472 501 500
f 473 474 502
f 473 502 501
f 474 475 503
f 474 503 502
f 475 476 504
f 475 504 503
f 476 477 505
f 476 505 504
f 477 478 506
f 477 506 505
f 478 479 507
f 478 507 506
f 479 480 508
f 479 508 507
f 480 481 509
f 480 509 508
f 481 482 510
f 481 510 509
f 482 483 511
f 482 511 510
f 483 484 512
f 483 512 511
f 485 486 514
f 485 514 513
f 486 487 515
f 486 515 514
f 487 488 516
f 487 516 515
f 488 489 517
f 488 517 516
f 489 490 518
f 489 518 517
f 490 491 519
f 490 519 518
f 491 492 520
f 491 520 519
f 492 493 521
f 492 521 520
f 493 494 522
f 493 522 521
f 494 495 523
f 494 523 522
f 495 496 524
f 495 524 523
f 496 497 525
f 496 525 524
f 497 498 526
f 497 526 525
f 498 499 527
f 498 527 526
f 499 500 528
f 499 528 527
f 500 501 529
f 500 529 528
f 501 502 530
f 501 530 529
f 502 503 531
f 502 531 530
f 503 504 532
f 503 532 531
f 504 505 533
f 504 533 532
f 505 506 534
f 505 534 533
f 506 507 535
f 506 535 534
f 507 508 536
f 507 536 535
f 508 509 537
f 508 537 536
f 509 510 538
f 509 538 537
f 510 511 539
f 510 539 538
f 511 512 540
f 511 540 539
f 513 514 542
f 513 542 541
f 514 515 543
f 514 543 542
f 515 516 544
f 515 544 543
f 516 517 545
f 516 545 544
f 517 518 546
f 517 546 545
f 518 519 547
f 518 547 546
f 519 520 548
f 519 548 547
f 520 521 549
f 520 549 548
f 521 522 550
f 521 550 549
f 522 523 551
f 522 551 550
f 523 524 552
f 523 552 551
f 524 525 553
f 524 553 552
f 525 526 554
f 525 554 553
f 526 527 555
f 526 555 554
f 527 528 556
f 527 556 555
f 528 529 557
f 528 557 556
f 529 530 558
f 529 558 557
f 530 531 559
f 530 559 558
f 531 532 560
f 531 560 559
f 532 533 561
f 532 561 560
f 533 534 562
f 533 562 561
f 534 535 563
f 534 563 562
f 535 536 564
f 535 564 563
f 536 537 565
f 536 565 564
f 537 538 566
f 537 566 565
f 538 539 567
f 538 567 566
f 539 540 568
f 539 568 567
f 541 542 570
f 541 570 569
f 542 543 571
f 542 571 570
f 543 544 572
f 543 572 571
f 544 545 573
f 544 573 572
f 545 546 574
f 545 574 573
f 546 547 575
f 546 575 574
f 547 548 576
f 547 576 575
f 548 549 577
f 548 577 576
f 549 550 578
f 549 578 577
f 550 551 579
f 550 579 578
f 551 552 580
f 551 580 579
f 552 553 581
f 552 581 580
f 553 554 582
f 553 582 581
f 554 555 583
f 554 583 582
f 555 556 584
f 555 584 583
f 556 557 585
f 556 585 584
f 557 558 586
f 557 586 585
f 558 559 587
f 558 587 586
f 559 560 588
f 559 588 587
f 560 561 589
f 560 589 588
f 561 562 590
f 561 590 589
f 562 563 591
f 562 591 590
f 563 564 592
f 563 592 591
f 564 565 593
f 564 593 592
f 565 566 594
f 565 594 593
f 566 567 595
f 566 595 594
f 567 568 596
f 567 596 595
f 569 570 598
f 569 598 597
f 570 571 599
f 570 599 598
f 571 572 600
f 571 600 599
f 572 573 601
f 572 601 600
f 573 574 602
f 573 602 601
f 574 575 603
f 574 603 602
f 575 576 604
f 575 604 603
f 576 577 605
f 576 605 604
f 577 578 606
f 577 606 605
f 578 579 607
f 578 607 606
f 579 580 608
f 579 608 607
f 580 581 609
f 580 609 608
f 581 582 610
f 581 610 609
f 582 583 611
f 582 611 610
f 583 584 612
f 583 612 611
f 584 585 613
f 584 613 612
f 585 586 614
f 585 614 613
f 586 587 615
f 586 615 614
f 587 588 616
f 587 616 615
f 588 589 617
f 588 617 616
f 589 590 618
f 589 618 617
f 590 591 619
f 590 619 618
f 591 592 620
f 591 620 619
f 592 593 621
f 592 621 620
f 593 594 622
f 593 622 621
f 594 595 623
f 594 623 622
f 595 596 624
f 595 624 623
f 597 598 626
f 597 626 625
f 598 599 627
f 598 627 626
f 599 600 628
f 599 628 627
f 600 601 629
f 600 629 628
f 601 602 630
f 601 630 629
f 602 603 631
f 602 631 630
f 603 604 632
f 603 632 631
f 604 605 633
f 604 633 632
f 605 606 634
f 605 634 633
f 606 607 635
f 606 635 634
f 607 608 636
f 607 636 635
f 608 609 637
f 608 637 636
f 609 610 638
f 609 638 637
f 610 611 639
f 610 639 638
f 611 612 640
f 611 640 639
f 612 613 641
f 612 641 640
f 613 614 642
f 613 642 641
f 614 615 643
f 614 643 642
f 615 616 644
f 615 644 643
f 616 617 645
f 616 645 644
f 617 618 646
f 617 646 645
f 618 619 647
f 618 647 646
f 619 620 648
f 619 648 647
f 620 621 649
f 620 649 648
f 621 622 650
f 621 650 649
f 622 623 651
f 622 651 650
f 623 624 652
f 623 652 651
f 625 626 654
f 625 654 653
f 626 627 655
f 626 655 654
f 627 628 656
f 627 656 655
f 628 629 657
f 628 657 656
f 629 630 658
f 629 658 657
f 630 631 659
f 630 659 658
f 631 632 660
f 631 660 659
f 632 633 661
f 632 661 660
f 633 634 662
f 633 662 661
f 634 635 663
f 634 663 662
f 635 636 664
f 635 664 663
f 636 637 665
f 636 665 664
f 637 638 666
f 637 666 665
f 638 639 667
f 638 667 666
f 639 640 668
f 639 668 667
f 640 641 669
f 640 669 668
f 641 642 670
f 641 670 669
f 642 643 671
f 642 671 670
f 643 644 672
f 643 672 671
f 644 645 673
f 644 673 672
f 645 646 674
f 645 674 673
f 646 647 675
f 646 675 674
f 647 648 676
f 647 676 675
f 648 649 677
f 648 677 676
f 649 650 678
f 649 678 677
f 650 651 679
f 650 679 678
f 651 652 680
f 651 680 679
f 653 654 682
f 653 682 681
f 654 655 683
f 654 683 682
f 655 656 684
f 655 684 683
f 656 657 685
f 656 685 684
f 657 658 686
f 657 686 685
f 658 659 687
f 658 687 686
f 659 660 688
f 659 688 687
f 660 661 689
f 660 689 688
f 661 662 690
f 661 690 689
f 662 663 691
f 662 691 690
f 663 664 692
f 663 692 691
f 664 665 693
f 664 693 692
f 665 666 694
f 665 694 693
f 666 667 695
f 666 695 694
f 667 668 696
f 667 696 695
f 668 669 697
f 668 697 696
f 669 670 698
f 669 698 697
f 670 671 699
f 670 699 698
f 671 672 700
f 671 700 699
f 672 673 701
f 672 701 700
f 673 674 702
f 673 702 701
f 674 675 703
f 674 703 702
f 675 676 704
f 675 704 703
f 676 677 705
f 676 705 704
f 677 678 706
f 677 706 705
f 678 679 707
f 678 707 706
f 679 680 708
f 679 708 707
f 681 682 710
f 681 710 709
f 682 683 711
f 682 711 710
f 683 684 712
f 683 712 711
f 684 685 713
f 684 713 712
f 685 686 714
f 685 714 713
f 686 687 715
f 686 715 714
f 687 688 716
f 687 716 715
f 688 689 717
f 688 717 716
f 689 690 718
f 689 718 717
f 690 691 719
f 690 719 718
f 691 692 720
f 691 720 719
f 692 693 721
f 692 721 720
f 693 694 722
f 693 722 721
f 694 695 723
f 694 723 722
f 695 696 724
f 695 724 723
f 696 697 725
f 696 725 724
f 697 698 726
f 697 726 725
f 698 699 727
f 698 727 726
f 699 700 728
f 699 728 727
f 700 701 729
f 700 729 728
f 701 702 730
f 701 730 729
f 702 703 731
f 702 731 730
f 703 704 732
f 703 732 731
f 704 705 733
f 704 733 732
f 705 706 734
f 705 734 733
f 706 707 735
f 706 735 734
f 707 708 736
f 707 736 735
f 709 710 738
f 709 738 737
f 710 711 739
f 710 739 738
f 711 712 740
f 711 740 739
f 712 713 741
f 712 741 740
f 713 714 742
f 713 742 741
f 714 715 743
f 714 743 742
f 715 716 744
f 715 744 743
f 716 717 745
f 716 745 744
f 717 718 746
f 717 746 745
f 718 719 747
f 718 747 746
f 719 720 748
f 719 748 747
f 720 721 749
f 720 749 748
f 721 722 750
f 721 750 749
f 722 723 751
f 722 751 750
f 723 724 752
f 723 752 751
f 724 725 753
f 724 753 752
f 725 726 754
f 725 754 753
f 726 727 755
f 726 755 754
f 727 728 756
f 727 756 755
f 728 729 757
f 728 757 756
f 729 730 758
f 729 758 757
f 730 731 759
f 730 759 758
f 731 732 760
f 731 760 759
f 732 733 761
f 732 761 760
f 733 734 762
f 733 762 761
f 734 735 763
f 734 763 762
f 735 736 764
f 735 764 763
f 737 738 766
f 737 766 765
f 738 739 767
f 738 767 766
f 739 740 768
f 739 768 767
f 740 741 769
f 740 769 768
f 741 742 770
f 741 770 769
f 742 743 771
f 742 771 770
f 743 744 772
f 743 772 771
f 744 745 773
f 744 773 772
f 745 746 774
f 745 774 773
f 746 747 775
f 746 775 774
f 747 748 776
f 747 776 775
f 748 749 777
f 748 777 776
f 749 750 778
f 749 778 777
f 750 751 779
f 750 779 778
f 751 752 780
f 751 780 779
f 752 753 781
f 752 781 780
f 753 754 782
f 753 782 781
f 754 755 783
f 754 783 782
f 755 756 784
f 755 784 783
f 756 757 785
f 756 785 784
f 757 758 786
f 757 786 785
f 758 759 787
f 758 787 786
f 759 760 788
f 759 788 787
f 760 761 789
f 760 789 788
f 761 762 790
f 761 790 789
f 762 763 791
f 762 791 790
f 763 764 792
f 763 792 791
f 765 766 794
f 765 794 793
f 766 767 795
f 766 795 794
f 767 768 796
f 767 796 795
f 768 769 797
f 768 797 796
f 769 770 798
f 769 798 797
f 770 771 799
f 770 799 798
f 771 772 800
f 771 800 799
f 772 773 801
f 772 801 800
f 773 774 802
f 773 802 801
f 774 775 803
f 774 803 802
f 775 776 804
f 775 804 803
f 776 777 805
f 776 805 804
f 777 778 806
f 777 806 805
f 778 779 807
f 778 807 806
f 779 780 808
f 779 808 807
f 780 781 809
f 780 809 808
f 781 782 810
f 781 810 809
f 782 783 811
f 782 811 810
f 783 784 812
f 783 812 811
f 784 785 813
f 784 813 812
f 785 786 814
f 785 814 813
f 786 787 815
f 786 815 814
f 787 788 816
f 787 816 815
f 788 789 817
f 788 817 816
f 789 790 818
f 789 818 817
f 790 791 819
f 790 819 818
f 791 792 820
f 791 820 819
f 793 794 822
f 793 822 821
f 794 795 823
f 794 823 822
f 795 796 824
f 795 824 823
f 796 797 825
f 796 825 824
f 797 798 826
f 797 826 825
f 798 799 827
f 798 827 826
f 799 800 828
f 799 828 827
f 800 801 829
f 800 829 828
f 801 802 830
f 801 830 829
f 802 803 831
f 802 831 830
f 803 804 832
f 803 832 831
f 804 805 833
f 804 833 832
f 805 806 834
f 805 834 833
f 806 807 835
f 806 835 834
f 807 808 836
f 807 836 835
f 808 809 837
f 808 837 836
f 809 810 838
f 809 838 837
f 810 811 839
f 810 839 838
f 811 812 840
f 811 840 839
f 812 813 841
f 812 841 840
f 813 814 842
f 813 842 841
f 814 815 843
f 814 843 842
f 815 816 844
f 815 844 843
f 816 817 845
f 816 845 844
f 817 818 846
f 817 846 845
f 818 819 847
f 818 847 846
f 819 820 848
f 819 848 847
f 821 822 850
f 821 850 849
f 822 823 851
f 822 851 850
f 823 824 852
f 823 852 851
f 824 825 853
f 824 853 852
f 825 826 854
f 825 854 853
f 826 827 855
f 826 855 854
f 827 828 856
f 827 856 855
f 828 829 857
f 828 857 856
f 829 830 858
f 829 858 857
f 830 831 859
f 830 859 858
f 831 832 860
f 831 860 859
f 832 833 861
f 832 861 860
f 833 834 862
f 833 862 861
f 834 835 863
f 834 863 862
f 835 836 864
f 835 864 863
f 836 837 865
f 836 865 864
f 837 838 866
f 837 866 865
f 838 839 867
f 838 867 866
f 839 840 868
f 839 868 867
f 840 841 869
f 840 869 868
f 841 842 870
f 841 870 869
f 842 843 871
f 842 871 870
f 843 844 872
f 843 872 871
f 844 845 873
f 844 873 872
f 845 846 874
f 845 874 873
f 846 847 875
f 846 875 874
f 847 848 876
f 847 876 875
f 849 850 878
f 849 878 877
f 850 851 879
f 850 879 878
f 851 852 880
f 851 880 879
f 852 853 881
f 852 881 880
f 853 854 882
f 853 882 881
f 854 855 883
f 854 883 882
f 855 856 884
f 855 884 883
f 856 857 885
f 856 885 884
f 857 858 886
f 857 886 885
f 858 859 887
f 858 887 886
f 859 860 888
f 859 888 887
f 860 861 889
f 860 889 888
f 861 862 890
f 861 890 889
f 862 863 891
f 862 891 890
f 863 864 892
f 863 892 891
f 864 865 893
f 864 893 892
f 865 866 894
f 865 894 893
f 866 867 895
f 866 895 894
f 867 868 896
f 867 896 895
f 868 869 897
f 868 897 896
f 869 870 898
f 869 898 897
f 870 871 899
f 870 899 898
f 871 872 900
f 871 900 899
f 872 873 901
f 872 901 900
f 873 874 902
f 873 902 901
f 874 875 903
f 874 903 902
f 875 876 904
f 875 904 903
f 877 878 906
f 877 906 905
f 878 879 907
f 878 907 906
f 879 880 908
f 879 908 907
f 880 881 909
f 880 909 908
f 881 882 910
f 881 910 909
f 882 883 911
f 882 911 910
f 883 884 912
f 883 912 911
f 884 885 913
f 884 913 912
f 885 886 914
f 885 914 913
f 886 887 915
f 886 915 914
f 887 888 916
f 887 916 915
f 888 889 917
f 888 917 916
f 889 890 918
f 889 918 917
f 890 891 919
f 890 919 918
f 891 892 920
f 891 920 919
f 892 893 921
f 892 921 920
f 893 894 922
f 893 922 921
f 894 895 923
f 894 923 922
f 895 896 924
f 895 924 923
f 896 897 925
f 896 925 924
f 897 898 926
f 897 926 925
f 898 899 927
f 898 927 926
f 899 900 928
f 899 928 927
f 900 901 929
f 900 929 928
f 901 902 930
f 901 930 929
f 902 903 931
f 902 931 930
f 903 904 932
f 903 932 931
f 905 906 934
f 905 934 933
f 906 907 935
f 906 935 934
f 907 908 936
f 907 936 935
f 908 909 937
f 908 937 936
f 909 910 938
f 909 938 937
f 910 911 939
f 910 939 938
f 911 912 940
f 911 940 939
f 912 913 941
f 912 941 940
f 913 914 942
f 913 942 941
f 914 915 943
f 914 943 942
f 915 916 944
f 915 944 943
f 916 917 945
f 916 945 944
f 917 918 946
f 917 946 945
f 918 919 947
f 918 947 946
f 919 920 948
f 919 948 947
f 920 921 949
f 920 949 948
f 921 922 950
f 921 950 949
f 922 923 951
f 922 951 950
f 923 924 952
f 923 952 951
f 924 925 953
f 924 953 952
f 925 926 954
f 925 954 953
f 926 927 955
f 926 955 954
f 927 928 956
f 927 956 955
f 928 929 957
f 928 957 956
f 929 930 958
f 929 958 957
f 930 931 959
f 930 959 958
f 931 932 960
f 931 960 959
f 933 934 962
f 933 962 961
f 934 935 963
f 934 963 962
f 935 936 964
f 935 964 963
f 936 937 965
f 936 965 964
f 937 938 966
f 937 966 965
f 938 939 967
f 938 967 966
f 939 940 968
f 939 968 967
f 940 941 969
f 940 969 968
f 941 942 970
f 941 970 969
f 942 943 971
f 942 971 970
f 943 944 972
f 943 972 971
f 944 945 973
f 944 973 972
f 945 946 974
f 945 974 973
f 946 947 975
f 946 975 974
f 947 948 976
f 947 976 975
f 948 949 977
f 948 977 976
f 949 950 978
f 949 978 977
f 950 951 979
f 950 979 978
f 951 952 980
f 951 980 979
f 952 953 981
f 952 981 980
f 953 954 982
f 953 982 981
f 954 955 983
f 954 983 982
f 955 956 984
f 955 984 983
f 956 957 985
f 956 985 984
f 957 958 986
f 957 986 985
f 958 959 987
f 958 987 986
f 959 960 988
f 959 988 987
f 961 962 990
f 961 990 989
f 962 963 991
f 962 991 990
f 963 964 992
f 963 992 991
f 964 965 993
f 964 993 992
f 965 966 994
f 965 994 993
f 966 967 995
f 966 995 994
f 967 968 996
f 967 996 995
f 968 969 997
f 968 997 996
f 969 970 998
f 969 998 997
f 970 971 999
f 970 999 998
f 971 972 1000
f 971 1000 999
f 972 973 1001
f 972 1001 1000
f 973 974 1002
f 973 1002 1001
f 974 975 1003
f 974 1003 1002
f 975 976 1004
f 975 1004 1003
f 976 977 1005
f 976 1005 1004
f 977 978 1006
f 977 1006 1005
f 978 979 1007
f 978 1007 1006
f 979 980 1008
f 979 1008 1007
f 980 981 1009
f 980 1009 1008
f 981 982 1010
f 981 1010 1009
f 982 983 1011
f 982 1011 1010
f 983 984 1012
f 983 1012 1011
f 984 985 1013
f 984 1013 1012
f 985 986 1014
f 985 1014 1013
f 986 987 1015
f 986 1015 1014
f 987 988 1016
f 987 1016 1015
f 989 990 1018
f 989 1018 1017
f 990 991 1019
f 990 1019 1018
f 991 992 1020
f 991 1020 1019
f 992 993 1021
f 992 1021 1020
f 993 994 1022
f 993 1022 1021
f 994 995 1023
f 994 1023 1022
f 995 996 1024
f 995 1024 1023
f 996 997 1025
f 996 1025 1024
f 997 998 1026
f 997 1026 1025
f 998 999 1027
f 998 1027 1026
f 999 1000 1028
f 999 1028 1027
f 1000 1001 1029
f 1000 1029 1028
f 1001 1002 1030
f 1001 1030 1029
f 1002 1003 1031
f 1002 1031 1030
f 1003 1004 1032
f 1003 1032 1031
f 1004 1005 1033
f 1004 1033 1032
f 1005 1006 1034
f 1005 1034 1033
f 1006 1007 1035
f 1006 1035 1034
f 1007 1008 1036
f 1007 1036 1035
f 1008 1009 1037
f 1008 1037 1036
f 1009 1010 1038
f 1009 1038 1037
f 1010 1011 1039
f 1010 1039 1038
f 1011 1012 1040
f 1011 1040 1039
f 1012 1013 1041
f 1012 1041 1040
f 1013 1014 1042
f 1013 1042 1041
f 1014 1015 1043
f 1014 1043 1042
f 1015 1016 1044
f 1015 1044 1043
f 1017 1018 206
f 1017 206 205
f 1018 1019 207
f 1018 207 206
f 1019 1020 208
f 1019 208 207
f 1020 1021 209
f 1020 209 208
f 1021 1022 210
f 1021 210 209
f 1022 1023 211
f 1022 211 210
f 1023 1024 212
f 1023 212 211
f 1024 1025 213
f 1024 213 212
f 1025 1026 214
f 1025 214 213
f 1026 1027 215
f 1026 215 214
f 1027 1028 216
f 1027 216 215
f 1028 1029 217
f 1028 217 216
f 1029 1030 218
f 1029 218 217
f 1030 1031 219
f 1030 219 218
f 1031 1032 220
f 1031 220 219
f 1032 1033 221
f 1032 221 220
f 1033 1034 222
f 1033 222 221
f 1034 1035 223
f 1034 223 222
f 1035 1036 224
f 1035 224 223
f 1036 1037 225
f 1036 225 224
f 1037 1038 226
f 1037 226 225
f 1038 1039 227
f 1038 227 226
f 1039 1040 228
f 1039 228 227
f 1040 1041 229
f 1040 229 228
f 1041 1042 230
f 1041 230 229
f 1042 1043 231
f 1042 231 230
f 1043 1044 232
f 1043 232 231
f 1047 1075 1045
f 1075 1103 1045
f 1103 1131 1045
f 1131 1159 1045
f 1159 1187 1045
f 1187 1215 1045
f 1215 1243 1045
f 1243 1271 1045
f 1271 1299 1045
f 1299 1327 1045
f 1327 1355 1045
f 1355 1383 1045
f 1383 1411 1045
f 1411 1439 1045
f 1439 1467 1045
f 1467 1495 1045
f 1495 1523 1045
f 1523 1551 1045
f 1551 1579 1045
f 1579 1607 1045
f 1607 1635 1045
f 1635 1663 1045
f 1663 1691 1045
f 1691 1719 1045
f 1719 1747 1045
f 1747 1775 1045
f 1775 1803 1045
f 1803 1831 1045
f 1831 1859 1045
f 1859 1047 1045
f 1074 1046 1102
f 1102 1046 1130
f 1130 1046 1158
f 1158 1046 1186
f 1186 1046 1214
f 1214 1046 1242
f 1242 1046 1270
f 1270 1046 1298
f 1298 1046 1326
f 1326 1046 1354
f 1354 1046 1382
f 1382 1046 1410
f 1410 1046 1438
f 1438 1046 1466
f 1466 1046 1494
f 1494 1046 1522
f 1522 1046 1550
f 1550 1046 1578
f 1578 1046 1606
f 1606 1046 1634
f 1634 1046 1662
f 1662 1046 1690
f 1690 1046 1718
f 1718 1046 1746
f 1746 1046 1774
f 1774 1046 1802
f 1802 1046 1830
f 1830 1046 1858
f 1858 1046 1886
f 1886 1046 1074
f 1047 1048 1076
f 1047 1076 1075
f 1048 1049 1077
f 1048 1077 1076
f 1049 1050 1078
f 1049 1078 1077
f 1050 1051 1079
f 1050 1079 1078
f 1051 1052 1080
f 1051 1080 1079
f 1052 1053 1081
f 1052 1081 1080
f 1053 1054 1082
f 1053 1082 1081
f 1054 1055 1083
f 1054 1083 1082
f 1055 1056 1084
f 1055 1084 1083
f 1056 1057 1085
f 1056 1085 1084
f 1057 1058 1086
f 1057 1086 1085
f 1058 1059 1087
f 1058 1087 1086
f 1059 1060 1088
f 1059 1088 1087
f 1060 1061 1089
f 1060 1089 1088
f 1061 1062 1090
f 1061 1090 1089
f 1062 1063 1091
f 1062 1091 1090
f 1063 1064 1092
f 1063 1092 1091
f 1064 1065 1093
f 1064 1093 1092
f 1065 1066 1094
f 1065 1094 1093
f 1066 1067 1095
f 1066 1095 1094
f 1067 1068 1096
f 1067 1096 1095
f 1068 1069 1097
f 1068 1097 1096
f 1069 1070 1098
f 1069 1098 1097
f 1070 1071 1099
f 1070 1099 1098
f 1071 1072 1100
f 1071 1100 1099
f 1072 1073 1101
f 1072 1101 1100
f 1073 1074 1102
f 1073 1102 1101
f 1075 1076 1104
f 1075 1104 1103
f 1076 1077 1105
f 1076 1105 1104
f 1077 1078 1106
f 1077 1106 1105
f 1078 1079 1107
f 1078 1107 1106
f 1079 1080 1108
f 1079 1108 1107
f 1080 1081 1109
f 1080 1109 1108
f 1081 1082 1110
f 1081 1110 1109
f 1082 1083 1111
f 1082 1111 1110
f 1083 1084 1112
f 1083 1112 1111
f 1084 1085 1113
f 1084 1113 1112
f 1085 1086 1114
f 1085 1114 1113
f 1086 1087 1115
f 1086 1115 1114
f 1087 1088 1116
f 1087 1116 1115
f 1088 1089 1117
f 1088 1117 1116
f 1089 1090 1118
f 1089 1118 1117
f 1090 1091 1119
f 1090 1119 1118
f 1091 1092 1120
f 1091 1120 1119
f 1092 1093 1121
f 1092 1121 1120
f 1093 1094 1122
f 1093 1122 1121
f 1094 1095 1123
f 1094 1123 1122
f 1095 1096 1124
f 1095 1124 1123
f 1096 1097 1125
f 1096 1125 1124
f 1097 1098 1126
f 1097 1126 1125
f 1098 1099 1127
f 1098 1127 1126
f 1099 1100 1128
f 1099 1128 1127
f 1100 1101 1129
f 1100 1129 1128
f 1101 1102 1130
f 1101 1130 1129
f 1103 1104 1132
f 1103 1132 1131
f 1104 1105 1133
f 1104 1133 1132
f 1105 1106 1134
f 1105 1134 1133
f 1106 1107 1135
f 1106 1135 1134
f 1107 1108 1136
f 1107 1136 1135
f 1108 1109 1137
f 1108 1137 1136
f 1109 1110 1138
f 1109 1138 1137
f 1110 1111 1139
f 1110 1139 1138
f 1111 1112 1140
f 1111 1140 1139
f 1112 1113 1141
f 1112 1141 1140
f 1113 1114 1142
f 1113 1142 1141
f 1114 1115 1143
f 1114 1143 1142
f 1115 1116 1144
f 1115 1144 1143
f 1116 1117 1145
f 1116 1145 1144
f 1117 1118 1146
f 1117 1146 1145
f 1118 1119 1147
f 1118 1147 1146
f 1119 1120 1148
f 1119 1148 1147
f 1120 1121 1149
f 1120 1149 1148
f 1121 1122 1150
f 1121 1150 1149
f 1122 1123 1151
f 1122 1151 1150
f 1123 1124 1152
f 1123 1152 1151
f 1124 1125 1153
f 1124 1153 1152
f 1125 1126 1154
f 1125 1154 1153
f 1126 1127 1155
f 1126 1155 1154
f 1127 1128 1156
f 1127 1156 1155
f 1128 1129 1157
f 1128 1157 1156
f 1129 1130 1158
f 1129 1158 1157
f 1131 1132 1160
f 1131 1160 1159
f 1132 1133 1161
f 1132 1161 1160
f 1133 1134 1162
f 1133 1162 1161
f 1134 1135 1163
f 1134 1163 1162
f 1135 1136 1164
f 1135 1164 1163
f 1136 1137 1165
f 1136 1165 1164
f 1137 1138 1166
f 1137 1166 1165
f 1138 1139 1167
f 1138 1167 1166
f 1139 1140 1168
f 1139 1168 1167
f 1140 1141 1169
f 1140 1169 1168
f 1141 1142 1170
f 1141 1170 1169
f 1142 1143 1171
f 1142 1171 1170
f 1143 1144 1172
f 1143 1172 1171
f 1144 1145 1173
f 1144 1173 1172
f 1145 1146 1174
f 1145 1174 1173
f 1146 1147 1175
f 1146 1175 1174
f 1147 1148 1176
f 1147 1176 1175
f 1148 1149 1177
f 1148 1177 1176
f 1149 1150 1178
f 1149 1178 1177
f 1150 1151 1179
f 1150 1179 1178
f 1151 1152 1180
f 1151 1180 1179
f 1152 1153 1181
f 1152 1181 1180
f 1153 1154 1182
f 1153 1182 1181
f 1154 1155 1183
f 1154 1183 1182
f 1155 1156 1184
f 1155 1184 1183
f 1156 1157 1185
f 1156 1185 1184
f 1157 1158 1186
f 1157 1186 1185
f 1159 1160 1188
f 1159 1188 1187
f 1160 1161 1189
f 1160 1189 1188
f 1161 1162 1190
f 1161 1190 1189
f 1162 1163 1191
f 1162 1191 1190
f 1163 1164 1192
f 1163 1192 1191
f 1164 1165 1193
f 1164 1193 1192
f 1165 1166 1194
f 1165 1194 1193
f 1166 1167 1195
f 1166 1195 1194
f 1167 1168 1196
f 1167 1196 1195
f 1168 1169 1197
f 1168 1197 1196
f 1169 1170 1198
f 1169 1198 1197
f 1170 1171 1199
f 1170 1199 1198
f 1171 1172 1200
f 1171 1200 1199
f 1172 1173 1201
f 1172 1201 1200
f 1173 1174 1202
f 1173 1202 1201
f 1174 1175 1203
f 1174 1203 1202
f 1175 1176 1204
f 1175 1204 1203
f 1176 1177 1205
f 1176 1205 1204
f 1177 1178 1206
f 1177 1206 1205
f 1178 1179 1207
f 1178 1207 1206
f 1179 1180 1208
f 1179 1208 1207
f 1180 1181 1209
f 1180 1209 1208
f 1181 1182 1210
f 1181 1210 1209
f 1182 1183 1211
f 1182 1211 1210
f 1183 1184 1212
f 1183 1212 1211
f 1184 1185 1213
f 1184 1213 1212
f 1185 1186 1214
f 1185 1214 1213
f 1187 1188 1216
f 1187 1216 1215
f 1188 1189 1217
f 1188 1217 1216
f 1189 1190 1218
f 1189 1218 1217
f 1190 1191 1219
f 1190 1219 1218
f 1191 1192 1220
f 1191 1220 1219
f 1192 1193 1221
f 1192 1221 1220
f 1193 1194 1222
f 1193 1222 1221
f 1194 1195 1223
f 1194 1223 1222
f 1195 1196 1224
f 1195 1224 1223
f 1196 1197 1225
f 1196 1225 1224
f 1197 1198 1226
f 1197 1226 1225
f 1198 1199 1227
f 1198 1227 1226
f 1199 1200 1228
f 1199 1228 1227
f 1200 1201 1229
f 1200 1229 1228
f 1201 1202 1230
f 1201 1230 1229
f 1202 1203 1231
f 1202 1231 1230
f 1203 1204 1232
f 1203 1232 1231
f 1204 1205 1233
f 1204 1233 1232
f 1205 1206 1234
f 1205 1234 1233
f 1206 1207 1235
f 1206 1235 1234
f 1207 1208 1236
f 1207 1236 1235
f 1208 1209 1237
f 1208 1237 1236
f 1209 1210 1238
f 1209 1238 1237
f 1210 1211 1239
f 1210 1239 1238
f 1211 1212 1240
f 1211 1240 1239
f 1212 1213 1241
f 1212 1241 1240
f 1213 1214 1242
f 1213 1242 1241
f 1215 1216 1244
f 1215 1244 1243
f 1216 1217 1245
f 1216 1245 1244
f 1217 1218 1246
f 1217 1246 1245
f 1218 1219 1247
f 1218 1247 1246
f 1219 1220 1248
f 1219 1248 1247
f 1220 1221 1249
f 1220 1249 1248
f 1221 1222 1250
f 1221 1250 1249
f 1222 1223 1251
f 1222 1251 1250
f 1223 1224 1252
f 1223 1252 1251
f 1224 1225 1253
f 1224 1253 1252
f 1225 1226 1254
f 1225 1254 1253
f 1226 1227 1255
f 1226 1255 1254
f 1227 1228 1256
f 1227 1256 1255
f 1228 1229 1257
f 1228 1257 1256
f 1229 1230 1258
f 1229 1258 1257
f 1230 1231 1259
f 1230 1259 1258
f 1231 1232 1260
f 1231 1260 1259
f 1232 1233 1261
f 1232 1261 1260
f 1233 1234 1262
f 1233 1262 1261
f 1234 1235 1263
f 1234 1263 1262
f 1235 1236 1264
f 1235 1264 1263
f 1236 1237 1265
f 1236 1265 1264
f 1237 1238 1266
f 1237 1266 1265
f 1238 1239 1267
f 1238 1267 1266
f 1239 1240 1268
f 1239 1268 1267
f 1240 1241 1269
f 1240 1269 1268
f 1241 1242 1270
f 1241 1270 1269
f 1243 1244 1272
f 1243 1272 1271
f 1244 1245 1273
f 1244 1273 1272
f 1245 1246 1274
f 1245 1274 1273
f 1246 1247 1275
f 1246 1275 1274
f 1247 1248 1276
f 1247 1276 1275
f 1248 1249 1277
f 1248 1277 1276
f 1249 1250 1278
f 1249 1278 1277
f 1250 1251 1279
f 1250 1279 1278
f 1251 1252 1280
f 1251 1280 1279
f 1252 1253 1281
f 1252 1281 1280
f 1253 1254 1282
f 1253 1282 1281
f 1254 1255 1283
f 1254 1283 1282
f 1255 1256 1284
f 1255 1284 1283
f 1256 1257 1285
f 1256 1285 1284
f 1257 1258 1286
f 1257 1286 1285
f 1258 1259 1287
f 1258 1287 1286
f 1259 1260 1288
f 1259 1288 1287
f 1260 1261 1289
f 1260 1289 1288
f 1261 1262 1290
f 1261 1290 1289
f 1262 1263 1291
f 1262 1291 1290
f 1263 1264 1292
f 1263 1292 1291
f 1264 1265 1293
f 1264 1293 1292
f 1265 1266 1294
f 1265 1294 1293
f 1266 1267 1295
f 1266 1295 1294
f 1267 1268 1296
f 1267 1296 1295
f 1268 1269 1297
f 1268 1297 1296
f 1269 1270 1298
f 1269 1298 1297
f 1271 1272 1300
f 1271 1300 1299
f 1272 1273 1301
f 1272 1301 1300
f 1273 1274 1302
f 1273 1302 1301
f 1274 1275 1303
f 1274 1303 1302
f 1275 1276 1304
f 1275 1304 1303
f 1276 1277 1305
f 1276 1305 1304
f 1277 1278 1306
f 1277 1306 1305
f 1278 1279 1307
f 1278 1307 1306
f 1279 1280 1308
f 1279 1308 1307
f 1280 1281 1309
f 1280 1309 1308
f 1281 1282 1310
f 1281 1310 1309
f 1282 1283 1311
f 1282 1311 1310
f 1283 1284 1312
f 1283 1312 1311
f 1284 1285 1313
f 1284 1313 1312
f 1285 1286 1314
f 1285 1314 1313
f 1286 1287 1315
f 1286 1315 1314
f 1287 1288 1316
f 1287 1316 1315
f 1288 1289 1317
f 1288 1317 1316
f 1289 1290 1318
f 1289 1318 1317
f 1290 1291 1319
f 1290 1319 1318
f 1291 1292 1320
f 1291 1320 1319
f 1292 1293 1321
f 1292 1321 1320
f 1293 1294 1322
f 1293 1322 1321
f 1294 1295 1323
f 1294 1323 1322
f 1295 1296 1324
f 1295 1324 1323
f 1296 1297 1325
f 1296 1325 1324
f 1297 1298 1326
f 1297 1326 1325
f 1299 1300 1328
f 1299 1328 1327
f 1300 1301 1329
f 1300 1329 1328
f 1301 1302 1330
f 1301 1330 1329
f 1302 1303 1331
f 1302 1331 1330
f 1303 1304 1332
f 1303 1332 1331
f 1304 1305 1333
f 1304 1333 1332
f 1305 1306 1334
f 1305 1334 1333
f 1306 1307 1335
f 1306 1335 1334
f 1307 1308 1336
f 1307 1336 1335
f 1308 1309 1337
f 1308 1337 1336
f 1309 1310 1338
f 1309 1338 1337
f 1310 1311 1339
f 1310 1339 1338
f 1311 1312 1340
f 1311 1340 1339
f 1312 1313 1341
f 1312 1341 1340
f 1313 1314 1342
f 1313 1342 1341
f 1314 1315 1343
f 1314 1343 1342
f 1315 1316 1344
f 1315 1344 1343
f 1316 1317 1345
f 1316 1345 1344
f 1317 1318 1346
f 1317 1346 1345
f 1318 1319 1347
f 1318 1347 1346
f 1319 1320 1348
f 1319 1348 1347
f 1320 1321 1349
f 1320 1349 1348
f 1321 1322 1350
f 1321 1350 1349
f 1322 1323 1351
f 1322 1351 1350
f 1323 1324 1352
f 1323 1352 1351
f 1324 1325 1353
f 1324 1353 1352
f 1325 1326 1354
f 1325 1354 1353
f 1327 1328 1356
f 1327 1356 1355
f 1328 1329 1357
f 1328 1357 1356
f 1329 1330 1358
f 1329 1358 1357
f 1330 1331 1359
f 1330 1359 1358
f 1331 1332 1360
f 1331 1360 1359
f 1332 1333 1361
f 1332 1361 1360
f 1333 1334 1362
f 1333 1362 1361
f 1334 1335 1363
f 1334 1363 1362
f 1335 1336 1364
f 1335 1364 1363
f 1336 1337 1365
f 1336 1365 1364
f 1337 1338 1366
f 1337 1366 1365
f 1338 1339 1367
f 1338 1367 1366
f 1339 1340 1368
f 1339 1368 1367
f 1340 1341 1369
f 1340 1369 1368
f 1341 1342 1370
f 1341 1370 1369
f 1342 1343 1371
f 1342 1371 1370
f 1343 1344 1372
f 1343 1372 1371
f 1344 1345 1373
f 1344 1373 1372
f 1345 1346 1374
f 1345 1374 1373
f 1346 1347 1375
f 1346 1375 1374
f 1347 1348 1376
f 1347 1376 1375
f 1348 1349 1377
f 1348 1377 1376
f 1349 1350 1378
f 1349 1378 1377
f 1350 1351 1379
f 1350 1379 1378
f 1351 1352 1380
f 1351 1380 1379
f 1352 1353 1381
f 1352 1381 1380
f 1353 1354 1382
f 1353 1382 1381
f 1355 1356 1384
f 1355 1384 1383
f 1356 1357 1385
f 1356 1385 1384
f 1357 1358 1386
f 1357 1386 1385
f 1358 1359 1387
f 1358 1387 1386
f 1359 1360 1388
f 1359 1388 1387
f 1360 1361 1389
f 1360 1389 1388
f 1361 1362 1390
f 1361 1390 1389
f 1362 1363 1391
f 1362 1391 1390
f 1363 1364 1392
f 1363 1392 1391
f 1364 1365 1393
f 1364 1393 1392
f 1365 1366 1394
f 1365 1394 1393
f 1366 1367 1395
f 1366 1395 1394
f 1367 1368 1396
f 1367 1396 1395
f 1368 1369 1397
f 1368 1397 1396
f 1369 1370 1398
f 1369 1398 1397
f 1370 1371 1399
f 1370 1399 1398
f 1371 1372 1400
f 1371 1400 1399
f 1372 1373 1401
f 1372 1401 1400
f 1373 1374 1402
f 1373 1402 1401
f 1374 1375 1403
f 1374 1403 1402
f 1375 1376 1404
f 1375 1404 1403
f 1376 1377 1405
f 1376 1405 1404
f 1377 1378 1406
f 1377 1406 1405
f 1378 1379 1407
f 1378 1407 1406
f 1379 1380 1408
f 1379 1408 1407
f 1380 1381 1409
f 1380 1409 1408
f 1381 1382 1410
f 1381 1410 1409
f 1383 1384 1412
f 1383 1412 1411
f 1384 1385 1413
f 1384 1413 1412
f 1385 1386 1414
f 1385 1414 1413
f 1386 1387 1415
f 1386 1415 1414
f 1387 1388 1416
f 1387 1416 1415
f 1388 1389 1417
f 1388 1417 1416
f 1389 1390 1418
f 1389 1418 1417
f 1390 1391 1419
f 1390 1419 1418
f 1391 1392 1420
f 1391 1420 1419
f 1392 1393 1421
f 1392 1421 1420
f 1393 1394 1422
f 1393 1422 1421
f 1394 1395 1423
f 1394 1423 1422
f 1395 1396 1424
f 1395 1424 1423
f 1396 1397 1425
f 1396 1425 1424
f 1397 1398 1426
f 1397 1426 1425
f 1398 1399 1427
f 1398 1427 1426
f 1399 1400 1428
f 1399 1428 1427
f 1400 1401 1429
f 1400 1429 1428
f 1401 1402 1430
f 1401 1430 1429
f 1402 1403 1431
f 1402 1431 1430
f 1403 1404 1432
f 1403 1432 1431
f 1404 1405 1433
f 1404 1433 1432
f 1405 1406 1434
f 1405 1434 1433
f 1406 1407 1435
f 1406 1435 1434
f 1407 1408 1436
f 1407 1436 1435
f 1408 1409 1437
f 1408 1437 1436
f 1409 1410 1438
f 1409 1438 1437
f 1411 1412 1440
f 1411 1440 1439
f 1412 1413 1441
f 1412 1441 1440
f 1413 1414 1442
f 1413 1442 1441
f 1414 1415 1443
f 1414 1443 1442
f 1415 1416 1444
f 1415 1444 1443
f 1416 1417 1445
f 1416 1445 1444
f 1417 1418 1446
f 1417 1446 1445
f 1418 1419 1447
f 1418 1447 1446
f 1419 1420 1448
f 1419 1448 1447
f 1420 1421 1449
f 1420 1449 1448
f 1421 1422 1450
f 1421 1450 1449
f 1422 1423 1451
f 1422 1451 1450
f 1423 1424 1452
f 1423 1452 1451
f 1424 1425 1453
f 1424 1453 1452
f 1425 1426 1454
f 1425 1454 1453
f 1426 1427 1455
f 1426 1455 1454
f 1427 1428 1456
f 1427 1456 1455
f 1428 1429 1457
f 1428 1457 1456
f 1429 1430 1458
f 1429 1458 1457
f 1430 1431 1459
f 1430 1459 1458
f 1431 1432 1460
f 1431 1460 1459
f 1432 1433 1461
f 1432 1461 1460
f 1433 1434 1462
f 1433 1462 1461
f 1434 1435 1463
f 1434 1463 1462
f 1435 1436 1464
f 1435 1464 1463
f 1436 1437 1465
f 1436 1465 1464
f 1437 1438 1466
f 1437 1466 1465
f 1439 1440 1468
f 1439 1468 1467
f 1440 1441 1469
f 1440 1469 1468
f 1441 1442 1470
f 1441 1470 1469
f 1442 1443 1471
f 1442 1471 1470
f 1443 1444 1472
f 1443 1472 1471
f 1444 1445 1473
f 1444 1473 1472
f 1445 1446 1474
f 1445 1474 1473
f 1446 1447 1475
f 1446 1475 1474
f 1447 1448 1476
f 1447 1476 1475
f 1448 1449 1477
f 1448 1477 1476
f 1449 1450 1478
f 1449 1478 1477
f 1450 1451 1479
f 1450 1479 1478
f 1451 1452 1480
f 1451 1480 1479
f 1452 1453 1481
f 1452 1481 1480
f 1453 1454 1482
f 1453 1482 1481
f 1454 1455 1483
f 1454 1483 1482
f 1455 1456 1484
f 1455 1484 1483
f 1456 1457 1485
f 1456 1485 1484
f 1457 1458 1486
f 1457 1486 1485
f 1458 1459 1487
f 1458 1487 1486
f 1459 1460 1488
f 1459 1488 1487
f 1460 1461 1489
f 1460 1489 1488
f 1461 1462 1490
f 1461 1490 1489
f 1462 1463 1491
f 1462 1491 1490
f 1463 1464 1492
f 1463 1492 1491
f 1464 1465 1493
f 1464 1493 1492
f 1465 1466 1494
f 1465 1494 1493
f 1467 1468 1496
f 1467 1496 1495
f 1468 1469 1497
f 1468 1497 1496
f 1469 1470 1498
f 1469 1498 1497
f 1470 1471 1499
f 1470 1499 1498
f 1471 1472 1500
f 1471 1500 1499
f 1472 1473 1501
f 1472 1501 1500
f 1473 1474 1502
f 1473 1502 1501
f 1474 1475 1503
f 1474 1503 1502
f 1475 1476 1504
f 1475 1504 1503
f 1476 1477 1505
f 1476 1505 1504
f 1477 1478 1506
f 1477 1506 1505
f 1478 1479 1507
f 1478 1507 1506
f 1479 1480 1508
f 1479 1508 1507
f 1480 1481 1509
f 1480 1509 1508
f 1481 1482 1510
f 1481 1510 1509
f 1482 1483 1511
f 1482 1511 1510
f 1483 1484 1512
f 1483 1512 1511
f 1484 1485 1513
f 1484 1513 1512
f 1485 1486 1514
f 1485 1514 1513
f 1486 1487 1515
f 1486 1515 1514
f 1487 1488 1516
f 1487 1516 1515
f 1488 1489 1517
f 1488 1517 1516
f 1489 1490 1518
f 1489 1518 1517
f 1490 1491 1519
f 1490 1519 1518
f 1491 1492 1520
f 1491 1520 1519
f 1492 1493 1521
f 1492 1521 1520
f 1493 1494 1522
f 1493 1522 1521
f 1495 1496 1524
f 1495 1524 1523
f 1496 1497 1525
f 1496 1525 1524
f 1497 1498 1526
f 1497 1526 1525
f 1498 1499 1527
f 1498 1527 1526
f 1499 1500 1528
f 1499 1528 1527
f 1500 1501 1529
f 1500 1529 1528
f 1501 1502 1530
f 1501 1530 1529
f 1502 1503 1531
f 1502 1531 1530
f 1503 1504 1532
f 1503 1532 1531
f 1504 1505 1533
f 1504 1533 1532
f 1505 1506 1534
f 1505 1534 1533
f 1506 1507 1535
f 1506 1535 1534
f 1507 1508 1536
f 1507 1536 1535
f 1508 1509 1537
f 1508 1537 1536
f 1509 1510 1538
f 1509 1538 1537
f 1510 1511 1539
f 1510 1539 1538
f 1511 1512 1540
f 1511 1540 1539
f 1512 1513 1541
f 1512 1541 1540
f 1513 1514 1542
f 1513 1542 1541
f 1514 1515 1543
f 1514 1543 1542
f 1515 1516 1544
f 1515 1544 1543
f 1516 1517 1545
f 1516 1545 1544
f 1517 1518 1546
f 1517 1546 1545
f 1518 1519 1547
f 1518 1547 1546
f 1519 1520 1548
f 1519 1548 1547
f 1520 1521 1549
f 1520 1549 1548
f 1521 1522 1550
f 1521 1550 1549
f 1523 1524 1552
f 1523 1552 1551
f 1524 1525 1553
f 1524 1553 1552
f 1525 1526 1554
f 1525 1554 1553
f 1526 1527 1555
f 1526 1555 1554
f 1527 1528 1556
f 1527 1556 1555
f 1528 1529 1557
f 1528 1557 1556
f 1529 1530 1558
f 1529 1558 1557
f 1530 1531 1559
f 1530 1559 1558
f 1531 1532 1560
f 1531 1560 1559
f 1532 1533 1561
f 1532 1561 1560
f 1533 1534 1562
f 1533 1562 1561
f 1534 1535 1563
f 1534 1563 1562
f 1535 1536 1564
f 1535 1564 1563
f 1536 1537 1565
f 1536 1565 1564
f 1537 1538 1566
f 1537 1566 1565
f 1538 1539 1567
f 1538 1567 1566
f 1539 1540 1568
f 1539 1568 1567
f 1540 1541 1569
f 1540 1569 1568
f 1541 1542 1570
f 1541 1570 1569
f 1542 1543 1571
f 1542 1571 1570
f 1543 1544 1572
f 1543 1572 1571
f 1544 1545 1573
f 1544 1573 1572
f 1545 1546 1574
f 1545 1574 1573
f 1546 1547 1575
f 1546 1575 1574
f 1547 1548 1576
f 1547 1576 1575
f 1548 1549 1577
f 1548 1577 1576
f 1549 1550 1578
f 1549 1578 1577
f 1551 1552 1580
f 1551 1580 1579
f 1552 1553 1581
f 1552 1581 1580
f 1553 1554 1582
f 1553 1582 1581
f 1554 1555 1583
f 1554 1583 1582
f 1555 1556 1584
f 1555 1584 1583
f 1556 1557 1585
f 1556 1585 1584
f 1557 1558 1586
f 1557 1586 1585
f 1558 1559 1587
f 1558 1587 1586
f 1559 1560 1588
f 1559 1588 1587
f 1560 1561 1589
f 1560 1589 1588
f 1561 1562 1590
f 1561 1590 1589
f 1562 1563 1591
f 1562 1591 1590
f 1563 1564 1592
f 1563 1592 1591
f 1564 1565 1593
f 1564 1593 1592
f 1565 1566 1594
f 1565 1594 1593
f 1566 1567 1595
f 1566 1595 1594
f 1567 1568 1596
f 1567 1596 1595
f 1568 1569 1597
f 1568 1597 1596
f 1569 1570 1598
f 1569 1598 1597
f 1570 1571 1599
f 1570 1599 1598
f 1571 1572 1600
f 1571 1600 1599
f 1572 1573 1601
f 1572 1601 1600
f 1573 1574 1602
f 1573 1602 1601
f 1574 1575 1603
f 1574 1603 1602
f 1575 1576 1604
f 1575 1604 1603
f 1576 1577 1605
f 1576 1605 1604
f 1577 1578 1606
f 1577 1606 1605
f 1579 1580 1608
f 1579 1608 1607
f 1580 1581 1609
f 1580 1609 1608
f 1581 1582 1610
f 1581 1610 1609
f 1582 1583 1611
f 1582 1611 1610
f 1583 1584 1612
f 1583 1612 1611
f 1584 1585 1613
f 1584 1613 1612
f 1585 1586 1614
f 1585 1614 1613
f 1586 1587 1615
f 1586 1615 1614
f 1587 1588 1616
f 1587 1616 1615
f 1588 1589 1617
f 1588 1617 1616
f 1589 1590 1618
f 1589 1618 1617
f 1590 1591 1619
f 1590 1619 1618
f 1591 1592 1620
f 1591 1620 1619
f 1592 1593 1621
f 1592 1621 1620
f 1593 1594 1622
f 1593 1622 1621
f 1594 1595 1623
f 1594 1623 1622
f 1595 1596 1624
f 1595 1624 1623
f 1596 1597 1625
f 1596 1625 1624
f 1597 1598 1626
f 1597 1626 1625
f 1598 1599 1627
f 1598 1627 1626
f 1599 1600 1628
f 1599 1628 1627
f 1600 1601 1629
f 1600 1629 1628
f 1601 1602 1630
f 1601 1630 1629
f 1602 1603 1631
f 1602 1631 1630
f 1603 1604 1632
f 1603 1632 1631
f 1604 1605 1633
f 1604 1633 1632
f 1605 1606 1634
f 1605 1634 1633
f 1607 1608 1636
f 1607 1636 1635
f 1608 1609 1637
f 1608 1637 1636
f 1609 1610 1638
f 1609 1638 1637
f 1610 1611 1639
f 1610 1639 1638
f 1611 1612 1640
f 1611 1640 1639
f 1612 1613 1641
f 1612 1641 1640
f 1613 1614 1642
f 1613 1642 1641
f 1614 1615 1643
f 1614 1643 1642
f 1615 1616 1644
f 1615 1644 1643
f 1616 1617 1645
f 1616 1645 1644
f 1617 1618 1646
f 1617 1646 1645
f 1618 1619 1647
f 1618 1647 1646
f 1619 1620 1648
f 1619 1648 1647
f 1620 1621 1649
f 1620 1649 1648
f 1621 1622 1650
f 1621 1650 1649
f 1622 1623 1651
f 1622 1651 1650
f 1623 1624 1652
f 1623 1652 1651
f 1624 1625 1653
f 1624 1653 1652
f 1625 1626 1654
f 1625 1654 1653
f 1626 1627 1655
f 1626 1655 1654
f 1627 1628 1656
f 1627 1656 1655
f 1628 1629 1657
f 1628 1657 1656
f 1629 1630 1658
f 1629 1658 1657
f 1630 1631 1659
f 1630 1659 1658
f 1631 1632 1660
f 1631 1660 1659
f 1632 1633 1661
f 1632 1661 1660
f 1633 1634 1662
f 1633 1662 1661
f 1635 1636 1664
f 1635 1664 1663
f 1636 1637 1665
f 1636 1665 1664
f 1637 1638 1666
f 1637 1666 1665
f 1638 1639 1667
f 1638 1667 1666
f 1639 1640 1668
f 1639 1668 1667
f 1640 1641 1669
f 1640 1669 1668
f 1641 1642 1670
f 1641 1670 1669
f 1642 1643 1671
f 1642 1671 1670
f 1643 1644 1672
f 1643 1672 1671
f 1644 1645 1673
f 1644 1673 1672
f 1645 1646 1674
f 1645 1674 1673
f 1646 1647 1675
f 1646 1675 1674
f 1647 1648 1676
f 1647 1676 1675
f 1648 1649 1677
f 1648 1677 1676
f 1649 1650 1678
f 1649 1678 1677
f 1650 1651 1679
f 1650 1679 1678
f 1651 1652 1680
f 1651 1680 1679
f 1652 1653 1681
f 1652 1681 1680
f 1653 1654 1682
f 1653 1682 1681
f 1654 1655 1683
f 1654 1683 1682
f 1655 1656 1684
f 1655 1684 1683
f 1656 1657 1685
f 1656 1685 1684
f 1657 1658 1686
f 1657 1686 1685
f 1658 1659 1687
f 1658 1687 1686
f 1659 1660 1688
f 1659 1688 1687
f 1660 1661 1689
f 1660 1689 1688
f 1661 1662 1690
f 1661 1690 1689
f 1663 1664 1692
f 1663 1692 1691
f 1664 1665 1693
f 1664 1693 1692
f 1665 1666 1694
f 1665 1694 1693
f 1666 1667 1695
f 1666 1695 1694
f 1667 1668 1696
f 1667 1696 1695
f 1668 1669 1697
f 1668 1697 1696
f 1669 1670 1698
f 1669 1698 1697
f 1670 1671 1699
f 1670 1699 1698
f 1671 1672 1700
f 1671 1700 1699
f 1672 1673 1701
f 1672 1701 1700
f 1673 1674 1702
f 1673 1702 1701
f 1674 1675 1703
f 1674 1703 1702
f 1675 1676 1704
f 1675 1704 1703
f 1676 1677 1705
f 1676 1705 1704
f 1677 1678 1706
f 1677 1706 1705
f 1678 1679 1707
f 1678 1707 1706
f 1679 1680 1708
f 1679 1708 1707
f 1680 1681 1709
f 1680 1709 1708
f 1681 1682 1710
f 1681 1710 1709
f 1682 1683 1711
f 1682 1711 1710
f 1683 1684 1712
f 1683 1712 1711
f 1684 1685 1713
f 1684 1713 1712
f 1685 1686 1714
f 1685 1714 1713
f 1686 1687 1715
f 1686 1715 1714
f 1687 1688 1716
f 1687 1716 1715
f 1688 1689 1717
f 1688 1717 1716
f 1689 1690 1718
f 1689 1718 1717
f 1691 1692 1720
f 1691 1720 1719
f 1692 1693 1721
f 1692 1721 1720
f 1693 1694 1722
f 1693 1722 1721
f 1694 1695 1723
f 1694 1723 1722
f 1695 1696 1724
f 1695 1724 1723
f 1696 1697 1725
f 1696 1725 1724
f 1697 1698 1726
f 1697 1726 1725
f 1698 1699 1727
f 1698 1727 1726
f 1699 1700 1728
f 1699 1728 1727
f 1700 1701 1729
f 1700 1729 1728
f 1701 1702 1730
f 1701 1730 1729
f 1702 1703 1731
f 1702 1731 1730
f 1703 1704 1732
f 1703 1732 1731
f 1704 1705 1733
f 1704 1733 1732
f 1705 1706 1734
f 1705 1734 1733
f 1706 1707 1735
f 1706 1735 1734
f 1707 1708 1736
f 1707 1736 1735
f 1708 1709 1737
f 1708 1737 1736
f 1709 1710 1738
f 1709 1738 1737
f 1710 1711 1739
f 1710 1739 1738
f 1711 1712 1740
f 1711 1740 1739
f 1712 1713 1741
f 1712 1741 1740
f 1713 1714 1742
f 1713 1742 1741
f 1714 1715 1743
f 1714 1743 1742
f 1715 1716 1744
f 1715 1744 1743
f 1716 1717 1745
f 1716 1745 1744
f 1717 1718 1746
f 1717 1746 1745
f 1719 1720 1748
f 1719 1748 1747
f 1720 1721 1749
f 1720 1749 1748
f 1721 1722 1750
f 1721 1750 1749
f 1722 1723 1751
f 1722 1751 1750
f 1723 1724 1752
f 1723 1752 1751
f 1724 1725 1753
f 1724 1753 1752
f 1725 1726 1754
f 1725 1754 1753
f 1726 1727 1755
f 1726 1755 1754
f 1727 1728 1756
f 1727 1756 1755
f 1728 1729 1757
f 1728 1757 1756
f 1729 1730 1758
f 1729 1758 1757
f 1730 1731 1759
f 1730 1759 1758
f 1731 1732 1760
f 1731 1760 1759
f 1732 1733 1761
f 1732 1761 1760
f 1733 1734 1762
f 1733 1762 1761
f 1734 1735 1763
f 1734 1763 1762
f 1735 1736 1764
f 1735 1764 1763
f 1736 1737 1765
f 1736 1765 1764
f 1737 1738 1766
f 1737 1766 1765
f 1738 1739 1767
f 1738 1767 1766
f 1739 1740 1768
f 1739 1768 1767
f 1740 1741 1769
f 1740 1769 1768
f 1741 1742 1770
f 1741 1770 1769
f 1742 1743 1771
f 1742 1771 1770
f 1743 1744 1772
f 1743 1772 1771
f 1744 1745 1773
f 1744 1773 1772
f 1745 1746 1774
f 1745 1774 1773
f 1747 1748 1776
f 1747 1776 1775
f 1748 1749 1777
f 1748 1777 1776
f 1749 1750 1778
f 1749 1778 1777
f 1750 1751 1779
f 1750 1779 1778
f 1751 1752 1780
f 1751 1780 1779
f 1752 1753 1781
f 1752 1781 1780
f 1753 1754 1782
f 1753 1782 1781
f 1754 1755 1783
f 1754 1783 1782
f 1755 1756 1784
f 1755 1784 1783
f 1756 1757 1785
f 1756 1785 1784
f 1757 1758 1786
f 1757 1786 1785
f 1758 1759 1787
f 1758 1787 1786
f 1759 1760 1788
f 1759 1788 1787
f 1760 1761 1789
f 1760 1789 1788
f 1761 1762 1790
f 1761 1790 1789
f 1762 1763 1791
f 1762 1791 1790
f 1763 1764 1792
f 1763 1792 1791
f 1764 1765 1793
f 1764 1793 1792
f 1765 1766 1794
f 1765 1794 1793
f 1766 1767 1795
f 1766 1795 1794
f 1767 1768 1796
f 1767 1796 1795
f 1768 1769 1797
f 1768 1797 1796
f 1769 1770 1798
f 1769 1798 1797
f 1770 1771 1799
f 1770 1799 1798
f 1771 1772 1800
f 1771 1800 1799
f 1772 1773 1801
f 1772 1801 1800
f 1773 1774 1802
f 1773 1802 1801
f 1775 1776 1804
f 1775 1804 1803
f 1776 1777 1805
f 1776 1805 1804
f 1777 1778 1806
f 1777 1806 1805
f 1778 1779 1807
f 1778 1807 1806
f 1779 1780 1808
f 1779 1808 1807
f 1780 1781 1809
f 1780 1809 1808
f 1781 1782 1810
f 1781 1810 1809
f 1782 1783 1811
f 1782 1811 1810
f 1783 1784 1812
f 1783 1812 1811
f 1784 1785 1813
f 1784 1813 1812
f 1785 1786 1814
f 1785 1814 1813
f 1786 1787 1815
f 1786 1815 1814
f 1787 1788 1816
f 1787 1816 1815
f 1788 1789 1817
f 1788 1817 1816
f 1789 1790 1818
f 1789 1818 1817
f 1790 1791 1819
f 1790 1819 1818
f 1791 1792 1820
f 1791 1820 1819
f 1792 1793 1821
f 1792 1821 1820
f 1793 1794 1822
f 1793 1822 1821
f 1794 1795 1823
f 1794 1823 1822
f 1795 1796 1824
f 1795 1824 1823
f 1796 1797 1825
f 1796 1825 1824
f 1797 1798 1826
f 1797 1826 1825
f 1798 1799 1827
f 1798 1827 1826
f 1799 1800 1828
f 1799 1828 1827
f 1800 1801 1829
f 1800 1829 1828
f 1801 1802 1830
f 1801 1830 1829
f 1803 1804 1832
f 1803 1832 1831
f 1804 1805 1833
f 1804 1833 1832
f 1805 1806 1834
f 1805 1834 1833
f 1806 1807 1835
f 1806 1835 1834
f 1807 1808 1836
f 1807 1836 1835
f 1808 1809 1837
f 1808 1837 1836
f 1809 1810 1838
f 1809 1838 1837
f 1810 1811 1839
f 1810 1839 1838
f 1811 1812 1840
f 1811 1840 1839
f 1812 1813 1841
f 1812 1841 1840
f 1813 1814 1842
f 1813 1842 1841
f 1814 1815 1843
f 1814 1843 1842
f 1815 1816 1844
f 1815 1844 1843
f 1816 1817 1845
f 1816 1845 1844
f 1817 1818 1846
f 1817 1846 1845
f 1818 1819 1847
f 1818 1847 1846
f 1819 1820 1848
f 1819 1848 1847
f 1820 1821 1849
f 1820 1849 1848
f 1821 1822 1850
f 1821 1850 1849
f 1822 1823 1851
f 1822 1851 1850
f 1823 1824 1852
f 1823 1852 1851
f 1824 1825 1853
f 1824 1853 1852
f 1825 1826 1854
f 1825 1854 1853
f 1826 1827 1855
f 1826 1855 1854
f 1827 1828 1856
f 1827 1856 1855
f 1828 1829 1857
f 1828 1857 1856
f 1829 1830 1858
f 1829 1858 1857
f 1831 1832 1860
f 1831 1860 1859
f 1832 1833 1861
f 1832 1861 1860
f 1833 1834 1862
f 1833 1862 1861
f 1834 1835 1863
f 1834 1863 1862
f 1835 1836 1864
f 1835 1864 1863
f 1836 1837 1865
f 1836 1865 1864
f 1837 1838 1866
f 1837 1866 1865
f 1838 1839 1867
f 1838 1867 1866
f 1839 1840 1868
f 1839 1868 1867
f 1840 1841 1869
f 1840 1869 1868
f 1841 1842 1870
f 1841 1870 1869
f 1842 1843 1871
f 1842 1871 1870
f 1843 1844 1872
f 1843 1872 1871
f 1844 1845 1873
f 1844 1873 1872
f 1845 1846 1874
f 1845 1874 1873
f 1846 1847 1875
f 1846 1875 1874
f 1847 1848 1876
f 1847 1876 1875
f 1848 1849 1877
f 1848 1877 1876
f 1849 1850 1878
f 1849 1878 1877
f 1850 1851 1879
f 1850 1879 1878
f 1851 1852 1880
f 1851 1880 1879
f 1852 1853 1881
f 1852 1881 1880
f 1853 1854 1882
f 1853 1882 1881
f 1854 1855 1883
f 1854 1883 1882
f 1855 1856 1884
f 1855 1884 1883
f 1856 1857 1885
f 1856 1885 1884
f 1857 1858 1886
f 1857 1886 1885
f 1859 1860 1048
f 1859 1048 1047
f 1860 1861 1049
f 1860 1049 1048
f 1861 1862 1050
f 1861 1050 1049
f 1862 1863 1051
f 1862 1051 1050
f 1863 1864 1052
f 1863 1052 1051
f 1864 1865 1053
f 1864 1053 1052
f 1865 1866 1054
f 1865 1054 1053
f 1866 1867 1055
f 1866 1055 1054
f 1867 1868 1056
f 1867 1056 1055
f 1868 1869 1057
f 1868 1057 1056
f 1869 1870 1058
f 1869 1058 1057
f 1870 1871 1059
f 1870 1059 1058
f 1871 1872 1060
f 1871 1060 1059
f 1872 1873 1061
f 1872 1061 1060
f 1873 1874 1062
f 1873 1062 1061
f 1874 1875 1063
f 1874 1063 1062
f 1875 1876 1064
f 1875 1064 1063
f 1876 1877 1065
f 1876 1065 1064
f 1877 1878 1066
f 1877 1066 1065
f 1878 1879 1067
f 1878 1067 1066
f 1879 1880 1068
f 1879 1068 1067
f 1880 1881 1069
f 1880 1069 1068
f 1881 1882 1070
f 1881 1070 1069
f 1882 1883 1071
f 1882 1071 1070
f 1883 1884 1072
f 1883 1072 1071
f 1884 1885 1073
f 1884 1073 1072
f 1885 1886 1074
f 1885 1074 1073
