# Generated by Visualization Toolkit
v 1.1141011714935303 5.055686950683594 7.804202079772949
v 1.5664197206497192 4.770502090454102 7.740347385406494
v 1.5700184106826782 4.771757125854492 7.765172481536865
v 1.574117660522461 4.776096820831299 7.789568901062012
v 1.5786528587341309 4.78345251083374 7.813151836395264
v 1.5835524797439575 4.793708324432373 7.835549354553223
v 1.588739037513733 4.806702136993408 7.856407642364502
v 1.5941311120986938 4.822229385375977 7.875398635864258
v 1.599643349647522 4.84004545211792 7.892221927642822
v 1.6051889657974243 4.85986852645874 7.906613349914551
v 1.6106804609298706 4.881386756896973 7.918344974517822
v 1.616031289100647 4.904260635375977 7.927231788635254
v 1.621156930923462 4.92812967300415 7.93313455581665
v 1.625976800918579 4.9526166915893555 7.9359588623046875
v 1.630414605140686 4.9773359298706055 7.935661315917969
v 1.634400486946106 5.00189733505249 7.932246208190918
v 1.6378716230392456 5.025914192199707 7.925767421722412
v 1.6407731771469116 5.049006938934326 7.916326999664307
v 1.643059492111206 5.070811748504639 7.904073715209961
v 1.644694447517395 5.090985298156738 7.8892011642456055
v 1.6456522941589355 5.109208106994629 7.871943950653076
v 1.6459177732467651 5.125194072723389 7.852573871612549
v 1.6454869508743286 5.138690948486328 7.831396102905273
v 1.6443665027618408 5.149485111236572 7.808745384216309
v 1.6425740718841553 5.157406806945801 7.784978866577148
v 1.6401379108428955 5.162330627441406 7.760470867156982
v 1.6370965242385864 5.164179801940918 7.735608100891113
v 1.6334978342056274 5.162924766540527 7.710783004760742
v 1.6293985843658447 5.158585071563721 7.6863861083984375
v 1.6248633861541748 5.151229381561279 7.662803649902344
v 1.6199638843536377 5.1409735679626465 7.640406131744385
v 1.6147772073745728 5.127979755401611 7.6195478439331055
v 1.6093852519989014 5.112452507019043 7.60055685043335
v 1.6038730144500732 5.0946364402771 7.583733081817627
v 1.598327398300171 5.074813365936279 7.569342136383057
v 1.592835783958435 5.053294658660889 7.557610511779785
v 1.5874850749969482 5.030421257019043 7.548723220825195
v 1.5823593139648438 5.006552219390869 7.542820930480957
v 1.5775395631790161 4.982065200805664 7.539996147155762
v 1.5731017589569092 4.957345962524414 7.5402936935424805
v 1.5691157579421997 4.932784557342529 7.543708801269531
v 1.5656447410583496 4.9087677001953125 7.550188064575195
v 1.562743067741394 4.885674953460693 7.559628486633301
v 1.5604568719863892 4.863870143890381 7.571881294250488
v 1.5588219165802002 4.843696594238281 7.586753845214844
v 1.5578640699386597 4.825473308563232 7.604011535644531
v 1.5575984716415405 4.809487819671631 7.623381614685059
v 1.558029294013977 4.795990943908691 7.644558906555176
v 1.5591497421264648 4.785196781158447 7.667209625244141
v 1.5609421730041504 4.777275085449219 7.690976619720459
v 1.5633783340454102 4.772351264953613 7.715484619140625
v 6.937443256378174 4.000705718994141 7.0133843421936035
v 6.414448261260986 3.8922126293182373 7.0819783210754395
v 6.411406517028809 3.894061803817749 7.05711555480957
v 6.408970355987549 3.8989858627319336 7.032607555389404
v 6.407177925109863 3.906907558441162 7.008841037750244
v 6.406057834625244 3.9177017211914062 6.986190319061279
v 6.4056267738342285 3.9311983585357666 6.965013027191162
v 6.405892372131348 3.9471840858459473 6.945642471313477
v 6.406850337982178 3.965407371520996 6.928385257720947
v 6.408484935760498 3.9855806827545166 6.913512706756592
v 6.410771369934082 4.007385730743408 6.901259422302246
v 6.413672924041748 4.030478477478027 6.891819000244141
v 6.417144298553467 4.054495334625244 6.885340213775635
v 6.421130180358887 4.079056739807129 6.881925106048584
v 6.425568103790283 4.103775978088379 6.881627559661865
v 6.430387496948242 4.128262996673584 6.8844523429870605
v 6.435513496398926 4.1521315574646 6.890354633331299
v 6.440864086151123 4.1750054359436035 6.899241924285889
v 6.446355819702148 4.196523666381836 6.91097354888916
v 6.451901435852051 4.2163472175598145 6.9253644943237305
v 6.457413673400879 4.2341628074646 6.942188262939453
v 6.46280574798584 4.249690532684326 6.961178779602051
v 6.467992305755615 4.262684345245361 6.982037544250488
v 6.472891807556152 4.272940158843994 7.004434585571289
v 6.477427005767822 4.2802958488464355 7.028017520904541
v 6.4815263748168945 4.284635543823242 7.0524139404296875
v 6.4851250648498535 4.285890579223633 7.077239513397217
v 6.488166332244873 4.284041404724121 7.102102279663086
v 6.490602493286133 4.279117107391357 7.126610279083252
v 6.492394924163818 4.271195411682129 7.150376796722412
v 6.493515491485596 4.260401248931885 7.173027515411377
v 6.493946075439453 4.2469048500061035 7.194204807281494
v 6.493680477142334 4.230918884277344 7.2135748863220215
v 6.492722988128662 4.212695598602295 7.230832576751709
v 6.491087913513184 4.1925225257873535 7.2457051277160645
v 6.4888014793396 4.170717716217041 7.25795841217041
v 6.485899925231934 4.147624492645264 7.267398834228516
v 6.482429027557373 4.123608112335205 7.2738776206970215
v 6.478443145751953 4.099046230316162 7.277292728424072
v 6.474005222320557 4.074326992034912 7.277590274810791
v 6.4691853523254395 4.049839973449707 7.274765491485596
v 6.464059829711914 4.025971412658691 7.268863201141357
v 6.458708763122559 4.0030975341796875 7.259975910186768
v 6.453217506408691 3.981579303741455 7.248244285583496
v 6.447671890258789 3.9617559909820557 7.233853340148926
v 6.442159175872803 3.9439401626586914 7.217029571533203
v 6.436767578125 3.928412675857544 7.1980390548706055
v 6.431580543518066 3.9154186248779297 7.177180290222168
v 6.426681041717529 3.905163049697876 7.154783248901367
v 6.422145843505859 3.8978073596954346 7.131200313568115
v 6.418046951293945 3.893467664718628 7.106803894042969
v 6.711123466491699 4.14330530166626 7.044119358062744
v 1.3754379749298096 5.109940528869629 7.768712520599365
v 6.712671756744385 4.142529010772705 7.0565571784973145
v 1.3769865036010742 5.109164714813232 7.7811503410339355
v 6.713919639587402 4.1402130126953125 7.068836688995361
v 1.3782343864440918 5.106848239898682 7.793429851531982
v 6.714847564697266 4.1363935470581055 7.080763816833496
v 1.379162073135376 5.103028774261475 7.805356979370117
v 6.715440273284912 4.131130695343018 7.092150688171387
v 1.3797550201416016 5.097765922546387 7.816743850708008
v 6.715688705444336 4.124507427215576 7.102817058563232
v 1.3800036907196045 5.091142654418945 7.8274102210998535
v 6.71558952331543 4.116628646850586 7.112595558166504
v 1.3799042701721191 5.083263874053955 7.837188720703125
v 6.71514368057251 4.10761833190918 7.121331691741943
v 1.3794581890106201 5.074253559112549 7.8459248542785645
v 6.714358329772949 4.097618103027344 7.12888765335083
v 1.3786728382110596 5.064253807067871 7.853480815887451
v 6.713245391845703 4.08678674697876 7.135144233703613
v 1.3775601387023926 5.053421974182129 7.859737396240234
v 6.711823463439941 4.075294017791748 7.140002727508545
v 1.3761377334594727 5.041929721832275 7.864595890045166
v 6.710113525390625 4.063322067260742 7.143386363983154
v 1.3744285106658936 5.029957294464111 7.867980003356934
v 6.708144187927246 4.051058769226074 7.145242691040039
v 1.3724589347839355 5.017694473266602 7.86983585357666
v 6.7059454917907715 4.038698196411133 7.145541191101074
v 1.3702600002288818 5.00533390045166 7.870134353637695
v 6.70355224609375 4.026435375213623 7.144277572631836
v 1.3678669929504395 4.993070602416992 7.868870735168457
v 6.70100212097168 4.014462947845459 7.141472339630127
v 1.3653168678283691 4.981098651885986 7.866065502166748
v 6.698335647583008 4.0029706954956055 7.137168884277344
v 1.3626506328582764 4.969605922698975 7.861762046813965
v 6.695594787597656 3.9921391010284424 7.131435871124268
v 1.3599097728729248 4.958774566650391 7.856029033660889
v 6.6928229331970215 3.9821391105651855 7.124362945556641
v 1.357137680053711 4.948774337768555 7.848956108093262
v 6.6900634765625 3.9731287956237793 7.116062164306641
v 1.3543779850006104 4.939764022827148 7.840655326843262
v 6.687359809875488 3.96524977684021 7.106664180755615
v 1.3516743183135986 4.931885242462158 7.8312578201293945
v 6.684754848480225 3.9586267471313477 7.096317768096924
v 1.349069356918335 4.925261974334717 7.820910930633545
v 6.6822896003723145 3.9533638954162598 7.0851850509643555
v 1.3466041088104248 4.919999122619629 7.809778213500977
v 6.6800031661987305 3.9495441913604736 7.073442459106445
v 1.3443174362182617 4.916179656982422 7.798035621643066
v 6.67793083190918 3.947228193283081 7.061275005340576
v 1.3422455787658691 4.913863658905029 7.785868167877197
v 6.6761064529418945 3.9464521408081055 7.048874378204346
v 1.3404209613800049 4.913087368011475 7.773467540740967
v 6.674557685852051 3.947228193283081 7.036436557769775
v 1.3388724327087402 4.913863658905029 7.7610297203063965
v 6.673309803009033 3.9495441913604736 7.0241570472717285
v 1.3376245498657227 4.916179656982422 7.74875020980835
v 6.672382354736328 3.9533638954162598 7.012229919433594
v 1.3366966247558594 4.919999122619629 7.736823081970215
v 6.671789169311523 3.9586267471313477 7.000843048095703
v 1.336103916168213 4.925261974334717 7.725436210632324
v 6.671540260314941 3.96524977684021 6.990176677703857
v 1.33585524559021 4.931885242462158 7.7147698402404785
v 6.671639919281006 3.9731287956237793 6.980398178100586
v 1.3359546661376953 4.939764022827148 7.704991340637207
v 6.672085762023926 3.9821391105651855 6.9716620445251465
v 1.3364005088806152 4.948774337768555 7.696255207061768
v 6.6728715896606445 3.9921391010284424 6.96410608291626
v 1.3371860980987549 4.958774566650391 7.688699245452881
v 6.673984050750732 4.0029706954956055 6.957849502563477
v 1.3382987976074219 4.969605922698975 7.682442665100098
v 6.675406455993652 4.014462947845459 6.952991008758545
v 1.3397209644317627 4.981098651885986 7.677584171295166
v 6.677115440368652 4.026435375213623 6.949606895446777
v 1.341430425643921 4.993070602416992 7.674200534820557
v 6.6790852546691895 4.038698196411133 6.947751045227051
v 1.343400001525879 5.00533390045166 7.672344207763672
v 6.681283950805664 4.051058769226074 6.947452545166016
v 1.3455986976623535 5.017694473266602 7.672045707702637
v 6.6836771965026855 4.063322067260742 6.948716163635254
v 1.347991943359375 5.029957294464111 7.673309326171875
v 6.686227321624756 4.075294017791748 6.951521396636963
v 1.3505418300628662 5.041929721832275 7.676114559173584
v 6.6888933181762695 4.08678674697876 6.955824851989746
v 1.353208303451538 5.053421974182129 7.680418014526367
v 6.691634178161621 4.097618103027344 6.961557865142822
v 1.3559491634368896 5.064253807067871 7.686151027679443
v 6.694406509399414 4.10761833190918 6.968630790710449
v 1.3587212562561035 5.074253559112549 7.69322395324707
v 6.697166442871094 4.116628646850586 6.976931571960449
v 1.361480951309204 5.083263874053955 7.70152473449707
v 6.6998701095581055 4.124507427215576 6.986329078674316
v 1.3641843795776367 5.091142654418945 7.710922718048096
v 6.702474594116211 4.131130695343018 6.996675968170166
v 1.3667893409729004 5.097765922546387 7.721269130706787
v 6.704939842224121 4.1363935470581055 7.007808685302734
v 1.3692545890808105 5.103028774261475 7.7324018478393555
v 6.707226753234863 4.1402130126953125 7.0195512771606445
v 1.3715412616729736 5.106848239898682 7.744144439697266
v 6.709298610687256 4.142529010772705 7.031718730926514
v 1.3736133575439453 5.109164714813232 7.756311893463135
v 7.522631645202637 3.8946902751922607 7.533915042877197
v 7.522631645202637 3.8946902751922607 6.3339152336120605
v 7.587502956390381 3.8946902751922607 7.530397891998291
v 7.651613712310791 3.8946902751922607 7.519887447357178
v 7.714212417602539 3.8946902751922607 7.502507209777832
v 7.77456521987915 3.8946902751922607 7.478460311889648
v 7.831964015960693 3.8946902751922607 7.448029518127441
v 7.885735988616943 3.8946902751922607 7.411571025848389
v 7.935251235961914 3.8946902751922607 7.369512557983398
v 7.979928970336914 3.8946902751922607 7.3223466873168945
v 8.019245147705078 3.8946902751922607 7.270627498626709
v 8.052739143371582 3.8946902751922607 7.214960098266602
v 8.080018043518066 3.8946902751922607 7.155998229980469
v 8.100761413574219 3.8946902751922607 7.094432353973389
v 8.114727973937988 3.8946902751922607 7.030984401702881
v 8.12175178527832 3.8946902751922607 6.9663987159729
v 8.12175178527832 3.8946902751922607 6.901431560516357
v 8.114727973937988 3.8946902751922607 6.836845874786377
v 8.100761413574219 3.8946902751922607 6.773397922515869
v 8.080018043518066 3.8946902751922607 6.711832046508789
v 8.052739143371582 3.8946902751922607 6.652870178222656
v 8.019245147705078 3.8946902751922607 6.597202777862549
v 7.979928970336914 3.8946902751922607 6.545483589172363
v 7.935251235961914 3.8946902751922607 6.498317718505859
v 7.885735988616943 3.8946902751922607 6.456259250640869
v 7.831964015960693 3.8946902751922607 6.419800758361816
v 7.77456521987915 3.8946902751922607 6.389369964599609
v 7.714212417602539 3.8946902751922607 6.365323066711426
v 7.651613712310791 3.8946902751922607 6.34794282913208
v 7.587502956390381 3.8946902751922607 6.337432384490967
v 7.586085319519043 3.9081778526306152 7.530397891998291
v 7.648795127868652 3.9215071201324463 7.519887447357178
v 7.710026264190674 3.9345221519470215 7.502507209777832
v 7.769059658050537 3.9470701217651367 7.478460311889648
v 7.825204372406006 3.9590041637420654 7.448029518127441
v 7.877801418304443 3.970183849334717 7.411571025848389
v 7.926234722137451 3.9804787635803223 7.369512557983398
v 7.969935894012451 3.9897677898406982 7.3223466873168945
v 8.008393287658691 3.9979419708251953 7.270627498626709
v 8.041154861450195 4.004905700683594 7.214960098266602
v 8.067837715148926 4.010577201843262 7.155998229980469
v 8.088128089904785 4.014890193939209 7.094432353973389
v 8.101788520812988 4.017794132232666 7.030984401702881
v 8.108659744262695 4.019254207611084 6.9663987159729
v 8.108659744262695 4.019254207611084 6.901431560516357
v 8.101788520812988 4.017794132232666 6.836845874786377
v 8.088128089904785 4.014890193939209 6.773397922515869
v 8.067837715148926 4.010577201843262 6.711832046508789
v 8.041154861450195 4.004905700683594 6.652870178222656
v 8.008393287658691 3.9979419708251953 6.597202777862549
v 7.969935894012451 3.9897677898406982 6.545483589172363
v 7.926234722137451 3.9804787635803223 6.498317718505859
v 7.877801418304443 3.970183849334717 6.456259250640869
v 7.825204372406006 3.9590041637420654 6.419800758361816
v 7.769059658050537 3.9470701217651367 6.389369964599609
v 7.710026264190674 3.9345221519470215 6.365323066711426
v 7.648795127868652 3.9215071201324463 6.34794282913208
v 7.586085319519043 3.9081778526306152 6.337432384490967
v 7.581894397735596 3.9210758209228516 7.530397891998291
v 7.640462875366211 3.9471521377563477 7.519887447357178
v 7.6976494789123535 3.9726133346557617 7.502507209777832
v 7.752784252166748 3.9971609115600586 7.478460311889648
v 7.805220603942871 4.020506858825684 7.448029518127441
v 7.854344367980957 4.0423784255981445 7.411571025848389
v 7.89957857131958 4.0625176429748535 7.369512557983398
v 7.940393447875977 4.080689907073975 7.3223466873168945
v 7.976310729980469 4.096681118011475 7.270627498626709
v 8.006908416748047 4.110304355621338 7.214960098266602
v 8.031828880310059 4.121399402618408 7.155998229980469
v 8.050779342651367 4.1298370361328125 7.094432353973389
v 8.063538551330566 4.135517597198486 7.030984401702881
v 8.069954872131348 4.138374328613281 6.9663987159729
v 8.069954872131348 4.138374328613281 6.901431560516357
v 8.063538551330566 4.135517597198486 6.836845874786377
v 8.050779342651367 4.1298370361328125 6.773397922515869
v 8.031828880310059 4.121399402618408 6.711832046508789
v 8.006908416748047 4.110304355621338 6.652870178222656
v 7.976310729980469 4.096681118011475 6.597202777862549
v 7.940393447875977 4.080689907073975 6.545483589172363
v 7.89957857131958 4.0625176429748535 6.498317718505859
v 7.854344367980957 4.0423784255981445 6.456259250640869
v 7.805220603942871 4.020506858825684 6.419800758361816
v 7.752784252166748 3.9971609115600586 6.389369964599609
v 7.6976494789123535 3.9726133346557617 6.365323066711426
v 7.640462875366211 3.9471521377563477 6.34794282913208
v 7.581894397735596 3.9210758209228516 6.337432384490967
v 7.575113773345947 3.9328207969665527 7.530397891998291
v 7.626980304718018 3.97050404548645 7.519887447357178
v 7.677623748779297 4.007298946380615 7.502507209777832
v 7.726449966430664 4.042773246765137 7.478460311889648
v 7.772886753082275 4.076511383056641 7.448029518127441
v 7.816389560699463 4.108117580413818 7.411571025848389
v 7.856448173522949 4.137221813201904 7.369512557983398
v 7.892592906951904 4.163482666015625 7.3223466873168945
v 7.924400329589844 4.186592102050781 7.270627498626709
v 7.951497554779053 4.206279277801514 7.214960098266602
v 7.97356653213501 4.222313404083252 7.155998229980469
v 7.990348815917969 4.234506607055664 7.094432353973389
v 8.001646995544434 4.242715358734131 7.030984401702881
v 8.007329940795898 4.246844291687012 6.9663987159729
v 8.007329940795898 4.246844291687012 6.901431560516357
v 8.001646995544434 4.242715358734131 6.836845874786377
v 7.990348815917969 4.234506607055664 6.773397922515869
v 7.97356653213501 4.222313404083252 6.711832046508789
v 7.951497554779053 4.206279277801514 6.652870178222656
v 7.924400329589844 4.186592102050781 6.597202777862549
v 7.892592906951904 4.163482666015625 6.545483589172363
v 7.856448173522949 4.137221813201904 6.498317718505859
v 7.816389560699463 4.108117580413818 6.456259250640869
v 7.772886753082275 4.076511383056641 6.419800758361816
v 7.726449966430664 4.042773246765137 6.389369964599609
v 7.677623748779297 4.007298946380615 6.365323066711426
v 7.626980304718018 3.97050404548645 6.34794282913208
v 7.575113773345947 3.9328207969665527 6.337432384490967
v 7.566039085388184 3.942899227142334 7.530397891998291
v 7.608937740325928 3.9905428886413574 7.519887447357178
v 7.650824546813965 4.037062644958496 7.502507209777832
v 7.6912078857421875 4.081913471221924 7.478460311889648
v 7.729615211486816 4.124568939208984 7.448029518127441
v 7.76559591293335 4.164529323577881 7.411571025848389
v 7.798727989196777 4.201326370239258 7.369512557983398
v 7.828623294830322 4.234528541564941 7.3223466873168945
v 7.854930877685547 4.2637457847595215 7.270627498626709
v 7.877342700958252 4.288636684417725 7.214960098266602
v 7.895595550537109 4.308908939361572 7.155998229980469
v 7.909476280212402 4.324324607849121 7.094432353973389
v 7.918821334838867 4.33470344543457 7.030984401702881
v 7.923521041870117 4.33992338180542 6.9663987159729
v 7.923521041870117 4.33992338180542 6.901431560516357
v 7.918821334838867 4.33470344543457 6.836845874786377
v 7.909476280212402 4.324324607849121 6.773397922515869
v 7.895595550537109 4.308908939361572 6.711832046508789
v 7.877342700958252 4.288636684417725 6.652870178222656
v 7.854930877685547 4.2637457847595215 6.597202777862549
v 7.828623294830322 4.234528541564941 6.545483589172363
v 7.798727989196777 4.201326370239258 6.498317718505859
v 7.76559591293335 4.164529323577881 6.456259250640869
v 7.729615211486816 4.124568939208984 6.419800758361816
v 7.6912078857421875 4.081913471221924 6.389369964599609
v 7.650824546813965 4.037062644958496 6.365323066711426
v 7.608937740325928 3.9905428886413574 6.34794282913208
v 7.566039085388184 3.942899227142334 6.337432384490967
v 7.555067539215088 3.9508705139160156 7.530397891998291
v 7.587122917175293 4.006392002105713 7.519887447357178
v 7.618422031402588 4.060604095458984 7.502507209777832
v 7.6485981941223145 4.112871170043945 7.478460311889648
v 7.677297592163086 4.1625800132751465 7.448029518127441
v 7.704184055328369 4.209147930145264 7.411571025848389
v 7.728941440582275 4.2520294189453125 7.369512557983398
v 7.751280307769775 4.290721416473389 7.3223466873168945
v 7.770938396453857 4.324769973754883 7.270627498626709
v 7.787685394287109 4.353776454925537 7.214960098266602
v 7.801324844360352 4.377400875091553 7.155998229980469
v 7.811696529388428 4.3953657150268555 7.094432353973389
v 7.8186798095703125 4.4074602127075195 7.030984401702881
v 7.8221917152404785 4.413543701171875 6.9663987159729
v 7.8221917152404785 4.413543701171875 6.901431560516357
v 7.8186798095703125 4.4074602127075195 6.836845874786377
v 7.811696529388428 4.3953657150268555 6.773397922515869
v 7.801324844360352 4.377400875091553 6.711832046508789
v 7.787685394287109 4.353776454925537 6.652870178222656
v 7.770938396453857 4.324769973754883 6.597202777862549
v 7.751280307769775 4.290721416473389 6.545483589172363
v 7.728941440582275 4.2520294189453125 6.498317718505859
v 7.704184055328369 4.209147930145264 6.456259250640869
v 7.677297592163086 4.1625800132751465 6.419800758361816
v 7.6485981941223145 4.112871170043945 6.389369964599609
v 7.618422031402588 4.060604095458984 6.365323066711426
v 7.587122917175293 4.006392002105713 6.34794282913208
v 7.555067539215088 3.9508705139160156 6.337432384490967
v 7.542677879333496 3.9563865661621094 7.530397891998291
v 7.5624895095825195 4.017359733581543 7.519887447357178
v 7.581833362579346 4.076894760131836 7.502507209777832
v 7.600483417510986 4.134293079376221 7.478460311889648
v 7.618220806121826 4.188882827758789 7.448029518127441
v 7.6348371505737305 4.240023136138916 7.411571025848389
v 7.650137901306152 4.287115097045898 7.369512557983398
v 7.663944244384766 4.329605579376221 7.3223466873168945
v 7.676093578338623 4.366997718811035 7.270627498626709
v 7.68644380569458 4.398852348327637 7.214960098266602
v 7.694873332977295 4.424796104431152 7.155998229980469
v 7.7012834548950195 4.444524765014648 7.094432353973389
v 7.705599308013916 4.4578070640563965 7.030984401702881
v 7.707769870758057 4.464487075805664 6.9663987159729
v 7.707769870758057 4.464487075805664 6.901431560516357
v 7.705599308013916 4.4578070640563965 6.836845874786377
v 7.7012834548950195 4.444524765014648 6.773397922515869
v 7.694873332977295 4.424796104431152 6.711832046508789
v 7.68644380569458 4.398852348327637 6.652870178222656
v 7.676093578338623 4.366997718811035 6.597202777862549
v 7.663944244384766 4.329605579376221 6.545483589172363
v 7.650137901306152 4.287115097045898 6.498317718505859
v 7.6348371505737305 4.240023136138916 6.456259250640869
v 7.618220806121826 4.188882827758789 6.419800758361816
v 7.600483417510986 4.134293079376221 6.389369964599609
v 7.581833362579346 4.076894760131836 6.365323066711426
v 7.5624895095825195 4.017359733581543 6.34794282913208
v 7.542677879333496 3.9563865661621094 6.337432384490967
v 7.529412746429443 3.9592063426971436 7.530397891998291
v 7.536113739013672 4.022965908050537 7.519887447357178
v 7.542657375335693 4.085221767425537 7.502507209777832
v 7.548965930938721 4.1452436447143555 7.478460311889648
v 7.554965496063232 4.202328205108643 7.448029518127441
v 7.560586452484131 4.255805492401123 7.411571025848389
v 7.565762042999268 4.305049419403076 7.369512557983398
v 7.570432186126709 4.349482536315918 7.3223466873168945
v 7.574542045593262 4.388583183288574 7.270627498626709
v 7.578042984008789 4.42189359664917 7.214960098266602
v 7.580894470214844 4.4490227699279785 7.155998229980469
v 7.583062648773193 4.469653129577637 7.094432353973389
v 7.584522724151611 4.483542442321777 7.030984401702881
v 7.585256576538086 4.490528106689453 6.9663987159729
v 7.585256576538086 4.490528106689453 6.901431560516357
v 7.584522724151611 4.483542442321777 6.836845874786377
v 7.583062648773193 4.469653129577637 6.773397922515869
v 7.580894470214844 4.4490227699279785 6.711832046508789
v 7.578042984008789 4.42189359664917 6.652870178222656
v 7.574542045593262 4.388583183288574 6.597202777862549
v 7.570432186126709 4.349482536315918 6.545483589172363
v 7.565762042999268 4.305049419403076 6.498317718505859
v 7.560586452484131 4.255805492401123 6.456259250640869
v 7.554965496063232 4.202328205108643 6.419800758361816
v 7.548965930938721 4.1452436447143555 6.389369964599609
v 7.542657375335693 4.085221767425537 6.365323066711426
v 7.536113739013672 4.022965908050537 6.34794282913208
v 7.529412746429443 3.9592063426971436 6.337432384490967
v 7.51585054397583 3.9592063426971436 7.530397891998291
v 7.509149551391602 4.022965908050537 7.519887447357178
v 7.50260591506958 4.085221767425537 7.502507209777832
v 7.496297359466553 4.1452436447143555 7.478460311889648
v 7.490297794342041 4.202328205108643 7.448029518127441
v 7.484676837921143 4.255805492401123 7.411571025848389
v 7.479501247406006 4.305049419403076 7.369512557983398
v 7.4748311042785645 4.349482536315918 7.3223466873168945
v 7.470721244812012 4.388583183288574 7.270627498626709
v 7.467220306396484 4.42189359664917 7.214960098266602
v 7.46436882019043 4.4490227699279785 7.155998229980469
v 7.46220064163208 4.469653129577637 7.094432353973389
v 7.460740566253662 4.483542442321777 7.030984401702881
v 7.4600067138671875 4.490528106689453 6.9663987159729
v 7.4600067138671875 4.490528106689453 6.901431560516357
v 7.460740566253662 4.483542442321777 6.836845874786377
v 7.46220064163208 4.469653129577637 6.773397922515869
v 7.46436882019043 4.4490227699279785 6.711832046508789
v 7.467220306396484 4.42189359664917 6.652870178222656
v 7.470721244812012 4.388583183288574 6.597202777862549
v 7.4748311042785645 4.349482536315918 6.545483589172363
v 7.479501247406006 4.305049419403076 6.498317718505859
v 7.484676837921143 4.255805492401123 6.456259250640869
v 7.490297794342041 4.202328205108643 6.419800758361816
v 7.496297359466553 4.1452436447143555 6.389369964599609
v 7.50260591506958 4.085221767425537 6.365323066711426
v 7.509149551391602 4.022965908050537 6.34794282913208
v 7.51585054397583 3.9592063426971436 6.337432384490967
v 7.502585411071777 3.9563865661621094 7.530397891998291
v 7.482773780822754 4.017359733581543 7.519887447357178
v 7.463429927825928 4.076894760131836 7.502507209777832
v 7.444779872894287 4.134293079376221 7.478460311889648
v 7.427042484283447 4.188882827758789 7.448029518127441
v 7.410426139831543 4.240023136138916 7.411571025848389
v 7.395125389099121 4.287115097045898 7.369512557983398
v 7.381319046020508 4.329605579376221 7.3223466873168945
v 7.36916971206665 4.366997718811035 7.270627498626709
v 7.358819484710693 4.398852348327637 7.214960098266602
v 7.3503899574279785 4.424796104431152 7.155998229980469
v 7.343979835510254 4.444524765014648 7.094432353973389
v 7.339663982391357 4.4578070640563965 7.030984401702881
v 7.337493419647217 4.464487075805664 6.9663987159729
v 7.337493419647217 4.464487075805664 6.901431560516357
v 7.339663982391357 4.4578070640563965 6.836845874786377
v 7.343979835510254 4.444524765014648 6.773397922515869
v 7.3503899574279785 4.424796104431152 6.711832046508789
v 7.358819484710693 4.398852348327637 6.652870178222656
v 7.36916971206665 4.366997718811035 6.597202777862549
v 7.381319046020508 4.329605579376221 6.545483589172363
v 7.395125389099121 4.287115097045898 6.498317718505859
v 7.410426139831543 4.240023136138916 6.456259250640869
v 7.427042484283447 4.188882827758789 6.419800758361816
v 7.444779872894287 4.134293079376221 6.389369964599609
v 7.463429927825928 4.076894760131836 6.365323066711426
v 7.482773780822754 4.017359733581543 6.34794282913208
v 7.502585411071777 3.9563865661621094 6.337432384490967
v 7.4901957511901855 3.9508705139160156 7.530397891998291
v 7.4581403732299805 4.006392002105713 7.519887447357178
v 7.4268412590026855 4.060604095458984 7.502507209777832
v 7.396665096282959 4.112871170043945 7.478460311889648
v 7.3679656982421875 4.1625800132751465 7.448029518127441
v 7.341079235076904 4.209147930145264 7.411571025848389
v 7.316321849822998 4.2520294189453125 7.369512557983398
v 7.293982982635498 4.290721416473389 7.3223466873168945
v 7.274324893951416 4.324769973754883 7.270627498626709
v 7.257577896118164 4.353776454925537 7.214960098266602
v 7.243938446044922 4.377400875091553 7.155998229980469
v 7.233566761016846 4.3953657150268555 7.094432353973389
v 7.226583480834961 4.4074602127075195 7.030984401702881
v 7.223071575164795 4.413543701171875 6.9663987159729
v 7.223071575164795 4.413543701171875 6.901431560516357
v 7.226583480834961 4.4074602127075195 6.836845874786377
v 7.233566761016846 4.3953657150268555 6.773397922515869
v 7.243938446044922 4.377400875091553 6.711832046508789
v 7.257577896118164 4.353776454925537 6.652870178222656
v 7.274324893951416 4.324769973754883 6.597202777862549
v 7.293982982635498 4.290721416473389 6.545483589172363
v 7.316321849822998 4.2520294189453125 6.498317718505859
v 7.341079235076904 4.209147930145264 6.456259250640869
v 7.3679656982421875 4.1625800132751465 6.419800758361816
v 7.396665096282959 4.112871170043945 6.389369964599609
v 7.4268412590026855 4.060604095458984 6.365323066711426
v 7.4581403732299805 4.006392002105713 6.34794282913208
v 7.4901957511901855 3.9508705139160156 6.337432384490967
v 7.47922420501709 3.942899227142334 7.530397891998291
v 7.436325550079346 3.9905428886413574 7.519887447357178
v 7.394438743591309 4.037062644958496 7.502507209777832
v 7.354055404663086 4.081913471221924 7.478460311889648
v 7.315648078918457 4.124568939208984 7.448029518127441
v 7.279667377471924 4.164529323577881 7.411571025848389
v 7.246535301208496 4.201326370239258 7.369512557983398
v 7.216639995574951 4.234528541564941 7.3223466873168945
v 7.190332412719727 4.2637457847595215 7.270627498626709
v 7.1679205894470215 4.288636684417725 7.214960098266602
v 7.149667739868164 4.308908939361572 7.155998229980469
v 7.135787010192871 4.324324607849121 7.094432353973389
v 7.126441955566406 4.33470344543457 7.030984401702881
v 7.121742248535156 4.33992338180542 6.9663987159729
v 7.121742248535156 4.33992338180542 6.901431560516357
v 7.126441955566406 4.33470344543457 6.836845874786377
v 7.135787010192871 4.324324607849121 6.773397922515869
v 7.149667739868164 4.308908939361572 6.711832046508789
v 7.1679205894470215 4.288636684417725 6.652870178222656
v 7.190332412719727 4.2637457847595215 6.597202777862549
v 7.216639995574951 4.234528541564941 6.545483589172363
v 7.246535301208496 4.201326370239258 6.498317718505859
v 7.279667377471924 4.164529323577881 6.456259250640869
v 7.315648078918457 4.124568939208984 6.419800758361816
v 7.354055404663086 4.081913471221924 6.389369964599609
v 7.394438743591309 4.037062644958496 6.365323066711426
v 7.436325550079346 3.9905428886413574 6.34794282913208
v 7.47922420501709 3.942899227142334 6.337432384490967
v 7.470149517059326 3.9328207969665527 7.530397891998291
v 7.418282985687256 3.97050404548645 7.519887447357178
v 7.367639541625977 4.007298946380615 7.502507209777832
v 7.318813323974609 4.042773246765137 7.478460311889648
v 7.272376537322998 4.076511383056641 7.448029518127441
v 7.2288737297058105 4.108117580413818 7.411571025848389
v 7.188815116882324 4.137221813201904 7.369512557983398
v 7.152670383453369 4.163482666015625 7.3223466873168945
v 7.12086296081543 4.186592102050781 7.270627498626709
v 7.093765735626221 4.206279277801514 7.214960098266602
v 7.071696758270264 4.222313404083252 7.155998229980469
v 7.054914474487305 4.234506607055664 7.094432353973389
v 7.043615818023682 4.242715358734131 7.030984401702881
v 7.037933349609375 4.246844291687012 6.9663987159729
v 7.037933349609375 4.246844291687012 6.901431560516357
v 7.043615818023682 4.242715358734131 6.836845874786377
v 7.054914474487305 4.234506607055664 6.773397922515869
v 7.071696758270264 4.222313404083252 6.711832046508789
v 7.093765735626221 4.206279277801514 6.652870178222656
v 7.12086296081543 4.186592102050781 6.597202777862549
v 7.152670383453369 4.163482666015625 6.545483589172363
v 7.188815116882324 4.137221813201904 6.498317718505859
v 7.2288737297058105 4.108117580413818 6.456259250640869
v 7.272376537322998 4.076511383056641 6.419800758361816
v 7.318813323974609 4.042773246765137 6.389369964599609
v 7.367639541625977 4.007298946380615 6.365323066711426
v 7.418282985687256 3.97050404548645 6.34794282913208
v 7.470149517059326 3.9328207969665527 6.337432384490967
v 7.463368892669678 3.9210758209228516 7.530397891998291
v 7.4048004150390625 3.9471521377563477 7.519887447357178
v 7.34761381149292 3.9726133346557617 7.502507209777832
v 7.292479038238525 3.9971609115600586 7.478460311889648
v 7.240042686462402 4.020506858825684 7.448029518127441
v 7.190918922424316 4.0423784255981445 7.411571025848389
v 7.145684719085693 4.0625176429748535 7.369512557983398
v 7.104869842529297 4.080689907073975 7.3223466873168945
v 7.068952560424805 4.096681118011475 7.270627498626709
v 7.038354396820068 4.110304355621338 7.214960098266602
v 7.013434410095215 4.121399402618408 7.155998229980469
v 6.994483470916748 4.1298370361328125 7.094432353973389
v 6.981725215911865 4.135517597198486 7.030984401702881
v 6.975308418273926 4.138374328613281 6.9663987159729
v 6.975308418273926 4.138374328613281 6.901431560516357
v 6.981725215911865 4.135517597198486 6.836845874786377
v 6.994483470916748 4.1298370361328125 6.773397922515869
v 7.013434410095215 4.121399402618408 6.711832046508789
v 7.038354396820068 4.110304355621338 6.652870178222656
v 7.068952560424805 4.096681118011475 6.597202777862549
v 7.104869842529297 4.080689907073975 6.545483589172363
v 7.145684719085693 4.0625176429748535 6.498317718505859
v 7.190918922424316 4.0423784255981445 6.456259250640869
v 7.240042686462402 4.020506858825684 6.419800758361816
v 7.292479038238525 3.9971609115600586 6.389369964599609
v 7.34761381149292 3.9726133346557617 6.365323066711426
v 7.4048004150390625 3.9471521377563477 6.34794282913208
v 7.463368892669678 3.9210758209228516 6.337432384490967
v 7.4591779708862305 3.9081778526306152 7.530397891998291
v 7.396468162536621 3.9215071201324463 7.519887447357178
v 7.3352370262146 3.9345221519470215 7.502507209777832
v 7.276203632354736 3.9470701217651367 7.478460311889648
v 7.220058917999268 3.9590041637420654 7.448029518127441
v 7.16746187210083 3.970183849334717 7.411571025848389
v 7.119028568267822 3.9804787635803223 7.369512557983398
v 7.075327396392822 3.9897677898406982 7.3223466873168945
v 7.03687047958374 3.9979419708251953 7.270627498626709
v 7.004108428955078 4.004905700683594 7.214960098266602
v 6.977425575256348 4.010577201843262 7.155998229980469
v 6.957135200500488 4.014890193939209 7.094432353973389
v 6.943474292755127 4.017794132232666 7.030984401702881
v 6.936603546142578 4.019254207611084 6.9663987159729
v 6.936603546142578 4.019254207611084 6.901431560516357
v 6.943474292755127 4.017794132232666 6.836845874786377
v 6.957135200500488 4.014890193939209 6.773397922515869
v 6.977425575256348 4.010577201843262 6.711832046508789
v 7.004108428955078 4.004905700683594 6.652870178222656
v 7.03687047958374 3.9979419708251953 6.597202777862549
v 7.075327396392822 3.9897677898406982 6.545483589172363
v 7.119028568267822 3.9804787635803223 6.498317718505859
v 7.16746187210083 3.970183849334717 6.456259250640869
v 7.220058917999268 3.9590041637420654 6.419800758361816
v 7.276203632354736 3.9470701217651367 6.389369964599609
v 7.3352370262146 3.9345221519470215 6.365323066711426
v 7.396468162536621 3.9215071201324463 6.34794282913208
v 7.4591779708862305 3.9081778526306152 6.337432384490967
v 7.457760334014893 3.8946902751922607 7.530397891998291
v 7.393649578094482 3.8946902751922607 7.519887447357178
v 7.331050872802734 3.8946902751922607 7.502507209777832
v 7.270698070526123 3.8946902751922607 7.478460311889648
v 7.21329927444458 3.8946902751922607 7.448029518127441
v 7.15952730178833 3.8946902751922607 7.411571025848389
v 7.110012054443359 3.8946902751922607 7.369512557983398
v 7.065334320068359 3.8946902751922607 7.3223466873168945
v 7.026018142700195 3.8946902751922607 7.270627498626709
v 6.99252462387085 3.8946902751922607 7.214960098266602
v 6.965245723724365 3.8946902751922607 7.155998229980469
v 6.944501876831055 3.8946902751922607 7.094432353973389
v 6.930535793304443 3.8946902751922607 7.030984401702881
v 6.923511505126953 3.8946902751922607 6.9663987159729
v 6.923511505126953 3.8946902751922607 6.901431560516357
v 6.930535793304443 3.8946902751922607 6.836845874786377
v 6.944501876831055 3.8946902751922607 6.773397922515869
v 6.965245723724365 3.8946902751922607 6.711832046508789
v 6.99252462387085 3.8946902751922607 6.652870178222656
v 7.026018142700195 3.8946902751922607 6.597202777862549
v 7.065334320068359 3.8946902751922607 6.545483589172363
v 7.110012054443359 3.8946902751922607 6.498317718505859
v 7.15952730178833 3.8946902751922607 6.456259250640869
v 7.21329927444458 3.8946902751922607 6.419800758361816
v 7.270698070526123 3.8946902751922607 6.389369964599609
v 7.331050872802734 3.8946902751922607 6.365323066711426
v 7.393649578094482 3.8946902751922607 6.34794282913208
v 7.457760334014893 3.8946902751922607 6.337432384490967
v 7.4591779708862305 3.8812026977539062 7.530397891998291
v 7.396468162536621 3.867873430252075 7.519887447357178
v 7.3352370262146 3.8548583984375 7.502507209777832
v 7.276203632354736 3.8423104286193848 7.478460311889648
v 7.220058917999268 3.830376386642456 7.448029518127441
v 7.16746187210083 3.8191967010498047 7.411571025848389
v 7.119028568267822 3.808901786804199 7.369512557983398
v 7.075327396392822 3.7996127605438232 7.3223466873168945
v 7.03687047958374 3.791438579559326 7.270627498626709
v 7.004108428955078 3.7844748497009277 7.214960098266602
v 6.977425575256348 3.7788031101226807 7.155998229980469
v 6.957135200500488 3.7744903564453125 7.094432353973389
v 6.943474292755127 3.7715866565704346 7.030984401702881
v 6.936603546142578 3.7701261043548584 6.9663987159729
v 6.936603546142578 3.7701261043548584 6.901431560516357
v 6.943474292755127 3.7715866565704346 6.836845874786377
v 6.957135200500488 3.7744903564453125 6.773397922515869
v 6.977425575256348 3.7788031101226807 6.711832046508789
v 7.004108428955078 3.7844748497009277 6.652870178222656
v 7.03687047958374 3.791438579559326 6.597202777862549
v 7.075327396392822 3.7996127605438232 6.545483589172363
v 7.119028568267822 3.808901786804199 6.498317718505859
v 7.16746187210083 3.8191967010498047 6.456259250640869
v 7.220058917999268 3.830376386642456 6.419800758361816
v 7.276203632354736 3.8423104286193848 6.389369964599609
v 7.3352370262146 3.8548583984375 6.365323066711426
v 7.396468162536621 3.867873430252075 6.34794282913208
v 7.4591779708862305 3.8812026977539062 6.337432384490967
v 7.463368892669678 3.86830472946167 7.530397891998291
v 7.4048004150390625 3.842228412628174 7.519887447357178
v 7.34761381149292 3.8167672157287598 7.502507209777832
v 7.292479038238525 3.792219638824463 7.478460311889648
v 7.240042686462402 3.768873453140259 7.448029518127441
v 7.190918922424316 3.747002363204956 7.411571025848389
v 7.145684719085693 3.726862668991089 7.369512557983398
v 7.104869842529297 3.708690643310547 7.3223466873168945
v 7.068952560424805 3.692699432373047 7.270627498626709
v 7.038354396820068 3.6790761947631836 7.214960098266602
v 7.013434410095215 3.667980909347534 7.155998229980469
v 6.994483470916748 3.659543514251709 7.094432353973389
v 6.981725215911865 3.6538631916046143 7.030984401702881
v 6.975308418273926 3.6510062217712402 6.9663987159729
v 6.975308418273926 3.6510062217712402 6.901431560516357
v 6.981725215911865 3.6538631916046143 6.836845874786377
v 6.994483470916748 3.659543514251709 6.773397922515869
v 7.013434410095215 3.667980909347534 6.711832046508789
v 7.038354396820068 3.6790761947631836 6.652870178222656
v 7.068952560424805 3.692699432373047 6.597202777862549
v 7.104869842529297 3.708690643310547 6.545483589172363
v 7.145684719085693 3.726862668991089 6.498317718505859
v 7.190918922424316 3.747002363204956 6.456259250640869
v 7.240042686462402 3.768873453140259 6.419800758361816
v 7.292479038238525 3.792219638824463 6.389369964599609
v 7.34761381149292 3.8167672157287598 6.365323066711426
v 7.4048004150390625 3.842228412628174 6.34794282913208
v 7.463368892669678 3.86830472946167 6.337432384490967
v 7.470149517059326 3.8565597534179688 7.530397891998291
v 7.418282985687256 3.8188765048980713 7.519887447357178
v 7.367639541625977 3.7820818424224854 7.502507209777832
v 7.318813323974609 3.746607542037964 7.478460311889648
v 7.272376537322998 3.71286940574646 7.448029518127441
v 7.2288737297058105 3.681262731552124 7.411571025848389
v 7.188815116882324 3.652158498764038 7.369512557983398
v 7.152670383453369 3.6258976459503174 7.3223466873168945
v 7.12086296081543 3.602788209915161 7.270627498626709
v 7.093765735626221 3.5831010341644287 7.214960098266602
v 7.071696758270264 3.5670669078826904 7.155998229980469
v 7.054914474487305 3.5548739433288574 7.094432353973389
v 7.043615818023682 3.5466649532318115 7.030984401702881
v 7.037933349609375 3.5425362586975098 6.9663987159729
v 7.037933349609375 3.5425362586975098 6.901431560516357
v 7.043615818023682 3.5466649532318115 6.836845874786377
v 7.054914474487305 3.5548739433288574 6.773397922515869
v 7.071696758270264 3.5670669078826904 6.711832046508789
v 7.093765735626221 3.5831010341644287 6.652870178222656
v 7.12086296081543 3.602788209915161 6.597202777862549
v 7.152670383453369 3.6258976459503174 6.545483589172363
v 7.188815116882324 3.652158498764038 6.498317718505859
v 7.2288737297058105 3.681262731552124 6.456259250640869
v 7.272376537322998 3.71286940574646 6.419800758361816
v 7.318813323974609 3.746607542037964 6.389369964599609
v 7.367639541625977 3.7820818424224854 6.365323066711426
v 7.418282985687256 3.8188765048980713 6.34794282913208
v 7.470149517059326 3.8565597534179688 6.337432384490967
v 7.47922420501709 3.8464813232421875 7.530397891998291
v 7.436325550079346 3.798837661743164 7.519887447357178
v 7.394438743591309 3.7523179054260254 7.502507209777832
v 7.354055404663086 3.7074673175811768 7.478460311889648
v 7.315648078918457 3.664811611175537 7.448029518127441
v 7.279667377471924 3.6248509883880615 7.411571025848389
v 7.246535301208496 3.5880541801452637 7.369512557983398
v 7.216639995574951 3.554852247238159 7.3223466873168945
v 7.190332412719727 3.525634527206421 7.270627498626709
v 7.1679205894470215 3.500743865966797 7.214960098266602
v 7.149667739868164 3.480471611022949 7.155998229980469
v 7.135787010192871 3.4650559425354004 7.094432353973389
v 7.126441955566406 3.4546773433685303 7.030984401702881
v 7.121742248535156 3.4494574069976807 6.9663987159729
v 7.121742248535156 3.4494574069976807 6.901431560516357
v 7.126441955566406 3.4546773433685303 6.836845874786377
v 7.135787010192871 3.4650559425354004 6.773397922515869
v 7.149667739868164 3.480471611022949 6.711832046508789
v 7.1679205894470215 3.500743865966797 6.652870178222656
v 7.190332412719727 3.525634527206421 6.597202777862549
v 7.216639995574951 3.554852247238159 6.545483589172363
v 7.246535301208496 3.5880541801452637 6.498317718505859
v 7.279667377471924 3.6248509883880615 6.456259250640869
v 7.315648078918457 3.664811611175537 6.419800758361816
v 7.354055404663086 3.7074673175811768 6.389369964599609
v 7.394438743591309 3.7523179054260254 6.365323066711426
v 7.436325550079346 3.798837661743164 6.34794282913208
v 7.47922420501709 3.8464813232421875 6.337432384490967
v 7.4901957511901855 3.838510036468506 7.530397891998291
v 7.4581403732299805 3.7829883098602295 7.519887447357178
v 7.4268412590026855 3.728776454925537 7.502507209777832
v 7.396665096282959 3.676509380340576 7.478460311889648
v 7.3679656982421875 3.626800537109375 7.448029518127441
v 7.341079235076904 3.580232620239258 7.411571025848389
v 7.316321849822998 3.537351131439209 7.369512557983398
v 7.293982982635498 3.498659133911133 7.3223466873168945
v 7.274324893951416 3.4646105766296387 7.270627498626709
v 7.257577896118164 3.4356038570404053 7.214960098266602
v 7.243938446044922 3.411979913711548 7.155998229980469
v 7.233566761016846 3.394015073776245 7.094432353973389
v 7.226583480834961 3.381920099258423 7.030984401702881
v 7.223071575164795 3.3758370876312256 6.9663987159729
v 7.223071575164795 3.3758370876312256 6.901431560516357
v 7.226583480834961 3.381920099258423 6.836845874786377
v 7.233566761016846 3.394015073776245 6.773397922515869
v 7.243938446044922 3.411979913711548 6.711832046508789
v 7.257577896118164 3.4356038570404053 6.652870178222656
v 7.274324893951416 3.4646105766296387 6.597202777862549
v 7.293982982635498 3.498659133911133 6.545483589172363
v 7.316321849822998 3.537351131439209 6.498317718505859
v 7.341079235076904 3.580232620239258 6.456259250640869
v 7.3679656982421875 3.626800537109375 6.419800758361816
v 7.396665096282959 3.676509380340576 6.389369964599609
v 7.4268412590026855 3.728776454925537 6.365323066711426
v 7.4581403732299805 3.7829883098602295 6.34794282913208
v 7.4901957511901855 3.838510036468506 6.337432384490967
v 7.502585411071777 3.832993984222412 7.530397891998291
v 7.482773780822754 3.7720208168029785 7.519887447357178
v 7.463429927825928 3.7124860286712646 7.502507209777832
v 7.444779872894287 3.6550872325897217 7.478460311889648
v 7.427042484283447 3.6004977226257324 7.448029518127441
v 7.410426139831543 3.5493574142456055 7.411571025848389
v 7.395125389099121 3.502265691757202 7.369512557983398
v 7.381319046020508 3.4597747325897217 7.3223466873168945
v 7.36916971206665 3.4223828315734863 7.270627498626709
v 7.358819484710693 3.3905282020568848 7.214960098266602
v 7.3503899574279785 3.3645846843719482 7.155998229980469
v 7.343979835510254 3.344856023788452 7.094432353973389
v 7.339663982391357 3.331573486328125 7.030984401702881
v 7.337493419647217 3.3248932361602783 6.9663987159729
v 7.337493419647217 3.3248932361602783 6.901431560516357
v 7.339663982391357 3.331573486328125 6.836845874786377
v 7.343979835510254 3.344856023788452 6.773397922515869
v 7.3503899574279785 3.3645846843719482 6.711832046508789
v 7.358819484710693 3.3905282020568848 6.652870178222656
v 7.36916971206665 3.4223828315734863 6.597202777862549
v 7.381319046020508 3.4597747325897217 6.545483589172363
v 7.395125389099121 3.502265691757202 6.498317718505859
v 7.410426139831543 3.5493574142456055 6.456259250640869
v 7.427042484283447 3.6004977226257324 6.419800758361816
v 7.444779872894287 3.6550872325897217 6.389369964599609
v 7.463429927825928 3.7124860286712646 6.365323066711426
v 7.482773780822754 3.7720208168029785 6.34794282913208
v 7.502585411071777 3.832993984222412 6.337432384490967
v 7.51585054397583 3.830174207687378 7.530397891998291
v 7.509149551391602 3.7664146423339844 7.519887447357178
v 7.50260591506958 3.7041587829589844 7.502507209777832
v 7.496297359466553 3.644136905670166 7.478460311889648
v 7.490297794342041 3.587052583694458 7.448029518127441
v 7.484676837921143 3.5335748195648193 7.411571025848389
v 7.479501247406006 3.484330892562866 7.369512557983398
v 7.4748311042785645 3.4398982524871826 7.3223466873168945
v 7.470721244812012 3.4007973670959473 7.270627498626709
v 7.467220306396484 3.3674869537353516 7.214960098266602
v 7.46436882019043 3.340357780456543 7.155998229980469
v 7.46220064163208 3.3197274208068848 7.094432353973389
v 7.460740566253662 3.305837869644165 7.030984401702881
v 7.4600067138671875 3.2988522052764893 6.9663987159729
v 7.4600067138671875 3.2988522052764893 6.901431560516357
v 7.460740566253662 3.305837869644165 6.836845874786377
v 7.46220064163208 3.3197274208068848 6.773397922515869
v 7.46436882019043 3.340357780456543 6.711832046508789
v 7.467220306396484 3.3674869537353516 6.652870178222656
v 7.470721244812012 3.4007973670959473 6.597202777862549
v 7.4748311042785645 3.4398982524871826 6.545483589172363
v 7.479501247406006 3.484330892562866 6.498317718505859
v 7.484676837921143 3.5335748195648193 6.456259250640869
v 7.490297794342041 3.587052583694458 6.419800758361816
v 7.496297359466553 3.644136905670166 6.389369964599609
v 7.50260591506958 3.7041587829589844 6.365323066711426
v 7.509149551391602 3.7664146423339844 6.34794282913208
v 7.51585054397583 3.830174207687378 6.337432384490967
v 7.529412746429443 3.830174207687378 7.530397891998291
v 7.536113739013672 3.7664146423339844 7.519887447357178
v 7.542657375335693 3.7041587829589844 7.502507209777832
v 7.548965930938721 3.644136905670166 7.478460311889648
v 7.554965496063232 3.587052583694458 7.448029518127441
v 7.560586452484131 3.5335748195648193 7.411571025848389
v 7.565762042999268 3.484330892562866 7.369512557983398
v 7.570432186126709 3.4398982524871826 7.3223466873168945
v 7.574542045593262 3.4007973670959473 7.270627498626709
v 7.578042984008789 3.3674869537353516 7.214960098266602
v 7.580894470214844 3.340357780456543 7.155998229980469
v 7.583062648773193 3.3197274208068848 7.094432353973389
v 7.584522724151611 3.305837869644165 7.030984401702881
v 7.585256576538086 3.2988522052764893 6.9663987159729
v 7.585256576538086 3.2988522052764893 6.901431560516357
v 7.584522724151611 3.305837869644165 6.836845874786377
v 7.583062648773193 3.3197274208068848 6.773397922515869
v 7.580894470214844 3.340357780456543 6.711832046508789
v 7.578042984008789 3.3674869537353516 6.652870178222656
v 7.574542045593262 3.4007973670959473 6.597202777862549
v 7.570432186126709 3.4398982524871826 6.545483589172363
v 7.565762042999268 3.484330892562866 6.498317718505859
v 7.560586452484131 3.5335748195648193 6.456259250640869
v 7.554965496063232 3.587052583694458 6.419800758361816
v 7.548965930938721 3.644136905670166 6.389369964599609
v 7.542657375335693 3.7041587829589844 6.365323066711426
v 7.536113739013672 3.7664146423339844 6.34794282913208
v 7.529412746429443 3.830174207687378 6.337432384490967
v 7.542677879333496 3.832993984222412 7.530397891998291
v 7.5624895095825195 3.7720208168029785 7.519887447357178
v 7.581833362579346 3.7124860286712646 7.502507209777832
v 7.600483417510986 3.6550872325897217 7.478460311889648
v 7.618220806121826 3.6004977226257324 7.448029518127441
v 7.6348371505737305 3.5493574142456055 7.411571025848389
v 7.650137901306152 3.502265691757202 7.369512557983398
v 7.663944244384766 3.4597747325897217 7.3223466873168945
v 7.676093578338623 3.4223828315734863 7.270627498626709
v 7.68644380569458 3.3905282020568848 7.214960098266602
v 7.694873332977295 3.3645846843719482 7.155998229980469
v 7.7012834548950195 3.344856023788452 7.094432353973389
v 7.705599308013916 3.331573486328125 7.030984401702881
v 7.707769870758057 3.3248932361602783 6.9663987159729
v 7.707769870758057 3.3248932361602783 6.901431560516357
v 7.705599308013916 3.331573486328125 6.836845874786377
v 7.7012834548950195 3.344856023788452 6.773397922515869
v 7.694873332977295 3.3645846843719482 6.711832046508789
v 7.68644380569458 3.3905282020568848 6.652870178222656
v 7.676093578338623 3.4223828315734863 6.597202777862549
v 7.663944244384766 3.4597747325897217 6.545483589172363
v 7.650137901306152 3.502265691757202 6.498317718505859
v 7.6348371505737305 3.5493574142456055 6.456259250640869
v 7.618220806121826 3.6004977226257324 6.419800758361816
v 7.600483417510986 3.6550872325897217 6.389369964599609
v 7.581833362579346 3.7124860286712646 6.365323066711426
v 7.5624895095825195 3.7720208168029785 6.34794282913208
v 7.542677879333496 3.832993984222412 6.337432384490967
v 7.555067539215088 3.838510036468506 7.530397891998291
v 7.587122917175293 3.7829883098602295 7.519887447357178
v 7.618422031402588 3.728776454925537 7.502507209777832
v 7.6485981941223145 3.676509380340576 7.478460311889648
v 7.677297592163086 3.626800537109375 7.448029518127441
v 7.704184055328369 3.580232620239258 7.411571025848389
v 7.728941440582275 3.537351131439209 7.369512557983398
v 7.751280307769775 3.498659133911133 7.3223466873168945
v 7.770938396453857 3.4646105766296387 7.270627498626709
v 7.787685394287109 3.4356038570404053 7.214960098266602
v 7.801324844360352 3.411979913711548 7.155998229980469
v 7.811696529388428 3.394015073776245 7.094432353973389
v 7.8186798095703125 3.381920099258423 7.030984401702881
v 7.8221917152404785 3.3758370876312256 6.9663987159729
v 7.8221917152404785 3.3758370876312256 6.901431560516357
v 7.8186798095703125 3.381920099258423 6.836845874786377
v 7.811696529388428 3.394015073776245 6.773397922515869
v 7.801324844360352 3.411979913711548 6.711832046508789
v 7.787685394287109 3.4356038570404053 6.652870178222656
v 7.770938396453857 3.4646105766296387 6.597202777862549
v 7.751280307769775 3.498659133911133 6.545483589172363
v 7.728941440582275 3.537351131439209 6.498317718505859
v 7.704184055328369 3.580232620239258 6.456259250640869
v 7.677297592163086 3.626800537109375 6.419800758361816
v 7.6485981941223145 3.676509380340576 6.389369964599609
v 7.618422031402588 3.728776454925537 6.365323066711426
v 7.587122917175293 3.7829883098602295 6.34794282913208
v 7.555067539215088 3.838510036468506 6.337432384490967
v 7.566039085388184 3.8464813232421875 7.530397891998291
v 7.608937740325928 3.798837661743164 7.519887447357178
v 7.650824546813965 3.7523179054260254 7.502507209777832
v 7.6912078857421875 3.7074673175811768 7.478460311889648
v 7.729615211486816 3.664811611175537 7.448029518127441
v 7.76559591293335 3.6248509883880615 7.411571025848389
v 7.798727989196777 3.5880541801452637 7.369512557983398
v 7.828623294830322 3.554852247238159 7.3223466873168945
v 7.854930877685547 3.525634527206421 7.270627498626709
v 7.877342700958252 3.500743865966797 7.214960098266602
v 7.895595550537109 3.480471611022949 7.155998229980469
v 7.909476280212402 3.4650559425354004 7.094432353973389
v 7.918821334838867 3.4546773433685303 7.030984401702881
v 7.923521041870117 3.4494574069976807 6.9663987159729
v 7.923521041870117 3.4494574069976807 6.901431560516357
v 7.918821334838867 3.4546773433685303 6.836845874786377
v 7.909476280212402 3.4650559425354004 6.773397922515869
v 7.895595550537109 3.480471611022949 6.711832046508789
v 7.877342700958252 3.500743865966797 6.652870178222656
v 7.854930877685547 3.525634527206421 6.597202777862549
v 7.828623294830322 3.554852247238159 6.545483589172363
v 7.798727989196777 3.5880541801452637 6.498317718505859
v 7.76559591293335 3.6248509883880615 6.456259250640869
v 7.729615211486816 3.664811611175537 6.419800758361816
v 7.6912078857421875 3.7074673175811768 6.389369964599609
v 7.650824546813965 3.7523179054260254 6.365323066711426
v 7.608937740325928 3.798837661743164 6.34794282913208
v 7.566039085388184 3.8464813232421875 6.337432384490967
v 7.575113773345947 3.8565597534179688 7.530397891998291
v 7.626980304718018 3.8188765048980713 7.519887447357178
v 7.677623748779297 3.7820818424224854 7.502507209777832
v 7.726449966430664 3.746607542037964 7.478460311889648
v 7.772886753082275 3.71286940574646 7.448029518127441
v 7.816389560699463 3.681262731552124 7.411571025848389
v 7.856448173522949 3.652158498764038 7.369512557983398
v 7.892592906951904 3.6258976459503174 7.3223466873168945
v 7.924400329589844 3.602788209915161 7.270627498626709
v 7.951497554779053 3.5831010341644287 7.214960098266602
v 7.97356653213501 3.5670669078826904 7.155998229980469
v 7.990348815917969 3.5548739433288574 7.094432353973389
v 8.001646995544434 3.5466649532318115 7.030984401702881
v 8.007329940795898 3.5425362586975098 6.9663987159729
v 8.007329940795898 3.5425362586975098 6.901431560516357
v 8.001646995544434 3.5466649532318115 6.836845874786377
v 7.990348815917969 3.5548739433288574 6.773397922515869
v 7.97356653213501 3.5670669078826904 6.711832046508789
v 7.951497554779053 3.5831010341644287 6.652870178222656
v 7.924400329589844 3.602788209915161 6.597202777862549
v 7.892592906951904 3.6258976459503174 6.545483589172363
v 7.856448173522949 3.652158498764038 6.498317718505859
v 7.816389560699463 3.681262731552124 6.456259250640869
v 7.772886753082275 3.71286940574646 6.419800758361816
v 7.726449966430664 3.746607542037964 6.389369964599609
v 7.677623748779297 3.7820818424224854 6.365323066711426
v 7.626980304718018 3.8188765048980713 6.34794282913208
v 7.575113773345947 3.8565597534179688 6.337432384490967
v 7.581894397735596 3.86830472946167 7.530397891998291
v 7.640462875366211 3.842228412628174 7.519887447357178
v 7.6976494789123535 3.8167672157287598 7.502507209777832
v 7.752784252166748 3.792219638824463 7.478460311889648
v 7.805220603942871 3.768873453140259 7.448029518127441
v 7.854344367980957 3.747002363204956 7.411571025848389
v 7.89957857131958 3.726862668991089 7.369512557983398
v 7.940393447875977 3.708690643310547 7.3223466873168945
v 7.976310729980469 3.692699432373047 7.270627498626709
v 8.006908416748047 3.6790761947631836 7.214960098266602
v 8.031828880310059 3.667980909347534 7.155998229980469
v 8.050779342651367 3.659543514251709 7.094432353973389
v 8.063538551330566 3.6538631916046143 7.030984401702881
v 8.069954872131348 3.6510062217712402 6.9663987159729
v 8.069954872131348 3.6510062217712402 6.901431560516357
v 8.063538551330566 3.6538631916046143 6.836845874786377
v 8.050779342651367 3.659543514251709 6.773397922515869
v 8.031828880310059 3.667980909347534 6.711832046508789
v 8.006908416748047 3.6790761947631836 6.652870178222656
v 7.976310729980469 3.692699432373047 6.597202777862549
v 7.940393447875977 3.708690643310547 6.545483589172363
v 7.89957857131958 3.726862668991089 6.498317718505859
v 7.854344367980957 3.747002363204956 6.456259250640869
v 7.805220603942871 3.768873453140259 6.419800758361816
v 7.752784252166748 3.792219638824463 6.389369964599609
v 7.6976494789123535 3.8167672157287598 6.365323066711426
v 7.640462875366211 3.842228412628174 6.34794282913208
v 7.581894397735596 3.86830472946167 6.337432384490967
v 7.586085319519043 3.8812026977539062 7.530397891998291
v 7.648795127868652 3.867873430252075 7.519887447357178
v 7.710026264190674 3.8548583984375 7.502507209777832
v 7.769059658050537 3.8423104286193848 7.478460311889648
v 7.825204372406006 3.830376386642456 7.448029518127441
v 7.877801418304443 3.8191967010498047 7.411571025848389
v 7.926234722137451 3.808901786804199 7.369512557983398
v 7.969935894012451 3.7996127605438232 7.3223466873168945
v 8.008393287658691 3.791438579559326 7.270627498626709
v 8.041154861450195 3.7844748497009277 7.214960098266602
v 8.067837715148926 3.7788031101226807 7.155998229980469
v 8.088128089904785 3.7744903564453125 7.094432353973389
v 8.101788520812988 3.7715866565704346 7.030984401702881
v 8.108659744262695 3.7701261043548584 6.9663987159729
v 8.108659744262695 3.7701261043548584 6.901431560516357
v 8.101788520812988 3.7715866565704346 6.836845874786377
v 8.088128089904785 3.7744903564453125 6.773397922515869
v 8.067837715148926 3.7788031101226807 6.711832046508789
v 8.041154861450195 3.7844748497009277 6.652870178222656
v 8.008393287658691 3.791438579559326 6.597202777862549
v 7.969935894012451 3.7996127605438232 6.545483589172363
v 7.926234722137451 3.808901786804199 6.498317718505859
v 7.877801418304443 3.8191967010498047 6.456259250640869
v 7.825204372406006 3.830376386642456 6.419800758361816
v 7.769059658050537 3.8423104286193848 6.389369964599609
v 7.710026264190674 3.8548583984375 6.365323066711426
v 7.648795127868652 3.867873430252075 6.34794282913208
v 7.586085319519043 3.8812026977539062 6.337432384490967
v 0.5289128422737122 5.1617021560668945 8.483671188354492
v 0.5289128422737122 5.1617021560668945 7.2836713790893555
v 0.5937842726707458 5.1617021560668945 8.480154037475586
v 0.6578950881958008 5.1617021560668945 8.469643592834473
v 0.7204937934875488 5.1617021560668945 8.452262878417969
v 0.7808462977409363 5.1617021560668945 8.428216934204102
v 0.838245153427124 5.1617021560668945 8.397785186767578
v 0.8920173645019531 5.1617021560668945 8.361327171325684
v 0.9415324926376343 5.1617021560668945 8.319268226623535
v 0.9862101078033447 5.1617021560668945 8.272103309631348
v 1.0255262851715088 5.1617021560668945 8.220383644104004
v 1.0590200424194336 5.1617021560668945 8.164716720581055
v 1.086298942565918 5.1617021560668945 8.105753898620605
v 1.1070427894592285 5.1617021560668945 8.044188499450684
v 1.1210087537765503 5.1617021560668945 7.980740547180176
v 1.128032922744751 5.1617021560668945 7.916154861450195
v 1.128032922744751 5.1617021560668945 7.851187705993652
v 1.1210087537765503 5.1617021560668945 7.786602020263672
v 1.1070427894592285 5.1617021560668945 7.723154067993164
v 1.086298942565918 5.1617021560668945 7.661588191986084
v 1.0590200424194336 5.1617021560668945 7.602626323699951
v 1.0255262851715088 5.1617021560668945 7.546958923339844
v 0.9862101078033447 5.1617021560668945 7.495239734649658
v 0.9415324926376343 5.1617021560668945 7.448073863983154
v 0.8920173645019531 5.1617021560668945 7.406015396118164
v 0.838245153427124 5.1617021560668945 7.369556903839111
v 0.7808462977409363 5.1617021560668945 7.339126110076904
v 0.7204937934875488 5.1617021560668945 7.315079212188721
v 0.6578950881958008 5.1617021560668945 7.297698974609375
v 0.5937842726707458 5.1617021560668945 7.287188529968262
v 0.592366635799408 5.17518949508667 8.480154037475586
v 0.6550765037536621 5.18851900100708 8.469643592834473
v 0.7163072824478149 5.201534271240234 8.452262878417969
v 0.7753409743309021 5.21408224105835 8.428216934204102
v 0.8314855098724365 5.226016044616699 8.397785186767578
v 0.8840826749801636 5.23719596862793 8.361327171325684
v 0.9325157999992371 5.247490406036377 8.319268226623535
v 0.9762170314788818 5.256779670715332 8.272103309631348
v 1.0146740674972534 5.264954090118408 8.220383644104004
v 1.047435998916626 5.271917819976807 8.164716720581055
v 1.0741186141967773 5.277589321136475 8.105753898620605
v 1.0944092273712158 5.281902313232422 8.044188499450684
v 1.1080700159072876 5.284805774688721 7.980740547180176
v 1.1149406433105469 5.286266326904297 7.916154861450195
v 1.1149406433105469 5.286266326904297 7.851187705993652
v 1.1080700159072876 5.284805774688721 7.786602020263672
v 1.0944092273712158 5.281902313232422 7.723154067993164
v 1.0741186141967773 5.277589321136475 7.661588191986084
v 1.047435998916626 5.271917819976807 7.602626323699951
v 1.0146740674972534 5.264954090118408 7.546958923339844
v 0.9762170314788818 5.256779670715332 7.495239734649658
v 0.9325157999992371 5.247490406036377 7.448073863983154
v 0.8840826749801636 5.23719596862793 7.406015396118164
v 0.8314855098724365 5.226016044616699 7.369556903839111
v 0.7753409743309021 5.21408224105835 7.339126110076904
v 0.7163072824478149 5.201534271240234 7.315079212188721
v 0.6550765037536621 5.18851900100708 7.297698974609375
v 0.592366635799408 5.17518949508667 7.287188529968262
v 0.5881758332252502 5.1880879402160645 8.480154037475586
v 0.6467440128326416 5.214163780212402 8.469643592834473
v 0.7039307355880737 5.239624977111816 8.452262878417969
v 0.7590655088424683 5.264172554016113 8.428216934204102
v 0.8115019798278809 5.2875189781188965 8.397785186767578
v 0.8606253266334534 5.309390068054199 8.361327171325684
v 0.9058597087860107 5.329529762268066 8.319268226623535
v 0.946674644947052 5.347701549530029 8.272103309631348
v 0.9825917482376099 5.3636932373046875 8.220383644104004
v 1.0131899118423462 5.377315998077393 8.164716720581055
v 1.0381102561950684 5.388411521911621 8.105753898620605
v 1.057060956954956 5.396848678588867 8.044188499450684
v 1.069819450378418 5.402529239654541 7.980740547180176
v 1.0762362480163574 5.405386447906494 7.916154861450195
v 1.0762362480163574 5.405386447906494 7.851187705993652
v 1.069819450378418 5.402529239654541 7.786602020263672
v 1.057060956954956 5.396848678588867 7.723154067993164
v 1.0381102561950684 5.388411521911621 7.661588191986084
v 1.0131899118423462 5.377315998077393 7.602626323699951
v 0.9825917482376099 5.3636932373046875 7.546958923339844
v 0.946674644947052 5.347701549530029 7.495239734649658
v 0.9058597087860107 5.329529762268066 7.448073863983154
v 0.8606253266334534 5.309390068054199 7.406015396118164
v 0.8115019798278809 5.2875189781188965 7.369556903839111
v 0.7590655088424683 5.264172554016113 7.339126110076904
v 0.7039307355880737 5.239624977111816 7.315079212188721
v 0.6467440128326416 5.214163780212402 7.297698974609375
v 0.5881758332252502 5.1880879402160645 7.287188529968262
v 0.5813949108123779 5.199832439422607 8.480154037475586
v 0.6332616806030273 5.237515926361084 8.469643592834473
v 0.6839050650596619 5.27431058883667 8.452262878417969
v 0.732731282711029 5.309784889221191 8.428216934204102
v 0.7791679501533508 5.343523025512695 8.397785186767578
v 0.822670578956604 5.375129699707031 8.361327171325684
v 0.8627291917800903 5.404233932495117 8.319268226623535
v 0.898874044418335 5.430494785308838 8.272103309631348
v 0.9306815266609192 5.453604221343994 8.220383644104004
v 0.9577785730361938 5.473291397094727 8.164716720581055
v 0.9798476099967957 5.489325523376465 8.105753898620605
v 0.9966298341751099 5.501518249511719 8.044188499450684
v 1.007928490638733 5.509727478027344 7.980740547180176
v 1.013611078262329 5.513855934143066 7.916154861450195
v 1.013611078262329 5.513855934143066 7.851187705993652
v 1.007928490638733 5.509727478027344 7.786602020263672
v 0.9966298341751099 5.501518249511719 7.723154067993164
v 0.9798476099967957 5.489325523376465 7.661588191986084
v 0.9577785730361938 5.473291397094727 7.602626323699951
v 0.9306815266609192 5.453604221343994 7.546958923339844
v 0.898874044418335 5.430494785308838 7.495239734649658
v 0.8627291917800903 5.404233932495117 7.448073863983154
v 0.822670578956604 5.375129699707031 7.406015396118164
v 0.7791679501533508 5.343523025512695 7.369556903839111
v 0.732731282711029 5.309784889221191 7.339126110076904
v 0.6839050650596619 5.27431058883667 7.315079212188721
v 0.6332616806030273 5.237515926361084 7.297698974609375
v 0.5813949108123779 5.199832439422607 7.287188529968262
v 0.572320282459259 5.209910869598389 8.480154037475586
v 0.6152188181877136 5.257554531097412 8.469643592834473
v 0.6571055054664612 5.304074287414551 8.452262878417969
v 0.6974892616271973 5.3489251136779785 8.428216934204102
v 0.7358965873718262 5.391581058502197 8.397785186767578
v 0.7718771696090698 5.431541442871094 8.361327171325684
v 0.8050093054771423 5.468338489532471 8.319268226623535
v 0.8349044322967529 5.501540184020996 8.272103309631348
v 0.8612120747566223 5.530757904052734 8.220383644104004
v 0.8836238384246826 5.5556488037109375 8.164716720581055
v 0.9018769264221191 5.575920581817627 8.105753898620605
v 0.9157572984695435 5.591336250305176 8.044188499450684
v 0.9251023530960083 5.601715087890625 7.980740547180176
v 0.929802417755127 5.606935024261475 7.916154861450195
v 0.929802417755127 5.606935024261475 7.851187705993652
v 0.9251023530960083 5.601715087890625 7.786602020263672
v 0.9157572984695435 5.591336250305176 7.723154067993164
v 0.9018769264221191 5.575920581817627 7.661588191986084
v 0.8836238384246826 5.5556488037109375 7.602626323699951
v 0.8612120747566223 5.530757904052734 7.546958923339844
v 0.8349044322967529 5.501540184020996 7.495239734649658
v 0.8050093054771423 5.468338489532471 7.448073863983154
v 0.7718771696090698 5.431541442871094 7.406015396118164
v 0.7358965873718262 5.391581058502197 7.369556903839111
v 0.6974892616271973 5.3489251136779785 7.339126110076904
v 0.6571055054664612 5.304074287414551 7.315079212188721
v 0.6152188181877136 5.257554531097412 7.297698974609375
v 0.572320282459259 5.209910869598389 7.287188529968262
v 0.561348557472229 5.2178826332092285 8.480154037475586
v 0.5934039950370789 5.273404121398926 8.469643592834473
v 0.6247032880783081 5.327616214752197 8.452262878417969
v 0.6548795700073242 5.3798828125 8.428216934204102
v 0.6835789680480957 5.429591655731201 8.397785186767578
v 0.7104650735855103 5.476160049438477 8.361327171325684
v 0.7352226972579956 5.519041061401367 8.319268226623535
v 0.757561445236206 5.557733058929443 8.272103309631348
v 0.7772195339202881 5.591782093048096 8.220383644104004
v 0.7939664125442505 5.62078857421875 8.164716720581055
v 0.8076058626174927 5.644412517547607 8.105753898620605
v 0.8179778456687927 5.66237735748291 8.044188499450684
v 0.8249608278274536 5.674472332000732 7.980740547180176
v 0.8284728527069092 5.68055534362793 7.916154861450195
v 0.8284728527069092 5.68055534362793 7.851187705993652
v 0.8249608278274536 5.674472332000732 7.786602020263672
v 0.8179778456687927 5.66237735748291 7.723154067993164
v 0.8076058626174927 5.644412517547607 7.661588191986084
v 0.7939664125442505 5.62078857421875 7.602626323699951
v 0.7772195339202881 5.591782093048096 7.546958923339844
v 0.757561445236206 5.557733058929443 7.495239734649658
v 0.7352226972579956 5.519041061401367 7.448073863983154
v 0.7104650735855103 5.476160049438477 7.406015396118164
v 0.6835789680480957 5.429591655731201 7.369556903839111
v 0.6548795700073242 5.3798828125 7.339126110076904
v 0.6247032880783081 5.327616214752197 7.315079212188721
v 0.5934039950370789 5.273404121398926 7.297698974609375
v 0.561348557472229 5.2178826332092285 7.287188529968262
v 0.5489591956138611 5.223398685455322 8.480154037475586
v 0.5687705278396606 5.284371376037598 8.469643592834473
v 0.5881146192550659 5.343906402587891 8.452262878417969
v 0.606764554977417 5.401305198669434 8.428216934204102
v 0.6245017647743225 5.455894470214844 8.397785186767578
v 0.6411182880401611 5.507035255432129 8.361327171325684
v 0.6564193367958069 5.554126739501953 8.319268226623535
v 0.6702254414558411 5.596617698669434 8.272103309631348
v 0.6823748350143433 5.63400936126709 8.220383644104004
v 0.6927250027656555 5.665863990783691 8.164716720581055
v 0.7011545896530151 5.691807746887207 8.105753898620605
v 0.7075648307800293 5.711536407470703 8.044188499450684
v 0.7118805646896362 5.724818706512451 7.980740547180176
v 0.7140511274337769 5.731499195098877 7.916154861450195
v 0.7140511274337769 5.731499195098877 7.851187705993652
v 0.7118805646896362 5.724818706512451 7.786602020263672
v 0.7075648307800293 5.711536407470703 7.723154067993164
v 0.7011545896530151 5.691807746887207 7.661588191986084
v 0.6927250027656555 5.665863990783691 7.602626323699951
v 0.6823748350143433 5.63400936126709 7.546958923339844
v 0.6702254414558411 5.596617698669434 7.495239734649658
v 0.6564193367958069 5.554126739501953 7.448073863983154
v 0.6411182880401611 5.507035255432129 7.406015396118164
v 0.6245017647743225 5.455894470214844 7.369556903839111
v 0.606764554977417 5.401305198669434 7.339126110076904
v 0.5881146192550659 5.343906402587891 7.315079212188721
v 0.5687705278396606 5.284371376037598 7.297698974609375
v 0.5489591956138611 5.223398685455322 7.287188529968262
v 0.5356937646865845 5.226218223571777 8.480154037475586
v 0.5423951745033264 5.28997802734375 8.469643592834473
v 0.548938512802124 5.352233409881592 8.452262878417969
v 0.5552470684051514 5.41225528717041 8.428216934204102
v 0.5612468719482422 5.469339847564697 8.397785186767578
v 0.5668675899505615 5.522817611694336 8.361327171325684
v 0.5720433592796326 5.572061538696289 8.319268226623535
v 0.5767134428024292 5.616494178771973 8.272103309631348
v 0.5808230638504028 5.655594825744629 8.220383644104004
v 0.5843241214752197 5.688905239105225 8.164716720581055
v 0.5871755480766296 5.716034889221191 8.105753898620605
v 0.5893439054489136 5.73666524887085 8.044188499450684
v 0.5908037424087524 5.75055456161499 7.980740547180176
v 0.5915379524230957 5.757540225982666 7.916154861450195
v 0.5915379524230957 5.757540225982666 7.851187705993652
v 0.5908037424087524 5.75055456161499 7.786602020263672
v 0.5893439054489136 5.73666524887085 7.723154067993164
v 0.5871755480766296 5.716034889221191 7.661588191986084
v 0.5843241214752197 5.688905239105225 7.602626323699951
v 0.5808230638504028 5.655594825744629 7.546958923339844
v 0.5767134428024292 5.616494178771973 7.495239734649658
v 0.5720433592796326 5.572061538696289 7.448073863983154
v 0.5668675899505615 5.522817611694336 7.406015396118164
v 0.5612468719482422 5.469339847564697 7.369556903839111
v 0.5552470684051514 5.41225528717041 7.339126110076904
v 0.548938512802124 5.352233409881592 7.315079212188721
v 0.5423951745033264 5.28997802734375 7.297698974609375
v 0.5356937646865845 5.226218223571777 7.287188529968262
v 0.5221319198608398 5.226218223571777 8.480154037475586
v 0.5154305100440979 5.28997802734375 8.469643592834473
v 0.5088871717453003 5.352233409881592 8.452262878417969
v 0.502578616142273 5.41225528717041 8.428216934204102
v 0.49657881259918213 5.469339847564697 8.397785186767578
v 0.4909580945968628 5.522817611694336 8.361327171325684
v 0.48578232526779175 5.572061538696289 8.319268226623535
v 0.4811122715473175 5.616494178771973 8.272103309631348
v 0.4770026206970215 5.655594825744629 8.220383644104004
v 0.4735015630722046 5.688905239105225 8.164716720581055
v 0.4706501364707947 5.716034889221191 8.105753898620605
v 0.46848180890083313 5.73666524887085 8.044188499450684
v 0.46702197194099426 5.75055456161499 7.980740547180176
v 0.4662877321243286 5.757540225982666 7.916154861450195
v 0.4662877321243286 5.757540225982666 7.851187705993652
v 0.46702197194099426 5.75055456161499 7.786602020263672
v 0.46848180890083313 5.73666524887085 7.723154067993164
v 0.4706501364707947 5.716034889221191 7.661588191986084
v 0.4735015630722046 5.688905239105225 7.602626323699951
v 0.4770026206970215 5.655594825744629 7.546958923339844
v 0.4811122715473175 5.616494178771973 7.495239734649658
v 0.48578232526779175 5.572061538696289 7.448073863983154
v 0.4909580945968628 5.522817611694336 7.406015396118164
v 0.49657881259918213 5.469339847564697 7.369556903839111
v 0.502578616142273 5.41225528717041 7.339126110076904
v 0.5088871717453003 5.352233409881592 7.315079212188721
v 0.5154305100440979 5.28997802734375 7.297698974609375
v 0.5221319198608398 5.226218223571777 7.287188529968262
v 0.5088664889335632 5.223398685455322 8.480154037475586
v 0.4890551269054413 5.284371376037598 8.469643592834473
v 0.4697110950946808 5.343906402587891 8.452262878417969
v 0.4510611295700073 5.401305198669434 8.428216934204102
v 0.4333238899707794 5.455894470214844 8.397785186767578
v 0.4167073667049408 5.507035255432129 8.361327171325684
v 0.40140634775161743 5.554126739501953 8.319268226623535
v 0.38760024309158325 5.596617698669434 8.272103309631348
v 0.37545084953308105 5.63400936126709 8.220383644104004
v 0.3651006817817688 5.665863990783691 8.164716720581055
v 0.3566710948944092 5.691807746887207 8.105753898620605
v 0.350260853767395 5.711536407470703 8.044188499450684
v 0.3459451496601105 5.724818706512451 7.980740547180176
v 0.34377455711364746 5.731499195098877 7.916154861450195
v 0.34377455711364746 5.731499195098877 7.851187705993652
v 0.3459451496601105 5.724818706512451 7.786602020263672
v 0.350260853767395 5.711536407470703 7.723154067993164
v 0.3566710948944092 5.691807746887207 7.661588191986084
v 0.3651006817817688 5.665863990783691 7.602626323699951
v 0.37545084953308105 5.63400936126709 7.546958923339844
v 0.38760024309158325 5.596617698669434 7.495239734649658
v 0.40140634775161743 5.554126739501953 7.448073863983154
v 0.4167073667049408 5.507035255432129 7.406015396118164
v 0.4333238899707794 5.455894470214844 7.369556903839111
v 0.4510611295700073 5.401305198669434 7.339126110076904
v 0.4697110950946808 5.343906402587891 7.315079212188721
v 0.4890551269054413 5.284371376037598 7.297698974609375
v 0.5088664889335632 5.223398685455322 7.287188529968262
v 0.4964771270751953 5.2178826332092285 8.480154037475586
v 0.46442171931266785 5.273404121398926 8.469643592834473
v 0.4331223964691162 5.327616214752197 8.452262878417969
v 0.4029461145401001 5.3798828125 8.428216934204102
v 0.3742466866970062 5.429591655731201 8.397785186767578
v 0.3473605811595917 5.476160049438477 8.361327171325684
v 0.3226029872894287 5.519041061401367 8.319268226623535
v 0.30026423931121826 5.557733058929443 8.272103309631348
v 0.28060615062713623 5.591782093048096 8.220383644104004
v 0.26385924220085144 5.62078857421875 8.164716720581055
v 0.25021982192993164 5.644412517547607 8.105753898620605
v 0.2398478388786316 5.66237735748291 8.044188499450684
v 0.2328648865222931 5.674472332000732 7.980740547180176
v 0.22935283184051514 5.68055534362793 7.916154861450195
v 0.22935283184051514 5.68055534362793 7.851187705993652
v 0.2328648865222931 5.674472332000732 7.786602020263672
v 0.2398478388786316 5.66237735748291 7.723154067993164
v 0.25021982192993164 5.644412517547607 7.661588191986084
v 0.26385924220085144 5.62078857421875 7.602626323699951
v 0.28060615062713623 5.591782093048096 7.546958923339844
v 0.30026423931121826 5.557733058929443 7.495239734649658
v 0.3226029872894287 5.519041061401367 7.448073863983154
v 0.3473605811595917 5.476160049438477 7.406015396118164
v 0.3742466866970062 5.429591655731201 7.369556903839111
v 0.4029461145401001 5.3798828125 7.339126110076904
v 0.4331223964691162 5.327616214752197 7.315079212188721
v 0.46442171931266785 5.273404121398926 7.297698974609375
v 0.4964771270751953 5.2178826332092285 7.287188529968262
v 0.4855054020881653 5.209910869598389 8.480154037475586
v 0.4426068663597107 5.257554531097412 8.469643592834473
v 0.40072017908096313 5.304074287414551 8.452262878417969
v 0.36033645272254944 5.3489251136779785 8.428216934204102
v 0.32192912697792053 5.391581058502197 8.397785186767578
v 0.2859484851360321 5.431541442871094 8.361327171325684
v 0.252816379070282 5.468338489532471 8.319268226623535
v 0.22292128205299377 5.501540184020996 8.272103309631348
v 0.196613609790802 5.530757904052734 8.220383644104004
v 0.1742018759250641 5.5556488037109375 8.164716720581055
v 0.15594878792762756 5.575920581817627 8.105753898620605
v 0.14206835627555847 5.591336250305176 8.044188499450684
v 0.13272333145141602 5.601715087890625 7.980740547180176
v 0.12802326679229736 5.606935024261475 7.916154861450195
v 0.12802326679229736 5.606935024261475 7.851187705993652
v 0.13272333145141602 5.601715087890625 7.786602020263672
v 0.14206835627555847 5.591336250305176 7.723154067993164
v 0.15594878792762756 5.575920581817627 7.661588191986084
v 0.1742018759250641 5.5556488037109375 7.602626323699951
v 0.196613609790802 5.530757904052734 7.546958923339844
v 0.22292128205299377 5.501540184020996 7.495239734649658
v 0.252816379070282 5.468338489532471 7.448073863983154
v 0.2859484851360321 5.431541442871094 7.406015396118164
v 0.32192912697792053 5.391581058502197 7.369556903839111
v 0.36033645272254944 5.3489251136779785 7.339126110076904
v 0.40072017908096313 5.304074287414551 7.315079212188721
v 0.4426068663597107 5.257554531097412 7.297698974609375
v 0.4855054020881653 5.209910869598389 7.287188529968262
v 0.4764307737350464 5.199832439422607 8.480154037475586
v 0.424564003944397 5.237515926361084 8.469643592834473
v 0.37392061948776245 5.27431058883667 8.452262878417969
v 0.32509440183639526 5.309784889221191 8.428216934204102
v 0.2786577343940735 5.343523025512695 8.397785186767578
v 0.2351551055908203 5.375129699707031 8.361327171325684
v 0.19509652256965637 5.404233932495117 8.319268226623535
v 0.15895161032676697 5.430494785308838 8.272103309631348
v 0.12714415788650513 5.453604221343994 8.220383644104004
v 0.10004708170890808 5.473291397094727 8.164716720581055
v 0.07797807455062866 5.489325523376465 8.105753898620605
v 0.06119585037231445 5.501518249511719 8.044188499450684
v 0.049897193908691406 5.509727478027344 7.980740547180176
v 0.04421454668045044 5.513855934143066 7.916154861450195
v 0.04421454668045044 5.513855934143066 7.851187705993652
v 0.049897193908691406 5.509727478027344 7.786602020263672
v 0.06119585037231445 5.501518249511719 7.723154067993164
v 0.07797807455062866 5.489325523376465 7.661588191986084
v 0.10004708170890808 5.473291397094727 7.602626323699951
v 0.12714415788650513 5.453604221343994 7.546958923339844
v 0.15895161032676697 5.430494785308838 7.495239734649658
v 0.19509652256965637 5.404233932495117 7.448073863983154
v 0.2351551055908203 5.375129699707031 7.406015396118164
v 0.2786577343940735 5.343523025512695 7.369556903839111
v 0.32509440183639526 5.309784889221191 7.339126110076904
v 0.37392061948776245 5.27431058883667 7.315079212188721
v 0.424564003944397 5.237515926361084 7.297698974609375
v 0.4764307737350464 5.199832439422607 7.287188529968262
v 0.4696498513221741 5.1880879402160645 8.480154037475586
v 0.4110816717147827 5.214163780212402 8.469643592834473
v 0.3538949489593506 5.239624977111816 8.452262878417969
v 0.29876017570495605 5.264172554016113 8.428216934204102
v 0.24632370471954346 5.2875189781188965 8.397785186767578
v 0.19720035791397095 5.309390068054199 8.361327171325684
v 0.15196600556373596 5.329529762268066 8.319268226623535
v 0.11115103960037231 5.347701549530029 8.272103309631348
v 0.07523393630981445 5.3636932373046875 8.220383644104004
v 0.04463580250740051 5.377315998077393 8.164716720581055
v 0.01971536874771118 5.388411521911621 8.105753898620605
v 0.0007647871971130371 5.396848678588867 8.044188499450684
v -0.011993706226348877 5.402529239654541 7.980740547180176
v -0.018410563468933105 5.405386447906494 7.916154861450195
v -0.018410563468933105 5.405386447906494 7.851187705993652
v -0.011993706226348877 5.402529239654541 7.786602020263672
v 0.0007647871971130371 5.396848678588867 7.723154067993164
v 0.01971536874771118 5.388411521911621 7.661588191986084
v 0.04463580250740051 5.377315998077393 7.602626323699951
v 0.07523393630981445 5.3636932373046875 7.546958923339844
v 0.11115103960037231 5.347701549530029 7.495239734649658
v 0.15196600556373596 5.329529762268066 7.448073863983154
v 0.19720035791397095 5.309390068054199 7.406015396118164
v 0.24632370471954346 5.2875189781188965 7.369556903839111
v 0.29876017570495605 5.264172554016113 7.339126110076904
v 0.3538949489593506 5.239624977111816 7.315079212188721
v 0.4110816717147827 5.214163780212402 7.297698974609375
v 0.4696498513221741 5.1880879402160645 7.287188529968262
v 0.46545901894569397 5.17518949508667 8.480154037475586
v 0.4027491509914398 5.18851900100708 8.469643592834473
v 0.34151843190193176 5.201534271240234 8.452262878417969
v 0.2824847102165222 5.21408224105835 8.428216934204102
v 0.2263401746749878 5.226016044616699 8.397785186767578
v 0.17374300956726074 5.23719596862793 8.361327171325684
v 0.12530988454818726 5.247490406036377 8.319268226623535
v 0.08160865306854248 5.256779670715332 8.272103309631348
v 0.043151646852493286 5.264954090118408 8.220383644104004
v 0.010389745235443115 5.271917819976807 8.164716720581055
v -0.016292989253997803 5.277589321136475 8.105753898620605
v -0.03658360242843628 5.281902313232422 8.044188499450684
v -0.05024433135986328 5.284805774688721 7.980740547180176
v -0.057115018367767334 5.286266326904297 7.916154861450195
v -0.057115018367767334 5.286266326904297 7.851187705993652
v -0.05024433135986328 5.284805774688721 7.786602020263672
v -0.03658360242843628 5.281902313232422 7.723154067993164
v -0.016292989253997803 5.277589321136475 7.661588191986084
v 0.010389745235443115 5.271917819976807 7.602626323699951
v 0.043151646852493286 5.264954090118408 7.546958923339844
v 0.08160865306854248 5.256779670715332 7.495239734649658
v 0.12530988454818726 5.247490406036377 7.448073863983154
v 0.17374300956726074 5.23719596862793 7.406015396118164
v 0.2263401746749878 5.226016044616699 7.369556903839111
v 0.2824847102165222 5.21408224105835 7.339126110076904
v 0.34151843190193176 5.201534271240234 7.315079212188721
v 0.4027491509914398 5.18851900100708 7.297698974609375
v 0.46545901894569397 5.17518949508667 7.287188529968262
v 0.46404144167900085 5.1617021560668945 8.480154037475586
v 0.39993059635162354 5.1617021560668945 8.469643592834473
v 0.3373319208621979 5.1617021560668945 8.452262878417969
v 0.27697938680648804 5.1617021560668945 8.428216934204102
v 0.2195805311203003 5.1617021560668945 8.397785186767578
v 0.1658083200454712 5.1617021560668945 8.361327171325684
v 0.11629316210746765 5.1617021560668945 8.319268226623535
v 0.07161560654640198 5.1617021560668945 8.272103309631348
v 0.032299429178237915 5.1617021560668945 8.220383644104004
v -0.0011943578720092773 5.1617021560668945 8.164716720581055
v -0.028473198413848877 5.1617021560668945 8.105753898620605
v -0.049217164516448975 5.1617021560668945 8.044188499450684
v -0.06318306922912598 5.1617021560668945 7.980740547180176
v -0.07020717859268188 5.1617021560668945 7.916154861450195
v -0.07020717859268188 5.1617021560668945 7.851187705993652
v -0.06318306922912598 5.1617021560668945 7.786602020263672
v -0.049217164516448975 5.1617021560668945 7.723154067993164
v -0.028473198413848877 5.1617021560668945 7.661588191986084
v -0.0011943578720092773 5.1617021560668945 7.602626323699951
v 0.032299429178237915 5.1617021560668945 7.546958923339844
v 0.07161560654640198 5.1617021560668945 7.495239734649658
v 0.11629316210746765 5.1617021560668945 7.448073863983154
v 0.1658083200454712 5.1617021560668945 7.406015396118164
v 0.2195805311203003 5.1617021560668945 7.369556903839111
v 0.27697938680648804 5.1617021560668945 7.339126110076904
v 0.3373319208621979 5.1617021560668945 7.315079212188721
v 0.39993059635162354 5.1617021560668945 7.297698974609375
v 0.46404144167900085 5.1617021560668945 7.287188529968262
v 0.46545901894569397 5.148214817047119 8.480154037475586
v 0.4027491509914398 5.134885311126709 8.469643592834473
v 0.34151843190193176 5.121870040893555 8.452262878417969
v 0.2824847102165222 5.1093220710754395 8.428216934204102
v 0.2263401746749878 5.09738826751709 8.397785186767578
v 0.17374300956726074 5.086208343505859 8.361327171325684
v 0.12530988454818726 5.075913906097412 8.319268226623535
v 0.08160865306854248 5.066624641418457 8.272103309631348
v 0.043151646852493286 5.058450222015381 8.220383644104004
v 0.010389745235443115 5.051486492156982 8.164716720581055
v -0.016292989253997803 5.0458149909973145 8.105753898620605
v -0.03658360242843628 5.041501998901367 8.044188499450684
v -0.05024433135986328 5.038598537445068 7.980740547180176
v -0.057115018367767334 5.037137985229492 7.916154861450195
v -0.057115018367767334 5.037137985229492 7.851187705993652
v -0.05024433135986328 5.038598537445068 7.786602020263672
v -0.03658360242843628 5.041501998901367 7.723154067993164
v -0.016292989253997803 5.0458149909973145 7.661588191986084
v 0.010389745235443115 5.051486492156982 7.602626323699951
v 0.043151646852493286 5.058450222015381 7.546958923339844
v 0.08160865306854248 5.066624641418457 7.495239734649658
v 0.12530988454818726 5.075913906097412 7.448073863983154
v 0.17374300956726074 5.086208343505859 7.406015396118164
v 0.2263401746749878 5.09738826751709 7.369556903839111
v 0.2824847102165222 5.1093220710754395 7.339126110076904
v 0.34151843190193176 5.121870040893555 7.315079212188721
v 0.4027491509914398 5.134885311126709 7.297698974609375
v 0.46545901894569397 5.148214817047119 7.287188529968262
v 0.4696498513221741 5.135316371917725 8.480154037475586
v 0.4110816717147827 5.109240531921387 8.469643592834473
v 0.3538949489593506 5.083779335021973 8.452262878417969
v 0.29876017570495605 5.059231758117676 8.428216934204102
v 0.24632370471954346 5.035885334014893 8.397785186767578
v 0.19720035791397095 5.01401424407959 8.361327171325684
v 0.15196600556373596 4.993874549865723 8.319268226623535
v 0.11115103960037231 4.97570276260376 8.272103309631348
v 0.07523393630981445 4.959711074829102 8.220383644104004
v 0.04463580250740051 4.9460883140563965 8.164716720581055
v 0.01971536874771118 4.934992790222168 8.105753898620605
v 0.0007647871971130371 4.926555633544922 8.044188499450684
v -0.011993706226348877 4.920875072479248 7.980740547180176
v -0.018410563468933105 4.918017864227295 7.916154861450195
v -0.018410563468933105 4.918017864227295 7.851187705993652
v -0.011993706226348877 4.920875072479248 7.786602020263672
v 0.0007647871971130371 4.926555633544922 7.723154067993164
v 0.01971536874771118 4.934992790222168 7.661588191986084
v 0.04463580250740051 4.9460883140563965 7.602626323699951
v 0.07523393630981445 4.959711074829102 7.546958923339844
v 0.11115103960037231 4.97570276260376 7.495239734649658
v 0.15196600556373596 4.993874549865723 7.448073863983154
v 0.19720035791397095 5.01401424407959 7.406015396118164
v 0.24632370471954346 5.035885334014893 7.369556903839111
v 0.29876017570495605 5.059231758117676 7.339126110076904
v 0.3538949489593506 5.083779335021973 7.315079212188721
v 0.4110816717147827 5.109240531921387 7.297698974609375
v 0.4696498513221741 5.135316371917725 7.287188529968262
v 0.4764307737350464 5.123571872711182 8.480154037475586
v 0.424564003944397 5.085888385772705 8.469643592834473
v 0.37392061948776245 5.049093723297119 8.452262878417969
v 0.32509440183639526 5.013619422912598 8.428216934204102
v 0.2786577343940735 4.979881286621094 8.397785186767578
v 0.2351551055908203 4.948274612426758 8.361327171325684
v 0.19509652256965637 4.919170379638672 8.319268226623535
v 0.15895161032676697 4.892909526824951 8.272103309631348
v 0.12714415788650513 4.869800090789795 8.220383644104004
v 0.10004708170890808 4.8501129150390625 8.164716720581055
v 0.07797807455062866 4.834078788757324 8.105753898620605
v 0.06119585037231445 4.82188606262207 8.044188499450684
v 0.049897193908691406 4.813676834106445 7.980740547180176
v 0.04421454668045044 4.809548377990723 7.916154861450195
v 0.04421454668045044 4.809548377990723 7.851187705993652
v 0.049897193908691406 4.813676834106445 7.786602020263672
v 0.06119585037231445 4.82188606262207 7.723154067993164
v 0.07797807455062866 4.834078788757324 7.661588191986084
v 0.10004708170890808 4.8501129150390625 7.602626323699951
v 0.12714415788650513 4.869800090789795 7.546958923339844
v 0.15895161032676697 4.892909526824951 7.495239734649658
v 0.19509652256965637 4.919170379638672 7.448073863983154
v 0.2351551055908203 4.948274612426758 7.406015396118164
v 0.2786577343940735 4.979881286621094 7.369556903839111
v 0.32509440183639526 5.013619422912598 7.339126110076904
v 0.37392061948776245 5.049093723297119 7.315079212188721
v 0.424564003944397 5.085888385772705 7.297698974609375
v 0.4764307737350464 5.123571872711182 7.287188529968262
v 0.4855054020881653 5.1134934425354 8.480154037475586
v 0.4426068663597107 5.065849781036377 8.469643592834473
v 0.40072017908096313 5.019330024719238 8.452262878417969
v 0.36033645272254944 4.9744791984558105 8.428216934204102
v 0.32192912697792053 4.931823253631592 8.397785186767578
v 0.2859484851360321 4.891862869262695 8.361327171325684
v 0.252816379070282 4.855065822601318 8.319268226623535
v 0.22292128205299377 4.821864128112793 8.272103309631348
v 0.196613609790802 4.792646408081055 8.220383644104004
v 0.1742018759250641 4.767755508422852 8.164716720581055
v 0.15594878792762756 4.747483730316162 8.105753898620605
v 0.14206835627555847 4.732068061828613 8.044188499450684
v 0.13272333145141602 4.721689224243164 7.980740547180176
v 0.12802326679229736 4.7164692878723145 7.916154861450195
v 0.12802326679229736 4.7164692878723145 7.851187705993652
v 0.13272333145141602 4.721689224243164 7.786602020263672
v 0.14206835627555847 4.732068061828613 7.723154067993164
v 0.15594878792762756 4.747483730316162 7.661588191986084
v 0.1742018759250641 4.767755508422852 7.602626323699951
v 0.196613609790802 4.792646408081055 7.546958923339844
v 0.22292128205299377 4.821864128112793 7.495239734649658
v 0.252816379070282 4.855065822601318 7.448073863983154
v 0.2859484851360321 4.891862869262695 7.406015396118164
v 0.32192912697792053 4.931823253631592 7.369556903839111
v 0.36033645272254944 4.9744791984558105 7.339126110076904
v 0.40072017908096313 5.019330024719238 7.315079212188721
v 0.4426068663597107 5.065849781036377 7.297698974609375
v 0.4855054020881653 5.1134934425354 7.287188529968262
v 0.4964771270751953 5.1055216789245605 8.480154037475586
v 0.46442171931266785 5.050000190734863 8.469643592834473
v 0.4331223964691162 4.995788097381592 8.452262878417969
v 0.4029461145401001 4.943521499633789 8.428216934204102
v 0.3742466866970062 4.893812656402588 8.397785186767578
v 0.3473605811595917 4.8472442626953125 8.361327171325684
v 0.3226029872894287 4.804363250732422 8.319268226623535
v 0.30026423931121826 4.765671253204346 8.272103309631348
v 0.28060615062713623 4.731622219085693 8.220383644104004
v 0.26385924220085144 4.702615737915039 8.164716720581055
v 0.25021982192993164 4.678991794586182 8.105753898620605
v 0.2398478388786316 4.661026954650879 8.044188499450684
v 0.2328648865222931 4.648931980133057 7.980740547180176
v 0.22935283184051514 4.642848968505859 7.916154861450195
v 0.22935283184051514 4.642848968505859 7.851187705993652
v 0.2328648865222931 4.648931980133057 7.786602020263672
v 0.2398478388786316 4.661026954650879 7.723154067993164
v 0.25021982192993164 4.678991794586182 7.661588191986084
v 0.26385924220085144 4.702615737915039 7.602626323699951
v 0.28060615062713623 4.731622219085693 7.546958923339844
v 0.30026423931121826 4.765671253204346 7.495239734649658
v 0.3226029872894287 4.804363250732422 7.448073863983154
v 0.3473605811595917 4.8472442626953125 7.406015396118164
v 0.3742466866970062 4.893812656402588 7.369556903839111
v 0.4029461145401001 4.943521499633789 7.339126110076904
v 0.4331223964691162 4.995788097381592 7.315079212188721
v 0.46442171931266785 5.050000190734863 7.297698974609375
v 0.4964771270751953 5.1055216789245605 7.287188529968262
v 0.5088664889335632 5.100005626678467 8.480154037475586
v 0.4890551269054413 5.039032936096191 8.469643592834473
v 0.4697110950946808 4.979497909545898 8.452262878417969
v 0.4510611295700073 4.9220991134643555 8.428216934204102
v 0.4333238899707794 4.867509841918945 8.397785186767578
v 0.4167073667049408 4.81636905670166 8.361327171325684
v 0.40140634775161743 4.769277572631836 8.319268226623535
v 0.38760024309158325 4.7267866134643555 8.272103309631348
v 0.37545084953308105 4.689394950866699 8.220383644104004
v 0.3651006817817688 4.657540321350098 8.164716720581055
v 0.3566710948944092 4.631596565246582 8.105753898620605
v 0.350260853767395 4.611867904663086 8.044188499450684
v 0.3459451496601105 4.598585605621338 7.980740547180176
v 0.34377455711364746 4.591905117034912 7.916154861450195
v 0.34377455711364746 4.591905117034912 7.851187705993652
v 0.3459451496601105 4.598585605621338 7.786602020263672
v 0.350260853767395 4.611867904663086 7.723154067993164
v 0.3566710948944092 4.631596565246582 7.661588191986084
v 0.3651006817817688 4.657540321350098 7.602626323699951
v 0.37545084953308105 4.689394950866699 7.546958923339844
v 0.38760024309158325 4.7267866134643555 7.495239734649658
v 0.40140634775161743 4.769277572631836 7.448073863983154
v 0.4167073667049408 4.81636905670166 7.406015396118164
v 0.4333238899707794 4.867509841918945 7.369556903839111
v 0.4510611295700073 4.9220991134643555 7.339126110076904
v 0.4697110950946808 4.979497909545898 7.315079212188721
v 0.4890551269054413 5.039032936096191 7.297698974609375
v 0.5088664889335632 5.100005626678467 7.287188529968262
v 0.5221319198608398 5.097186088562012 8.480154037475586
v 0.5154305100440979 5.033426284790039 8.469643592834473
v 0.5088871717453003 4.971170902252197 8.452262878417969
v 0.502578616142273 4.911149024963379 8.428216934204102
v 0.49657881259918213 4.854064464569092 8.397785186767578
v 0.4909580945968628 4.800586700439453 8.361327171325684
v 0.48578232526779175 4.7513427734375 8.319268226623535
v 0.4811122715473175 4.706910133361816 8.272103309631348
v 0.4770026206970215 4.66780948638916 8.220383644104004
v 0.4735015630722046 4.6344990730285645 8.164716720581055
v 0.4706501364707947 4.607369422912598 8.105753898620605
v 0.46848180890083313 4.5867390632629395 8.044188499450684
v 0.46702197194099426 4.572849750518799 7.980740547180176
v 0.4662877321243286 4.565864086151123 7.916154861450195
v 0.4662877321243286 4.565864086151123 7.851187705993652
v 0.46702197194099426 4.572849750518799 7.786602020263672
v 0.46848180890083313 4.5867390632629395 7.723154067993164
v 0.4706501364707947 4.607369422912598 7.661588191986084
v 0.4735015630722046 4.6344990730285645 7.602626323699951
v 0.4770026206970215 4.66780948638916 7.546958923339844
v 0.4811122715473175 4.706910133361816 7.495239734649658
v 0.48578232526779175 4.7513427734375 7.448073863983154
v 0.4909580945968628 4.800586700439453 7.406015396118164
v 0.49657881259918213 4.854064464569092 7.369556903839111
v 0.502578616142273 4.911149024963379 7.339126110076904
v 0.5088871717453003 4.971170902252197 7.315079212188721
v 0.5154305100440979 5.033426284790039 7.297698974609375
v 0.5221319198608398 5.097186088562012 7.287188529968262
v 0.5356937646865845 5.097186088562012 8.480154037475586
v 0.5423951745033264 5.033426284790039 8.469643592834473
v 0.548938512802124 4.971170902252197 8.452262878417969
v 0.5552470684051514 4.911149024963379 8.428216934204102
v 0.5612468719482422 4.854064464569092 8.397785186767578
v 0.5668675899505615 4.800586700439453 8.361327171325684
v 0.5720433592796326 4.7513427734375 8.319268226623535
v 0.5767134428024292 4.706910133361816 8.272103309631348
v 0.5808230638504028 4.66780948638916 8.220383644104004
v 0.5843241214752197 4.6344990730285645 8.164716720581055
v 0.5871755480766296 4.607369422912598 8.105753898620605
v 0.5893439054489136 4.5867390632629395 8.044188499450684
v 0.5908037424087524 4.572849750518799 7.980740547180176
v 0.5915379524230957 4.565864086151123 7.916154861450195
v 0.5915379524230957 4.565864086151123 7.851187705993652
v 0.5908037424087524 4.572849750518799 7.786602020263672
v 0.5893439054489136 4.5867390632629395 7.723154067993164
v 0.5871755480766296 4.607369422912598 7.661588191986084
v 0.5843241214752197 4.6344990730285645 7.602626323699951
v 0.5808230638504028 4.66780948638916 7.546958923339844
v 0.5767134428024292 4.706910133361816 7.495239734649658
v 0.5720433592796326 4.7513427734375 7.448073863983154
v 0.5668675899505615 4.800586700439453 7.406015396118164
v 0.5612468719482422 4.854064464569092 7.369556903839111
v 0.5552470684051514 4.911149024963379 7.339126110076904
v 0.548938512802124 4.971170902252197 7.315079212188721
v 0.5423951745033264 5.033426284790039 7.297698974609375
v 0.5356937646865845 5.097186088562012 7.287188529968262
v 0.5489591956138611 5.100005626678467 8.480154037475586
v 0.5687705278396606 5.039032936096191 8.469643592834473
v 0.5881146192550659 4.979497909545898 8.452262878417969
v 0.606764554977417 4.9220991134643555 8.428216934204102
v 0.6245017647743225 4.867509841918945 8.397785186767578
v 0.6411182880401611 4.81636905670166 8.361327171325684
v 0.6564193367958069 4.769277572631836 8.319268226623535
v 0.6702254414558411 4.7267866134643555 8.272103309631348
v 0.6823748350143433 4.689394950866699 8.220383644104004
v 0.6927250027656555 4.657540321350098 8.164716720581055
v 0.7011545896530151 4.631596565246582 8.105753898620605
v 0.7075648307800293 4.611867904663086 8.044188499450684
v 0.7118805646896362 4.598585605621338 7.980740547180176
v 0.7140511274337769 4.591905117034912 7.916154861450195
v 0.7140511274337769 4.591905117034912 7.851187705993652
v 0.7118805646896362 4.598585605621338 7.786602020263672
v 0.7075648307800293 4.611867904663086 7.723154067993164
v 0.7011545896530151 4.631596565246582 7.661588191986084
v 0.6927250027656555 4.657540321350098 7.602626323699951
v 0.6823748350143433 4.689394950866699 7.546958923339844
v 0.6702254414558411 4.7267866134643555 7.495239734649658
v 0.6564193367958069 4.769277572631836 7.448073863983154
v 0.6411182880401611 4.81636905670166 7.406015396118164
v 0.6245017647743225 4.867509841918945 7.369556903839111
v 0.606764554977417 4.9220991134643555 7.339126110076904
v 0.5881146192550659 4.979497909545898 7.315079212188721
v 0.5687705278396606 5.039032936096191 7.297698974609375
v 0.5489591956138611 5.100005626678467 7.287188529968262
v 0.561348557472229 5.1055216789245605 8.480154037475586
v 0.5934039950370789 5.050000190734863 8.469643592834473
v 0.6247032880783081 4.995788097381592 8.452262878417969
v 0.6548795700073242 4.943521499633789 8.428216934204102
v 0.6835789680480957 4.893812656402588 8.397785186767578
v 0.7104650735855103 4.8472442626953125 8.361327171325684
v 0.7352226972579956 4.804363250732422 8.319268226623535
v 0.757561445236206 4.765671253204346 8.272103309631348
v 0.7772195339202881 4.731622219085693 8.220383644104004
v 0.7939664125442505 4.702615737915039 8.164716720581055
v 0.8076058626174927 4.678991794586182 8.105753898620605
v 0.8179778456687927 4.661026954650879 8.044188499450684
v 0.8249608278274536 4.648931980133057 7.980740547180176
v 0.8284728527069092 4.642848968505859 7.916154861450195
v 0.8284728527069092 4.642848968505859 7.851187705993652
v 0.8249608278274536 4.648931980133057 7.786602020263672
v 0.8179778456687927 4.661026954650879 7.723154067993164
v 0.8076058626174927 4.678991794586182 7.661588191986084
v 0.7939664125442505 4.702615737915039 7.602626323699951
v 0.7772195339202881 4.731622219085693 7.546958923339844
v 0.757561445236206 4.765671253204346 7.495239734649658
v 0.7352226972579956 4.804363250732422 7.448073863983154
v 0.7104650735855103 4.8472442626953125 7.406015396118164
v 0.6835789680480957 4.893812656402588 7.369556903839111
v 0.6548795700073242 4.943521499633789 7.339126110076904
v 0.6247032880783081 4.995788097381592 7.315079212188721
v 0.5934039950370789 5.050000190734863 7.297698974609375
v 0.561348557472229 5.1055216789245605 7.287188529968262
v 0.572320282459259 5.1134934425354 8.480154037475586
v 0.6152188181877136 5.065849781036377 8.469643592834473
v 0.6571055054664612 5.019330024719238 8.452262878417969
v 0.6974892616271973 4.9744791984558105 8.428216934204102
v 0.7358965873718262 4.931823253631592 8.397785186767578
v 0.7718771696090698 4.891862869262695 8.361327171325684
v 0.8050093054771423 4.855065822601318 8.319268226623535
v 0.8349044322967529 4.821864128112793 8.272103309631348
v 0.8612120747566223 4.792646408081055 8.220383644104004
v 0.8836238384246826 4.767755508422852 8.164716720581055
v 0.9018769264221191 4.747483730316162 8.105753898620605
v 0.9157572984695435 4.732068061828613 8.044188499450684
v 0.9251023530960083 4.721689224243164 7.980740547180176
v 0.929802417755127 4.7164692878723145 7.916154861450195
v 0.929802417755127 4.7164692878723145 7.851187705993652
v 0.9251023530960083 4.721689224243164 7.786602020263672
v 0.9157572984695435 4.732068061828613 7.723154067993164
v 0.9018769264221191 4.747483730316162 7.661588191986084
v 0.8836238384246826 4.767755508422852 7.602626323699951
v 0.8612120747566223 4.792646408081055 7.546958923339844
v 0.8349044322967529 4.821864128112793 7.495239734649658
v 0.8050093054771423 4.855065822601318 7.448073863983154
v 0.7718771696090698 4.891862869262695 7.406015396118164
v 0.7358965873718262 4.931823253631592 7.369556903839111
v 0.6974892616271973 4.9744791984558105 7.339126110076904
v 0.6571055054664612 5.019330024719238 7.315079212188721
v 0.6152188181877136 5.065849781036377 7.297698974609375
v 0.572320282459259 5.1134934425354 7.287188529968262
v 0.5813949108123779 5.123571872711182 8.480154037475586
v 0.6332616806030273 5.085888385772705 8.469643592834473
v 0.6839050650596619 5.049093723297119 8.452262878417969
v 0.732731282711029 5.013619422912598 8.428216934204102
v 0.7791679501533508 4.979881286621094 8.397785186767578
v 0.822670578956604 4.948274612426758 8.361327171325684
v 0.8627291917800903 4.919170379638672 8.319268226623535
v 0.898874044418335 4.892909526824951 8.272103309631348
v 0.9306815266609192 4.869800090789795 8.220383644104004
v 0.9577785730361938 4.8501129150390625 8.164716720581055
v 0.9798476099967957 4.834078788757324 8.105753898620605
v 0.9966298341751099 4.82188606262207 8.044188499450684
v 1.007928490638733 4.813676834106445 7.980740547180176
v 1.013611078262329 4.809548377990723 7.916154861450195
v 1.013611078262329 4.809548377990723 7.851187705993652
v 1.007928490638733 4.813676834106445 7.786602020263672
v 0.9966298341751099 4.82188606262207 7.723154067993164
v 0.9798476099967957 4.834078788757324 7.661588191986084
v 0.9577785730361938 4.8501129150390625 7.602626323699951
v 0.9306815266609192 4.869800090789795 7.546958923339844
v 0.898874044418335 4.892909526824951 7.495239734649658
v 0.8627291917800903 4.919170379638672 7.448073863983154
v 0.822670578956604 4.948274612426758 7.406015396118164
v 0.7791679501533508 4.979881286621094 7.369556903839111
v 0.732731282711029 5.013619422912598 7.339126110076904
v 0.6839050650596619 5.049093723297119 7.315079212188721
v 0.6332616806030273 5.085888385772705 7.297698974609375
v 0.5813949108123779 5.123571872711182 7.287188529968262
v 0.5881758332252502 5.135316371917725 8.480154037475586
v 0.6467440128326416 5.109240531921387 8.469643592834473
v 0.7039307355880737 5.083779335021973 8.452262878417969
v 0.7590655088424683 5.059231758117676 8.428216934204102
v 0.8115019798278809 5.035885334014893 8.397785186767578
v 0.8606253266334534 5.01401424407959 8.361327171325684
v 0.9058597087860107 4.993874549865723 8.319268226623535
v 0.946674644947052 4.97570276260376 8.272103309631348
v 0.9825917482376099 4.959711074829102 8.220383644104004
v 1.0131899118423462 4.9460883140563965 8.164716720581055
v 1.0381102561950684 4.934992790222168 8.105753898620605
v 1.057060956954956 4.926555633544922 8.044188499450684
v 1.069819450378418 4.920875072479248 7.980740547180176
v 1.0762362480163574 4.918017864227295 7.916154861450195
v 1.0762362480163574 4.918017864227295 7.851187705993652
v 1.069819450378418 4.920875072479248 7.786602020263672
v 1.057060956954956 4.926555633544922 7.723154067993164
v 1.0381102561950684 4.934992790222168 7.661588191986084
v 1.0131899118423462 4.9460883140563965 7.602626323699951
v 0.9825917482376099 4.959711074829102 7.546958923339844
v 0.946674644947052 4.97570276260376 7.495239734649658
v 0.9058597087860107 4.993874549865723 7.448073863983154
v 0.8606253266334534 5.01401424407959 7.406015396118164
v 0.8115019798278809 5.035885334014893 7.369556903839111
v 0.7590655088424683 5.059231758117676 7.339126110076904
v 0.7039307355880737 5.083779335021973 7.315079212188721
v 0.6467440128326416 5.109240531921387 7.297698974609375
v 0.5881758332252502 5.135316371917725 7.287188529968262
v 0.592366635799408 5.148214817047119 8.480154037475586
v 0.6550765037536621 5.134885311126709 8.469643592834473
v 0.7163072824478149 5.121870040893555 8.452262878417969
v 0.7753409743309021 5.1093220710754395 8.428216934204102
v 0.8314855098724365 5.09738826751709 8.397785186767578
v 0.8840826749801636 5.086208343505859 8.361327171325684
v 0.9325157999992371 5.075913906097412 8.319268226623535
v 0.9762170314788818 5.066624641418457 8.272103309631348
v 1.0146740674972534 5.058450222015381 8.220383644104004
v 1.047435998916626 5.051486492156982 8.164716720581055
v 1.0741186141967773 5.0458149909973145 8.105753898620605
v 1.0944092273712158 5.041501998901367 8.044188499450684
v 1.1080700159072876 5.038598537445068 7.980740547180176
v 1.1149406433105469 5.037137985229492 7.916154861450195
v 1.1149406433105469 5.037137985229492 7.851187705993652
v 1.1080700159072876 5.038598537445068 7.786602020263672
v 1.0944092273712158 5.041501998901367 7.723154067993164
v 1.0741186141967773 5.0458149909973145 7.661588191986084
v 1.047435998916626 5.051486492156982 7.602626323699951
v 1.0146740674972534 5.058450222015381 7.546958923339844
v 0.9762170314788818 5.066624641418457 7.495239734649658
v 0.9325157999992371 5.075913906097412 7.448073863983154
v 0.8840826749801636 5.086208343505859 7.406015396118164
v 0.8314855098724365 5.09738826751709 7.369556903839111
v 0.7753409743309021 5.1093220710754395 7.339126110076904
v 0.7163072824478149 5.121870040893555 7.315079212188721
v 0.6550765037536621 5.134885311126709 7.297698974609375
v 0.592366635799408 5.148214817047119 7.287188529968262
vn -0.9753137230873108 0.17669223248958588 0.1324491798877716
vn -0.04030991718173027 -0.9991657733917236 -0.006559826899319887
vn -0.02248852699995041 -0.9929500818252563 0.11638009548187256
vn -0.0021883377339690924 -0.9714595675468445 0.23719540238380432
vn 0.02027014084160328 -0.9350336790084839 0.3539789915084839
vn 0.044532936066389084 -0.884246826171875 0.4648917615413666
vn 0.07021693140268326 -0.8199014067649841 0.5681824088096619
vn 0.09692035615444183 -0.7430034875869751 0.6622328162193298
vn 0.12421616166830063 -0.6547816395759583 0.7455409169197083
vn 0.15167675912380219 -0.5566213130950928 0.8168027997016907
vn 0.1788744330406189 -0.4500481188297272 0.874906063079834
vn 0.20537114143371582 -0.33677852153778076 0.9189139008522034
vn 0.23075498640537262 -0.21857614815235138 0.948143720626831
vn 0.25462374091148376 -0.09730955958366394 0.9621317982673645
vn 0.2765987813472748 0.025093212723731995 0.9606578350067139
vn 0.296336829662323 0.1467220038175583 0.9437463283538818
vn 0.3135262131690979 0.2656557857990265 0.9116623997688293
vn 0.3278960883617401 0.38002148270606995 0.8649092316627502
vn 0.3392174541950226 0.4879969358444214 0.8042328357696533
vn 0.34731385111808777 0.5878949761390686 0.7305837869644165
vn 0.3520570397377014 0.678139865398407 0.6451218724250793
vn 0.3533722162246704 0.7572999596595764 0.5492038130760193
vn 0.3512386083602905 0.8241380453109741 0.44432878494262695
vn 0.3456897437572479 0.8775925040245056 0.33215969800949097
vn 0.3368130624294281 0.9168233871459961 0.21445752680301666
vn 0.3247489631175995 0.9412078261375427 0.09309058636426926
vn 0.3096890449523926 0.95036381483078 -0.03002161905169487
vn 0.29186776280403137 0.9441484808921814 -0.15296034514904022
vn 0.27156704664230347 0.9226573705673218 -0.27377840876579285
vn 0.2491084486246109 0.8862308859825134 -0.39056336879730225
vn 0.22484607994556427 0.8354448676109314 -0.5014739632606506
vn 0.19916211068630219 0.7710999846458435 -0.6047638654708862
vn 0.17246001958847046 0.6942060589790344 -0.6988101005554199
vn 0.14516225457191467 0.6059792041778564 -0.7821233868598938
vn 0.11769947409629822 0.5078101754188538 -0.853390634059906
vn 0.09050578624010086 0.4012533128261566 -0.9114847779273987
vn 0.06400785595178604 0.2879786491394043 -0.955495297908783
vn 0.038623787462711334 0.16977408528327942 -0.9847257733345032
vn 0.014756896533071995 0.04851699247956276 -0.9987133145332336
vn -0.007219661492854357 -0.07389417290687561 -0.9972399473190308
vn -0.02695915661752224 -0.19553250074386597 -0.9803265333175659
vn -0.04414842277765274 -0.3144661486148834 -0.9482415318489075
vn -0.058516137301921844 -0.4288155436515808 -0.9014949202537537
vn -0.06983809173107147 -0.5367933511734009 -0.8408183455467224
vn -0.07793500274419785 -0.636696994304657 -0.7671655416488647
vn -0.08267839252948761 -0.7269459962844849 -0.6816992163658142
vn -0.08399347215890884 -0.8061034083366394 -0.5857837200164795
vn -0.08186013251543045 -0.8729373812675476 -0.4809148907661438
vn -0.0763113871216774 -0.926395058631897 -0.36873939633369446
vn -0.06743424385786057 -0.9656256437301636 -0.2510372996330261
vn -0.055370211601257324 -0.990009605884552 -0.12967319786548615
vn 0.9753138422966003 -0.17669197916984558 -0.1324491798877716
vn -0.3096888065338135 -0.9503639936447144 0.030020037665963173
vn -0.3247493803501129 -0.9412071108818054 -0.0930967703461647
vn -0.336813360452652 -0.9168221354484558 -0.21446216106414795
vn -0.34568965435028076 -0.877592921257019 -0.33215847611427307
vn -0.3512386381626129 -0.8241376280784607 -0.4443294107913971
vn -0.3533720076084137 -0.7573052048683167 -0.5491968393325806
vn -0.35205700993537903 -0.6781426668167114 -0.6451188921928406
vn -0.34731337428092957 -0.5878913402557373 -0.7305869460105896
vn -0.33921733498573303 -0.48799657821655273 -0.8042330741882324
vn -0.3278958201408386 -0.38001954555511475 -0.8649101853370667
vn -0.31352633237838745 -0.26565665006637573 -0.9116621613502502
vn -0.2963368892669678 -0.14672286808490753 -0.9437461495399475
vn -0.27659872174263 -0.025093670934438705 -0.9606577754020691
vn -0.254621684551239 0.09732133150100708 -0.9621310830116272
vn -0.23075461387634277 0.21857871115207672 -0.9481433033943176
vn -0.20537152886390686 0.33677953481674194 -0.9189135432243347
vn -0.1788730025291443 0.45005637407302856 -0.874902069568634
vn -0.15168045461177826 0.556609570980072 -0.8168102502822876
vn -0.12421662360429764 0.6547820568084717 -0.7455405592918396
vn -0.09692036360502243 0.7430036067962646 -0.6622325778007507
vn -0.07021874189376831 0.8198972344398499 -0.5681881308555603
vn -0.04453236609697342 0.884247899055481 -0.4648897349834442
vn -0.02027066797018051 0.9350324869155884 -0.35398197174072266
vn 0.0021883691661059856 0.9714592099189758 -0.23719649016857147
vn 0.022488785907626152 0.9929501414299011 -0.11638010293245316
vn 0.04031054675579071 0.9991656541824341 0.006562411319464445
vn 0.055371370166540146 0.9900082349777222 0.12968288362026215
vn 0.06743504852056503 0.9656229019165039 0.25104761123657227
vn 0.0763111487030983 0.9263948202133179 0.3687402606010437
vn 0.08185981214046478 0.872940182685852 0.4809100031852722
vn 0.08399330824613571 0.8061020970344543 0.5857853889465332
vn 0.08267830312252045 0.7269445657730103 0.6817007064819336
vn 0.07793544977903366 0.6367029547691345 0.7671607136726379
vn 0.06983913481235504 0.5368001461029053 0.8408138751983643
vn 0.05851709470152855 0.4288187623023987 0.9014933109283447
vn 0.04414815455675125 0.3144596815109253 0.9482436776161194
vn 0.026958990842103958 0.19552795588970184 0.9803275465965271
vn 0.007219996768981218 0.07389393448829651 0.9972399473190308
vn -0.01475689746439457 -0.04851924628019333 0.9987132549285889
vn -0.03862377628684044 -0.16977594792842865 0.9847255349159241
vn -0.06400740891695023 -0.2879784107208252 0.9554954171180725
vn -0.09050562232732773 -0.401254266500473 0.9114843010902405
vn -0.1176987960934639 -0.5078094005584717 0.853391170501709
vn -0.14516280591487885 -0.6059820055961609 0.7821211814880371
vn -0.17245838046073914 -0.6942028403282166 0.6988136768341064
vn -0.19915959239006042 -0.7710946798324585 0.6047713756561279
vn -0.22484605014324188 -0.8354465961456299 0.5014710426330566
vn -0.24910855293273926 -0.886232316493988 0.3905603289604187
vn -0.2715664803981781 -0.9226573705673218 0.2737790644168854
vn -0.29186686873435974 -0.9441483616828918 0.15296320617198944
vn 0.8072355389595032 0.5696679949760437 -0.15443137288093567
vn -0.5720663070678711 0.8195480704307556 0.0328797921538353
vn 0.8290921449661255 0.5587126612663269 0.021126747131347656
vn -0.5502101182937622 0.8085927963256836 0.20843800902366638
vn 0.6184040307998657 0.7732157707214355 0.14040638506412506
vn -0.25532183051109314 0.9315035939216614 0.2590596377849579
vn 0.6266986131668091 0.7390679717063904 0.24703767895698547
vn -0.24702782928943634 0.8973557949066162 0.3656909763813019
vn 0.6320005655288696 0.6920058131217957 0.34885987639427185
vn -0.24172653257846832 0.8502938747406006 0.4675133526325226
vn 0.6342230439186096 0.6327903866767883 0.4442269802093506
vn -0.2395024597644806 0.7910780310630798 0.5628800988197327
vn 0.6333343982696533 0.5623591542243958 0.5316388607025146
vn -0.2403918206691742 0.7206469774246216 0.6502920985221863
vn 0.6293471455574036 0.4817991256713867 0.6097472310066223
vn -0.24437928199768066 0.6400870084762573 0.7284005880355835
vn 0.6223239302635193 0.3923894166946411 0.6773061156272888
vn -0.25140249729156494 0.5506772994995117 0.7959594130516052
vn 0.6123757362365723 0.29554492235183716 0.7332455515861511
vn -0.2613505423069 0.4538327157497406 0.8518988490104675
vn 0.5996597409248352 0.1927921324968338 0.7766848206520081
vn -0.27406659722328186 0.35107991099357605 0.8953381180763245
vn 0.5843774676322937 0.08575988560914993 0.8069375157356262
vn -0.28934839367866516 0.2440475970506668 0.9255908131599426
vn 0.5667681097984314 -0.023882625624537468 0.8235311508178711
vn -0.30695870518684387 0.1344052404165268 0.9421843886375427
vn 0.547106921672821 -0.13440977036952972 0.8262009620666504
vn -0.32661962509155273 0.0238780714571476 0.944854199886322
vn 0.5257113575935364 -0.24404077231884003 0.8149059414863586
vn -0.3480142652988434 -0.08575306087732315 0.933559000492096
vn 0.5029141306877136 -0.3510797917842865 0.789823055267334
vn -0.37081286311149597 -0.19279181957244873 0.9084762334823608
vn 0.4790731966495514 -0.45383358001708984 0.7513480186462402
vn -0.3946525752544403 -0.2955458462238312 0.8700012564659119
vn 0.45456957817077637 -0.5506707429885864 0.7000917196273804
vn -0.4191570281982422 -0.39238277077674866 0.8187448382377625
vn 0.4297831058502197 -0.6400834321975708 0.6368515491485596
vn -0.44394344091415405 -0.48179545998573303 0.7555046677589417
vn 0.40511032938957214 -0.7206413745880127 0.5626381039619446
vn -0.46861574053764343 -0.5623535513877869 0.6812912821769714
vn 0.38093942403793335 -0.7910810112953186 0.47861889004707336
vn -0.49278685450553894 -0.632793128490448 0.5972720980644226
vn 0.35764771699905396 -0.8503002524375916 0.38610562682151794
vn -0.5160788893699646 -0.6920123100280762 0.504758894443512
vn 0.3356057107448578 -0.897355318069458 0.286569744348526
vn -0.5381205081939697 -0.7390674352645874 0.40522295236587524
vn 0.31516191363334656 -0.9315043687820435 0.18158338963985443
vn -0.5585644841194153 -0.7732164263725281 0.30023667216300964
vn 0.2966374158859253 -0.9522114396095276 0.07279963046312332
vn -0.5770886540412903 -0.7939234375953674 0.19145289063453674
vn 0.2803244888782501 -0.9591501951217651 -0.03806883841753006
vn -0.5934019684791565 -0.8008622527122498 0.08058449625968933
vn 0.26647984981536865 -0.9522114992141724 -0.14927105605602264
vn -0.6072461605072021 -0.7939236164093018 -0.03061777912080288
vn 0.25532251596450806 -0.9315043687820435 -0.25905609130859375
vn -0.618403971195221 -0.7732164263725281 -0.14040270447731018
vn 0.2470274567604065 -0.8973543047904968 -0.3656947910785675
vn -0.6266987919807434 -0.739066481590271 -0.2470415085554123
vn 0.24172653257846832 -0.8502969741821289 -0.46750742197036743
vn -0.632000207901001 -0.6920090317726135 -0.34885403513908386
vn 0.23950272798538208 -0.7910791635513306 -0.5628783702850342
vn -0.634223222732544 -0.6327913999557495 -0.44422513246536255
vn 0.2403917908668518 -0.7206437587738037 -0.650295615196228
vn -0.6333341598510742 -0.5623559355735779 -0.5316423177719116
vn 0.24437977373600006 -0.6400815844535828 -0.7284051179885864
vn -0.6293469071388245 -0.48179367184638977 -0.60975182056427
vn 0.25140249729156494 -0.5506741404533386 -0.7959614992141724
vn -0.6223233342170715 -0.39238640666007996 -0.6773082613945007
vn 0.2613506019115448 -0.45383337140083313 -0.8518984913825989
vn -0.6123759150505066 -0.2955455482006073 -0.7332451939582825
vn 0.27406659722328186 -0.35107898712158203 -0.8953384757041931
vn -0.5996595025062561 -0.19279122352600098 -0.7766852974891663
vn 0.2893483340740204 -0.24404790997505188 -0.9255906939506531
vn -0.5843774676322937 -0.0857602208852768 -0.8069373965263367
vn 0.3069588840007782 -0.1344042271375656 -0.9421845078468323
vn -0.5667678713798523 0.023883624002337456 -0.8235312104225159
vn 0.32661980390548706 -0.02387702465057373 -0.944854199886322
vn -0.5471066832542419 0.1344107985496521 -0.8262009024620056
vn 0.3480142652988434 0.08575330674648285 -0.9335590600967407
vn -0.525711178779602 0.24404095113277435 -0.8149059414863586
vn 0.37081262469291687 0.19279100000858307 -0.9084764719009399
vn -0.5029142498970032 0.35107889771461487 -0.7898232340812683
vn 0.39465194940567017 0.29554373025894165 -0.8700020909309387
vn -0.479073703289032 0.4538314640522003 -0.751349151134491
vn 0.4191571772098541 0.3923831284046173 -0.8187445998191833
vn -0.4545694589614868 0.5506711006164551 -0.7000913619995117
vn 0.4439438283443451 0.48179715871810913 -0.7555034160614014
vn -0.4297824203968048 0.6400849223136902 -0.6368501782417297
vn 0.4686163663864136 0.5623555183410645 -0.6812890768051147
vn -0.4051097333431244 0.7206434607505798 -0.5626360177993774
vn 0.4927866458892822 0.6327930092811584 -0.5972723364830017
vn -0.380939245223999 0.791080892086029 -0.47861912846565247
vn 0.5160782337188721 0.6920105814933777 -0.5047619342803955
vn -0.35764846205711365 0.8502985239028931 -0.3861086070537567
vn 0.5381210446357727 0.7390685081481934 -0.4052203893661499
vn -0.3356052041053772 0.897356390953064 -0.28656715154647827
vn 0.5585633516311646 0.7732154130935669 -0.30024152994155884
vn -0.3151625096797943 0.9315032958984375 -0.1815883070230484
vn 0.5770879983901978 0.7939225435256958 -0.19145870208740234
vn -0.29663851857185364 0.9522106051445007 -0.07280537486076355
vn -1.2436070229160379e-10 1.6944146086217415e-9 1
vn -1.2436070229160379e-10 1.6944146086217415e-9 -1
vn 0.11888787895441055 0.003405423369258642 0.9929018616676331
vn 0.21496184170246124 0.0018536319257691503 0.9766207933425903
vn 0.31929171085357666 0.0017984624719247222 0.9476547837257385
vn 0.41987767815589905 0.0017209959914907813 0.9075790643692017
vn 0.5155408978462219 0.001622465206310153 0.8568633794784546
vn 0.605161190032959 0.0015058169374242425 0.7961015701293945
vn 0.6876872777938843 0.00137220264878124 0.7260056734085083
vn 0.7621504664421082 0.0012216580798849463 0.6473987698554993
vn 0.8276793956756592 0.0010583283146843314 0.5612003207206726
vn 0.8835050463676453 0.0008826968260109425 0.46842077374458313
vn 0.9289730191230774 0.0006960901664569974 0.3701467514038086
vn 0.9635480046272278 0.0005038344534114003 0.2675349712371826
vn 0.9868252873420715 0.0003040058654733002 0.1617891937494278
vn 0.998533308506012 0.00010061197099275887 0.05414064601063728
vn 0.998533308506012 -0.00010047567775472999 -0.05414051562547684
vn 0.9868252277374268 -0.0003041071176994592 -0.16178937256336212
vn 0.9635480046272278 -0.0005038369563408196 -0.267535001039505
vn 0.9289731383323669 -0.0006959627498872578 -0.37014663219451904
vn 0.8835050463676453 -0.0008826606790535152 -0.4684208929538727
vn 0.8276793956756592 -0.0010583270341157913 -0.5612003207206726
vn 0.7621504664421082 -0.0012216580798849463 -0.6473987698554993
vn 0.687687337398529 -0.00137220392934978 -0.7260056734085083
vn 0.605161190032959 -0.0015058163553476334 -0.7961015701293945
vn 0.5155408978462219 -0.001622466486878693 -0.8568633794784546
vn 0.41987764835357666 -0.0017209965735673904 -0.9075790643692017
vn 0.31929171085357666 -0.0017984608421102166 -0.9476547837257385
vn 0.21496184170246124 -0.0018536319257691503 -0.9766207933425903
vn 0.11888787895441055 -0.003405423369258642 -0.9929018616676331
vn 0.11558162420988083 0.028049195185303688 0.9929018616676331
vn 0.20987895131111145 0.046506237238645554 0.9766206741333008
vn 0.31194084882736206 0.06814298033714294 0.947654664516449
vn 0.41034507751464844 0.0889807790517807 0.9075788855552673
vn 0.503936231136322 0.10877472162246704 0.8568642735481262
vn 0.5916242599487305 0.12729214131832123 0.7961013317108154
vn 0.6723749041557312 0.14431989192962646 0.7260053753852844
vn 0.7452412843704224 0.15965531766414642 0.6473990678787231
vn 0.8093733787536621 0.1731196492910385 0.5611990690231323
vn 0.8640152215957642 0.1845555454492569 0.46841961145401
vn 0.9085266590118408 0.1938275694847107 0.3701488971710205
vn 0.9423879981040955 0.2008243352174759 0.2675340473651886
vn 0.9651976227760315 0.20547033846378326 0.16178831458091736
vn 0.9766913652420044 0.2077082395553589 0.054142531007528305
vn 0.9767341613769531 0.20750673115253448 -0.054141830652952194
vn 0.9653239250183105 0.20487529039382935 -0.1617891639471054
vn 0.9425963163375854 0.19984255731105804 -0.2675352692604065
vn 0.9088169932365417 0.19246479868888855 -0.3701472878456116
vn 0.8643824458122253 0.18283022940158844 -0.4684187173843384
vn 0.8098125457763672 0.17104937136173248 -0.5612002611160278
vn 0.745749831199646 0.157264843583107 -0.6473986506462097
vn 0.6729456782341003 0.14163562655448914 -0.7260051965713501
vn 0.5922492146492004 0.12434549629688263 -0.7961024641990662
vn 0.5046120882034302 0.10559997707605362 -0.8568635582923889
vn 0.4110604524612427 0.08561529964208603 -0.9075788259506226
vn 0.3126884400844574 0.06462500989437103 -0.9476547241210938
vn 0.2106497585773468 0.04287850111722946 -0.9766207337379456
vn 0.1169978529214859 0.02138769067823887 -0.9929018616676331
vn 0.10722437500953674 0.051466815173625946 0.9929019212722778
vn 0.19562307000160217 0.08912676572799683 0.9766207933425903
vn 0.29095637798309326 0.13151049613952637 0.947654664516449
vn 0.38287854194641113 0.17235149443149567 0.9075786471366882
vn 0.4703083634376526 0.211171492934227 0.8568644523620605
vn 0.5522290468215942 0.2475169152021408 0.7961020469665527
vn 0.6276769638061523 0.2809613049030304 0.7260043621063232
vn 0.6957623958587646 0.3111117482185364 0.6473979949951172
vn 0.7556924223899841 0.3376152813434601 0.5611994862556458
vn 0.8067646622657776 0.3601604998111725 0.46841755509376526
vn 0.8483746647834778 0.37848350405693054 0.37014973163604736
vn 0.8800391554832458 0.39237064123153687 0.2675377130508423
vn 0.9013861417770386 0.4016561508178711 0.16178788244724274
vn 0.912164568901062 0.40623241662979126 0.05413888394832611
vn 0.9122462272644043 0.40604904294013977 -0.05413870885968208
vn 0.9016336798667908 0.40110063552856445 -0.1617872714996338
vn 0.880449116230011 0.3914485573768616 -0.2675394117832184
vn 0.8489416241645813 0.37721121311187744 -0.37014850974082947
vn 0.8074813485145569 0.3585495054721832 -0.46841877698898315
vn 0.7565537095069885 0.3356832265853882 -0.5611980557441711
vn 0.6967560648918152 0.3088791072368622 -0.6473984122276306
vn 0.6287928819656372 0.2784554064273834 -0.7260042428970337
vn 0.5534540414810181 0.2447642832994461 -0.7961024641990662
vn 0.47162914276123047 0.2082057148218155 -0.8568642139434814
vn 0.3842776417732239 0.16920824348926544 -0.9075788259506226
vn 0.2924191355705261 0.12822596728801727 -0.9476545453071594
vn 0.19713148474693298 0.08573862165212631 -0.9766207337379456
vn 0.10999470949172974 0.04524407535791397 -0.9929019212722778
vn 0.09418149292469025 0.07263451814651489 0.9929018616676331
vn 0.1728186160326004 0.12785077095031738 0.9766206741333008
vn 0.2572556138038635 0.18913006782531738 0.947654664516449
vn 0.33867695927619934 0.24819037318229675 0.9075790047645569
vn 0.4161269962787628 0.3043399751186371 0.8568637371063232
vn 0.48869913816452026 0.3569236099720001 0.7961022257804871
vn 0.5555450320243835 0.4053230583667755 0.7260046005249023
vn 0.6158761382102966 0.4489697515964508 0.6473968029022217
vn 0.6689843535423279 0.4873541593551636 0.5612003803253174
vn 0.7142528295516968 0.520024836063385 0.46841973066329956
vn 0.7511451244354248 0.5465983748435974 0.37015023827552795
vn 0.779232382774353 0.5667644739151001 0.26753485202789307
vn 0.7981799244880676 0.5802875757217407 0.1617872565984726
vn 0.8077701926231384 0.5870060920715332 0.05414126068353653
vn 0.8078909516334534 0.5868397951126099 -0.054142072796821594
vn 0.7985374927520752 0.5797959566116333 -0.1617850661277771
vn 0.7798221111297607 0.5659521818161011 -0.2675364315509796
vn 0.7519641518592834 0.54547119140625 -0.37015005946159363
vn 0.7152899503707886 0.5185965299606323 -0.4684206545352936
vn 0.670229434967041 0.4856421947479248 -0.5611988306045532
vn 0.6173115372657776 0.44699278473854065 -0.6473978161811829
vn 0.557157576084137 0.4031035900115967 -0.7260048389434814
vn 0.49047040939331055 0.3544877767562866 -0.7961012721061707
vn 0.41803398728370667 0.3017137348651886 -0.8568642735481262
vn 0.34070026874542236 0.24540592730045319 -0.9075788259506226
vn 0.25936999917030334 0.1862194836139679 -0.9476547241210938
vn 0.1749979555606842 0.12485142797231674 -0.9766206741333008
vn 0.09818408638238907 0.06712500005960464 -0.9929019212722778
vn 0.07702039927244186 0.09062966704368591 0.9929019212722778
vn 0.14245977997779846 0.16098855435848236 0.9766206741333008
vn 0.212311789393425 0.23848329484462738 0.9476547241210938
vn 0.27967503666877747 0.3131818473339081 0.9075786471366882
vn 0.3437577784061432 0.3842073976993561 0.8568635582923889
vn 0.4038124084472656 0.45073020458221436 0.7961016893386841
vn 0.45913252234458923 0.511969268321991 0.7260061502456665
vn 0.5090713500976562 0.5672063827514648 0.6473973393440247
vn 0.5530402660369873 0.6157938241958618 0.5611991882324219
vn 0.5905247926712036 0.657162070274353 0.46842122077941895
vn 0.6210863590240479 0.690826416015625 0.37014931440353394
vn 0.6443648338317871 0.7163921594619751 0.26753753423690796
vn 0.6600903868675232 0.7335572838783264 0.16178570687770844
vn 0.6680746078491211 0.7421220541000366 0.05414050444960594
vn 0.6682248115539551 0.7419869303703308 -0.0541401132941246
vn 0.6605417132377625 0.7331504821777344 -0.16178710758686066
vn 0.6451138854026794 0.7157184481620789 -0.2675357460975647
vn 0.6221212148666382 0.6898940205574036 -0.370150625705719
vn 0.5918360352516174 0.6559820175170898 -0.4684205949306488
vn 0.5546126365661621 0.6143782138824463 -0.5611990690231323
vn 0.5108873248100281 0.5655707120895386 -0.6473978161811829
vn 0.4611726701259613 0.5101327896118164 -0.7260057330131531
vn 0.4060509502887726 0.4487144351005554 -0.7961017489433289
vn 0.34616971015930176 0.38203608989715576 -0.8568633794784546
vn 0.2822313606739044 0.3108798563480377 -0.9075788259506226
vn 0.21498391032218933 0.23607781529426575 -0.9476545453071594
vn 0.14521566033363342 0.15850673615932465 -0.9766207933425903
vn 0.08208242058753967 0.0860719233751297 -0.9929018616676331
vn 0.05649442970752716 0.10466255992650986 0.9929018616676331
vn 0.10587567836046219 0.1870897263288498 0.976620614528656
vn 0.15808841586112976 0.27741459012031555 0.947654664516449
vn 0.20844808220863342 0.3644852936267853 0.9075791239738464
vn 0.25636520981788635 0.4472825229167938 0.8568635582923889
vn 0.3012767434120178 0.5248372554779053 0.7961018085479736
vn 0.3426561951637268 0.5962410569190979 0.726004958152771
vn 0.380016565322876 0.660653293132782 0.6473982930183411
vn 0.41292452812194824 0.7173210382461548 0.5611987709999084
vn 0.44098877906799316 0.7655783295631409 0.46842160820961
vn 0.46388304233551025 0.8048612475395203 0.37014973163604736
vn 0.48133864998817444 0.8347083330154419 0.26753509044647217
vn 0.49314868450164795 0.8547685146331787 0.16178715229034424
vn 0.49917712807655334 0.8648068904876709 0.05414161831140518
vn 0.4993545711040497 0.8647045493125916 -0.05414138361811638
vn 0.49367615580558777 0.854464054107666 -0.16178704798221588
vn 0.4822092354297638 0.8342058062553406 -0.2675350606441498
vn 0.4650896191596985 0.8041644096374512 -0.3701501786708832
vn 0.4425170123577118 0.7646960616111755 -0.46842142939567566
vn 0.4147561192512512 0.716262698173523 -0.5611997246742249
vn 0.38213348388671875 0.6594327688217163 -0.6473965644836426
vn 0.3450320065021515 0.5948683619499207 -0.7260057926177979
vn 0.3038855195045471 0.5233312845230103 -0.7961017489433289
vn 0.2591760754585266 0.4456590712070465 -0.8568638563156128
vn 0.211429163813591 0.3627648949623108 -0.9075788855552673
vn 0.16120365262031555 0.27561575174331665 -0.9476547241210938
vn 0.10908626765012741 0.18523608148097992 -0.976620614528656
vn 0.06239234283566475 0.10125758498907089 -0.9929018616676331
vn 0.033499449491500854 0.11412132531404495 0.9929019212722778
vn 0.0646631270647049 0.2050136774778366 0.9766207337379456
vn 0.09695769101381302 0.3042204976081848 0.9476545453071594
vn 0.12811362743377686 0.3998590111732483 0.9075790047645569
vn 0.15776734054088593 0.4908096492290497 0.8568637371063232
vn 0.18557208776474 0.5760078430175781 0.7961018085479736
vn 0.21120230853557587 0.654454231262207 0.726004958152771
vn 0.2343558967113495 0.7252267003059387 0.6473974585533142
vn 0.2547605037689209 0.7874966859817505 0.5612006187438965
vn 0.27217933535575867 0.8405359983444214 0.4684203565120697
vn 0.2864048480987549 0.8837202191352844 0.3701498210430145
vn 0.2972732484340668 0.9165443181991577 0.26753535866737366
vn 0.3046566843986511 0.938621461391449 0.1617845743894577
vn 0.3084661066532135 0.9496933817863464 0.054139889776706696
vn 0.30865851044654846 0.9496309757232666 -0.05413893610239029
vn 0.30523401498794556 0.9384335875511169 -0.16178582608699799
vn 0.2982303202152252 0.9162333607673645 -0.2675352394580841
vn 0.2877297103404999 0.8832902312278748 -0.37014859914779663
vn 0.2738572955131531 0.8399901986122131 -0.46842139959335327
vn 0.2567741572856903 0.7868422865867615 -0.561200737953186
vn 0.23667964339256287 0.7244716882705688 -0.6473975777626038
vn 0.2138110250234604 0.6536069512367249 -0.7260047197341919
vn 0.18843728303909302 0.5750771164894104 -0.7961015701293945
vn 0.1608547866344452 0.48980599641799927 -0.8568638563156128
vn 0.13138586282730103 0.3987961709499359 -0.9075788855552673
vn 0.10037693381309509 0.3031091094017029 -0.947654664516449
vn 0.06819099932909012 0.203867569565773 -0.9766207933425903
vn 0.039977360516786575 0.11201651394367218 -0.9929018616676331
vn 0.009041006676852703 0.11859247833490372 0.9929018616676331
vn 0.02062559500336647 0.2139780968427658 0.9766207933425903
vn 0.03158619999885559 0.3177308142185211 0.9476547241210938
vn 0.042178452014923096 0.4177575707435608 0.9075790047645569
vn 0.05227500945329666 0.5128864049911499 0.8568633794784546
vn 0.06175856292247772 0.6020041108131409 0.7961010932922363
vn 0.07051742076873779 0.6840629577636719 0.7260063886642456
vn 0.07845187932252884 0.7581040263175964 0.647397518157959
vn 0.08546432107686996 0.8232560157775879 0.561199963092804
vn 0.09147404134273529 0.8787581324577332 0.4684193432331085
vn 0.09641055017709732 0.9239560961723328 0.3701486885547638
vn 0.10021688044071198 0.9583221673965454 0.2675354480743408
vn 0.10284803062677383 0.9814516305923462 0.161786288022995
vn 0.10427375882863998 0.9930738806724548 0.054139770567417145
vn 0.10447640717029572 0.99305260181427 -0.054140638560056686
vn 0.10345318913459778 0.98138827085495 -0.1617853194475174
vn 0.10121751576662064 0.9582169651985168 -0.2675357758998871
vn 0.09779566526412964 0.9238108396530151 -0.3701479732990265
vn 0.09322827309370041 0.878573477268219 -0.4684197008609772
vn 0.08756831288337708 0.8230352401733398 -0.561199426651001
vn 0.0808824673295021 0.7578471899032593 -0.6473990082740784
vn 0.07324705272912979 0.6837770938873291 -0.7260053157806396
vn 0.06475372612476349 0.601689338684082 -0.7961010336875916
vn 0.055502716451883316 0.512546956539154 -0.8568634986877441
vn 0.0456007644534111 0.41739746928215027 -0.9075791239738464
vn 0.03516342490911484 0.31735509634017944 -0.9476545453071594
vn 0.02431304380297661 0.213590607047081 -0.9766206741333008
vn 0.015814250335097313 0.11788037419319153 -0.9929019212722778
vn -0.015814252197742462 0.11788038164377213 0.9929018616676331
vn -0.024313045665621758 0.2135906219482422 0.9766206741333008
vn -0.03516342490911484 0.31735509634017944 0.947654664516449
vn -0.045600775629282 0.41739755868911743 0.9075791239738464
vn -0.055502716451883316 0.512546956539154 0.8568634986877441
vn -0.06475372612476349 0.601689338684082 0.7961010932922363
vn -0.07324705272912979 0.6837770938873291 0.7260053157806396
vn -0.0808824673295021 0.7578471899032593 0.6473990082740784
vn -0.08756831288337708 0.8230352401733398 0.561199426651001
vn -0.09322827309370041 0.878573477268219 0.46841973066329956
vn -0.09779566526412964 0.9238108992576599 0.3701479732990265
vn -0.10121750831604004 0.9582169651985168 0.2675357460975647
vn -0.10345319658517838 0.98138827085495 0.16178534924983978
vn -0.10447642207145691 0.99305260181427 0.05414064601063728
vn -0.10427375882863998 0.9930738806724548 -0.054139770567417145
vn -0.10284805297851562 0.9814517498016357 -0.1617863029241562
vn -0.10021688044071198 0.9583221673965454 -0.2675354480743408
vn -0.09641055017709732 0.9239560961723328 -0.3701486885547638
vn -0.09147404879331589 0.8787581324577332 -0.4684193432331085
vn -0.08546432107686996 0.8232560157775879 -0.5612000226974487
vn -0.07845187932252884 0.7581039667129517 -0.647397518157959
vn -0.07051742076873779 0.6840629577636719 -0.726006269454956
vn -0.06175856292247772 0.6020041108131409 -0.7961010932922363
vn -0.05227500945329666 0.5128864049911499 -0.8568633794784546
vn -0.042178452014923096 0.4177575409412384 -0.9075790047645569
vn -0.03158619999885559 0.3177308142185211 -0.9476547241210938
vn -0.02062559500336647 0.2139780968427658 -0.9766207933425903
vn -0.009041006676852703 0.11859249323606491 -0.9929018616676331
vn -0.039977360516786575 0.11201650649309158 0.9929019212722778
vn -0.06819099932909012 0.203867569565773 0.9766207933425903
vn -0.10037694126367569 0.30310913920402527 0.947654664516449
vn -0.13138586282730103 0.3987961709499359 0.9075788855552673
vn -0.16085480153560638 0.48980602622032166 0.8568639755249023
vn -0.18843725323677063 0.5750771760940552 0.7961015701293945
vn -0.21381103992462158 0.6536069512367249 0.7260047197341919
vn -0.23667961359024048 0.7244716882705688 0.6473975777626038
vn -0.2567741870880127 0.7868422865867615 0.561200737953186
vn -0.2738572955131531 0.8399901986122131 0.46842139959335327
vn -0.2877297103404999 0.8832902312278748 0.370148628950119
vn -0.29823029041290283 0.9162333607673645 0.2675352394580841
vn -0.30523401498794556 0.9384335875511169 0.16178584098815918
vn -0.30865854024887085 0.9496309757232666 0.05413893982768059
vn -0.3084661364555359 0.9496933817863464 -0.054139889776706696
vn -0.30465665459632874 0.9386214017868042 -0.16178454458713531
vn -0.29727330803871155 0.9165443181991577 -0.26753538846969604
vn -0.2864048480987549 0.8837202191352844 -0.37014976143836975
vn -0.27217933535575867 0.8405359983444214 -0.46842044591903687
vn -0.2547605037689209 0.7874965667724609 -0.5612006783485413
vn -0.2343558967113495 0.7252267003059387 -0.6473974585533142
vn -0.21120230853557587 0.654454231262207 -0.726004958152771
vn -0.1855720728635788 0.5760078430175781 -0.7961018085479736
vn -0.15776732563972473 0.4908096492290497 -0.8568637371063232
vn -0.12811362743377686 0.3998590409755707 -0.9075790047645569
vn -0.09695769101381302 0.3042204976081848 -0.9476545453071594
vn -0.0646631270647049 0.2050136774778366 -0.9766207933425903
vn -0.033499449491500854 0.11412132531404495 -0.9929018616676331
vn -0.06239234283566475 0.10125758498907089 0.9929018616676331
vn -0.10908626765012741 0.18523608148097992 0.976620614528656
vn -0.16120365262031555 0.27561578154563904 0.9476547241210938
vn -0.2114291489124298 0.3627648949623108 0.9075788855552673
vn -0.2591760754585266 0.4456590712070465 0.8568639755249023
vn -0.3038855195045471 0.5233312845230103 0.7961017489433289
vn -0.34503206610679626 0.5948683619499207 0.7260057926177979
vn -0.3821335434913635 0.6594327688217163 0.6473965644836426
vn -0.4147561192512512 0.716262698173523 0.5611996650695801
vn -0.4425170123577118 0.7646960616111755 0.46842142939567566
vn -0.4650896191596985 0.8041644096374512 0.37015020847320557
vn -0.48220914602279663 0.8342057466506958 0.267535001039505
vn -0.493676096200943 0.854464054107666 0.1617870181798935
vn -0.4993545711040497 0.8647045493125916 0.05414138361811638
vn -0.49917706847190857 0.8648068308830261 -0.05414161458611488
vn -0.49314865469932556 0.8547685146331787 -0.16178715229034424
vn -0.48133864998817444 0.8347084522247314 -0.26753509044647217
vn -0.46388304233551025 0.8048612475395203 -0.37014973163604736
vn -0.44098877906799316 0.7655783295631409 -0.46842160820961
vn -0.41292452812194824 0.7173210382461548 -0.5611987709999084
vn -0.38001662492752075 0.660653293132782 -0.6473982930183411
vn -0.3426561951637268 0.5962410569190979 -0.726004958152771
vn -0.3012767434120178 0.52483731508255 -0.7961018681526184
vn -0.25636523962020874 0.4472825229167938 -0.8568636178970337
vn -0.20844809710979462 0.3644852936267853 -0.9075791239738464
vn -0.15808841586112976 0.27741459012031555 -0.947654664516449
vn -0.10587567836046219 0.1870897263288498 -0.976620614528656
vn -0.05649442598223686 0.10466255247592926 -0.9929019212722778
vn -0.08208242058753967 0.0860719233751297 0.9929018616676331
vn -0.14521566033363342 0.15850673615932465 0.9766207933425903
vn -0.21498386561870575 0.23607778549194336 0.9476545453071594
vn -0.2822313606739044 0.31087982654571533 0.9075787663459778
vn -0.34616968035697937 0.38203611969947815 0.8568633794784546
vn -0.4060509502887726 0.4487144351005554 0.7961017489433289
vn -0.46117261052131653 0.5101327300071716 0.7260057330131531
vn -0.5108872652053833 0.565570592880249 0.6473978161811829
vn -0.5546125769615173 0.6143782138824463 0.5611990690231323
vn -0.5918359756469727 0.6559819579124451 0.4684205651283264
vn -0.6221210956573486 0.6898940205574036 0.3701505959033966
vn -0.6451132893562317 0.7157185077667236 0.26753661036491394
vn -0.6605411767959595 0.7331511974334717 0.16178619861602783
vn -0.6682247519493103 0.7419868111610413 0.054140109568834305
vn -0.6680743098258972 0.7421223521232605 -0.05413959547877312
vn -0.6600896120071411 0.7335577607154846 -0.16178657114505768
vn -0.6443648338317871 0.7163921594619751 -0.26753753423690796
vn -0.6210863590240479 0.6908263564109802 -0.37014928460121155
vn -0.5905247926712036 0.657162070274353 -0.46842125058174133
vn -0.5530402660369873 0.6157938241958618 -0.5611991882324219
vn -0.5090713500976562 0.5672063827514648 -0.6473972797393799
vn -0.45913252234458923 0.5119693279266357 -0.726006031036377
vn -0.4038124680519104 0.45073020458221436 -0.7961016893386841
vn -0.3437577784061432 0.3842073976993561 -0.8568635582923889
vn -0.27967503666877747 0.31318187713623047 -0.9075786471366882
vn -0.2123117744922638 0.23848329484462738 -0.9476547241210938
vn -0.14245977997779846 0.16098855435848236 -0.9766206741333008
vn -0.07702040672302246 0.09062966704368591 -0.9929018616676331
vn -0.09818408638238907 0.06712500005960464 0.9929019212722778
vn -0.1749979704618454 0.12485142052173615 0.9766206741333008
vn -0.25937002897262573 0.1862194836139679 0.9476547241210938
vn -0.34070026874542236 0.24540597200393677 0.9075788259506226
vn -0.41803401708602905 0.301713764667511 0.8568642735481262
vn -0.49047037959098816 0.3544877767562866 0.7961013317108154
vn -0.557157576084137 0.4031035900115967 0.7260047197341919
vn -0.6173115372657776 0.4469927251338959 0.6473978161811829
vn -0.6702286601066589 0.48564237356185913 0.5611996054649353
vn -0.7152897119522095 0.5185976624488831 0.46841976046562195
vn -0.7519634962081909 0.5454714298248291 0.37015095353126526
vn -0.7798221707344055 0.5659521222114563 0.2675362527370453
vn -0.798538088798523 0.5797948837280273 0.16178613901138306
vn -0.807890772819519 0.5868401527404785 0.054140109568834305
vn -0.807770848274231 0.5870052576065063 -0.054140347987413406
vn -0.7981806397438049 0.5802872180938721 -0.16178523004055023
vn -0.7792308330535889 0.5667653679847717 -0.2675376534461975
vn -0.7511451244354248 0.5465989708900452 -0.3701493442058563
vn -0.7142519354820251 0.5200254917144775 -0.46842044591903687
vn -0.6689843535423279 0.4873541593551636 -0.5612003803253174
vn -0.6158761978149414 0.4489697515964508 -0.6473968625068665
vn -0.5555450916290283 0.4053230583667755 -0.7260046005249023
vn -0.48869919776916504 0.3569236397743225 -0.7961022257804871
vn -0.4161270260810852 0.30434006452560425 -0.856863796710968
vn -0.33867695927619934 0.24819037318229675 -0.9075790047645569
vn -0.2572556138038635 0.18913009762763977 -0.9476547241210938
vn -0.1728186160326004 0.12785078585147858 -0.9766206741333008
vn -0.09418149292469025 0.07263451814651489 -0.9929018616676331
vn -0.10999470949172974 0.04524407535791397 0.9929019212722778
vn -0.19713149964809418 0.08573862910270691 0.9766207933425903
vn -0.2924191355705261 0.12822596728801727 0.9476545453071594
vn -0.3842776119709015 0.16920825839042664 0.9075788855552673
vn -0.47162914276123047 0.2082057148218155 0.8568642139434814
vn -0.5534540414810181 0.2447642832994461 0.7961023449897766
vn -0.6287928819656372 0.27845534682273865 0.7260041236877441
vn -0.6967568397521973 0.30887874960899353 0.6473977565765381
vn -0.7565528154373169 0.3356809616088867 0.5612004399299622
vn -0.8074814081192017 0.35854941606521606 0.46841877698898315
vn -0.8489415645599365 0.3772111237049103 0.37014856934547424
vn -0.8804489374160767 0.3914497196674347 0.2675384283065796
vn -0.9016336798667908 0.4011014699935913 0.16178494691848755
vn -0.912246584892273 0.4060479998588562 0.0541398748755455
vn -0.912164032459259 0.406233549118042 -0.05413994565606117
vn -0.9013866782188416 0.40165597200393677 -0.1617857664823532
vn -0.8800399303436279 0.39236971735954285 -0.26753661036491394
vn -0.848374605178833 0.3784833550453186 -0.37014976143836975
vn -0.8067646026611328 0.3601597547531128 -0.46841850876808167
vn -0.755692183971405 0.33761441707611084 -0.5612003803253174
vn -0.6957623958587646 0.31111177802085876 -0.6473979949951172
vn -0.6276770234107971 0.2809613049030304 -0.7260043621063232
vn -0.5522290468215942 0.24751687049865723 -0.796101987361908
vn -0.470308393239975 0.211171492934227 -0.8568644523620605
vn -0.38287854194641113 0.17235149443149567 -0.9075786471366882
vn -0.29095637798309326 0.13151049613952637 -0.9476547241210938
vn -0.19562305510044098 0.08912676572799683 -0.9766207933425903
vn -0.10722438246011734 0.051466818898916245 -0.9929018616676331
vn -0.1169978529214859 0.021387692540884018 0.9929018616676331
vn -0.2106497585773468 0.04287850111722946 0.9766207337379456
vn -0.3126884400844574 0.06462501734495163 0.9476547241210938
vn -0.4110604524612427 0.08561529964208603 0.9075788259506226
vn -0.5046120882034302 0.10559996962547302 0.8568635582923889
vn -0.5922492146492004 0.12434548884630203 0.7961024045944214
vn -0.6729456782341003 0.14163562655448914 0.7260051369667053
vn -0.7457508444786072 0.15726567804813385 0.6473971605300903
vn -0.8098132014274597 0.17104889452457428 0.561199426651001
vn -0.8643817901611328 0.18282626569271088 0.46842145919799805
vn -0.9088172316551208 0.1924630105495453 0.37014737725257874
vn -0.9425963163375854 0.1998399794101715 0.2675374150276184
vn -0.965324342250824 0.2048746794462204 0.16178816556930542
vn -0.9767339825630188 0.2075079381465912 0.0541406124830246
vn -0.9766916036605835 0.2077070027589798 -0.05414135754108429
vn -0.9651976823806763 0.20547018945217133 -0.16178831458091736
vn -0.9423878788948059 0.20082372426986694 -0.2675352096557617
vn -0.9085267782211304 0.19382500648498535 -0.37014997005462646
vn -0.8640156388282776 0.18455375730991364 -0.4684195816516876
vn -0.8093729019165039 0.1731189340353012 -0.5611999034881592
vn -0.7452426552772522 0.15965500473976135 -0.6473976373672485
vn -0.6723749041557312 0.14431987702846527 -0.7260053753852844
vn -0.5916243195533752 0.12729214131832123 -0.7961013317108154
vn -0.5039362907409668 0.10877471417188644 -0.8568642735481262
vn -0.41034504771232605 0.0889807716012001 -0.9075788855552673
vn -0.3119408190250397 0.06814298033714294 -0.9476547241210938
vn -0.20987895131111145 0.046506233513355255 -0.9766206741333008
vn -0.11558161675930023 0.028049195185303688 -0.9929019212722778
vn -0.11888787895441055 -0.003405423369258642 0.9929018616676331
vn -0.21496182680130005 -0.0018536325078457594 0.9766207933425903
vn -0.31929171085357666 -0.001798461191356182 0.9476547837257385
vn -0.41987764835357666 -0.0017209952929988503 0.9075790643692017
vn -0.5155408978462219 -0.0016224683495238423 0.8568633794784546
vn -0.605161190032959 -0.0015058157732710242 0.7961015701293945
vn -0.687687337398529 -0.0013722014846280217 0.7260056734085083
vn -0.7621511220932007 -0.0012223331723362207 0.647398054599762
vn -0.8276803493499756 -0.0010576017666608095 0.5611987113952637
vn -0.8835055828094482 -0.0008814451866783202 0.46841976046562195
vn -0.9289722442626953 -0.00069660838926211 0.3701487183570862
vn -0.9635477066040039 -0.0005032082553952932 0.26753607392311096
vn -0.9868252277374268 -0.000304146931739524 0.16178931295871735
vn -0.998533308506012 -0.0001017348185996525 0.05414174124598503
vn -0.9985331892967224 0.00010187361476710066 -0.05414186045527458
vn -0.9868252873420715 0.0003040469018742442 -0.16178911924362183
vn -0.9635477066040039 0.0005032020271755755 -0.26753607392311096
vn -0.9289721250534058 0.0006967445951886475 -0.37014880776405334
vn -0.8835055828094482 0.0008814815082587302 -0.46841976046562195
vn -0.8276804089546204 0.0010576031636446714 -0.5611987113952637
vn -0.7621511220932007 0.0012223294470459223 -0.6473979949951172
vn -0.687687337398529 0.00137220264878124 -0.7260056734085083
vn -0.605161190032959 0.0015058144927024841 -0.7961015701293945
vn -0.5155408978462219 0.001622466486878693 -0.8568633794784546
vn -0.41987764835357666 0.0017209947109222412 -0.9075791239738464
vn -0.3192916810512543 0.0017984616570174694 -0.9476547837257385
vn -0.21496184170246124 0.0018536319257691503 -0.9766207933425903
vn -0.11888787150382996 0.003405423369258642 -0.9929018616676331
vn -0.11558162420988083 -0.028049195185303688 0.9929018616676331
vn -0.20987895131111145 -0.046506237238645554 0.9766206741333008
vn -0.31194084882736206 -0.06814298033714294 0.947654664516449
vn -0.4103449881076813 -0.08898065984249115 0.9075790047645569
vn -0.5039364099502563 -0.10877466201782227 0.8568640947341919
vn -0.5916241407394409 -0.1272921860218048 0.7961015701293945
vn -0.6723750233650208 -0.14431972801685333 0.7260052561759949
vn -0.7452426552772522 -0.15965498983860016 0.6473975777626038
vn -0.8093729615211487 -0.1731189489364624 0.5611998438835144
vn -0.8640154600143433 -0.18455371260643005 0.4684199392795563
vn -0.9085267782211304 -0.19382496178150177 0.37014979124069214
vn -0.942388117313385 -0.20082372426986694 0.2675345540046692
vn -0.9651976227760315 -0.20547035336494446 0.16178877651691437
vn -0.976691484451294 -0.2077072411775589 0.05414186045527458
vn -0.976733922958374 -0.20750804245471954 -0.05414130911231041
vn -0.965324342250824 -0.20487473905086517 -0.1617882400751114
vn -0.9425964951515198 -0.19984006881713867 -0.26753678917884827
vn -0.9088172316551208 -0.1924629509449005 -0.37014755606651306
vn -0.864381730556488 -0.1828262209892273 -0.46842172741889954
vn -0.8098132610321045 -0.17104892432689667 -0.561199426651001
vn -0.7457510232925415 -0.15726560354232788 -0.6473970413208008
vn -0.672945499420166 -0.1416354775428772 -0.7260053753852844
vn -0.5922493934631348 -0.12434563785791397 -0.7961022853851318
vn -0.504612147808075 -0.1055997833609581 -0.8568637371063232
vn -0.4110604524612427 -0.08561529964208603 -0.9075788259506226
vn -0.3126884400844574 -0.06462500989437103 -0.9476547241210938
vn -0.2106497585773468 -0.04287850111722946 -0.9766207337379456
vn -0.1169978529214859 -0.02138769067823887 -0.9929018616676331
vn -0.10722437500953674 -0.051466815173625946 0.9929019212722778
vn -0.19562307000160217 -0.08912692964076996 0.9766206741333008
vn -0.29095616936683655 -0.1315108984708786 0.947654664516449
vn -0.38287806510925293 -0.17235194146633148 0.9075788259506226
vn -0.47030824422836304 -0.21117155253887177 0.8568645119667053
vn -0.5522292852401733 -0.24751639366149902 0.7961020469665527
vn -0.6276769042015076 -0.2809610068798065 0.7260046005249023
vn -0.6957628726959229 -0.31111136078834534 0.6473976969718933
vn -0.7556923031806946 -0.337613970041275 0.5612003207206726
vn -0.806764543056488 -0.36015933752059937 0.46841883659362793
vn -0.8483746647834778 -0.3784834146499634 0.3701496422290802
vn -0.8800403475761414 -0.39236950874328613 0.2675358057022095
vn -0.9013869166374207 -0.401655375957489 0.16178525984287262
vn -0.9121638536453247 -0.40623363852500916 0.05414080619812012
vn -0.912246584892273 -0.4060479998588562 -0.05414006486535072
vn -0.9016337394714355 -0.40110093355178833 -0.16178560256958008
vn -0.8804492950439453 -0.39144986867904663 -0.26753705739974976
vn -0.8489416837692261 -0.3772110342979431 -0.37014836072921753
vn -0.8074812889099121 -0.3585488796234131 -0.46841928362846375
vn -0.756553053855896 -0.3356805145740509 -0.5612004399299622
vn -0.6967571973800659 -0.3088785707950592 -0.647397518157959
vn -0.628792941570282 -0.27845481038093567 -0.7260043621063232
vn -0.5534538626670837 -0.24476397037506104 -0.7961025834083557
vn -0.4716290533542633 -0.20820647478103638 -0.8568640947341919
vn -0.38427725434303284 -0.16920852661132812 -0.9075790047645569
vn -0.29241910576820374 -0.12822629511356354 -0.9476545453071594
vn -0.19713148474693298 -0.08573862165212631 -0.9766207337379456
vn -0.10999470949172974 -0.04524407535791397 -0.9929019212722778
vn -0.09418149292469025 -0.07263451814651489 0.9929018616676331
vn -0.1728188693523407 -0.127850741147995 0.976620614528656
vn -0.25725600123405457 -0.1891302764415741 0.9476545453071594
vn -0.3386766016483307 -0.2481904923915863 0.9075790047645569
vn -0.416126012802124 -0.30433976650238037 0.8568642735481262
vn -0.4886990785598755 -0.3569234311580658 0.7961023449897766
vn -0.5555447340011597 -0.40532347559928894 0.7260047197341919
vn -0.6158756613731384 -0.4489699900150299 0.6473972797393799
vn -0.6689847111701965 -0.487354040145874 0.5612001419067383
vn -0.7142518162727356 -0.5200256705284119 0.46842053532600403
vn -0.7511450052261353 -0.5465993285179138 0.3701489567756653
vn -0.7792307138442993 -0.5667657852172852 0.26753702759742737
vn -0.7981804609298706 -0.5802876353263855 0.16178494691848755
vn -0.8077706694602966 -0.5870054960250854 0.05413993448019028
vn -0.8078902959823608 -0.5868408679962158 -0.0541393905878067
vn -0.7985380291938782 -0.5797950625419617 -0.1617860496044159
vn -0.7798223495483398 -0.5659521222114563 -0.2675360143184662
vn -0.7519634366035461 -0.5454721450805664 -0.3701501190662384
vn -0.7152896523475647 -0.5185977816581726 -0.46841973066329956
vn -0.6702284812927246 -0.48564213514328003 -0.5612001419067383
vn -0.6173112988471985 -0.4469933807849884 -0.6473976969718933
vn -0.5571576356887817 -0.4031039774417877 -0.7260044813156128
vn -0.49046996235847473 -0.354486346244812 -0.7961021065711975
vn -0.4180336892604828 -0.30171337723731995 -0.8568645715713501
vn -0.34070008993148804 -0.24540627002716064 -0.9075788259506226
vn -0.25937020778656006 -0.18621966242790222 -0.9476547241210938
vn -0.17499804496765137 -0.12485164403915405 -0.976620614528656
vn -0.09818408638238907 -0.06712500005960464 -0.9929019212722778
vn -0.07702051103115082 -0.09062942862510681 0.9929019212722778
vn -0.14246028661727905 -0.16098836064338684 0.9766206741333008
vn -0.2123125195503235 -0.23848311603069305 0.9476545453071594
vn -0.2796756327152252 -0.3131813406944275 0.9075786471366882
vn -0.34375736117362976 -0.3842066526412964 0.8568640947341919
vn -0.4038120210170746 -0.45073020458221436 0.7961018681526184
vn -0.4591330289840698 -0.5119701027870178 0.7260051965713501
vn -0.5090705156326294 -0.567206621170044 0.6473978161811829
vn -0.5530392527580261 -0.6157938241958618 0.5612000226974487
vn -0.590525209903717 -0.6571627855300903 0.4684197008609772
vn -0.6210853457450867 -0.6908273100852966 0.37014928460121155
vn -0.6443646550178528 -0.7163923382759094 0.2675372064113617
vn -0.6600897908210754 -0.7335578203201294 0.1617850661277771
vn -0.6680737137794495 -0.7421228885650635 0.054139185696840286
vn -0.6682246327400208 -0.7419870495796204 -0.054139118641614914
vn -0.6605409979820251 -0.7331514358520508 -0.16178585588932037
vn -0.6451125741004944 -0.71571946144104 -0.2675361931324005
vn -0.6221209168434143 -0.6898947954177856 -0.3701494038105011
vn -0.5918357968330383 -0.6559823751449585 -0.4684201776981354
vn -0.5546119213104248 -0.6143781542778015 -0.5611996054649353
vn -0.5108867287635803 -0.565570592880249 -0.6473983526229858
vn -0.4611724615097046 -0.510134220123291 -0.7260048389434814
vn -0.4060504138469696 -0.448714941740036 -0.7961017489433289
vn -0.3461693823337555 -0.3820347487926483 -0.8568642139434814
vn -0.2822318375110626 -0.31087934970855713 -0.9075788259506226
vn -0.2149847000837326 -0.23607763648033142 -0.9476544260978699
vn -0.14521624147891998 -0.15850630402565002 -0.9766207933425903
vn -0.08208242058753967 -0.0860719233751297 -0.9929018616676331
vn -0.0564940981566906 -0.10466250777244568 0.9929019212722778
vn -0.10587544739246368 -0.1870899796485901 0.9766204953193665
vn -0.15808835625648499 -0.27741438150405884 0.9476547241210938
vn -0.20844922959804535 -0.36448508501052856 0.9075790047645569
vn -0.2563653290271759 -0.44728219509124756 0.8568637371063232
vn -0.3012760579586029 -0.5248377919197083 0.7961018085479736
vn -0.3426555395126343 -0.5962409377098083 0.7260053157806396
vn -0.38001781702041626 -0.6606532335281372 0.6473976373672485
vn -0.4129234552383423 -0.717320442199707 0.5612000823020935
vn -0.4409889280796051 -0.7655792236328125 0.4684199392795563
vn -0.4638831913471222 -0.8048619627952576 0.3701479136943817
vn -0.48133739829063416 -0.8347082734107971 0.26753756403923035
vn -0.49314936995506287 -0.8547682166099548 0.161787211894989
vn -0.4991791546344757 -0.8648058772087097 0.05413950979709625
vn -0.4993553161621094 -0.8647040724754333 -0.05413982272148132
vn -0.49367648363113403 -0.8544638156890869 -0.16178758442401886
vn -0.4822090268135071 -0.8342055082321167 -0.26753658056259155
vn -0.4650891125202179 -0.804165780544281 -0.3701479136943817
vn -0.4425170123577118 -0.7646966576576233 -0.4684205651283264
vn -0.4147561192512512 -0.7162627577781677 -0.5611996650695801
vn -0.38213348388671875 -0.6594315767288208 -0.6473977565765381
vn -0.3450319766998291 -0.5948688983917236 -0.7260053157806396
vn -0.30388525128364563 -0.5233318209648132 -0.7961015701293945
vn -0.2591760754585266 -0.44565901160240173 -0.8568638563156128
vn -0.21142953634262085 -0.36276403069496155 -0.9075791239738464
vn -0.1612032800912857 -0.2756165862083435 -0.9476545453071594
vn -0.10908621549606323 -0.1852361410856247 -0.976620614528656
vn -0.06239243969321251 -0.10125727951526642 -0.9929019212722778
vn -0.033499449491500854 -0.11412132531404495 0.9929019212722778
vn -0.06466289609670639 -0.20501403510570526 0.9766207933425903
vn -0.09695704281330109 -0.30422040820121765 0.947654664516449
vn -0.12811292707920074 -0.39985913038253784 0.9075791239738464
vn -0.15776734054088593 -0.49080947041511536 0.8568637371063232
vn -0.18557344377040863 -0.5760080814361572 0.7961013317108154
vn -0.21120235323905945 -0.654454231262207 0.726004958152771
vn -0.23435474932193756 -0.7252261638641357 0.6473984718322754
vn -0.2547609210014343 -0.7874970436096191 0.5611999034881592
vn -0.27217915654182434 -0.84053635597229 0.4684198498725891
vn -0.28640568256378174 -0.8837206959724426 0.37014779448509216
vn -0.29727405309677124 -0.9165435433387756 0.267536997795105
vn -0.3046565055847168 -0.938620924949646 0.16178788244724274
vn -0.30846694111824036 -0.9496930837631226 0.05413994565606117
vn -0.3086604177951813 -0.9496302604675293 -0.05414009466767311
vn -0.3052348494529724 -0.938433051109314 -0.16178756952285767
vn -0.29823067784309387 -0.9162325859069824 -0.26753735542297363
vn -0.2877303957939148 -0.8832903504371643 -0.37014758586883545
vn -0.27385708689689636 -0.8399913311004639 -0.46841952204704285
vn -0.25677329301834106 -0.7868425250053406 -0.5612007975578308
vn -0.2366795688867569 -0.7244717478752136 -0.6473975777626038
vn -0.21381209790706635 -0.6536060571670532 -0.7260052561759949
vn -0.1884373426437378 -0.5750772356987 -0.7961015105247498
vn -0.1608540415763855 -0.4898069202899933 -0.8568635582923889
vn -0.13138605654239655 -0.3987957239151001 -0.9075790643692017
vn -0.10037709772586823 -0.30310866236686707 -0.9476547837257385
vn -0.06819039583206177 -0.2038683146238327 -0.976620614528656
vn -0.0399770624935627 -0.11201648414134979 -0.9929019212722778
vn -0.009041006676852703 -0.11859247833490372 0.9929018616676331
vn -0.02062559500336647 -0.2139780968427658 0.9766207933425903
vn -0.031586844474077225 -0.3177308738231659 0.947654664516449
vn -0.04217817634344101 -0.417758047580719 0.9075788259506226
vn -0.05227402597665787 -0.5128855109214783 0.8568639755249023
vn -0.061758723109960556 -0.6020029783248901 0.796101987361908
vn -0.07051916420459747 -0.6840649247169495 0.7260042428970337
vn -0.0784512534737587 -0.7581037878990173 0.6473979949951172
vn -0.08546367287635803 -0.8232557773590088 0.5612003803253174
vn -0.09147404134273529 -0.8787581324577332 0.4684193432331085
vn -0.09641119837760925 -0.9239562153816223 0.3701481521129608
vn -0.1002177894115448 -0.9583216309547424 0.2675371766090393
vn -0.10284893959760666 -0.9814513325691223 0.16178806126117706
vn -0.10427406430244446 -0.9930739998817444 0.0541403703391552
vn -0.10447640717029572 -0.99305260181427 -0.054140638560056686
vn -0.10345376282930374 -0.9813879132270813 -0.16178768873214722
vn -0.10121838003396988 -0.9582163095474243 -0.26753750443458557
vn -0.09779659658670425 -0.9238107204437256 -0.37014803290367126
vn -0.09322863072156906 -0.8785738348960876 -0.46841925382614136
vn -0.0875682532787323 -0.8230343461036682 -0.5612006783485413
vn -0.08088135719299316 -0.7578487992286682 -0.6473973989486694
vn -0.07324768602848053 -0.6837775707244873 -0.7260047793388367
vn -0.06475487351417542 -0.6016878485679626 -0.7961021065711975
vn -0.05550232157111168 -0.5125465989112854 -0.8568637371063232
vn -0.04559999331831932 -0.41739845275878906 -0.9075788259506226
vn -0.035163670778274536 -0.31735458970069885 -0.9476547241210938
vn -0.024313341826200485 -0.21359077095985413 -0.9766206741333008
vn -0.015814250335097313 -0.11788037419319153 -0.9929019212722778
vn 0.015814252197742462 -0.11788038164377213 0.9929018616676331
vn 0.024313339963555336 -0.21359074115753174 0.9766206741333008
vn 0.035163674503564835 -0.31735458970069885 0.9476547837257385
vn 0.045599985867738724 -0.4173984229564667 0.9075788259506226
vn 0.05550232157111168 -0.5125466585159302 0.8568637371063232
vn 0.06475487351417542 -0.6016878485679626 0.7961021065711975
vn 0.07324769347906113 -0.6837775707244873 0.7260047793388367
vn 0.08088135719299316 -0.7578487992286682 0.6473973989486694
vn 0.0875682532787323 -0.8230343461036682 0.5612006783485413
vn 0.09322863072156906 -0.8785737156867981 0.46841925382614136
vn 0.09779657423496246 -0.9238106608390808 0.3701479732990265
vn 0.10121838748455048 -0.9582164287567139 0.26753750443458557
vn 0.10345377773046494 -0.9813879132270813 0.1617877036333084
vn 0.10447642207145691 -0.99305260181427 0.05414064601063728
vn 0.10427406430244446 -0.9930739998817444 -0.054140374064445496
vn 0.10284894704818726 -0.9814513325691223 -0.16178807616233826
vn 0.1002177819609642 -0.9583216309547424 -0.2675371468067169
vn 0.09641119837760925 -0.9239562153816223 -0.3701481521129608
vn 0.09147404879331589 -0.8787581324577332 -0.4684193432331085
vn 0.08546367287635803 -0.8232557773590088 -0.5612004399299622
vn 0.0784512534737587 -0.7581037878990173 -0.6473979353904724
vn 0.07051917165517807 -0.6840649247169495 -0.7260042428970337
vn 0.061758723109960556 -0.6020029783248901 -0.796101987361908
vn 0.052274029701948166 -0.512885570526123 -0.8568639755249023
vn 0.04217817261815071 -0.4177579879760742 -0.9075788259506226
vn 0.031586844474077225 -0.3177308738231659 -0.9476547241210938
vn 0.02062559500336647 -0.2139780968427658 -0.9766207933425903
vn 0.009041006676852703 -0.11859249323606491 -0.9929018616676331
vn 0.0399770624935627 -0.11201648414134979 0.9929019212722778
vn 0.06819038838148117 -0.2038682997226715 0.976620614528656
vn 0.10037709027528763 -0.3031086325645447 0.9476547837257385
vn 0.13138605654239655 -0.3987956643104553 0.9075790643692017
vn 0.1608540266752243 -0.4898069202899933 0.8568635582923889
vn 0.1884373426437378 -0.5750772356987 0.7961015105247498
vn 0.21381205320358276 -0.6536059379577637 0.7260052561759949
vn 0.2366795539855957 -0.7244717478752136 0.6473975777626038
vn 0.25677329301834106 -0.7868425250053406 0.5612007975578308
vn 0.27385711669921875 -0.8399913311004639 0.46841952204704285
vn 0.28773045539855957 -0.8832903504371643 0.37014761567115784
vn 0.29823070764541626 -0.9162326455116272 0.26753735542297363
vn 0.30523481965065 -0.938433051109314 0.16178756952285767
vn 0.30866044759750366 -0.9496302604675293 0.05414009839296341
vn 0.30846694111824036 -0.9496930837631226 -0.05413994565606117
vn 0.3046565055847168 -0.938620924949646 -0.16178788244724274
vn 0.29727399349212646 -0.9165435433387756 -0.267536997795105
vn 0.2864057123661041 -0.8837206959724426 -0.37014782428741455
vn 0.27217915654182434 -0.84053635597229 -0.4684198796749115
vn 0.2547609508037567 -0.7874970436096191 -0.5611998438835144
vn 0.23435471951961517 -0.7252261638641357 -0.6473984718322754
vn 0.21120232343673706 -0.6544542908668518 -0.7260048389434814
vn 0.18557341396808624 -0.5760080814361572 -0.7961012721061707
vn 0.15776732563972473 -0.49080947041511536 -0.856863796710968
vn 0.12811292707920074 -0.39985913038253784 -0.9075791239738464
vn 0.09695705026388168 -0.30422043800354004 -0.947654664516449
vn 0.06466290354728699 -0.20501403510570526 -0.9766207933425903
vn 0.033499449491500854 -0.11412132531404495 -0.9929018616676331
vn 0.06239243969321251 -0.10125727951526642 0.9929019212722778
vn 0.10908620804548264 -0.1852360963821411 0.976620614528656
vn 0.1612032949924469 -0.2756165862083435 0.9476544857025146
vn 0.21142953634262085 -0.36276403069496155 0.9075791239738464
vn 0.2591760754585266 -0.44565901160240173 0.8568638563156128
vn 0.30388525128364563 -0.5233318209648132 0.7961015701293945
vn 0.3450320065021515 -0.5948690176010132 0.7260053753852844
vn 0.38213348388671875 -0.6594315767288208 0.6473977565765381
vn 0.4147561192512512 -0.7162627577781677 0.5611997246742249
vn 0.4425169825553894 -0.7646965980529785 0.4684205651283264
vn 0.4650891125202179 -0.804165780544281 0.3701479434967041
vn 0.4822089374065399 -0.8342054486274719 0.26753655076026917
vn 0.4936765432357788 -0.8544638156890869 0.16178758442401886
vn 0.49935537576675415 -0.8647041320800781 0.05413982272148132
vn 0.4991791546344757 -0.8648058772087097 -0.05413950979709625
vn 0.4931493401527405 -0.8547682166099548 -0.161787211894989
vn 0.48133739829063416 -0.8347082734107971 -0.26753759384155273
vn 0.4638831913471222 -0.8048620820045471 -0.3701479136943817
vn 0.4409889280796051 -0.7655792236328125 -0.4684199392795563
vn 0.41292357444763184 -0.717320442199707 -0.5612001419067383
vn 0.38001781702041626 -0.6606531739234924 -0.6473976373672485
vn 0.34265559911727905 -0.5962409973144531 -0.7260053753852844
vn 0.3012760877609253 -0.5248377919197083 -0.7961018085479736
vn 0.2563653588294983 -0.44728219509124756 -0.8568637371063232
vn 0.20844922959804535 -0.36448511481285095 -0.9075788855552673
vn 0.15808835625648499 -0.2774144113063812 -0.9476547241210938
vn 0.10587547719478607 -0.18709002435207367 -0.976620614528656
vn 0.0564940981566906 -0.10466251522302628 -0.9929019212722778
vn 0.08208242058753967 -0.0860719233751297 0.9929018616676331
vn 0.1452162265777588 -0.15850630402565002 0.9766206741333008
vn 0.2149847000837326 -0.23607763648033142 0.9476544260978699
vn 0.282231867313385 -0.31087931990623474 0.9075788259506226
vn 0.3461693823337555 -0.3820347785949707 0.8568642139434814
vn 0.4060504734516144 -0.448714941740036 0.7961017489433289
vn 0.4611724615097046 -0.5101341605186462 0.7260048389434814
vn 0.5108867883682251 -0.5655705332756042 0.6473983526229858
vn 0.5546119213104248 -0.6143781542778015 0.5611996054649353
vn 0.5918358564376831 -0.6559823751449585 0.46842023730278015
vn 0.6221209764480591 -0.6898947954177856 0.3701494336128235
vn 0.6451130509376526 -0.7157192826271057 0.2675352990627289
vn 0.6605415940284729 -0.7331507205963135 0.161786749958992
vn 0.6682246923446655 -0.7419870495796204 0.054139118641614914
vn 0.6680740118026733 -0.7421225905418396 -0.05414009466767311
vn 0.6600906252861023 -0.7335573434829712 -0.16178421676158905
vn 0.6443646550178528 -0.7163923382759094 -0.2675372064113617
vn 0.6210853457450867 -0.6908273100852966 -0.37014928460121155
vn 0.590525209903717 -0.6571627259254456 -0.4684197008609772
vn 0.5530392527580261 -0.615793764591217 -0.5612000226974487
vn 0.5090704560279846 -0.567206621170044 -0.6473978757858276
vn 0.45913299918174744 -0.5119701027870178 -0.7260051965713501
vn 0.4038120210170746 -0.45073020458221436 -0.7961018681526184
vn 0.3437573313713074 -0.3842066824436188 -0.8568640947341919
vn 0.27967560291290283 -0.3131813406944275 -0.9075786471366882
vn 0.2123125046491623 -0.23848316073417664 -0.9476545453071594
vn 0.14246027171611786 -0.16098836064338684 -0.976620614528656
vn 0.07702051848173141 -0.09062942862510681 -0.9929019212722778
vn 0.09818408638238907 -0.06712500005960464 0.9929019212722778
vn 0.17499803006649017 -0.12485163658857346 0.976620614528656
vn 0.25937020778656006 -0.18621966242790222 0.9476547241210938
vn 0.34070006012916565 -0.24540627002716064 0.9075788259506226
vn 0.4180336892604828 -0.30171337723731995 0.8568645715713501
vn 0.49046996235847473 -0.3544863760471344 0.7961022257804871
vn 0.5571576356887817 -0.4031039774417877 0.726004421710968
vn 0.6173112988471985 -0.4469933807849884 0.6473976969718933
vn 0.6702291965484619 -0.4856418967247009 0.5611993670463562
vn 0.7152898907661438 -0.5185966491699219 0.4684205949306488
vn 0.7519640922546387 -0.5454719066619873 0.3701492249965668
vn 0.7798221707344055 -0.5659520626068115 0.2675361633300781
vn 0.7985373735427856 -0.5797961354255676 0.16178499162197113
vn 0.8078905344009399 -0.5868404507637024 0.054141368716955185
vn 0.8077699542045593 -0.5870063304901123 -0.0541408509016037
vn 0.7981796264648438 -0.5802878737449646 -0.16178694367408752
vn 0.7792322635650635 -0.5667649507522583 -0.2675342261791229
vn 0.7511451840400696 -0.5465986132621765 -0.3701498806476593
vn 0.714252769947052 -0.5200248956680298 -0.46841973066329956
vn 0.6689846515655518 -0.487354040145874 -0.5612001419067383
vn 0.6158756613731384 -0.4489699900150299 -0.6473972201347351
vn 0.5555447340011597 -0.40532347559928894 -0.7260047197341919
vn 0.4886990785598755 -0.3569234013557434 -0.7961023449897766
vn 0.41612595319747925 -0.3043397068977356 -0.8568642735481262
vn 0.3386766314506531 -0.24819053709506989 -0.9075790643692017
vn 0.25725600123405457 -0.1891302466392517 -0.9476545453071594
vn 0.1728188544511795 -0.127850741147995 -0.976620614528656
vn 0.09418149292469025 -0.07263451814651489 -0.9929018616676331
vn 0.10999470949172974 -0.04524407535791397 0.9929019212722778
vn 0.19713149964809418 -0.08573862910270691 0.9766207933425903
vn 0.29241907596588135 -0.12822629511356354 0.9476545453071594
vn 0.38427722454071045 -0.16920854151248932 0.9075790047645569
vn 0.4716290533542633 -0.20820648968219757 0.8568640947341919
vn 0.5534539222717285 -0.24476397037506104 0.7961025834083557
vn 0.6287930011749268 -0.27845481038093567 0.726004421710968
vn 0.6967563629150391 -0.3088788390159607 0.6473981142044067
vn 0.7565539479255676 -0.33568277955055237 0.5611980557441711
vn 0.8074812293052673 -0.35854896903038025 0.46841925382614136
vn 0.8489418029785156 -0.3772110641002655 0.37014833092689514
vn 0.8804495334625244 -0.3914487957954407 0.26753807067871094
vn 0.9016337394714355 -0.40110012888908386 0.1617879420518875
vn 0.9122462272644043 -0.40604904294013977 0.054138898849487305
vn 0.9121643900871277 -0.406232625246048 -0.054139748215675354
vn 0.9013863801956177 -0.4016555845737457 -0.16178739070892334
vn 0.8800394535064697 -0.39237046241760254 -0.26753687858581543
vn 0.8483746647834778 -0.37848350405693054 -0.37014955282211304
vn 0.8067646622657776 -0.36016014218330383 -0.4684179723262787
vn 0.7556926608085632 -0.33761489391326904 -0.5611994862556458
vn 0.6957628726959229 -0.31111136078834534 -0.6473976373672485
vn 0.6276769638061523 -0.2809610068798065 -0.7260044813156128
vn 0.5522292256355286 -0.24751639366149902 -0.7961020469665527
vn 0.47030824422836304 -0.21117156744003296 -0.8568645119667053
vn 0.38287806510925293 -0.17235195636749268 -0.9075788259506226
vn 0.29095619916915894 -0.1315108984708786 -0.9476547241210938
vn 0.19562307000160217 -0.08912692219018936 -0.9766207933425903
vn 0.10722438246011734 -0.051466818898916245 -0.9929018616676331
vn 0.1169978529214859 -0.021387692540884018 0.9929018616676331
vn 0.2106497585773468 -0.04287850111722946 0.9766207337379456
vn 0.3126884400844574 -0.06462501734495163 0.9476547241210938
vn 0.4110604524612427 -0.08561529964208603 0.9075788259506226
vn 0.504612147808075 -0.1055997684597969 0.8568636178970337
vn 0.5922493934631348 -0.12434563785791397 0.7961022853851318
vn 0.672945499420166 -0.1416354775428772 0.7260053157806396
vn 0.7457499504089355 -0.15726475417613983 0.6473985314369202
vn 0.8098125457763672 -0.17104940116405487 0.5612002611160278
vn 0.864382266998291 -0.18283015489578247 0.4684189260005951
vn 0.908816933631897 -0.1924647092819214 0.3701474368572235
vn 0.9425964951515198 -0.19984260201454163 0.26753461360931396
vn 0.9653239250183105 -0.20487533509731293 0.16178923845291138
vn 0.9767341613769531 -0.20750683546066284 0.054142531007528305
vn 0.9766911864280701 -0.2077084630727768 -0.0541430301964283
vn 0.9651975035667419 -0.205470472574234 -0.16178874671459198
vn 0.9423881769180298 -0.2008243054151535 -0.26753339171409607
vn 0.9085267186164856 -0.1938275396823883 -0.3701487183570862
vn 0.8640150427818298 -0.18455548584461212 -0.46841996908187866
vn 0.8093733787536621 -0.1731196492910385 -0.5611990094184875
vn 0.7452412843704224 -0.15965531766414642 -0.6473991274833679
vn 0.6723750233650208 -0.14431971311569214 -0.7260051965713501
vn 0.5916241407394409 -0.1272921860218048 -0.7961015701293945
vn 0.5039364695549011 -0.10877467691898346 -0.8568640947341919
vn 0.4103449583053589 -0.08898065984249115 -0.9075790047645569
vn 0.3119408190250397 -0.06814298033714294 -0.9476547241210938
vn 0.20987895131111145 -0.046506233513355255 -0.9766206741333008
vn 0.11558161675930023 -0.028049195185303688 -0.9929019212722778
vn 2.3628532463959573e-9 -1.2591521159066588e-9 1
vn 2.3628532463959573e-9 -1.2591521159066588e-9 -1
vn 0.11888772994279861 0.0034054177813231945 0.9929018616676331
vn 0.21496541798114777 0.0018540999153628945 0.9766198992729187
vn 0.31928887963294983 0.0017977545503526926 0.9476556181907654
vn 0.4198777675628662 0.0017209541983902454 0.9075790643692017
vn 0.5155431628227234 0.0016226478619500995 0.8568620681762695
vn 0.6051607728004456 0.0015062810853123665 0.7961018085479736
vn 0.6876863837242126 0.0013718318659812212 0.7260065674781799
vn 0.7621492147445679 0.0012220240896567702 0.6474001407623291
vn 0.8276800513267517 0.0010578238870948553 0.5611993670463562
vn 0.8835060596466064 0.0008823523530736566 0.46841898560523987
vn 0.9289729595184326 0.0006965609500184655 0.37014707922935486
vn 0.9635475873947144 0.0005029509775340557 0.2675369083881378
vn 0.9868255853652954 0.0003040994633920491 0.16178743541240692
vn 0.998533308506012 0.0001017673421301879 0.054140955209732056
vn 0.998533308506012 -0.00010176358773605898 -0.054140955209732056
vn 0.9868256449699402 -0.00030409952159971 -0.16178745031356812
vn 0.9635478854179382 -0.0005029335734434426 -0.2675358057022095
vn 0.9289721250534058 -0.0006966223591007292 -0.3701488971710205
vn 0.8835055232048035 -0.000882274704053998 -0.4684200584888458
vn 0.8276798129081726 -0.0010579064255580306 -0.5611996054649353
vn 0.7621511220932007 -0.0012218565680086613 -0.6473979949951172
vn 0.6876879930496216 -0.0013720281422138214 -0.726004958152771
vn 0.6051610708236694 -0.001506119966506958 -0.7961016893386841
vn 0.5155401825904846 -0.0016229344764724374 -0.856863796710968
vn 0.4198780655860901 -0.0017205302137881517 -0.9075788855552673
vn 0.31929200887680054 -0.001798097277060151 -0.947654664516449
vn 0.21496199071407318 -0.001853981171734631 -0.9766206741333008
vn 0.11888772994279861 -0.003405418246984482 -0.9929018616676331
vn 0.11558191478252411 0.028048887848854065 0.9929018616676331
vn 0.20988228917121887 0.046507827937603 0.9766198992729187
vn 0.3119376301765442 0.06814287602901459 0.9476557374000549
vn 0.4103444814682007 0.08898103982210159 0.9075790643692017
vn 0.5039400458335876 0.10877462476491928 0.8568620681762695
vn 0.5916234254837036 0.12729327380657196 0.7961018681526184
vn 0.6723740100860596 0.14431965351104736 0.7260062098503113
vn 0.7452401518821716 0.15965524315834045 0.6474003791809082
vn 0.8093730807304382 0.17311948537826538 0.5611995458602905
vn 0.8640159964561462 0.18455438315868378 0.46841856837272644
vn 0.9085277318954468 0.19382567703723907 0.37014731764793396
vn 0.9423871040344238 0.20082470774650574 0.2675369083881378
vn 0.9651980996131897 0.2054697573184967 0.1617872565984726
vn 0.9766919016838074 0.20770616829395294 0.05414096266031265
vn 0.9767341613769531 0.2075071632862091 -0.05414089560508728
vn 0.9653244018554688 0.20487500727176666 -0.1617872714996338
vn 0.9425963759422302 0.1998407393693924 -0.26753634214401245
vn 0.9088167548179626 0.1924634724855423 -0.3701483905315399
vn 0.864382266998291 0.1828286051750183 -0.4684198200702667
vn 0.8098127245903015 0.1710493564605713 -0.5611999034881592
vn 0.7457504868507385 0.15726515650749207 -0.6473979353904724
vn 0.6729456782341003 0.1416361927986145 -0.7260050177574158
vn 0.5922500491142273 0.12434697896242142 -0.7961016297340393
vn 0.5046118497848511 0.10559952259063721 -0.8568638563156128
vn 0.4110603332519531 0.08561500161886215 -0.9075788855552673
vn 0.3126884698867798 0.06462585926055908 -0.9476547241210938
vn 0.21065005660057068 0.04287923499941826 -0.9766207933425903
vn 0.11699787527322769 0.021386919543147087 -0.9929018616676331
vn 0.10722419619560242 0.05146709084510803 0.9929018616676331
vn 0.19562683999538422 0.08912788331508636 0.9766198396682739
vn 0.29095369577407837 0.1315089911222458 0.9476556181907654
vn 0.3828771114349365 0.17235219478607178 0.9075791835784912
vn 0.4703119099140167 0.2111729085445404 0.8568622469902039
vn 0.5522290468215942 0.2475171685218811 0.7961019277572632
vn 0.6276753544807434 0.2809603810310364 0.7260061502456665
vn 0.6957610249519348 0.31111034750938416 0.6474000811576843
vn 0.7556928396224976 0.3376145362854004 0.5611994862556458
vn 0.8067642450332642 0.3601604104042053 0.4684186577796936
vn 0.8483755588531494 0.37848368287086487 0.37014731764793396
vn 0.8800395131111145 0.39236971735954285 0.2675379812717438
vn 0.9013864994049072 0.40165600180625916 0.16178688406944275
vn 0.9121639132499695 0.40623360872268677 0.05414103344082832
vn 0.9122467637062073 0.4060474932193756 -0.05414053425192833
vn 0.9016337394714355 0.40110018849372864 -0.16178768873214722
vn 0.8804492950439453 0.39145052433013916 -0.2675362527370453
vn 0.8489413857460022 0.3772103786468506 -0.3701496422290802
vn 0.8074814081192017 0.3585485816001892 -0.46841928362846375
vn 0.7565532326698303 0.33568140864372253 -0.5611997246742249
vn 0.6967567801475525 0.30887869000434875 -0.6473978757858276
vn 0.6287925243377686 0.2784545421600342 -0.7260048389434814
vn 0.553454577922821 0.2447652369737625 -0.7961018085479736
vn 0.4716292917728424 0.20820660889148712 -0.8568638563156128
vn 0.38427734375 0.16920804977416992 -0.9075790047645569
vn 0.2924191355705261 0.12822529673576355 -0.947654664516449
vn 0.19713158905506134 0.08573955297470093 -0.9766206741333008
vn 0.10999439656734467 0.04524518549442291 -0.9929018616676331
vn 0.09418018907308578 0.0726359561085701 0.9929019212722778
vn 0.1728205382823944 0.1278540939092636 0.9766198396682739
vn 0.25725317001342773 0.1891278177499771 0.9476557374000549
vn 0.3386768698692322 0.24818970263004303 0.9075791835784912
vn 0.4161296486854553 0.30434104800224304 0.8568620681762695
vn 0.48869970440864563 0.3569229245185852 0.7961021065711975
vn 0.5555439591407776 0.40532177686691284 0.726006269454956
vn 0.6158738136291504 0.4489687979221344 0.6473997831344604
vn 0.6689851880073547 0.48735368251800537 0.5611999034881592
vn 0.7142533659934998 0.5200254917144775 0.4684183895587921
vn 0.7511455416679382 0.5466000437736511 0.37014684081077576
vn 0.7792302966117859 0.5667661428451538 0.26753756403923035
vn 0.7981799244880676 0.5802878141403198 0.16178689897060394
vn 0.8077704906463623 0.5870057344436646 0.05413999781012535
vn 0.8078897595405579 0.5868415236473083 -0.05413983389735222
vn 0.798537015914917 0.5797961354255676 -0.161787211894989
vn 0.7798218727111816 0.5659526586532593 -0.267535924911499
vn 0.75196373462677 0.5454728603363037 -0.3701483905315399
vn 0.7152897119522095 0.5185971260070801 -0.46842047572135925
vn 0.6702290177345276 0.48564213514328003 -0.5611994862556458
vn 0.6173115968704224 0.4469927251338959 -0.6473978757858276
vn 0.5571581125259399 0.40310290455818176 -0.7260048389434814
vn 0.4904707670211792 0.35448595881462097 -0.7961018085479736
vn 0.41803473234176636 0.3017134368419647 -0.8568639755249023
vn 0.34069952368736267 0.24540621042251587 -0.9075790643692017
vn 0.25936949253082275 0.18622054159641266 -0.947654664516449
vn 0.17499777674674988 0.1248513013124466 -0.9766207933425903
vn 0.09818367660045624 0.06712595373392105 -0.9929018616676331
vn 0.07702169567346573 0.09062885493040085 0.9929018616676331
vn 0.14246264100074768 0.16099083423614502 0.9766198396682739
vn 0.21231016516685486 0.2384808361530304 0.9476556181907654
vn 0.27967312932014465 0.3131815195083618 0.9075794219970703
vn 0.3437594771385193 0.3842087388038635 0.8568623661994934
vn 0.40381237864494324 0.4507301449775696 0.7961016297340393
vn 0.45913219451904297 0.5119690299034119 0.7260065078735352
vn 0.5090693235397339 0.5672051310539246 0.6474000215530396
vn 0.5530394315719604 0.615793764591217 0.561199963092804
vn 0.5905255675315857 0.6571635007858276 0.4684181809425354
vn 0.6210870146751404 0.6908276677131653 0.37014612555503845
vn 0.6443654894828796 0.7163917422294617 0.2675371468067169
vn 0.660089373588562 0.7335577011108398 0.161787748336792
vn 0.6680738925933838 0.7421226501464844 0.05414023622870445
vn 0.6682253479957581 0.7419863343238831 -0.05414053052663803
vn 0.6605414748191833 0.7331506013870239 -0.16178730130195618
vn 0.6451131105422974 0.7157186269760132 -0.26753661036491394
vn 0.6221213340759277 0.6898956894874573 -0.3701470196247101
vn 0.5918362140655518 0.655982494354248 -0.4684195816516876
vn 0.5546119213104248 0.6143772602081299 -0.5612006783485413
vn 0.5108863711357117 0.5655718445777893 -0.6473976969718933
vn 0.4611726701259613 0.5101345181465149 -0.7260045409202576
vn 0.40605074167251587 0.44871440529823303 -0.7961019277572632
vn 0.3461693227291107 0.38203513622283936 -0.8568639755249023
vn 0.2822318971157074 0.310878187417984 -0.907579243183136
vn 0.21498484909534454 0.23607663810253143 -0.9476547241210938
vn 0.1452162116765976 0.1585068702697754 -0.976620614528656
vn 0.08208280056715012 0.08607151359319687 -0.9929019212722778
vn 0.056495171040296555 0.1046624407172203 0.9929018616676331
vn 0.10587698966264725 0.18709243834018707 0.9766198992729187
vn 0.15808838605880737 0.27741098403930664 0.9476556777954102
vn 0.2084493786096573 0.36448541283607483 0.9075788259506226
vn 0.25636500120162964 0.4472843110561371 0.8568627834320068
vn 0.30127620697021484 0.5248382091522217 0.7961013913154602
vn 0.34265533089637756 0.596240222454071 0.7260061502456665
vn 0.3800158202648163 0.6606519222259521 0.6474001407623291
vn 0.41292262077331543 0.7173208594322205 0.5612004399299622
vn 0.44098857045173645 0.7655803561210632 0.4684186279773712
vn 0.46388351917266846 0.8048625588417053 0.37014642357826233
vn 0.48133817315101624 0.8347078561782837 0.2675376236438751
vn 0.4931495785713196 0.8547680377960205 0.16178783774375916
vn 0.499178946018219 0.8648058772087097 0.05414034053683281
vn 0.4993548095226288 0.8647043108940125 -0.05414067953824997
vn 0.4936761260032654 0.8544641137123108 -0.1617870181798935
vn 0.4822099208831787 0.8342047929763794 -0.2675371468067169
vn 0.4650894105434418 0.804165244102478 -0.370148628950119
vn 0.4425159990787506 0.7646981477737427 -0.46841901540756226
vn 0.4147554337978363 0.7162628173828125 -0.5612001419067383
vn 0.38213375210762024 0.6594306230545044 -0.6473987698554993
vn 0.34503233432769775 0.5948705673217773 -0.7260039448738098
vn 0.30388450622558594 0.5233314037322998 -0.7961020469665527
vn 0.2591750919818878 0.44565969705581665 -0.8568638563156128
vn 0.2114289253950119 0.36276498436927795 -0.9075788855552673
vn 0.16120320558547974 0.275615930557251 -0.947654664516449
vn 0.1090867817401886 0.18523567914962769 -0.9766206741333008
vn 0.06239376962184906 0.10125654935836792 -0.9929019212722778
vn 0.03349963203072548 0.11412142217159271 0.9929018616676331
vn 0.06466478109359741 0.2050178050994873 0.9766197204589844
vn 0.09695436805486679 0.3042173981666565 0.9476557970046997
vn 0.12811245024204254 0.39985957741737366 0.9075789451599121
vn 0.1577686369419098 0.49081164598464966 0.8568623065948486
vn 0.18557202816009521 0.5760069489479065 0.7961023449897766
vn 0.21120309829711914 0.6544532775878906 0.7260056138038635
vn 0.23435531556606293 0.7252252697944641 0.647399365901947
vn 0.2547602355480194 0.7874974608421326 0.5611995458602905
vn 0.27217844128608704 0.8405364751815796 0.4684201776981354
vn 0.28640663623809814 0.8837206959724426 0.3701474070549011
vn 0.2972749173641205 0.9165433645248413 0.26753661036491394
vn 0.3046567440032959 0.9386208057403564 0.16178756952285767
vn 0.3084670305252075 0.9496930837631226 0.05414123460650444
vn 0.30866092443466187 0.9496300220489502 -0.05414145067334175
vn 0.3052353262901306 0.9384329319000244 -0.1617867797613144
vn 0.29823148250579834 0.916232705116272 -0.2675360441207886
vn 0.2877309024333954 0.8832891583442688 -0.3701501190662384
vn 0.27385661005973816 0.83999103307724 -0.46842053532600403
vn 0.25677239894866943 0.7868440747261047 -0.5611990690231323
vn 0.23667968809604645 0.7244718074798584 -0.6473973989486694
vn 0.21381287276744843 0.6536062359809875 -0.7260047793388367
vn 0.1884375959634781 0.5750767588615417 -0.7961017489433289
vn 0.16085375845432281 0.4898057281970978 -0.8568642735481262
vn 0.13138535618782043 0.39879655838012695 -0.9075787663459778
vn 0.10037703067064285 0.3031090795993805 -0.947654664516449
vn 0.06819034367799759 0.20386822521686554 -0.976620614528656
vn 0.03997641056776047 0.11201722174882889 -0.9929018616676331
vn 0.009040027856826782 0.11859218776226044 0.9929019212722778
vn 0.020626790821552277 0.21398228406906128 0.9766197800636292
vn 0.0315871387720108 0.3177282214164734 0.9476554989814758
vn 0.04217665642499924 0.4177570939064026 0.9075793027877808
vn 0.05227512866258621 0.5128881335258484 0.8568623661994934
vn 0.061758268624544144 0.6020022630691528 0.7961025238037109
vn 0.07051883637905121 0.6840634942054749 0.7260056734085083
vn 0.07845097780227661 0.7581029534339905 0.6473987698554993
vn 0.08546376973390579 0.8232567310333252 0.5611989498138428
vn 0.09147381782531738 0.8787571787834167 0.46842122077941895
vn 0.09641170501708984 0.9239558577537537 0.37014904618263245
vn 0.10021858662366867 0.9583216905593872 0.26753664016723633
vn 0.10284972935914993 0.9814515113830566 0.1617863029241562
vn 0.10427435487508774 0.9930738210678101 0.05414116010069847
vn 0.10447652637958527 0.99305260181427 -0.0541408397257328
vn 0.10345430672168732 0.9813880324363708 -0.16178661584854126
vn 0.10121923685073853 0.9582167267799377 -0.2675356864929199
vn 0.09779728949069977 0.923809289932251 -0.37015122175216675
vn 0.09322869032621384 0.8785724639892578 -0.4684217572212219
vn 0.08756818622350693 0.8230353593826294 -0.5611993670463562
vn 0.08088146895170212 0.7578498125076294 -0.6473961472511292
vn 0.07324764877557755 0.6837777495384216 -0.7260046601295471
vn 0.06475428491830826 0.6016882061958313 -0.7961018681526184
vn 0.05550270155072212 0.5125451683998108 -0.8568645715713501
vn 0.04559975862503052 0.41739821434020996 -0.9075788855552673
vn 0.035162802785634995 0.31735578179359436 -0.9476544857025146
vn 0.024314500391483307 0.21359065175056458 -0.9766206741333008
vn 0.015814028680324554 0.11788052320480347 -0.9929018616676331
vn -0.01581401936709881 0.11788053810596466 0.9929018616676331
vn -0.024314967915415764 0.2135940045118332 0.9766198396682739
vn -0.035162147134542465 0.31735268235206604 0.9476553797721863
vn -0.04560013860464096 0.4173978865146637 0.9075790047645569
vn -0.05550269037485123 0.5125481486320496 0.8568627834320068
vn -0.06475440412759781 0.6016879677772522 0.7961020469665527
vn -0.0732472762465477 0.6837760806083679 0.726006269454956
vn -0.08088141679763794 0.7578479647636414 0.6473982930183411
vn -0.08756811916828156 0.823035478591919 0.5611991882324219
vn -0.09322882443666458 0.878572940826416 0.46842074394226074
vn -0.09779728949069977 0.9238100051879883 0.3701493740081787
vn -0.10121920704841614 0.9582164287567139 0.26753678917884827
vn -0.10345430672168732 0.9813880324363708 0.16178664565086365
vn -0.10447652637958527 0.99305260181427 0.054140854626894
vn -0.10427435487508774 0.9930738210678101 -0.05414118990302086
vn -0.10284972935914993 0.9814515113830566 -0.16178633272647858
vn -0.10021862387657166 0.9583220481872559 -0.2675355076789856
vn -0.0964115709066391 0.9239550828933716 -0.3701508343219757
vn -0.09147383272647858 0.8787566423416138 -0.4684222936630249
vn -0.08546367287635803 0.8232566118240356 -0.5611991882324219
vn -0.07845133543014526 0.7581048607826233 -0.6473967432975769
vn -0.07051880657672882 0.6840651631355286 -0.7260041236877441
vn -0.06175842881202698 0.6020025014877319 -0.7961023449897766
vn -0.052274513989686966 0.5128852128982544 -0.8568640947341919
vn -0.04217711091041565 0.41775739192962646 -0.9075791239738464
vn -0.031587131321430206 0.3177313804626465 -0.9476544857025146
vn -0.020626530051231384 0.2139788419008255 -0.9766205549240112
vn -0.009040027856826782 0.11859219521284103 -0.9929019212722778
vn -0.03997643291950226 0.1120172068476677 0.9929018616676331
vn -0.06819156557321548 0.2038714587688446 0.9766198992729187
vn -0.1003757044672966 0.3031062185764313 0.9476556181907654
vn -0.1313856542110443 0.39879605174064636 0.9075789451599121
vn -0.16085438430309296 0.4898086488246918 0.8568625450134277
vn -0.18843765556812286 0.5750765204429626 0.7961018681526184
vn -0.2138121873140335 0.6536048054695129 0.726006269454956
vn -0.23667924106121063 0.7244699001312256 0.6473994851112366
vn -0.25677233934402466 0.7868443131446838 0.5611987709999084
vn -0.27385684847831726 0.8399914503097534 0.46841946244239807
vn -0.2877310812473297 0.8832898736000061 0.37014833092689514
vn -0.29823145270347595 0.9162324666976929 0.26753708720207214
vn -0.3052353262901306 0.9384329319000244 0.16178683936595917
vn -0.3086608648300171 0.9496299028396606 0.05414149910211563
vn -0.3084670305252075 0.9496930837631226 -0.05414130538702011
vn -0.3046567440032959 0.9386208057403564 -0.16178753972053528
vn -0.2972750663757324 0.9165436625480652 -0.2675354480743408
vn -0.28640633821487427 0.8837199807167053 -0.3701491057872772
vn -0.2721783220767975 0.8405358791351318 -0.46842125058174133
vn -0.25476008653640747 0.7874974012374878 -0.5611998438835144
vn -0.23435603082180023 0.7252269983291626 -0.6473971605300903
vn -0.2112034112215042 0.6544548273086548 -0.7260039448738098
vn -0.18557226657867432 0.5760071277618408 -0.7961022257804871
vn -0.1577674150466919 0.4908088743686676 -0.8568640351295471
vn -0.12811292707920074 0.3998597264289856 -0.9075788259506226
vn -0.09695503860712051 0.3042205274105072 -0.9476547837257385
vn -0.06466387212276459 0.20501446723937988 -0.9766204953193665
vn -0.033499620854854584 0.11412142217159271 -0.9929018616676331
vn -0.06239376217126846 0.1012565866112709 0.9929018616676331
vn -0.10908862203359604 0.18523858487606049 0.9766198396682739
vn -0.16120140254497528 0.2756134569644928 0.9476557374000549
vn -0.2114291787147522 0.3627643883228302 0.9075790643692017
vn -0.2591763436794281 0.4456622898578644 0.8568621277809143
vn -0.3038845360279083 0.5233311653137207 0.7961021065711975
vn -0.34503135085105896 0.5948692560195923 0.7260053753852844
vn -0.3821329176425934 0.6594288349151611 0.6474008560180664
vn -0.4147554636001587 0.716262936592102 0.5612000226974487
vn -0.44251641631126404 0.7646985054016113 0.4684178829193115
vn -0.46508973836898804 0.8041658997535706 0.37014690041542053
vn -0.482209712266922 0.8342045545578003 0.2675381600856781
vn -0.4936761260032654 0.854464054107666 0.1617869883775711
vn -0.4993548095226288 0.8647043704986572 0.054140787571668625
vn -0.4991789162158966 0.8648059368133545 -0.05414041876792908
vn -0.49314945936203003 0.8547679781913757 -0.16178780794143677
vn -0.4813382923603058 0.8347080945968628 -0.2675364315509796
vn -0.4638831615447998 0.8048620223999023 -0.37014809250831604
vn -0.4409883916378021 0.7655797004699707 -0.4684197008609772
vn -0.4129224121570587 0.7173205614089966 -0.561200737953186
vn -0.380016952753067 0.6606535315513611 -0.6473979949951172
vn -0.34265604615211487 0.5962417721748352 -0.7260045409202576
vn -0.3012765347957611 0.5248383283615112 -0.7961012721061707
vn -0.25636330246925354 0.44728177785873413 -0.8568645119667053
vn -0.20844991505146027 0.36448541283607483 -0.9075786471366882
vn -0.1580895334482193 0.27741381525993347 -0.9476545453071594
vn -0.10587538778781891 0.18708942830562592 -0.9766206741333008
vn -0.05649520084261894 0.1046624407172203 -0.9929018616676331
vn -0.08208280056715012 0.08607150614261627 0.9929019212722778
vn -0.14521856606006622 0.15850941836833954 0.9766198396682739
vn -0.21498245000839233 0.2360745519399643 0.9476556181907654
vn -0.28223201632499695 0.3108776807785034 0.9075793027877808
vn -0.34617114067077637 0.3820374011993408 0.8568623065948486
vn -0.40605080127716064 0.4487140476703644 0.7961020469665527
vn -0.461171418428421 0.5101334452629089 0.726006031036377
vn -0.5108851790428162 0.5655703544616699 0.6473997831344604
vn -0.5546119213104248 0.614377498626709 0.5612003803253174
vn -0.5918366312980652 0.6559829115867615 0.4684184193611145
vn -0.6221218705177307 0.689896285533905 0.37014541029930115
vn -0.645112931728363 0.7157184481620789 0.2675378918647766
vn -0.6605414748191833 0.7331507205963135 0.16178728640079498
vn -0.6682251691818237 0.7419865131378174 0.054140567779541016
vn -0.6680738925933838 0.7421228289604187 -0.054140355437994
vn -0.6600892543792725 0.7335577011108398 -0.16178765892982483
vn -0.644365668296814 0.7163919806480408 -0.26753607392311096
vn -0.6210862994194031 0.6908271312713623 -0.3701480031013489
vn -0.5905253291130066 0.6571630835533142 -0.4684191644191742
vn -0.5530391931533813 0.6157936453819275 -0.5612002611160278
vn -0.5090705752372742 0.5672063827514648 -0.6473979353904724
vn -0.45913323760032654 0.5119704008102417 -0.7260047793388367
vn -0.4038127064704895 0.45073020458221436 -0.7961015701293945
vn -0.3437572419643402 0.3842066824436188 -0.8568642139434814
vn -0.27967369556427 0.31318145990371704 -0.907579243183136
vn -0.21231207251548767 0.23848341405391693 -0.947654664516449
vn -0.1424603909254074 0.1609882265329361 -0.9766206741333008
vn -0.07702168822288513 0.09062887728214264 -0.9929018616676331
vn -0.09818368405103683 0.06712595373392105 0.9929018616676331
vn -0.1750006228685379 0.1248532235622406 0.9766198992729187
vn -0.2593667805194855 0.1862189918756485 0.9476557374000549
vn -0.3406994938850403 0.24540574848651886 0.9075791835784912
vn -0.41803690791130066 0.3017154932022095 0.8568622469902039
vn -0.490470826625824 0.3544856905937195 0.7961019277572632
vn -0.5571566224098206 0.40310198068618774 0.7260063290596008
vn -0.617310106754303 0.4469914436340332 0.6474000215530396
vn -0.6702291369438171 0.48564231395721436 0.5611991882324219
vn -0.7152901291847229 0.5185973644256592 0.46841952204704285
vn -0.7519643306732178 0.545473575592041 0.3701462745666504
vn -0.7798217535018921 0.5659523010253906 0.2675372064113617
vn -0.7985371947288513 0.5797958970069885 0.16178753972053528
vn -0.8078897595405579 0.5868415236473083 0.054140083491802216
vn -0.8077705502510071 0.5870057344436646 -0.05414038524031639
vn -0.7981799244880676 0.5802876949310303 -0.16178712248802185
vn -0.7792307138442993 0.5667663812637329 -0.2675361633300781
vn -0.7511447668075562 0.5465996861457825 -0.37014874815940857
vn -0.7142528891563416 0.5200250744819641 -0.46841931343078613
vn -0.6689849495887756 0.487353652715683 -0.5612000823020935
vn -0.615875244140625 0.4489697217941284 -0.6473978161811829
vn -0.5555451512336731 0.40532293915748596 -0.7260048389434814
vn -0.48870009183883667 0.3569228947162628 -0.7961019277572632
vn -0.41612696647644043 0.3043394982814789 -0.8568638563156128
vn -0.338677316904068 0.24818964302539825 -0.9075790643692017
vn -0.257255494594574 0.18912997841835022 -0.9476547241210938
vn -0.17281782627105713 0.12785199284553528 -0.9766206741333008
vn -0.09418018907308578 0.0726359561085701 -0.9929019212722778
vn -0.10999437421560287 0.04524530842900276 0.9929018616676331
vn -0.19713479280471802 0.08574088662862778 0.9766198396682739
vn -0.29241612553596497 0.12822426855564117 0.9476557374000549
vn -0.38427722454071045 0.16920752823352814 0.9075791835784912
vn -0.4716319143772125 0.2082081139087677 0.8568622469902039
vn -0.5534544587135315 0.24476505815982819 0.7961018681526184
vn -0.6287909150123596 0.27845412492752075 0.7260063886642456
vn -0.6967551112174988 0.3088776469230652 0.6474000811576843
vn -0.756553590297699 0.3356814384460449 0.5611992478370667
vn -0.8074817657470703 0.35854846239089966 0.46841880679130554
vn -0.8489420413970947 0.37721094489097595 0.3701476752758026
vn -0.8804490566253662 0.3914507031440735 0.2675366699695587
vn -0.9016336798667908 0.40110015869140625 0.16178809106349945
vn -0.9122467637062073 0.4060475528240204 0.05414094403386116
vn -0.9121639132499695 0.40623360872268677 -0.05414145812392235
vn -0.9013863801956177 0.4016560912132263 -0.16178713738918304
vn -0.8800398707389832 0.39236992597579956 -0.26753634214401245
vn -0.8483747839927673 0.37848350405693054 -0.37014925479888916
vn -0.806763768196106 0.36015987396240234 -0.4684198200702667
vn -0.755692720413208 0.33761441707611084 -0.5611996650695801
vn -0.6957628130912781 0.3111109137535095 -0.6473979353904724
vn -0.6276766657829285 0.2809612452983856 -0.7260046601295471
vn -0.5522294044494629 0.2475171536207199 -0.7961017489433289
vn -0.4703090488910675 0.2111719399690628 -0.8568639755249023
vn -0.3828775882720947 0.1723518967628479 -0.9075790643692017
vn -0.29095643758773804 0.13151055574417114 -0.947654664516449
vn -0.19562369585037231 0.08912650495767593 -0.9766206741333008
vn -0.10722415894269943 0.0514671765267849 -0.9929018616676331
vn -0.1169978454709053 0.021386776119470596 0.9929019212722778
vn -0.21065351366996765 0.04287990182638168 0.9766198396682739
vn -0.3126853406429291 0.06462551653385162 0.9476557374000549
vn -0.41106006503105164 0.08561447262763977 0.9075790643692017
vn -0.504614531993866 0.10560040920972824 0.8568620681762695
vn -0.5922497510910034 0.12434680759906769 0.7961018085479736
vn -0.672944188117981 0.1416362076997757 0.7260065078735352
vn -0.7457486391067505 0.1572645604610443 0.6474000215530396
vn -0.8098129630088806 0.17104950547218323 0.5611996054649353
vn -0.8643827438354492 0.18282848596572876 0.4684188961982727
vn -0.9088171720504761 0.19246327877044678 0.37014758586883545
vn -0.9425962567329407 0.1998409926891327 0.2675367295742035
vn -0.965324342250824 0.2048751264810562 0.16178709268569946
vn -0.9767342209815979 0.20750689506530762 0.0541413351893425
vn -0.9766919016838074 0.20770606398582458 -0.05414110794663429
vn -0.9651979207992554 0.20546992123126984 -0.161787211894989
vn -0.9423873424530029 0.20082496106624603 -0.2675357758998871
vn -0.9085269570350647 0.19382546842098236 -0.3701492249965668
vn -0.8640152215957642 0.18455420434474945 -0.46842020750045776
vn -0.8093730807304382 0.1731194108724594 -0.5611995458602905
vn -0.745242178440094 0.1596554070711136 -0.6473981142044067
vn -0.6723753809928894 0.1443202942609787 -0.7260047197341919
vn -0.5916236639022827 0.12729321420192719 -0.7961017489433289
vn -0.5039370059967041 0.10877428948879242 -0.856863796710968
vn -0.41034480929374695 0.08898068219423294 -0.9075790643692017
vn -0.3119407296180725 0.06814375519752502 -0.9476547241210938
vn -0.20987901091575623 0.0465068556368351 -0.9766206741333008
vn -0.11558189988136292 0.028048815205693245 -0.9929018616676331
vn -0.11888772994279861 -0.0034053842537105083 0.9929019212722778
vn -0.21496549248695374 -0.0018542242469266057 0.9766198992729187
vn -0.31928887963294983 -0.0017977987881749868 0.9476557374000549
vn -0.41987770795822144 -0.001720957225188613 0.9075790643692017
vn -0.5155431628227234 -0.001622646814212203 0.8568620681762695
vn -0.6051607728004456 -0.0015063198516145349 0.7961018681526184
vn -0.6876865029335022 -0.001371789607219398 0.7260065078735352
vn -0.762149453163147 -0.0012219880009070039 0.64739990234375
vn -0.8276800513267517 -0.001057948567904532 0.5611993074417114
vn -0.8835060000419617 -0.0008821787778288126 0.46841904520988464
vn -0.9289727210998535 -0.0006964922067709267 0.3701476454734802
vn -0.9635475873947144 -0.000503113551530987 0.26753702759742737
vn -0.9868257641792297 -0.0003039394796360284 0.16178686916828156
vn -0.998533308506012 -0.0001016047754092142 0.05414079874753952
vn -0.998533308506012 0.00010160602687392384 -0.05414079874753952
vn -0.9868256449699402 0.0003039394214283675 -0.16178682446479797
vn -0.9635478258132935 0.0005030971951782703 -0.26753586530685425
vn -0.9289720058441162 0.0006965510547161102 -0.3701493740081787
vn -0.8835054039955139 0.000882101128809154 -0.4684200584888458
vn -0.8276798725128174 0.0010580263333395123 -0.5611996054649353
vn -0.7621513605117798 0.0012218129122629762 -0.6473977565765381
vn -0.6876880526542664 0.0013719894923269749 -0.7260048389434814
vn -0.6051610112190247 0.0015061566373333335 -0.7961016893386841
vn -0.5155402421951294 0.0016229370376095176 -0.856863796710968
vn -0.4198780357837677 0.0017205341719090939 -0.9075790047645569
vn -0.31929200887680054 0.001798140467144549 -0.947654664516449
vn -0.21496202051639557 0.0018541044555604458 -0.9766206741333008
vn -0.11888772994279861 0.0034053842537105083 -0.9929019212722778
vn -0.11558189988136292 -0.028048815205693245 0.9929018616676331
vn -0.20988234877586365 -0.04650768265128136 0.9766198992729187
vn -0.31193771958351135 -0.06814276427030563 0.9476557374000549
vn -0.41034436225891113 -0.0889810100197792 0.9075791835784912
vn -0.5039400458335876 -0.10877462476491928 0.8568620681762695
vn -0.5916234254837036 -0.12729331851005554 0.7961018085479736
vn -0.6723739504814148 -0.1443197876214981 0.7260063290596008
vn -0.7452402710914612 -0.15965519845485687 0.6474002599716187
vn -0.8093732595443726 -0.17311936616897583 0.5611992478370667
vn -0.8640156984329224 -0.18455441296100616 0.46841922402381897
vn -0.908527672290802 -0.19382557272911072 0.3701474666595459
vn -0.9423871636390686 -0.20082494616508484 0.2675369381904602
vn -0.9651979207992554 -0.20546992123126984 0.161787211894989
vn -0.9766919016838074 -0.2077060341835022 0.05414110794663429
vn -0.9767342209815979 -0.20750689506530762 -0.0541413351893425
vn -0.965324342250824 -0.2048751264810562 -0.16178709268569946
vn -0.9425965547561646 -0.19984109699726105 -0.26753565669059753
vn -0.9088164567947388 -0.19246305525302887 -0.3701493442058563
vn -0.8643822073936462 -0.18282845616340637 -0.46841996908187866
vn -0.8098129034042358 -0.17104937136173248 -0.5611997842788696
vn -0.7457504868507385 -0.15726511180400848 -0.6473978161811829
vn -0.6729456782341003 -0.14163632690906525 -0.7260048389434814
vn -0.5922500491142273 -0.1243470087647438 -0.7961016297340393
vn -0.5046118497848511 -0.10559952259063721 -0.8568638563156128
vn -0.41106030344963074 -0.08561494201421738 -0.9075790047645569
vn -0.3126884996891022 -0.0646258294582367 -0.9476547241210938
vn -0.21065011620521545 -0.04287930205464363 -0.9766206741333008
vn -0.1169978454709053 -0.021386777982115746 -0.9929019212722778
vn -0.10722417384386063 -0.0514671765267849 0.9929018616676331
vn -0.19562679529190063 -0.08912800252437592 0.9766198396682739
vn -0.29095372557640076 -0.1315089762210846 0.9476556181907654
vn -0.38287705183029175 -0.172352135181427 0.9075791835784912
vn -0.4703119099140167 -0.2111729085445404 0.8568622469902039
vn -0.552229106426239 -0.24751724302768707 0.7961018681526184
vn -0.6276752352714539 -0.28096044063568115 0.7260061502456665
vn -0.6957610249519348 -0.31111031770706177 0.6474000811576843
vn -0.7556928992271423 -0.33761441707611084 0.561199426651001
vn -0.8067642450332642 -0.3601601719856262 0.4684187173843384
vn -0.8483754396438599 -0.37848374247550964 0.3701474070549011
vn -0.880039632320404 -0.3923698365688324 0.2675374448299408
vn -0.9013863801956177 -0.40165606141090393 0.16178713738918304
vn -0.9121639132499695 -0.40623363852500916 0.05414145812392235
vn -0.9122467637062073 -0.4060475528240204 -0.05414094403386116
vn -0.9016336798667908 -0.401100218296051 -0.16178810596466064
vn -0.8804492950439453 -0.3914508521556854 -0.26753559708595276
vn -0.8489413857460022 -0.3772105574607849 -0.3701494336128235
vn -0.8074812293052673 -0.3585483133792877 -0.4684198200702667
vn -0.7565534710884094 -0.33568131923675537 -0.5611995458602905
vn -0.6967567801475525 -0.3088785707950592 -0.6473979353904724
vn -0.6287925243377686 -0.27845460176467896 -0.7260048389434814
vn -0.5534546375274658 -0.2447652965784073 -0.7961017489433289
vn -0.4716292917728424 -0.20820660889148712 -0.8568638563156128
vn -0.38427734375 -0.16920804977416992 -0.9075790047645569
vn -0.2924191355705261 -0.12822522222995758 -0.947654664516449
vn -0.19713160395622253 -0.0857396051287651 -0.9766206741333008
vn -0.10999435931444168 -0.04524530842900276 -0.9929018616676331
vn -0.09418018907308578 -0.0726359561085701 0.9929019212722778
vn -0.1728205382823944 -0.1278540939092636 0.9766198396682739
vn -0.25725317001342773 -0.1891278624534607 0.9476557374000549
vn -0.3386768102645874 -0.248189777135849 0.9075791835784912
vn -0.41612955927848816 -0.30434101819992065 0.8568621277809143
vn -0.4886998236179352 -0.3569229245185852 0.7961020469665527
vn -0.5555439591407776 -0.40532177686691284 0.7260063290596008
vn -0.6158735752105713 -0.448968768119812 0.64739990234375
vn -0.66898512840271 -0.48735377192497253 0.5611998438835144
vn -0.7142533659934998 -0.5200254917144775 0.4684182405471802
vn -0.7511453628540039 -0.5466001033782959 0.3701469600200653
vn -0.7792303562164307 -0.5667661428451538 0.26753729581832886
vn -0.7981799244880676 -0.5802876353263855 0.16178712248802185
vn -0.8077705502510071 -0.5870057344436646 0.05414038896560669
vn -0.8078897595405579 -0.5868414640426636 -0.054140083491802216
vn -0.7985371947288513 -0.5797959566116333 -0.16178753972053528
vn -0.7798219919204712 -0.5659524202346802 -0.2675360441207886
vn -0.7519637942314148 -0.5454729795455933 -0.37014803290367126
vn -0.7152895927429199 -0.5185971260070801 -0.4684205651283264
vn -0.6702290177345276 -0.48564210534095764 -0.561199426651001
vn -0.6173115372657776 -0.4469926953315735 -0.6473978757858276
vn -0.5571580529212952 -0.4031027555465698 -0.7260047793388367
vn -0.49047088623046875 -0.3544859290122986 -0.7961018085479736
vn -0.41803473234176636 -0.3017135262489319 -0.8568640351295471
vn -0.3406994938850403 -0.24540627002716064 -0.9075790643692017
vn -0.25936949253082275 -0.18622054159641266 -0.947654664516449
vn -0.17499777674674988 -0.1248513013124466 -0.9766207933425903
vn -0.09818367660045624 -0.06712595373392105 -0.9929018616676331
vn -0.07702168077230453 -0.09062887728214264 0.9929018616676331
vn -0.1424625962972641 -0.1609908491373062 0.9766198396682739
vn -0.21231022477149963 -0.2384808510541916 0.9476556181907654
vn -0.27967318892478943 -0.3131815195083618 0.9075794219970703
vn -0.3437594771385193 -0.38420870900154114 0.8568623661994934
vn -0.403812438249588 -0.45073017477989197 0.7961016297340393
vn -0.4591323137283325 -0.5119690895080566 0.7260063886642456
vn -0.5090692043304443 -0.5672051310539246 0.6474000811576843
vn -0.5530394315719604 -0.615793764591217 0.5612000823020935
vn -0.5905256271362305 -0.6571635007858276 0.468418151140213
vn -0.6210869550704956 -0.6908276677131653 0.3701462745666504
vn -0.6443654298782349 -0.7163916230201721 0.2675372064113617
vn -0.6600893139839172 -0.7335576415061951 0.16178765892982483
vn -0.668073832988739 -0.7421227693557739 0.054140347987413406
vn -0.6682251691818237 -0.7419864535331726 -0.05414056405425072
vn -0.6605414748191833 -0.7331507205963135 -0.16178728640079498
vn -0.6451131105422974 -0.715718686580658 -0.2675367593765259
vn -0.6221213936805725 -0.6898955702781677 -0.3701471984386444
vn -0.5918362140655518 -0.6559825539588928 -0.46841949224472046
vn -0.55461186170578 -0.6143772602081299 -0.5612006783485413
vn -0.5108863711357117 -0.5655718445777893 -0.6473976969718933
vn -0.4611726701259613 -0.5101345777511597 -0.7260044813156128
vn -0.40605083107948303 -0.44871431589126587 -0.7961019277572632
vn -0.3461693227291107 -0.3820350170135498 -0.8568640351295471
vn -0.2822318971157074 -0.31087827682495117 -0.907579243183136
vn -0.21498483419418335 -0.2360766977071762 -0.9476547241210938
vn -0.1452161818742752 -0.15850691497325897 -0.976620614528656
vn -0.08208280056715012 -0.08607151359319687 -0.9929019212722778
vn -0.05649520084261894 -0.1046624407172203 0.9929018616676331
vn -0.10587701946496964 -0.18709248304367065 0.9766198992729187
vn -0.1580882966518402 -0.27741098403930664 0.9476556777954102
vn -0.2084493786096573 -0.36448535323143005 0.9075788259506226
vn -0.2563650608062744 -0.44728419184684753 0.8568627834320068
vn -0.3012762665748596 -0.5248382091522217 0.7961013317108154
vn -0.34265539050102234 -0.5962402820587158 0.726006031036377
vn -0.38001585006713867 -0.6606519222259521 0.6474000811576843
vn -0.41292256116867065 -0.7173207998275757 0.5612004399299622
vn -0.4409886300563812 -0.7655802369117737 0.4684186279773712
vn -0.463883638381958 -0.8048625588417053 0.37014636397361755
vn -0.48133817315101624 -0.8347079753875732 0.26753759384155273
vn -0.4931494891643524 -0.8547679781913757 0.16178779304027557
vn -0.4991788864135742 -0.8648058772087097 0.05414041504263878
vn -0.4993548095226288 -0.8647043108940125 -0.054140787571668625
vn -0.4936760365962982 -0.8544641137123108 -0.1617869883775711
vn -0.4822099208831787 -0.8342047929763794 -0.26753702759742737
vn -0.4650894105434418 -0.804165244102478 -0.370148628950119
vn -0.4425160884857178 -0.7646980881690979 -0.46841898560523987
vn -0.4147554337978363 -0.716262698173523 -0.5612001419067383
vn -0.38213375210762024 -0.6594305038452148 -0.647398829460144
vn -0.34503236413002014 -0.5948706269264221 -0.726003885269165
vn -0.3038845360279083 -0.5233314633369446 -0.796101987361908
vn -0.2591751217842102 -0.4456596076488495 -0.8568638563156128
vn -0.21142897009849548 -0.3627648651599884 -0.9075788855552673
vn -0.16120322048664093 -0.275615930557251 -0.947654664516449
vn -0.10908680409193039 -0.1852356642484665 -0.9766206741333008
vn -0.062393758445978165 -0.10125656425952911 -0.9929019212722778
vn -0.033499620854854584 -0.11412142217159271 0.9929018616676331
vn -0.06466484069824219 -0.20501777529716492 0.9766197204589844
vn -0.09695438295602798 -0.3042173981666565 0.9476557970046997
vn -0.12811242043972015 -0.39985957741737366 0.9075789451599121
vn -0.1577686220407486 -0.49081161618232727 0.8568623661994934
vn -0.1855720430612564 -0.5760070085525513 0.7961023449897766
vn -0.21120309829711914 -0.6544532775878906 0.7260055541992188
vn -0.23435528576374054 -0.7252252697944641 0.647399365901947
vn -0.2547602355480194 -0.7874974608421326 0.5611995458602905
vn -0.27217841148376465 -0.8405364751815796 0.46842020750045776
vn -0.28640663623809814 -0.8837206959724426 0.37014737725257874
vn -0.2972749173641205 -0.9165433645248413 0.26753658056259155
vn -0.3046567440032959 -0.9386208057403564 0.16178756952285767
vn -0.3084670305252075 -0.9496930837631226 0.05414130911231041
vn -0.30866092443466187 -0.9496300220489502 -0.054141510277986526
vn -0.3052352964878082 -0.9384329319000244 -0.16178680956363678
vn -0.29823148250579834 -0.916232705116272 -0.2675359547138214
vn -0.2877309024333954 -0.8832891583442688 -0.3701501190662384
vn -0.27385661005973816 -0.83999103307724 -0.46842053532600403
vn -0.25677239894866943 -0.7868441343307495 -0.5611991286277771
vn -0.23667968809604645 -0.7244718074798584 -0.6473973989486694
vn -0.21381285786628723 -0.6536062359809875 -0.7260047793388367
vn -0.1884375959634781 -0.5750768184661865 -0.7961017489433289
vn -0.16085372865200043 -0.489805668592453 -0.8568642735481262
vn -0.13138535618782043 -0.39879652857780457 -0.9075787663459778
vn -0.10037702322006226 -0.3031090795993805 -0.947654664516449
vn -0.06819037348031998 -0.20386821031570435 -0.976620614528656
vn -0.03997642919421196 -0.1120172068476677 -0.9929018616676331
vn -0.009040027856826782 -0.11859218776226044 0.9929019212722778
vn -0.020626774057745934 -0.21398228406906128 0.9766197800636292
vn -0.0315871424973011 -0.3177282214164734 0.9476554989814758
vn -0.042176660150289536 -0.4177570939064026 0.9075793027877808
vn -0.05227511376142502 -0.5128881335258484 0.8568623661994934
vn -0.061758242547512054 -0.6020022630691528 0.7961025238037109
vn -0.07051882892847061 -0.6840634942054749 0.7260056138038635
vn -0.07845096290111542 -0.75810307264328 0.647398829460144
vn -0.0854637622833252 -0.8232567310333252 0.5611989498138428
vn -0.09147381782531738 -0.8787571787834167 0.46842122077941895
vn -0.09641170501708984 -0.9239558577537537 0.37014904618263245
vn -0.10021857917308807 -0.9583216905593872 0.26753664016723633
vn -0.10284972190856934 -0.9814515113830566 0.1617863029241562
vn -0.10427435487508774 -0.9930738210678101 0.05414118990302086
vn -0.10447652637958527 -0.99305260181427 -0.054140854626894
vn -0.10345430672168732 -0.9813880324363708 -0.16178664565086365
vn -0.10121921449899673 -0.9582167267799377 -0.26753565669059753
vn -0.09779728204011917 -0.923809289932251 -0.37015122175216675
vn -0.09322869032621384 -0.8785724639892578 -0.4684217572212219
vn -0.08756818622350693 -0.8230353593826294 -0.561199426651001
vn -0.08088145405054092 -0.7578498125076294 -0.6473962068557739
vn -0.07324764132499695 -0.6837777495384216 -0.7260046601295471
vn -0.06475427001714706 -0.6016882061958313 -0.7961018681526184
vn -0.055502671748399734 -0.5125451683998108 -0.8568645715713501
vn -0.04559975489974022 -0.41739821434020996 -0.9075788855552673
vn -0.03516282141208649 -0.31735578179359436 -0.9476544857025146
vn -0.02431449294090271 -0.21359065175056458 -0.9766206741333008
vn -0.01581401936709881 -0.11788053810596466 -0.9929018616676331
vn 0.015814026817679405 -0.11788053810596466 0.9929018616676331
vn 0.02431497536599636 -0.2135940045118332 0.9766198396682739
vn 0.03516213223338127 -0.31735268235206604 0.9476553797721863
vn 0.045600149780511856 -0.4173978865146637 0.9075790047645569
vn 0.055502716451883316 -0.5125481486320496 0.8568627834320068
vn 0.064754419028759 -0.6016879677772522 0.7961020469665527
vn 0.0732472762465477 -0.6837760806083679 0.726006269454956
vn 0.08088144659996033 -0.7578479647636414 0.6473982930183411
vn 0.08756812661886215 -0.823035478591919 0.5611991882324219
vn 0.09322882443666458 -0.878572940826416 0.46842074394226074
vn 0.09779729694128036 -0.9238100051879883 0.3701494038105011
vn 0.10121921449899673 -0.9582164287567139 0.26753681898117065
vn 0.10345430672168732 -0.9813880324363708 0.16178661584854126
vn 0.10447652637958527 -0.99305260181427 0.0541408397257328
vn 0.10427435487508774 -0.9930738210678101 -0.054141152650117874
vn 0.10284973680973053 -0.9814515113830566 -0.16178631782531738
vn 0.10021863132715225 -0.9583220481872559 -0.2675355076789856
vn 0.0964115709066391 -0.9239550828933716 -0.3701508343219757
vn 0.09147383272647858 -0.8787566423416138 -0.4684222936630249
vn 0.08546367287635803 -0.8232566118240356 -0.5611991882324219
vn 0.07845134288072586 -0.7581048607826233 -0.6473966836929321
vn 0.07051881402730942 -0.6840651631355286 -0.7260041236877441
vn 0.06175845488905907 -0.6020025014877319 -0.7961023449897766
vn 0.05227453261613846 -0.5128852128982544 -0.8568640947341919
vn 0.04217710718512535 -0.41775739192962646 -0.9075791239738464
vn 0.03158712387084961 -0.3177313506603241 -0.9476544857025146
vn 0.020626546815037727 -0.2139788419008255 -0.9766205549240112
vn 0.009040027856826782 -0.11859219521284103 -0.9929019212722778
vn 0.03997640311717987 -0.11201722174882889 0.9929018616676331
vn 0.0681915357708931 -0.2038714587688446 0.9766198992729187
vn 0.10037573426961899 -0.3031061887741089 0.9476556181907654
vn 0.1313856691122055 -0.39879608154296875 0.9075788259506226
vn 0.16085439920425415 -0.48980867862701416 0.8568625450134277
vn 0.18843770027160645 -0.5750765800476074 0.7961019277572632
vn 0.2138121873140335 -0.6536048054695129 0.7260063290596008
vn 0.23667927086353302 -0.7244699001312256 0.6473994851112366
vn 0.25677236914634705 -0.7868443131446838 0.5611987113952637
vn 0.27385687828063965 -0.8399914503097534 0.46841949224472046
vn 0.2877310812473297 -0.8832898736000061 0.37014833092689514
vn 0.29823145270347595 -0.9162324666976929 0.2675371766090393
vn 0.3052353262901306 -0.9384329319000244 0.16178679466247559
vn 0.3086608946323395 -0.9496300220489502 0.054141443222761154
vn 0.3084670305252075 -0.9496930837631226 -0.05414123088121414
vn 0.3046567440032959 -0.9386208057403564 -0.16178756952285767
vn 0.2972750663757324 -0.9165436625480652 -0.2675354778766632
vn 0.28640633821487427 -0.8837199807167053 -0.3701491057872772
vn 0.2721783518791199 -0.8405358791351318 -0.46842125058174133
vn 0.25476008653640747 -0.7874974012374878 -0.5611998438835144
vn 0.23435603082180023 -0.7252269983291626 -0.6473971009254456
vn 0.2112034112215042 -0.6544548273086548 -0.7260040640830994
vn 0.18557226657867432 -0.5760071277618408 -0.7961022257804871
vn 0.15776745975017548 -0.4908088743686676 -0.8568640351295471
vn 0.12811295688152313 -0.399859756231308 -0.9075788259506226
vn 0.09695502370595932 -0.3042204976081848 -0.9476547837257385
vn 0.064663827419281 -0.20501446723937988 -0.9766204953193665
vn 0.03349963203072548 -0.11412142217159271 -0.9929018616676331
vn 0.06239377334713936 -0.10125655680894852 0.9929018616676331
vn 0.10908860713243484 -0.18523858487606049 0.9766198396682739
vn 0.1612013280391693 -0.275613397359848 0.9476556181907654
vn 0.21142911911010742 -0.36276447772979736 0.9075790047645569
vn 0.2591763138771057 -0.4456624388694763 0.8568621277809143
vn 0.3038845360279083 -0.5233311653137207 0.7961021065711975
vn 0.34503135085105896 -0.5948691964149475 0.726005494594574
vn 0.38213294744491577 -0.6594288945198059 0.6474009156227112
vn 0.4147554337978363 -0.7162629961967468 0.5611999034881592
vn 0.44251635670661926 -0.7646985054016113 0.4684178829193115
vn 0.46508973836898804 -0.8041658997535706 0.37014684081077576
vn 0.48220980167388916 -0.834204375743866 0.26753824949264526
vn 0.4936760663986206 -0.854464054107666 0.1617870181798935
vn 0.4993548095226288 -0.8647043704986572 0.05414067953824997
vn 0.4991788864135742 -0.8648058772087097 -0.05414034053683281
vn 0.4931495487689972 -0.8547679781913757 -0.16178780794143677
vn 0.4813383221626282 -0.8347080945968628 -0.267536461353302
vn 0.46388304233551025 -0.8048620223999023 -0.3701481521129608
vn 0.44098833203315735 -0.7655797600746155 -0.4684197008609772
vn 0.4129224419593811 -0.7173205614089966 -0.5612006783485413
vn 0.38001689314842224 -0.6606535315513611 -0.6473979949951172
vn 0.3426560163497925 -0.5962417125701904 -0.7260046005249023
vn 0.30127644538879395 -0.5248383283615112 -0.7961012721061707
vn 0.25636324286460876 -0.4472818374633789 -0.8568645119667053
vn 0.20844988524913788 -0.3644854426383972 -0.9075786471366882
vn 0.15808963775634766 -0.27741384506225586 -0.9476545453071594
vn 0.10587538033723831 -0.18708942830562592 -0.9766206741333008
vn 0.056495171040296555 -0.1046624407172203 -0.9929018616676331
vn 0.08208280056715012 -0.08607150614261627 0.9929019212722778
vn 0.1452186107635498 -0.15850937366485596 0.9766198396682739
vn 0.21498246490955353 -0.2360745221376419 0.9476557374000549
vn 0.28223201632499695 -0.31087762117385864 0.9075793027877808
vn 0.34617114067077637 -0.38203755021095276 0.8568622469902039
vn 0.4060506820678711 -0.44871410727500916 0.7961020469665527
vn 0.46117138862609863 -0.5101333856582642 0.7260060906410217
vn 0.5108851790428162 -0.5655702948570251 0.6473997831344604
vn 0.5546120405197144 -0.614377498626709 0.5612003803253174
vn 0.5918366312980652 -0.6559827923774719 0.46841850876808167
vn 0.6221218705177307 -0.689896285533905 0.3701452612876892
vn 0.645112931728363 -0.7157185077667236 0.26753777265548706
vn 0.6605414152145386 -0.7331506013870239 0.16178730130195618
vn 0.6682253479957581 -0.7419862747192383 0.054140523076057434
vn 0.6680738925933838 -0.7421226501464844 -0.05414023622870445
vn 0.660089373588562 -0.7335576415061951 -0.1617877334356308
vn 0.644365668296814 -0.7163918614387512 -0.2675360441207886
vn 0.6210865378379822 -0.6908271312713623 -0.3701479434967041
vn 0.5905253887176514 -0.6571630835533142 -0.46841928362846375
vn 0.5530391931533813 -0.6157936453819275 -0.5612002611160278
vn 0.509070634841919 -0.5672063827514648 -0.6473978161811829
vn 0.4591330885887146 -0.5119704008102417 -0.7260048985481262
vn 0.4038126468658447 -0.45073020458221436 -0.7961015105247498
vn 0.3437573313713074 -0.38420671224594116 -0.8568640947341919
vn 0.27967366576194763 -0.31318145990371704 -0.9075793027877808
vn 0.2123120278120041 -0.23848339915275574 -0.947654664516449
vn 0.142460435628891 -0.1609881967306137 -0.9766206741333008
vn 0.07702169567346573 -0.09062886238098145 -0.9929018616676331
vn 0.09818368405103683 -0.06712595373392105 0.9929018616676331
vn 0.1750006228685379 -0.1248532235622406 0.9766198992729187
vn 0.2593667805194855 -0.1862189918756485 0.9476557374000549
vn 0.3406994938850403 -0.24540568888187408 0.9075791835784912
vn 0.4180369973182678 -0.3017154335975647 0.8568622469902039
vn 0.4904707372188568 -0.3544856905937195 0.7961019277572632
vn 0.5571566820144653 -0.4031021296977997 0.7260063290596008
vn 0.6173102259635925 -0.446991503238678 0.6473999619483948
vn 0.6702291369438171 -0.48564228415489197 0.5611991286277771
vn 0.7152902483940125 -0.5185973644256592 0.4684194028377533
vn 0.7519643902778625 -0.5454732775688171 0.37014663219451904
vn 0.7798216342926025 -0.565952479839325 0.26753708720207214
vn 0.798537015914917 -0.5797961354255676 0.161787211894989
vn 0.8078897595405579 -0.5868415236473083 0.05413983389735222
vn 0.8077705502510071 -0.5870057344436646 -0.054140008985996246
vn 0.7981799244880676 -0.5802878141403198 -0.16178688406944275
vn 0.7792304754257202 -0.5667663812637329 -0.2675364315509796
vn 0.7511449456214905 -0.5465996861457825 -0.370148628950119
vn 0.7142529487609863 -0.5200250148773193 -0.46841931343078613
vn 0.6689849495887756 -0.4873535931110382 -0.5612001419067383
vn 0.6158753633499146 -0.4489697515964508 -0.6473976373672485
vn 0.5555451512336731 -0.4053228795528412 -0.7260047793388367
vn 0.4887000620365143 -0.3569229543209076 -0.796101987361908
vn 0.4161270260810852 -0.30433952808380127 -0.8568638563156128
vn 0.33867737650871277 -0.2481895387172699 -0.9075790047645569
vn 0.257255494594574 -0.18912993371486664 -0.9476547241210938
vn 0.17281782627105713 -0.12785199284553528 -0.9766206741333008
vn 0.09418018907308578 -0.0726359561085701 -0.9929019212722778
vn 0.10999441146850586 -0.04524518549442291 0.9929018616676331
vn 0.19713476300239563 -0.0857408344745636 0.9766198396682739
vn 0.29241612553596497 -0.12822432816028595 0.9476556181907654
vn 0.38427722454071045 -0.16920752823352814 0.9075791835784912
vn 0.4716319143772125 -0.2082081139087677 0.8568622469902039
vn 0.5534544587135315 -0.2447649985551834 0.7961018681526184
vn 0.6287909150123596 -0.2784540355205536 0.7260063886642456
vn 0.6967551112174988 -0.3088777959346771 0.6474000215530396
vn 0.7565534710884094 -0.3356815278530121 0.5611994862556458
vn 0.8074820041656494 -0.3585488200187683 0.46841832995414734
vn 0.8489421010017395 -0.3772107660770416 0.3701479136943817
vn 0.8804490566253662 -0.3914503753185272 0.26753735542297363
vn 0.9016337394714355 -0.401100218296051 0.1617877185344696
vn 0.9122467637062073 -0.4060474932193756 0.05414053052663803
vn 0.9121639132499695 -0.40623360872268677 -0.05414103344082832
vn 0.9013864994049072 -0.40165600180625916 -0.16178686916828156
vn 0.8800397515296936 -0.39236980676651 -0.26753681898117065
vn 0.8483748435974121 -0.3784834146499634 -0.37014904618263245
vn 0.806763768196106 -0.36016011238098145 -0.46841973066329956
vn 0.7556926012039185 -0.3376145362854004 -0.5611997246742249
vn 0.6957628130912781 -0.3111109435558319 -0.6473979353904724
vn 0.6276767253875732 -0.2809612452983856 -0.7260046601295471
vn 0.5522293448448181 -0.24751709401607513 -0.7961018085479736
vn 0.4703090488910675 -0.2111719399690628 -0.8568639755249023
vn 0.38287755846977234 -0.17235194146633148 -0.9075790047645569
vn 0.29095640778541565 -0.13151058554649353 -0.947654664516449
vn 0.1956237256526947 -0.08912638574838638 -0.9766206741333008
vn 0.10722419619560242 -0.05146709829568863 -0.9929018616676331
vn 0.1169978678226471 -0.02138691581785679 0.9929019212722778
vn 0.21065343916416168 -0.04287983849644661 0.9766198992729187
vn 0.3126853108406067 -0.06462553888559341 0.9476556181907654
vn 0.411060094833374 -0.08561453968286514 0.9075790643692017
vn 0.504614531993866 -0.10560040920972824 0.8568620681762695
vn 0.5922498106956482 -0.1243467777967453 0.7961016893386841
vn 0.6729440689086914 -0.14163605868816376 0.7260065078735352
vn 0.7457486391067505 -0.1572645753622055 0.6474000215530396
vn 0.8098129630088806 -0.17104947566986084 0.5611997842788696
vn 0.864382803440094 -0.1828286349773407 0.46841874718666077
vn 0.9088174700737 -0.1924636960029602 0.37014660239219666
vn 0.9425960779190063 -0.19984063506126404 0.2675374448299408
vn 0.9653244018554688 -0.20487500727176666 0.1617872565984726
vn 0.9767341613769531 -0.2075071483850479 0.054140884429216385
vn 0.9766919016838074 -0.20770618319511414 -0.05414096266031265
vn 0.9651980996131897 -0.2054697573184967 -0.1617872416973114
vn 0.9423874616622925 -0.2008247673511505 -0.2675358057022095
vn 0.9085269570350647 -0.19382557272911072 -0.3701491057872772
vn 0.864015519618988 -0.18455418944358826 -0.4684196412563324
vn 0.8093728423118591 -0.17311951518058777 -0.5611997842788696
vn 0.7452419996261597 -0.15965546667575836 -0.6473982334136963
vn 0.672375500202179 -0.14432017505168915 -0.7260046601295471
vn 0.5916236639022827 -0.1272931694984436 -0.7961017489433289
vn 0.5039370059967041 -0.10877428948879242 -0.856863796710968
vn 0.4103449285030365 -0.08898068964481354 -0.9075790047645569
vn 0.31194064021110535 -0.06814386695623398 -0.9476547241210938
vn 0.20987895131111145 -0.04650699347257614 -0.9766207933425903
vn 0.11558191478252411 -0.028048887848854065 -0.9929018616676331
f 51//51 50//50 49//49 48//48 47//47 46//46 45//45 44//44 43//43 42//42 41//41 40//40 39//39 38//38 37//37 36//36 35//35 34//34 33//33 32//32 31//31 30//30 29//29 28//28 27//27 26//26 25//25 24//24 23//23 22//22 21//21 20//20 19//19 18//18 17//17 16//16 15//15 14//14 13//13 12//12 11//11 10//10 9//9 8//8 7//7 6//6 5//5 4//4 3//3 2//2
f 1//1 2//2 3//3
f 1//1 3//3 4//4
f 1//1 4//4 5//5
f 1//1 5//5 6//6
f 1//1 6//6 7//7
f 1//1 7//7 8//8
f 1//1 8//8 9//9
f 1//1 9//9 10//10
f 1//1 10//10 11//11
f 1//1 11//11 12//12
f 1//1 12//12 13//13
f 1//1 13//13 14//14
f 1//1 14//14 15//15
f 1//1 15//15 16//16
f 1//1 16//16 17//17
f 1//1 17//17 18//18
f 1//1 18//18 19//19
f 1//1 19//19 20//20
f 1//1 20//20 21//21
f 1//1 21//21 22//22
f 1//1 22//22 23//23
f 1//1 23//23 24//24
f 1//1 24//24 25//25
f 1//1 25//25 26//26
f 1//1 26//26 27//27
f 1//1 27//27 28//28
f 1//1 28//28 29//29
f 1//1 29//29 30//30
f 1//1 30//30 31//31
f 1//1 31//31 32//32
f 1//1 32//32 33//33
f 1//1 33//33 34//34
f 1//1 34//34 35//35
f 1//1 35//35 36//36
f 1//1 36//36 37//37
f 1//1 37//37 38//38
f 1//1 38//38 39//39
f 1//1 39//39 40//40
f 1//1 40//40 41//41
f 1//1 41//41 42//42
f 1//1 42//42 43//43
f 1//1 43//43 44//44
f 1//1 44//44 45//45
f 1//1 45//45 46//46
f 1//1 46//46 47//47
f 1//1 47//47 48//48
f 1//1 48//48 49//49
f 1//1 49//49 50//50
f 1//1 50//50 51//51
f 1//1 51//51 2//2
f 102//102 101//101 100//100 99//99 98//98 97//97 96//96 95//95 94//94 93//93 92//92 91//91 90//90 89//89 88//88 87//87 86//86 85//85 84//84 83//83 82//82 81//81 80//80 79//79 78//78 77//77 76//76 75//75 74//74 73//73 72//72 71//71 70//70 69//69 68//68 67//67 66//66 65//65 64//64 63//63 62//62 61//61 60//60 59//59 58//58 57//57 56//56 55//55 54//54 53//53
f 52//52 53//53 54//54
f 52//52 54//54 55//55
f 52//52 55//55 56//56
f 52//52 56//56 57//57
f 52//52 57//57 58//58
f 52//52 58//58 59//59
f 52//52 59//59 60//60
f 52//52 60//60 61//61
f 52//52 61//61 62//62
f 52//52 62//62 63//63
f 52//52 63//63 64//64
f 52//52 64//64 65//65
f 52//52 65//65 66//66
f 52//52 66//66 67//67
f 52//52 67//67 68//68
f 52//52 68//68 69//69
f 52//52 69//69 70//70
f 52//52 70//70 71//71
f 52//52 71//71 72//72
f 52//52 72//72 73//73
f 52//52 73//73 74//74
f 52//52 74//74 75//75
f 52//52 75//75 76//76
f 52//52 76//76 77//77
f 52//52 77//77 78//78
f 52//52 78//78 79//79
f 52//52 79//79 80//80
f 52//52 80//80 81//81
f 52//52 81//81 82//82
f 52//52 82//82 83//83
f 52//52 83//83 84//84
f 52//52 84//84 85//85
f 52//52 85//85 86//86
f 52//52 86//86 87//87
f 52//52 87//87 88//88
f 52//52 88//88 89//89
f 52//52 89//89 90//90
f 52//52 90//90 91//91
f 52//52 91//91 92//92
f 52//52 92//92 93//93
f 52//52 93//93 94//94
f 52//52 94//94 95//95
f 52//52 95//95 96//96
f 52//52 96//96 97//97
f 52//52 97//97 98//98
f 52//52 98//98 99//99
f 52//52 99//99 100//100
f 52//52 100//100 101//101
f 52//52 101//101 102//102
f 52//52 102//102 53//53
f 103//103 104//104 106//106 105//105
f 105//105 106//106 108//108 107//107
f 107//107 108//108 110//110 109//109
f 109//109 110//110 112//112 111//111
f 111//111 112//112 114//114 113//113
f 113//113 114//114 116//116 115//115
f 115//115 116//116 118//118 117//117
f 117//117 118//118 120//120 119//119
f 119//119 120//120 122//122 121//121
f 121//121 122//122 124//124 123//123
f 123//123 124//124 126//126 125//125
f 125//125 126//126 128//128 127//127
f 127//127 128//128 130//130 129//129
f 129//129 130//130 132//132 131//131
f 131//131 132//132 134//134 133//133
f 133//133 134//134 136//136 135//135
f 135//135 136//136 138//138 137//137
f 137//137 138//138 140//140 139//139
f 139//139 140//140 142//142 141//141
f 141//141 142//142 144//144 143//143
f 143//143 144//144 146//146 145//145
f 145//145 146//146 148//148 147//147
f 147//147 148//148 150//150 149//149
f 149//149 150//150 152//152 151//151
f 151//151 152//152 154//154 153//153
f 153//153 154//154 156//156 155//155
f 155//155 156//156 158//158 157//157
f 157//157 158//158 160//160 159//159
f 159//159 160//160 162//162 161//161
f 161//161 162//162 164//164 163//163
f 163//163 164//164 166//166 165//165
f 165//165 166//166 168//168 167//167
f 167//167 168//168 170//170 169//169
f 169//169 170//170 172//172 171//171
f 171//171 172//172 174//174 173//173
f 173//173 174//174 176//176 175//175
f 175//175 176//176 178//178 177//177
f 177//177 178//178 180//180 179//179
f 179//179 180//180 182//182 181//181
f 181//181 182//182 184//184 183//183
f 183//183 184//184 186//186 185//185
f 185//185 186//186 188//188 187//187
f 187//187 188//188 190//190 189//189
f 189//189 190//190 192//192 191//191
f 191//191 192//192 194//194 193//193
f 193//193 194//194 196//196 195//195
f 195//195 196//196 198//198 197//197
f 197//197 198//198 200//200 199//199
f 199//199 200//200 202//202 201//201
f 201//201 202//202 104//104 103//103
f 103//103 105//105 107//107 109//109 111//111 113//113 115//115 117//117 119//119 121//121 123//123 125//125 127//127 129//129 131//131 133//133 135//135 137//137 139//139 141//141 143//143 145//145 147//147 149//149 151//151 153//153 155//155 157//157 159//159 161//161 163//163 165//165 167//167 169//169 171//171 173//173 175//175 177//177 179//179 181//181 183//183 185//185 187//187 189//189 191//191 193//193 195//195 197//197 199//199 201//201
f 202//202 200//200 198//198 196//196 194//194 192//192 190//190 188//188 186//186 184//184 182//182 180//180 178//178 176//176 174//174 172//172 170//170 168//168 166//166 164//164 162//162 160//160 158//158 156//156 154//154 152//152 150//150 148//148 146//146 144//144 142//142 140//140 138//138 136//136 134//134 132//132 130//130 128//128 126//126 124//124 122//122 120//120 118//118 116//116 114//114 112//112 110//110 108//108 106//106 104//104
f 104//104 103//103 201//201 202//202
f 202//202 201//201 199//199 200//200
f 200//200 199//199 197//197 198//198
f 198//198 197//197 195//195 196//196
f 196//196 195//195 193//193 194//194
f 194//194 193//193 191//191 192//192
f 192//192 191//191 189//189 190//190
f 190//190 189//189 187//187 188//188
f 188//188 187//187 185//185 186//186
f 186//186 185//185 183//183 184//184
f 184//184 183//183 181//181 182//182
f 182//182 181//181 179//179 180//180
f 180//180 179//179 177//177 178//178
f 178//178 177//177 175//175 176//176
f 176//176 175//175 173//173 174//174
f 174//174 173//173 171//171 172//172
f 172//172 171//171 169//169 170//170
f 170//170 169//169 167//167 168//168
f 168//168 167//167 165//165 166//166
f 166//166 165//165 163//163 164//164
f 164//164 163//163 161//161 162//162
f 162//162 161//161 159//159 160//160
f 160//160 159//159 157//157 158//158
f 158//158 157//157 155//155 156//156
f 156//156 155//155 153//153 154//154
f 154//154 153//153 151//151 152//152
f 152//152 151//151 149//149 150//150
f 150//150 149//149 147//147 148//148
f 148//148 147//147 145//145 146//146
f 146//146 145//145 143//143 144//144
f 144//144 143//143 141//141 142//142
f 142//142 141//141 139//139 140//140
f 140//140 139//139 137//137 138//138
f 138//138 137//137 135//135 136//136
f 136//136 135//135 133//133 134//134
f 134//134 133//133 131//131 132//132
f 132//132 131//131 129//129 130//130
f 130//130 129//129 127//127 128//128
f 128//128 127//127 125//125 126//126
f 126//126 125//125 123//123 124//124
f 124//124 123//123 121//121 122//122
f 122//122 121//121 119//119 120//120
f 120//120 119//119 117//117 118//118
f 118//118 117//117 115//115 116//116
f 116//116 115//115 113//113 114//114
f 114//114 113//113 111//111 112//112
f 112//112 111//111 109//109 110//110
f 110//110 109//109 107//107 108//108
f 108//108 107//107 105//105 106//106
f 104//104 103//103 105//105 106//106
f 104//104 202//202 200//200 198//198 196//196 194//194 192//192 190//190 188//188 186//186 184//184 182//182 180//180 178//178 176//176 174//174 172//172 170//170 168//168 166//166 164//164 162//162 160//160 158//158 156//156 154//154 152//152 150//150 148//148 146//146 144//144 142//142 140//140 138//138 136//136 134//134 132//132 130//130 128//128 126//126 124//124 122//122 120//120 118//118 116//116 114//114 112//112 110//110 108//108 106//106
f 105//105 107//107 109//109 111//111 113//113 115//115 117//117 119//119 121//121 123//123 125//125 127//127 129//129 131//131 133//133 135//135 137//137 139//139 141//141 143//143 145//145 147//147 149//149 151//151 153//153 155//155 157//157 159//159 161//161 163//163 165//165 167//167 169//169 171//171 173//173 175//175 177//177 179//179 181//181 183//183 185//185 187//187 189//189 191//191 193//193 195//195 197//197 199//199 201//201 103//103
f 205//205 233//233 203//203
f 233//233 261//261 203//203
f 261//261 289//289 203//203
f 289//289 317//317 203//203
f 317//317 345//345 203//203
f 345//345 373//373 203//203
f 373//373 401//401 203//203
f 401//401 429//429 203//203
f 429//429 457//457 203//203
f 457//457 485//485 203//203
f 485//485 513//513 203//203
f 513//513 541//541 203//203
f 541//541 569//569 203//203
f 569//569 597//597 203//203
f 597//597 625//625 203//203
f 625//625 653//653 203//203
f 653//653 681//681 203//203
f 681//681 709//709 203//203
f 709//709 737//737 203//203
f 737//737 765//765 203//203
f 765//765 793//793 203//203
f 793//793 821//821 203//203
f 821//821 849//849 203//203
f 849//849 877//877 203//203
f 877//877 905//905 203//203
f 905//905 933//933 203//203
f 933//933 961//961 203//203
f 961//961 989//989 203//203
f 989//989 1017//1017 203//203
f 1017//1017 205//205 203//203
f 232//232 204//204 260//260
f 260//260 204//204 288//288
f 288//288 204//204 316//316
f 316//316 204//204 344//344
f 344//344 204//204 372//372
f 372//372 204//204 400//400
f 400//400 204//204 428//428
f 428//428 204//204 456//456
f 456//456 204//204 484//484
f 484//484 204//204 512//512
f 512//512 204//204 540//540
f 540//540 204//204 568//568
f 568//568 204//204 596//596
f 596//596 204//204 624//624
f 624//624 204//204 652//652
f 652//652 204//204 680//680
f 680//680 204//204 708//708
f 708//708 204//204 736//736
f 736//736 204//204 764//764
f 764//764 204//204 792//792
f 792//792 204//204 820//820
f 820//820 204//204 848//848
f 848//848 204//204 876//876
f 876//876 204//204 904//904
f 904//904 204//204 932//932
f 932//932 204//204 960//960
f 960//960 204//204 988//988
f 988//988 204//204 1016//1016
f 1016//1016 204//204 1044//1044
f 1044//1044 204//204 232//232
f 205//205 206//206 234//234
f 205//205 234//234 233//233
f 206//206 207//207 235//235
f 206//206 235//235 234//234
f 207//207 208//208 236//236
f 207//207 236//236 235//235
f 208//208 209//209 237//237
f 208//208 237//237 236//236
f 209//209 210//210 238//238
f 209//209 238//238 237//237
f 210//210 211//211 239//239
f 210//210 239//239 238//238
f 211//211 212//212 240//240
f 211//211 240//240 239//239
f 212//212 213//213 241//241
f 212//212 241//241 240//240
f 213//213 214//214 242//242
f 213//213 242//242 241//241
f 214//214 215//215 243//243
f 214//214 243//243 242//242
f 215//215 216//216 244//244
f 215//215 244//244 243//243
f 216//216 217//217 245//245
f 216//216 245//245 244//244
f 217//217 218//218 246//246
f 217//217 246//246 245//245
f 218//218 219//219 247//247
f 218//218 247//247 246//246
f 219//219 220//220 248//248
f 219//219 248//248 247//247
f 220//220 221//221 249//249
f 220//220 249//249 248//248
f 221//221 222//222 250//250
f 221//221 250//250 249//249
f 222//222 223//223 251//251
f 222//222 251//251 250//250
f 223//223 224//224 252//252
f 223//223 252//252 251//251
f 224//224 225//225 253//253
f 224//224 253//253 252//252
f 225//225 226//226 254//254
f 225//225 254//254 253//253
f 226//226 227//227 255//255
f 226//226 255//255 254//254
f 227//227 228//228 256//256
f 227//227 256//256 255//255
f 228//228 229//229 257//257
f 228//228 257//257 256//256
f 229//229 230//230 258//258
f 229//229 258//258 257//257
f 230//230 231//231 259//259
f 230//230 259//259 258//258
f 231//231 232//232 260//260
f 231//231 260//260 259//259
f 233//233 234//234 262//262
f 233//233 262//262 261//261
f 234//234 235//235 263//263
f 234//234 263//263 262//262
f 235//235 236//236 264//264
f 235//235 264//264 263//263
f 236//236 237//237 265//265
f 236//236 265//265 264//264
f 237//237 238//238 266//266
f 237//237 266//266 265//265
f 238//238 239//239 267//267
f 238//238 267//267 266//266
f 239//239 240//240 268//268
f 239//239 268//268 267//267
f 240//240 241//241 269//269
f 240//240 269//269 268//268
f 241//241 242//242 270//270
f 241//241 270//270 269//269
f 242//242 243//243 271//271
f 242//242 271//271 270//270
f 243//243 244//244 272//272
f 243//243 272//272 271//271
f 244//244 245//245 273//273
f 244//244 273//273 272//272
f 245//245 246//246 274//274
f 245//245 274//274 273//273
f 246//246 247//247 275//275
f 246//246 275//275 274//274
f 247//247 248//248 276//276
f 247//247 276//276 275//275
f 248//248 249//249 277//277
f 248//248 277//277 276//276
f 249//249 250//250 278//278
f 249//249 278//278 277//277
f 250//250 251//251 279//279
f 250//250 279//279 278//278
f 251//251 252//252 280//280
f 251//251 280//280 279//279
f 252//252 253//253 281//281
f 252//252 281//281 280//280
f 253//253 254//254 282//282
f 253//253 282//282 281//281
f 254//254 255//255 283//283
f 254//254 283//283 282//282
f 255//255 256//256 284//284
f 255//255 284//284 283//283
f 256//256 257//257 285//285
f 256//256 285//285 284//284
f 257//257 258//258 286//286
f 257//257 286//286 285//285
f 258//258 259//259 287//287
f 258//258 287//287 286//286
f 259//259 260//260 288//288
f 259//259 288//288 287//287
f 261//261 262//262 290//290
f 261//261 290//290 289//289
f 262//262 263//263 291//291
f 262//262 291//291 290//290
f 263//263 264//264 292//292
f 263//263 292//292 291//291
f 264//264 265//265 293//293
f 264//264 293//293 292//292
f 265//265 266//266 294//294
f 265//265 294//294 293//293
f 266//266 267//267 295//295
f 266//266 295//295 294//294
f 267//267 268//268 296//296
f 267//267 296//296 295//295
f 268//268 269//269 297//297
f 268//268 297//297 296//296
f 269//269 270//270 298//298
f 269//269 298//298 297//297
f 270//270 271//271 299//299
f 270//270 299//299 298//298
f 271//271 272//272 300//300
f 271//271 300//300 299//299
f 272//272 273//273 301//301
f 272//272 301//301 300//300
f 273//273 274//274 302//302
f 273//273 302//302 301//301
f 274//274 275//275 303//303
f 274//274 303//303 302//302
f 275//275 276//276 304//304
f 275//275 304//304 303//303
f 276//276 277//277 305//305
f 276//276 305//305 304//304
f 277//277 278//278 306//306
f 277//277 306//306 305//305
f 278//278 279//279 307//307
f 278//278 307//307 306//306
f 279//279 280//280 308//308
f 279//279 308//308 307//307
f 280//280 281//281 309//309
f 280//280 309//309 308//308
f 281//281 282//282 310//310
f 281//281 310//310 309//309
f 282//282 283//283 311//311
f 282//282 311//311 310//310
f 283//283 284//284 312//312
f 283//283 312//312 311//311
f 284//284 285//285 313//313
f 284//284 313//313 312//312
f 285//285 286//286 314//314
f 285//285 314//314 313//313
f 286//286 287//287 315//315
f 286//286 315//315 314//314
f 287//287 288//288 316//316
f 287//287 316//316 315//315
f 289//289 290//290 318//318
f 289//289 318//318 317//317
f 290//290 291//291 319//319
f 290//290 319//319 318//318
f 291//291 292//292 320//320
f 291//291 320//320 319//319
f 292//292 293//293 321//321
f 292//292 321//321 320//320
f 293//293 294//294 322//322
f 293//293 322//322 321//321
f 294//294 295//295 323//323
f 294//294 323//323 322//322
f 295//295 296//296 324//324
f 295//295 324//324 323//323
f 296//296 297//297 325//325
f 296//296 325//325 324//324
f 297//297 298//298 326//326
f 297//297 326//326 325//325
f 298//298 299//299 327//327
f 298//298 327//327 326//326
f 299//299 300//300 328//328
f 299//299 328//328 327//327
f 300//300 301//301 329//329
f 300//300 329//329 328//328
f 301//301 302//302 330//330
f 301//301 330//330 329//329
f 302//302 303//303 331//331
f 302//302 331//331 330//330
f 303//303 304//304 332//332
f 303//303 332//332 331//331
f 304//304 305//305 333//333
f 304//304 333//333 332//332
f 305//305 306//306 334//334
f 305//305 334//334 333//333
f 306//306 307//307 335//335
f 306//306 335//335 334//334
f 307//307 308//308 336//336
f 307//307 336//336 335//335
f 308//308 309//309 337//337
f 308//308 337//337 336//336
f 309//309 310//310 338//338
f 309//309 338//338 337//337
f 310//310 311//311 339//339
f 310//310 339//339 338//338
f 311//311 312//312 340//340
f 311//311 340//340 339//339
f 312//312 313//313 341//341
f 312//312 341//341 340//340
f 313//313 314//314 342//342
f 313//313 342//342 341//341
f 314//314 315//315 343//343
f 314//314 343//343 342//342
f 315//315 316//316 344//344
f 315//315 344//344 343//343
f 317//317 318//318 346//346
f 317//317 346//346 345//345
f 318//318 319//319 347//347
f 318//318 347//347 346//346
f 319//319 320//320 348//348
f 319//319 348//348 347//347
f 320//320 321//321 349//349
f 320//320 349//349 348//348
f 321//321 322//322 350//350
f 321//321 350//350 349//349
f 322//322 323//323 351//351
f 322//322 351//351 350//350
f 323//323 324//324 352//352
f 323//323 352//352 351//351
f 324//324 325//325 353//353
f 324//324 353//353 352//352
f 325//325 326//326 354//354
f 325//325 354//354 353//353
f 326//326 327//327 355//355
f 326//326 355//355 354//354
f 327//327 328//328 356//356
f 327//327 356//356 355//355
f 328//328 329//329 357//357
f 328//328 357//357 356//356
f 329//329 330//330 358//358
f 329//329 358//358 357//357
f 330//330 331//331 359//359
f 330//330 359//359 358//358
f 331//331 332//332 360//360
f 331//331 360//360 359//359
f 332//332 333//333 361//361
f 332//332 361//361 360//360
f 333//333 334//334 362//362
f 333//333 362//362 361//361
f 334//334 335//335 363//363
f 334//334 363//363 362//362
f 335//335 336//336 364//364
f 335//335 364//364 363//363
f 336//336 337//337 365//365
f 336//336 365//365 364//364
f 337//337 338//338 366//366
f 337//337 366//366 365//365
f 338//338 339//339 367//367
f 338//338 367//367 366//366
f 339//339 340//340 368//368
f 339//339 368//368 367//367
f 340//340 341//341 369//369
f 340//340 369//369 368//368
f 341//341 342//342 370//370
f 341//341 370//370 369//369
f 342//342 343//343 371//371
f 342//342 371//371 370//370
f 343//343 344//344 372//372
f 343//343 372//372 371//371
f 345//345 346//346 374//374
f 345//345 374//374 373//373
f 346//346 347//347 375//375
f 346//346 375//375 374//374
f 347//347 348//348 376//376
f 347//347 376//376 375//375
f 348//348 349//349 377//377
f 348//348 377//377 376//376
f 349//349 350//350 378//378
f 349//349 378//378 377//377
f 350//350 351//351 379//379
f 350//350 379//379 378//378
f 351//351 352//352 380//380
f 351//351 380//380 379//379
f 352//352 353//353 381//381
f 352//352 381//381 380//380
f 353//353 354//354 382//382
f 353//353 382//382 381//381
f 354//354 355//355 383//383
f 354//354 383//383 382//382
f 355//355 356//356 384//384
f 355//355 384//384 383//383
f 356//356 357//357 385//385
f 356//356 385//385 384//384
f 357//357 358//358 386//386
f 357//357 386//386 385//385
f 358//358 359//359 387//387
f 358//358 387//387 386//386
f 359//359 360//360 388//388
f 359//359 388//388 387//387
f 360//360 361//361 389//389
f 360//360 389//389 388//388
f 361//361 362//362 390//390
f 361//361 390//390 389//389
f 362//362 363//363 391//391
f 362//362 391//391 390//390
f 363//363 364//364 392//392
f 363//363 392//392 391//391
f 364//364 365//365 393//393
f 364//364 393//393 392//392
f 365//365 366//366 394//394
f 365//365 394//394 393//393
f 366//366 367//367 395//395
f 366//366 395//395 394//394
f 367//367 368//368 396//396
f 367//367 396//396 395//395
f 368//368 369//369 397//397
f 368//368 397//397 396//396
f 369//369 370//370 398//398
f 369//369 398//398 397//397
f 370//370 371//371 399//399
f 370//370 399//399 398//398
f 371//371 372//372 400//400
f 371//371 400//400 399//399
f 373//373 374//374 402//402
f 373//373 402//402 401//401
f 374//374 375//375 403//403
f 374//374 403//403 402//402
f 375//375 376//376 404//404
f 375//375 404//404 403//403
f 376//376 377//377 405//405
f 376//376 405//405 404//404
f 377//377 378//378 406//406
f 377//377 406//406 405//405
f 378//378 379//379 407//407
f 378//378 407//407 406//406
f 379//379 380//380 408//408
f 379//379 408//408 407//407
f 380//380 381//381 409//409
f 380//380 409//409 408//408
f 381//381 382//382 410//410
f 381//381 410//410 409//409
f 382//382 383//383 411//411
f 382//382 411//411 410//410
f 383//383 384//384 412//412
f 383//383 412//412 411//411
f 384//384 385//385 413//413
f 384//384 413//413 412//412
f 385//385 386//386 414//414
f 385//385 414//414 413//413
f 386//386 387//387 415//415
f 386//386 415//415 414//414
f 387//387 388//388 416//416
f 387//387 416//416 415//415
f 388//388 389//389 417//417
f 388//388 417//417 416//416
f 389//389 390//390 418//418
f 389//389 418//418 417//417
f 390//390 391//391 419//419
f 390//390 419//419 418//418
f 391//391 392//392 420//420
f 391//391 420//420 419//419
f 392//392 393//393 421//421
f 392//392 421//421 420//420
f 393//393 394//394 422//422
f 393//393 422//422 421//421
f 394//394 395//395 423//423
f 394//394 423//423 422//422
f 395//395 396//396 424//424
f 395//395 424//424 423//423
f 396//396 397//397 425//425
f 396//396 425//425 424//424
f 397//397 398//398 426//426
f 397//397 426//426 425//425
f 398//398 399//399 427//427
f 398//398 427//427 426//426
f 399//399 400//400 428//428
f 399//399 428//428 427//427
f 401//401 402//402 430//430
f 401//401 430//430 429//429
f 402//402 403//403 431//431
f 402//402 431//431 430//430
f 403//403 404//404 432//432
f 403//403 432//432 431//431
f 404//404 405//405 433//433
f 404//404 433//433 432//432
f 405//405 406//406 434//434
f 405//405 434//434 433//433
f 406//406 407//407 435//435
f 406//406 435//435 434//434
f 407//407 408//408 436//436
f 407//407 436//436 435//435
f 408//408 409//409 437//437
f 408//408 437//437 436//436
f 409//409 410//410 438//438
f 409//409 438//438 437//437
f 410//410 411//411 439//439
f 410//410 439//439 438//438
f 411//411 412//412 440//440
f 411//411 440//440 439//439
f 412//412 413//413 441//441
f 412//412 441//441 440//440
f 413//413 414//414 442//442
f 413//413 442//442 441//441
f 414//414 415//415 443//443
f 414//414 443//443 442//442
f 415//415 416//416 444//444
f 415//415 444//444 443//443
f 416//416 417//417 445//445
f 416//416 445//445 444//444
f 417//417 418//418 446//446
f 417//417 446//446 445//445
f 418//418 419//419 447//447
f 418//418 447//447 446//446
f 419//419 420//420 448//448
f 419//419 448//448 447//447
f 420//420 421//421 449//449
f 420//420 449//449 448//448
f 421//421 422//422 450//450
f 421//421 450//450 449//449
f 422//422 423//423 451//451
f 422//422 451//451 450//450
f 423//423 424//424 452//452
f 423//423 452//452 451//451
f 424//424 425//425 453//453
f 424//424 453//453 452//452
f 425//425 426//426 454//454
f 425//425 454//454 453//453
f 426//426 427//427 455//455
f 426//426 455//455 454//454
f 427//427 428//428 456//456
f 427//427 456//456 455//455
f 429//429 430//430 458//458
f 429//429 458//458 457//457
f 430//430 431//431 459//459
f 430//430 459//459 458//458
f 431//431 432//432 460//460
f 431//431 460//460 459//459
f 432//432 433//433 461//461
f 432//432 461//461 460//460
f 433//433 434//434 462//462
f 433//433 462//462 461//461
f 434//434 435//435 463//463
f 434//434 463//463 462//462
f 435//435 436//436 464//464
f 435//435 464//464 463//463
f 436//436 437//437 465//465
f 436//436 465//465 464//464
f 437//437 438//438 466//466
f 437//437 466//466 465//465
f 438//438 439//439 467//467
f 438//438 467//467 466//466
f 439//439 440//440 468//468
f 439//439 468//468 467//467
f 440//440 441//441 469//469
f 440//440 469//469 468//468
f 441//441 442//442 470//470
f 441//441 470//470 469//469
f 442//442 443//443 471//471
f 442//442 471//471 470//470
f 443//443 444//444 472//472
f 443//443 472//472 471//471
f 444//444 445//445 473//473
f 444//444 473//473 472//472
f 445//445 446//446 474//474
f 445//445 474//474 473//473
f 446//446 447//447 475//475
f 446//446 475//475 474//474
f 447//447 448//448 476//476
f 447//447 476//476 475//475
f 448//448 449//449 477//477
f 448//448 477//477 476//476
f 449//449 450//450 478//478
f 449//449 478//478 477//477
f 450//450 451//451 479//479
f 450//450 479//479 478//478
f 451//451 452//452 480//480
f 451//451 480//480 479//479
f 452//452 453//453 481//481
f 452//452 481//481 480//480
f 453//453 454//454 482//482
f 453//453 482//482 481//481
f 454//454 455//455 483//483
f 454//454 483//483 482//482
f 455//455 456//456 484//484
f 455//455 484//484 483//483
f 457//457 458//458 486//486
f 457//457 486//486 485//485
f 458//458 459//459 487//487
f 458//458 487//487 486//486
f 459//459 460//460 488//488
f 459//459 488//488 487//487
f 460//460 461//461 489//489
f 460//460 489//489 488//488
f 461//461 462//462 490//490
f 461//461 490//490 489//489
f 462//462 463//463 491//491
f 462//462 491//491 490//490
f 463//463 464//464 492//492
f 463//463 492//492 491//491
f 464//464 465//465 493//493
f 464//464 493//493 492//492
f 465//465 466//466 494//494
f 465//465 494//494 493//493
f 466//466 467//467 495//495
f 466//466 495//495 494//494
f 467//467 468//468 496//496
f 467//467 496//496 495//495
f 468//468 469//469 497//497
f 468//468 497//497 496//496
f 469//469 470//470 498//498
f 469//469 498//498 497//497
f 470//470 471//471 499//499
f 470//470 499//499 498//498
f 471//471 472//472 500//500
f 471//471 500//500 499//499
f 472//472 473//473 501//501
f 472//472 501//501 500//500
f 473//473 474//474 502//502
f 473//473 502//502 501//501
f 474//474 475//475 503//503
f 474//474 503//503 502//502
f 475//475 476//476 504//504
f 475//475 504//504 503//503
f 476//476 477//477 505//505
f 476//476 505//505 504//504
f 477//477 478//478 506//506
f 477//477 506//506 505//505
f 478//478 479//479 507//507
f 478//478 507//507 506//506
f 479//479 480//480 508//508
f 479//479 508//508 507//507
f 480//480 481//481 509//509
f 480//480 509//509 508//508
f 481//481 482//482 510//510
f 481//481 510//510 509//509
f 482//482 483//483 511//511
f 482//482 511//511 510//510
f 483//483 484//484 512//512
f 483//483 512//512 511//511
f 485//485 486//486 514//514
f 485//485 514//514 513//513
f 486//486 487//487 515//515
f 486//486 515//515 514//514
f 487//487 488//488 516//516
f 487//487 516//516 515//515
f 488//488 489//489 517//517
f 488//488 517//517 516//516
f 489//489 490//490 518//518
f 489//489 518//518 517//517
f 490//490 491//491 519//519
f 490//490 519//519 518//518
f 491//491 492//492 520//520
f 491//491 520//520 519//519
f 492//492 493//493 521//521
f 492//492 521//521 520//520
f 493//493 494//494 522//522
f 493//493 522//522 521//521
f 494//494 495//495 523//523
f 494//494 523//523 522//522
f 495//495 496//496 524//524
f 495//495 524//524 523//523
f 496//496 497//497 525//525
f 496//496 525//525 524//524
f 497//497 498//498 526//526
f 497//497 526//526 525//525
f 498//498 499//499 527//527
f 498//498 527//527 526//526
f 499//499 500//500 528//528
f 499//499 528//528 527//527
f 500//500 501//501 529//529
f 500//500 529//529 528//528
f 501//501 502//502 530//530
f 501//501 530//530 529//529
f 502//502 503//503 531//531
f 502//502 531//531 530//530
f 503//503 504//504 532//532
f 503//503 532//532 531//531
f 504//504 505//505 533//533
f 504//504 533//533 532//532
f 505//505 506//506 534//534
f 505//505 534//534 533//533
f 506//506 507//507 535//535
f 506//506 535//535 534//534
f 507//507 508//508 536//536
f 507//507 536//536 535//535
f 508//508 509//509 537//537
f 508//508 537//537 536//536
f 509//509 510//510 538//538
f 509//509 538//538 537//537
f 510//510 511//511 539//539
f 510//510 539//539 538//538
f 511//511 512//512 540//540
f 511//511 540//540 539//539
f 513//513 514//514 542//542
f 513//513 542//542 541//541
f 514//514 515//515 543//543
f 514//514 543//543 542//542
f 515//515 516//516 544//544
f 515//515 544//544 543//543
f 516//516 517//517 545//545
f 516//516 545//545 544//544
f 517//517 518//518 546//546
f 517//517 546//546 545//545
f 518//518 519//519 547//547
f 518//518 547//547 546//546
f 519//519 520//520 548//548
f 519//519 548//548 547//547
f 520//520 521//521 549//549
f 520//520 549//549 548//548
f 521//521 522//522 550//550
f 521//521 550//550 549//549
f 522//522 523//523 551//551
f 522//522 551//551 550//550
f 523//523 524//524 552//552
f 523//523 552//552 551//551
f 524//524 525//525 553//553
f 524//524 553//553 552//552
f 525//525 526//526 554//554
f 525//525 554//554 553//553
f 526//526 527//527 555//555
f 526//526 555//555 554//554
f 527//527 528//528 556//556
f 527//527 556//556 555//555
f 528//528 529//529 557//557
f 528//528 557//557 556//556
f 529//529 530//530 558//558
f 529//529 558//558 557//557
f 530//530 531//531 559//559
f 530//530 559//559 558//558
f 531//531 532//532 560//560
f 531//531 560//560 559//559
f 532//532 533//533 561//561
f 532//532 561//561 560//560
f 533//533 534//534 562//562
f 533//533 562//562 561//561
f 534//534 535//535 563//563
f 534//534 563//563 562//562
f 535//535 536//536 564//564
f 535//535 564//564 563//563
f 536//536 537//537 565//565
f 536//536 565//565 564//564
f 537//537 538//538 566//566
f 537//537 566//566 565//565
f 538//538 539//539 567//567
f 538//538 567//567 566//566
f 539//539 540//540 568//568
f 539//539 568//568 567//567
f 541//541 542//542 570//570
f 541//541 570//570 569//569
f 542//542 543//543 571//571
f 542//542 571//571 570//570
f 543//543 544//544 572//572
f 543//543 572//572 571//571
f 544//544 545//545 573//573
f 544//544 573//573 572//572
f 545//545 546//546 574//574
f 545//545 574//574 573//573
f 546//546 547//547 575//575
f 546//546 575//575 574//574
f 547//547 548//548 576//576
f 547//547 576//576 575//575
f 548//548 549//549 577//577
f 548//548 577//577 576//576
f 549//549 550//550 578//578
f 549//549 578//578 577//577
f 550//550 551//551 579//579
f 550//550 579//579 578//578
f 551//551 552//552 580//580
f 551//551 580//580 579//579
f 552//552 553//553 581//581
f 552//552 581//581 580//580
f 553//553 554//554 582//582
f 553//553 582//582 581//581
f 554//554 555//555 583//583
f 554//554 583//583 582//582
f 555//555 556//556 584//584
f 555//555 584//584 583//583
f 556//556 557//557 585//585
f 556//556 585//585 584//584
f 557//557 558//558 586//586
f 557//557 586//586 585//585
f 558//558 559//559 587//587
f 558//558 587//587 586//586
f 559//559 560//560 588//588
f 559//559 588//588 587//587
f 560//560 561//561 589//589
f 560//560 589//589 588//588
f 561//561 562//562 590//590
f 561//561 590//590 589//589
f 562//562 563//563 591//591
f 562//562 591//591 590//590
f 563//563 564//564 592//592
f 563//563 592//592 591//591
f 564//564 565//565 593//593
f 564//564 593//593 592//592
f 565//565 566//566 594//594
f 565//565 594//594 593//593
f 566//566 567//567 595//595
f 566//566 595//595 594//594
f 567//567 568//568 596//596
f 567//567 596//596 595//595
f 569//569 570//570 598//598
f 569//569 598//598 597//597
f 570//570 571//571 599//599
f 570//570 599//599 598//598
f 571//571 572//572 600//600
f 571//571 600//600 599//599
f 572//572 573//573 601//601
f 572//572 601//601 600//600
f 573//573 574//574 602//602
f 573//573 602//602 601//601
f 574//574 575//575 603//603
f 574//574 603//603 602//602
f 575//575 576//576 604//604
f 575//575 604//604 603//603
f 576//576 577//577 605//605
f 576//576 605//605 604//604
f 577//577 578//578 606//606
f 577//577 606//606 605//605
f 578//578 579//579 607//607
f 578//578 607//607 606//606
f 579//579 580//580 608//608
f 579//579 608//608 607//607
f 580//580 581//581 609//609
f 580//580 609//609 608//608
f 581//581 582//582 610//610
f 581//581 610//610 609//609
f 582//582 583//583 611//611
f 582//582 611//611 610//610
f 583//583 584//584 612//612
f 583//583 612//612 611//611
f 584//584 585//585 613//613
f 584//584 613//613 612//612
f 585//585 586//586 614//614
f 585//585 614//614 613//613
f 586//586 587//587 615//615
f 586//586 615//615 614//614
f 587//587 588//588 616//616
f 587//587 616//616 615//615
f 588//588 589//589 617//617
f 588//588 617//617 616//616
f 589//589 590//590 618//618
f 589//589 618//618 617//617
f 590//590 591//591 619//619
f 590//590 619//619 618//618
f 591//591 592//592 620//620
f 591//591 620//620 619//619
f 592//592 593//593 621//621
f 592//592 621//621 620//620
f 593//593 594//594 622//622
f 593//593 622//622 621//621
f 594//594 595//595 623//623
f 594//594 623//623 622//622
f 595//595 596//596 624//624
f 595//595 624//624 623//623
f 597//597 598//598 626//626
f 597//597 626//626 625//625
f 598//598 599//599 627//627
f 598//598 627//627 626//626
f 599//599 600//600 628//628
f 599//599 628//628 627//627
f 600//600 601//601 629//629
f 600//600 629//629 628//628
f 601//601 602//602 630//630
f 601//601 630//630 629//629
f 602//602 603//603 631//631
f 602//602 631//631 630//630
f 603//603 604//604 632//632
f 603//603 632//632 631//631
f 604//604 605//605 633//633
f 604//604 633//633 632//632
f 605//605 606//606 634//634
f 605//605 634//634 633//633
f 606//606 607//607 635//635
f 606//606 635//635 634//634
f 607//607 608//608 636//636
f 607//607 636//636 635//635
f 608//608 609//609 637//637
f 608//608 637//637 636//636
f 609//609 610//610 638//638
f 609//609 638//638 637//637
f 610//610 611//611 639//639
f 610//610 639//639 638//638
f 611//611 612//612 640//640
f 611//611 640//640 639//639
f 612//612 613//613 641//641
f 612//612 641//641 640//640
f 613//613 614//614 642//642
f 613//613 642//642 641//641
f 614//614 615//615 643//643
f 614//614 643//643 642//642
f 615//615 616//616 644//644
f 615//615 644//644 643//643
f 616//616 617//617 645//645
f 616//616 645//645 644//644
f 617//617 618//618 646//646
f 617//617 646//646 645//645
f 618//618 619//619 647//647
f 618//618 647//647 646//646
f 619//619 620//620 648//648
f 619//619 648//648 647//647
f 620//620 621//621 649//649
f 620//620 649//649 648//648
f 621//621 622//622 650//650
f 621//621 650//650 649//649
f 622//622 623//623 651//651
f 622//622 651//651 650//650
f 623//623 624//624 652//652
f 623//623 652//652 651//651
f 625//625 626//626 654//654
f 625//625 654//654 653//653
f 626//626 627//627 655//655
f 626//626 655//655 654//654
f 627//627 628//628 656//656
f 627//627 656//656 655//655
f 628//628 629//629 657//657
f 628//628 657//657 656//656
f 629//629 630//630 658//658
f 629//629 658//658 657//657
f 630//630 631//631 659//659
f 630//630 659//659 658//658
f 631//631 632//632 660//660
f 631//631 660//660 659//659
f 632//632 633//633 661//661
f 632//632 661//661 660//660
f 633//633 634//634 662//662
f 633//633 662//662 661//661
f 634//634 635//635 663//663
f 634//634 663//663 662//662
f 635//635 636//636 664//664
f 635//635 664//664 663//663
f 636//636 637//637 665//665
f 636//636 665//665 664//664
f 637//637 638//638 666//666
f 637//637 666//666 665//665
f 638//638 639//639 667//667
f 638//638 667//667 666//666
f 639//639 640//640 668//668
f 639//639 668//668 667//667
f 640//640 641//641 669//669
f 640//640 669//669 668//668
f 641//641 642//642 670//670
f 641//641 670//670 669//669
f 642//642 643//643 671//671
f 642//642 671//671 670//670
f 643//643 644//644 672//672
f 643//643 672//672 671//671
f 644//644 645//645 673//673
f 644//644 673//673 672//672
f 645//645 646//646 674//674
f 645//645 674//674 673//673
f 646//646 647//647 675//675
f 646//646 675//675 674//674
f 647//647 648//648 676//676
f 647//647 676//676 675//675
f 648//648 649//649 677//677
f 648//648 677//677 676//676
f 649//649 650//650 678//678
f 649//649 678//678 677//677
f 650//650 651//651 679//679
f 650//650 679//679 678//678
f 651//651 652//652 680//680
f 651//651 680//680 679//679
f 653//653 654//654 682//682
f 653//653 682//682 681//681
f 654//654 655//655 683//683
f 654//654 683//683 682//682
f 655//655 656//656 684//684
f 655//655 684//684 683//683
f 656//656 657//657 685//685
f 656//656 685//685 684//684
f 657//657 658//658 686//686
f 657//657 686//686 685//685
f 658//658 659//659 687//687
f 658//658 687//687 686//686
f 659//659 660//660 688//688
f 659//659 688//688 687//687
f 660//660 661//661 689//689
f 660//660 689//689 688//688
f 661//661 662//662 690//690
f 661//661 690//690 689//689
f 662//662 663//663 691//691
f 662//662 691//691 690//690
f 663//663 664//664 692//692
f 663//663 692//692 691//691
f 664//664 665//665 693//693
f 664//664 693//693 692//692
f 665//665 666//666 694//694
f 665//665 694//694 693//693
f 666//666 667//667 695//695
f 666//666 695//695 694//694
f 667//667 668//668 696//696
f 667//667 696//696 695//695
f 668//668 669//669 697//697
f 668//668 697//697 696//696
f 669//669 670//670 698//698
f 669//669 698//698 697//697
f 670//670 671//671 699//699
f 670//670 699//699 698//698
f 671//671 672//672 700//700
f 671//671 700//700 699//699
f 672//672 673//673 701//701
f 672//672 701//701 700//700
f 673//673 674//674 702//702
f 673//673 702//702 701//701
f 674//674 675//675 703//703
f 674//674 703//703 702//702
f 675//675 676//676 704//704
f 675//675 704//704 703//703
f 676//676 677//677 705//705
f 676//676 705//705 704//704
f 677//677 678//678 706//706
f 677//677 706//706 705//705
f 678//678 679//679 707//707
f 678//678 707//707 706//706
f 679//679 680//680 708//708
f 679//679 708//708 707//707
f 681//681 682//682 710//710
f 681//681 710//710 709//709
f 682//682 683//683 711//711
f 682//682 711//711 710//710
f 683//683 684//684 712//712
f 683//683 712//712 711//711
f 684//684 685//685 713//713
f 684//684 713//713 712//712
f 685//685 686//686 714//714
f 685//685 714//714 713//713
f 686//686 687//687 715//715
f 686//686 715//715 714//714
f 687//687 688//688 716//716
f 687//687 716//716 715//715
f 688//688 689//689 717//717
f 688//688 717//717 716//716
f 689//689 690//690 718//718
f 689//689 718//718 717//717
f 690//690 691//691 719//719
f 690//690 719//719 718//718
f 691//691 692//692 720//720
f 691//691 720//720 719//719
f 692//692 693//693 721//721
f 692//692 721//721 720//720
f 693//693 694//694 722//722
f 693//693 722//722 721//721
f 694//694 695//695 723//723
f 694//694 723//723 722//722
f 695//695 696//696 724//724
f 695//695 724//724 723//723
f 696//696 697//697 725//725
f 696//696 725//725 724//724
f 697//697 698//698 726//726
f 697//697 726//726 725//725
f 698//698 699//699 727//727
f 698//698 727//727 726//726
f 699//699 700//700 728//728
f 699//699 728//728 727//727
f 700//700 701//701 729//729
f 700//700 729//729 728//728
f 701//701 702//702 730//730
f 701//701 730//730 729//729
f 702//702 703//703 731//731
f 702//702 731//731 730//730
f 703//703 704//704 732//732
f 703//703 732//732 731//731
f 704//704 705//705 733//733
f 704//704 733//733 732//732
f 705//705 706//706 734//734
f 705//705 734//734 733//733
f 706//706 707//707 735//735
f 706//706 735//735 734//734
f 707//707 708//708 736//736
f 707//707 736//736 735//735
f 709//709 710//710 738//738
f 709//709 738//738 737//737
f 710//710 711//711 739//739
f 710//710 739//739 738//738
f 711//711 712//712 740//740
f 711//711 740//740 739//739
f 712//712 713//713 741//741
f 712//712 741//741 740//740
f 713//713 714//714 742//742
f 713//713 742//742 741//741
f 714//714 715//715 743//743
f 714//714 743//743 742//742
f 715//715 716//716 744//744
f 715//715 744//744 743//743
f 716//716 717//717 745//745
f 716//716 745//745 744//744
f 717//717 718//718 746//746
f 717//717 746//746 745//745
f 718//718 719//719 747//747
f 718//718 747//747 746//746
f 719//719 720//720 748//748
f 719//719 748//748 747//747
f 720//720 721//721 749//749
f 720//720 749//749 748//748
f 721//721 722//722 750//750
f 721//721 750//750 749//749
f 722//722 723//723 751//751
f 722//722 751//751 750//750
f 723//723 724//724 752//752
f 723//723 752//752 751//751
f 724//724 725//725 753//753
f 724//724 753//753 752//752
f 725//725 726//726 754//754
f 725//725 754//754 753//753
f 726//726 727//727 755//755
f 726//726 755//755 754//754
f 727//727 728//728 756//756
f 727//727 756//756 755//755
f 728//728 729//729 757//757
f 728//728 757//757 756//756
f 729//729 730//730 758//758
f 729//729 758//758 757//757
f 730//730 731//731 759//759
f 730//730 759//759 758//758
f 731//731 732//732 760//760
f 731//731 760//760 759//759
f 732//732 733//733 761//761
f 732//732 761//761 760//760
f 733//733 734//734 762//762
f 733//733 762//762 761//761
f 734//734 735//735 763//763
f 734//734 763//763 762//762
f 735//735 736//736 764//764
f 735//735 764//764 763//763
f 737//737 738//738 766//766
f 737//737 766//766 765//765
f 738//738 739//739 767//767
f 738//738 767//767 766//766
f 739//739 740//740 768//768
f 739//739 768//768 767//767
f 740//740 741//741 769//769
f 740//740 769//769 768//768
f 741//741 742//742 770//770
f 741//741 770//770 769//769
f 742//742 743//743 771//771
f 742//742 771//771 770//770
f 743//743 744//744 772//772
f 743//743 772//772 771//771
f 744//744 745//745 773//773
f 744//744 773//773 772//772
f 745//745 746//746 774//774
f 745//745 774//774 773//773
f 746//746 747//747 775//775
f 746//746 775//775 774//774
f 747//747 748//748 776//776
f 747//747 776//776 775//775
f 748//748 749//749 777//777
f 748//748 777//777 776//776
f 749//749 750//750 778//778
f 749//749 778//778 777//777
f 750//750 751//751 779//779
f 750//750 779//779 778//778
f 751//751 752//752 780//780
f 751//751 780//780 779//779
f 752//752 753//753 781//781
f 752//752 781//781 780//780
f 753//753 754//754 782//782
f 753//753 782//782 781//781
f 754//754 755//755 783//783
f 754//754 783//783 782//782
f 755//755 756//756 784//784
f 755//755 784//784 783//783
f 756//756 757//757 785//785
f 756//756 785//785 784//784
f 757//757 758//758 786//786
f 757//757 786//786 785//785
f 758//758 759//759 787//787
f 758//758 787//787 786//786
f 759//759 760//760 788//788
f 759//759 788//788 787//787
f 760//760 761//761 789//789
f 760//760 789//789 788//788
f 761//761 762//762 790//790
f 761//761 790//790 789//789
f 762//762 763//763 791//791
f 762//762 791//791 790//790
f 763//763 764//764 792//792
f 763//763 792//792 791//791
f 765//765 766//766 794//794
f 765//765 794//794 793//793
f 766//766 767//767 795//795
f 766//766 795//795 794//794
f 767//767 768//768 796//796
f 767//767 796//796 795//795
f 768//768 769//769 797//797
f 768//768 797//797 796//796
f 769//769 770//770 798//798
f 769//769 798//798 797//797
f 770//770 771//771 799//799
f 770//770 799//799 798//798
f 771//771 772//772 800//800
f 771//771 800//800 799//799
f 772//772 773//773 801//801
f 772//772 801//801 800//800
f 773//773 774//774 802//802
f 773//773 802//802 801//801
f 774//774 775//775 803//803
f 774//774 803//803 802//802
f 775//775 776//776 804//804
f 775//775 804//804 803//803
f 776//776 777//777 805//805
f 776//776 805//805 804//804
f 777//777 778//778 806//806
f 777//777 806//806 805//805
f 778//778 779//779 807//807
f 778//778 807//807 806//806
f 779//779 780//780 808//808
f 779//779 808//808 807//807
f 780//780 781//781 809//809
f 780//780 809//809 808//808
f 781//781 782//782 810//810
f 781//781 810//810 809//809
f 782//782 783//783 811//811
f 782//782 811//811 810//810
f 783//783 784//784 812//812
f 783//783 812//812 811//811
f 784//784 785//785 813//813
f 784//784 813//813 812//812
f 785//785 786//786 814//814
f 785//785 814//814 813//813
f 786//786 787//787 815//815
f 786//786 815//815 814//814
f 787//787 788//788 816//816
f 787//787 816//816 815//815
f 788//788 789//789 817//817
f 788//788 817//817 816//816
f 789//789 790//790 818//818
f 789//789 818//818 817//817
f 790//790 791//791 819//819
f 790//790 819//819 818//818
f 791//791 792//792 820//820
f 791//791 820//820 819//819
f 793//793 794//794 822//822
f 793//793 822//822 821//821
f 794//794 795//795 823//823
f 794//794 823//823 822//822
f 795//795 796//796 824//824
f 795//795 824//824 823//823
f 796//796 797//797 825//825
f 796//796 825//825 824//824
f 797//797 798//798 826//826
f 797//797 826//826 825//825
f 798//798 799//799 827//827
f 798//798 827//827 826//826
f 799//799 800//800 828//828
f 799//799 828//828 827//827
f 800//800 801//801 829//829
f 800//800 829//829 828//828
f 801//801 802//802 830//830
f 801//801 830//830 829//829
f 802//802 803//803 831//831
f 802//802 831//831 830//830
f 803//803 804//804 832//832
f 803//803 832//832 831//831
f 804//804 805//805 833//833
f 804//804 833//833 832//832
f 805//805 806//806 834//834
f 805//805 834//834 833//833
f 806//806 807//807 835//835
f 806//806 835//835 834//834
f 807//807 808//808 836//836
f 807//807 836//836 835//835
f 808//808 809//809 837//837
f 808//808 837//837 836//836
f 809//809 810//810 838//838
f 809//809 838//838 837//837
f 810//810 811//811 839//839
f 810//810 839//839 838//838
f 811//811 812//812 840//840
f 811//811 840//840 839//839
f 812//812 813//813 841//841
f 812//812 841//841 840//840
f 813//813 814//814 842//842
f 813//813 842//842 841//841
f 814//814 815//815 843//843
f 814//814 843//843 842//842
f 815//815 816//816 844//844
f 815//815 844//844 843//843
f 816//816 817//817 845//845
f 816//816 845//845 844//844
f 817//817 818//818 846//846
f 817//817 846//846 845//845
f 818//818 819//819 847//847
f 818//818 847//847 846//846
f 819//819 820//820 848//848
f 819//819 848//848 847//847
f 821//821 822//822 850//850
f 821//821 850//850 849//849
f 822//822 823//823 851//851
f 822//822 851//851 850//850
f 823//823 824//824 852//852
f 823//823 852//852 851//851
f 824//824 825//825 853//853
f 824//824 853//853 852//852
f 825//825 826//826 854//854
f 825//825 854//854 853//853
f 826//826 827//827 855//855
f 826//826 855//855 854//854
f 827//827 828//828 856//856
f 827//827 856//856 855//855
f 828//828 829//829 857//857
f 828//828 857//857 856//856
f 829//829 830//830 858//858
f 829//829 858//858 857//857
f 830//830 831//831 859//859
f 830//830 859//859 858//858
f 831//831 832//832 860//860
f 831//831 860//860 859//859
f 832//832 833//833 861//861
f 832//832 861//861 860//860
f 833//833 834//834 862//862
f 833//833 862//862 861//861
f 834//834 835//835 863//863
f 834//834 863//863 862//862
f 835//835 836//836 864//864
f 835//835 864//864 863//863
f 836//836 837//837 865//865
f 836//836 865//865 864//864
f 837//837 838//838 866//866
f 837//837 866//866 865//865
f 838//838 839//839 867//867
f 838//838 867//867 866//866
f 839//839 840//840 868//868
f 839//839 868//868 867//867
f 840//840 841//841 869//869
f 840//840 869//869 868//868
f 841//841 842//842 870//870
f 841//841 870//870 869//869
f 842//842 843//843 871//871
f 842//842 871//871 870//870
f 843//843 844//844 872//872
f 843//843 872//872 871//871
f 844//844 845//845 873//873
f 844//844 873//873 872//872
f 845//845 846//846 874//874
f 845//845 874//874 873//873
f 846//846 847//847 875//875
f 846//846 875//875 874//874
f 847//847 848//848 876//876
f 847//847 876//876 875//875
f 849//849 850//850 878//878
f 849//849 878//878 877//877
f 850//850 851//851 879//879
f 850//850 879//879 878//878
f 851//851 852//852 880//880
f 851//851 880//880 879//879
f 852//852 853//853 881//881
f 852//852 881//881 880//880
f 853//853 854//854 882//882
f 853//853 882//882 881//881
f 854//854 855//855 883//883
f 854//854 883//883 882//882
f 855//855 856//856 884//884
f 855//855 884//884 883//883
f 856//856 857//857 885//885
f 856//856 885//885 884//884
f 857//857 858//858 886//886
f 857//857 886//886 885//885
f 858//858 859//859 887//887
f 858//858 887//887 886//886
f 859//859 860//860 888//888
f 859//859 888//888 887//887
f 860//860 861//861 889//889
f 860//860 889//889 888//888
f 861//861 862//862 890//890
f 861//861 890//890 889//889
f 862//862 863//863 891//891
f 862//862 891//891 890//890
f 863//863 864//864 892//892
f 863//863 892//892 891//891
f 864//864 865//865 893//893
f 864//864 893//893 892//892
f 865//865 866//866 894//894
f 865//865 894//894 893//893
f 866//866 867//867 895//895
f 866//866 895//895 894//894
f 867//867 868//868 896//896
f 867//867 896//896 895//895
f 868//868 869//869 897//897
f 868//868 897//897 896//896
f 869//869 870//870 898//898
f 869//869 898//898 897//897
f 870//870 871//871 899//899
f 870//870 899//899 898//898
f 871//871 872//872 900//900
f 871//871 900//900 899//899
f 872//872 873//873 901//901
f 872//872 901//901 900//900
f 873//873 874//874 902//902
f 873//873 902//902 901//901
f 874//874 875//875 903//903
f 874//874 903//903 902//902
f 875//875 876//876 904//904
f 875//875 904//904 903//903
f 877//877 878//878 906//906
f 877//877 906//906 905//905
f 878//878 879//879 907//907
f 878//878 907//907 906//906
f 879//879 880//880 908//908
f 879//879 908//908 907//907
f 880//880 881//881 909//909
f 880//880 909//909 908//908
f 881//881 882//882 910//910
f 881//881 910//910 909//909
f 882//882 883//883 911//911
f 882//882 911//911 910//910
f 883//883 884//884 912//912
f 883//883 912//912 911//911
f 884//884 885//885 913//913
f 884//884 913//913 912//912
f 885//885 886//886 914//914
f 885//885 914//914 913//913
f 886//886 887//887 915//915
f 886//886 915//915 914//914
f 887//887 888//888 916//916
f 887//887 916//916 915//915
f 888//888 889//889 917//917
f 888//888 917//917 916//916
f 889//889 890//890 918//918
f 889//889 918//918 917//917
f 890//890 891//891 919//919
f 890//890 919//919 918//918
f 891//891 892//892 920//920
f 891//891 920//920 919//919
f 892//892 893//893 921//921
f 892//892 921//921 920//920
f 893//893 894//894 922//922
f 893//893 922//922 921//921
f 894//894 895//895 923//923
f 894//894 923//923 922//922
f 895//895 896//896 924//924
f 895//895 924//924 923//923
f 896//896 897//897 925//925
f 896//896 925//925 924//924
f 897//897 898//898 926//926
f 897//897 926//926 925//925
f 898//898 899//899 927//927
f 898//898 927//927 926//926
f 899//899 900//900 928//928
f 899//899 928//928 927//927
f 900//900 901//901 929//929
f 900//900 929//929 928//928
f 901//901 902//902 930//930
f 901//901 930//930 929//929
f 902//902 903//903 931//931
f 902//902 931//931 930//930
f 903//903 904//904 932//932
f 903//903 932//932 931//931
f 905//905 906//906 934//934
f 905//905 934//934 933//933
f 906//906 907//907 935//935
f 906//906 935//935 934//934
f 907//907 908//908 936//936
f 907//907 936//936 935//935
f 908//908 909//909 937//937
f 908//908 937//937 936//936
f 909//909 910//910 938//938
f 909//909 938//938 937//937
f 910//910 911//911 939//939
f 910//910 939//939 938//938
f 911//911 912//912 940//940
f 911//911 940//940 939//939
f 912//912 913//913 941//941
f 912//912 941//941 940//940
f 913//913 914//914 942//942
f 913//913 942//942 941//941
f 914//914 915//915 943//943
f 914//914 943//943 942//942
f 915//915 916//916 944//944
f 915//915 944//944 943//943
f 916//916 917//917 945//945
f 916//916 945//945 944//944
f 917//917 918//918 946//946
f 917//917 946//946 945//945
f 918//918 919//919 947//947
f 918//918 947//947 946//946
f 919//919 920//920 948//948
f 919//919 948//948 947//947
f 920//920 921//921 949//949
f 920//920 949//949 948//948
f 921//921 922//922 950//950
f 921//921 950//950 949//949
f 922//922 923//923 951//951
f 922//922 951//951 950//950
f 923//923 924//924 952//952
f 923//923 952//952 951//951
f 924//924 925//925 953//953
f 924//924 953//953 952//952
f 925//925 926//926 954//954
f 925//925 954//954 953//953
f 926//926 927//927 955//955
f 926//926 955//955 954//954
f 927//927 928//928 956//956
f 927//927 956//956 955//955
f 928//928 929//929 957//957
f 928//928 957//957 956//956
f 929//929 930//930 958//958
f 929//929 958//958 957//957
f 930//930 931//931 959//959
f 930//930 959//959 958//958
f 931//931 932//932 960//960
f 931//931 960//960 959//959
f 933//933 934//934 962//962
f 933//933 962//962 961//961
f 934//934 935//935 963//963
f 934//934 963//963 962//962
f 935//935 936//936 964//964
f 935//935 964//964 963//963
f 936//936 937//937 965//965
f 936//936 965//965 964//964
f 937//937 938//938 966//966
f 937//937 966//966 965//965
f 938//938 939//939 967//967
f 938//938 967//967 966//966
f 939//939 940//940 968//968
f 939//939 968//968 967//967
f 940//940 941//941 969//969
f 940//940 969//969 968//968
f 941//941 942//942 970//970
f 941//941 970//970 969//969
f 942//942 943//943 971//971
f 942//942 971//971 970//970
f 943//943 944//944 972//972
f 943//943 972//972 971//971
f 944//944 945//945 973//973
f 944//944 973//973 972//972
f 945//945 946//946 974//974
f 945//945 974//974 973//973
f 946//946 947//947 975//975
f 946//946 975//975 974//974
f 947//947 948//948 976//976
f 947//947 976//976 975//975
f 948//948 949//949 977//977
f 948//948 977//977 976//976
f 949//949 950//950 978//978
f 949//949 978//978 977//977
f 950//950 951//951 979//979
f 950//950 979//979 978//978
f 951//951 952//952 980//980
f 951//951 980//980 979//979
f 952//952 953//953 981//981
f 952//952 981//981 980//980
f 953//953 954//954 982//982
f 953//953 982//982 981//981
f 954//954 955//955 983//983
f 954//954 983//983 982//982
f 955//955 956//956 984//984
f 955//955 984//984 983//983
f 956//956 957//957 985//985
f 956//956 985//985 984//984
f 957//957 958//958 986//986
f 957//957 986//986 985//985
f 958//958 959//959 987//987
f 958//958 987//987 986//986
f 959//959 960//960 988//988
f 959//959 988//988 987//987
f 961//961 962//962 990//990
f 961//961 990//990 989//989
f 962//962 963//963 991//991
f 962//962 991//991 990//990
f 963//963 964//964 992//992
f 963//963 992//992 991//991
f 964//964 965//965 993//993
f 964//964 993//993 992//992
f 965//965 966//966 994//994
f 965//965 994//994 993//993
f 966//966 967//967 995//995
f 966//966 995//995 994//994
f 967//967 968//968 996//996
f 967//967 996//996 995//995
f 968//968 969//969 997//997
f 968//968 997//997 996//996
f 969//969 970//970 998//998
f 969//969 998//998 997//997
f 970//970 971//971 999//999
f 970//970 999//999 998//998
f 971//971 972//972 1000//1000
f 971//971 1000//1000 999//999
f 972//972 973//973 1001//1001
f 972//972 1001//1001 1000//1000
f 973//973 974//974 1002//1002
f 973//973 1002//1002 1001//1001
f 974//974 975//975 1003//1003
f 974//974 1003//1003 1002//1002
f 975//975 976//976 1004//1004
f 975//975 1004//1004 1003//1003
f 976//976 977//977 1005//1005
f 976//976 1005//1005 1004//1004
f 977//977 978//978 1006//1006
f 977//977 1006//1006 1005//1005
f 978//978 979//979 1007//1007
f 978//978 1007//1007 1006//1006
f 979//979 980//980 1008//1008
f 979//979 1008//1008 1007//1007
f 980//980 981//981 1009//1009
f 980//980 1009//1009 1008//1008
f 981//981 982//982 1010//1010
f 981//981 1010//1010 1009//1009
f 982//982 983//983 1011//1011
f 982//982 1011//1011 1010//1010
f 983//983 984//984 1012//1012
f 983//983 1012//1012 1011//1011
f 984//984 985//985 1013//1013
f 984//984 1013//1013 1012//1012
f 985//985 986//986 1014//1014
f 985//985 1014//1014 1013//1013
f 986//986 987//987 1015//1015
f 986//986 1015//1015 1014//1014
f 987//987 988//988 1016//1016
f 987//987 1016//1016 1015//1015
f 989//989 990//990 1018//1018
f 989//989 1018//1018 1017//1017
f 990//990 991//991 1019//1019
f 990//990 1019//1019 1018//1018
f 991//991 992//992 1020//1020
f 991//991 1020//1020 1019//1019
f 992//992 993//993 1021//1021
f 992//992 1021//1021 1020//1020
f 993//993 994//994 1022//1022
f 993//993 1022//1022 1021//1021
f 994//994 995//995 1023//1023
f 994//994 1023//1023 1022//1022
f 995//995 996//996 1024//1024
f 995//995 1024//1024 1023//1023
f 996//996 997//997 1025//1025
f 996//996 1025//1025 1024//1024
f 997//997 998//998 1026//1026
f 997//997 1026//1026 1025//1025
f 998//998 999//999 1027//1027
f 998//998 1027//1027 1026//1026
f 999//999 1000//1000 1028//1028
f 999//999 1028//1028 1027//1027
f 1000//1000 1001//1001 1029//1029
f 1000//1000 1029//1029 1028//1028
f 1001//1001 1002//1002 1030//1030
f 1001//1001 1030//1030 1029//1029
f 1002//1002 1003//1003 1031//1031
f 1002//1002 1031//1031 1030//1030
f 1003//1003 1004//1004 1032//1032
f 1003//1003 1032//1032 1031//1031
f 1004//1004 1005//1005 1033//1033
f 1004//1004 1033//1033 1032//1032
f 1005//1005 1006//1006 1034//1034
f 1005//1005 1034//1034 1033//1033
f 1006//1006 1007//1007 1035//1035
f 1006//1006 1035//1035 1034//1034
f 1007//1007 1008//1008 1036//1036
f 1007//1007 1036//1036 1035//1035
f 1008//1008 1009//1009 1037//1037
f 1008//1008 1037//1037 1036//1036
f 1009//1009 1010//1010 1038//1038
f 1009//1009 1038//1038 1037//1037
f 1010//1010 1011//1011 1039//1039
f 1010//1010 1039//1039 1038//1038
f 1011//1011 1012//1012 1040//1040
f 1011//1011 1040//1040 1039//1039
f 1012//1012 1013//1013 1041//1041
f 1012//1012 1041//1041 1040//1040
f 1013//1013 1014//1014 1042//1042
f 1013//1013 1042//1042 1041//1041
f 1014//1014 1015//1015 1043//1043
f 1014//1014 1043//1043 1042//1042
f 1015//1015 1016//1016 1044//1044
f 1015//1015 1044//1044 1043//1043
f 1017//1017 1018//1018 206//206
f 1017//1017 206//206 205//205
f 1018//1018 1019//1019 207//207
f 1018//1018 207//207 206//206
f 1019//1019 1020//1020 208//208
f 1019//1019 208//208 207//207
f 1020//1020 1021//1021 209//209
f 1020//1020 209//209 208//208
f 1021//1021 1022//1022 210//210
f 1021//1021 210//210 209//209
f 1022//1022 1023//1023 211//211
f 1022//1022 211//211 210//210
f 1023//1023 1024//1024 212//212
f 1023//1023 212//212 211//211
f 1024//1024 1025//1025 213//213
f 1024//1024 213//213 212//212
f 1025//1025 1026//1026 214//214
f 1025//1025 214//214 213//213
f 1026//1026 1027//1027 215//215
f 1026//1026 215//215 214//214
f 1027//1027 1028//1028 216//216
f 1027//1027 216//216 215//215
f 1028//1028 1029//1029 217//217
f 1028//1028 217//217 216//216
f 1029//1029 1030//1030 218//218
f 1029//1029 218//218 217//217
f 1030//1030 1031//1031 219//219
f 1030//1030 219//219 218//218
f 1031//1031 1032//1032 220//220
f 1031//1031 220//220 219//219
f 1032//1032 1033//1033 221//221
f 1032//1032 221//221 220//220
f 1033//1033 1034//1034 222//222
f 1033//1033 222//222 221//221
f 1034//1034 1035//1035 223//223
f 1034//1034 223//223 222//222
f 1035//1035 1036//1036 224//224
f 1035//1035 224//224 223//223
f 1036//1036 1037//1037 225//225
f 1036//1036 225//225 224//224
f 1037//1037 1038//1038 226//226
f 1037//1037 226//226 225//225
f 1038//1038 1039//1039 227//227
f 1038//1038 227//227 226//226
f 1039//1039 1040//1040 228//228
f 1039//1039 228//228 227//227
f 1040//1040 1041//1041 229//229
f 1040//1040 229//229 228//228
f 1041//1041 1042//1042 230//230
f 1041//1041 230//230 229//229
f 1042//1042 1043//1043 231//231
f 1042//1042 231//231 230//230
f 1043//1043 1044//1044 232//232
f 1043//1043 232//232 231//231
f 1047//1047 1075//1075 1045//1045
f 1075//1075 1103//1103 1045//1045
f 1103//1103 1131//1131 1045//1045
f 1131//1131 1159//1159 1045//1045
f 1159//1159 1187//1187 1045//1045
f 1187//1187 1215//1215 1045//1045
f 1215//1215 1243//1243 1045//1045
f 1243//1243 1271//1271 1045//1045
f 1271//1271 1299//1299 1045//1045
f 1299//1299 1327//1327 1045//1045
f 1327//1327 1355//1355 1045//1045
f 1355//1355 1383//1383 1045//1045
f 1383//1383 1411//1411 1045//1045
f 1411//1411 1439//1439 1045//1045
f 1439//1439 1467//1467 1045//1045
f 1467//1467 1495//1495 1045//1045
f 1495//1495 1523//1523 1045//1045
f 1523//1523 1551//1551 1045//1045
f 1551//1551 1579//1579 1045//1045
f 1579//1579 1607//1607 1045//1045
f 1607//1607 1635//1635 1045//1045
f 1635//1635 1663//1663 1045//1045
f 1663//1663 1691//1691 1045//1045
f 1691//1691 1719//1719 1045//1045
f 1719//1719 1747//1747 1045//1045
f 1747//1747 1775//1775 1045//1045
f 1775//1775 1803//1803 1045//1045
f 1803//1803 1831//1831 1045//1045
f 1831//1831 1859//1859 1045//1045
f 1859//1859 1047//1047 1045//1045
f 1074//1074 1046//1046 1102//1102
f 1102//1102 1046//1046 1130//1130
f 1130//1130 1046//1046 1158//1158
f 1158//1158 1046//1046 1186//1186
f 1186//1186 1046//1046 1214//1214
f 1214//1214 1046//1046 1242//1242
f 1242//1242 1046//1046 1270//1270
f 1270//1270 1046//1046 1298//1298
f 1298//1298 1046//1046 1326//1326
f 1326//1326 1046//1046 1354//1354
f 1354//1354 1046//1046 1382//1382
f 1382//1382 1046//1046 1410//1410
f 1410//1410 1046//1046 1438//1438
f 1438//1438 1046//1046 1466//1466
f 1466//1466 1046//1046 1494//1494
f 1494//1494 1046//1046 1522//1522
f 1522//1522 1046//1046 1550//1550
f 1550//1550 1046//1046 1578//1578
f 1578//1578 1046//1046 1606//1606
f 1606//1606 1046//1046 1634//1634
f 1634//1634 1046//1046 1662//1662
f 1662//1662 1046//1046 1690//1690
f 1690//1690 1046//1046 1718//1718
f 1718//1718 1046//1046 1746//1746
f 1746//1746 1046//1046 1774//1774
f 1774//1774 1046//1046 1802//1802
f 1802//1802 1046//1046 1830//1830
f 1830//1830 1046//1046 1858//1858
f 1858//1858 1046//1046 1886//1886
f 1886//1886 1046//1046 1074//1074
f 1047//1047 1048//1048 1076//1076
f 1047//1047 1076//1076 1075//1075
f 1048//1048 1049//1049 1077//1077
f 1048//1048 1077//1077 1076//1076
f 1049//1049 1050//1050 1078//1078
f 1049//1049 1078//1078 1077//1077
f 1050//1050 1051//1051 1079//1079
f 1050//1050 1079//1079 1078//1078
f 1051//1051 1052//1052 1080//1080
f 1051//1051 1080//1080 1079//1079
f 1052//1052 1053//1053 1081//1081
f 1052//1052 1081//1081 1080//1080
f 1053//1053 1054//1054 1082//1082
f 1053//1053 1082//1082 1081//1081
f 1054//1054 1055//1055 1083//1083
f 1054//1054 1083//1083 1082//1082
f 1055//1055 1056//1056 1084//1084
f 1055//1055 1084//1084 1083//1083
f 1056//1056 1057//1057 1085//1085
f 1056//1056 1085//1085 1084//1084
f 1057//1057 1058//1058 1086//1086
f 1057//1057 1086//1086 1085//1085
f 1058//1058 1059//1059 1087//1087
f 1058//1058 1087//1087 1086//1086
f 1059//1059 1060//1060 1088//1088
f 1059//1059 1088//1088 1087//1087
f 1060//1060 1061//1061 1089//1089
f 1060//1060 1089//1089 1088//1088
f 1061//1061 1062//1062 1090//1090
f 1061//1061 1090//1090 1089//1089
f 1062//1062 1063//1063 1091//1091
f 1062//1062 1091//1091 1090//1090
f 1063//1063 1064//1064 1092//1092
f 1063//1063 1092//1092 1091//1091
f 1064//1064 1065//1065 1093//1093
f 1064//1064 1093//1093 1092//1092
f 1065//1065 1066//1066 1094//1094
f 1065//1065 1094//1094 1093//1093
f 1066//1066 1067//1067 1095//1095
f 1066//1066 1095//1095 1094//1094
f 1067//1067 1068//1068 1096//1096
f 1067//1067 1096//1096 1095//1095
f 1068//1068 1069//1069 1097//1097
f 1068//1068 1097//1097 1096//1096
f 1069//1069 1070//1070 1098//1098
f 1069//1069 1098//1098 1097//1097
f 1070//1070 1071//1071 1099//1099
f 1070//1070 1099//1099 1098//1098
f 1071//1071 1072//1072 1100//1100
f 1071//1071 1100//1100 1099//1099
f 1072//1072 1073//1073 1101//1101
f 1072//1072 1101//1101 1100//1100
f 1073//1073 1074//1074 1102//1102
f 1073//1073 1102//1102 1101//1101
f 1075//1075 1076//1076 1104//1104
f 1075//1075 1104//1104 1103//1103
f 1076//1076 1077//1077 1105//1105
f 1076//1076 1105//1105 1104//1104
f 1077//1077 1078//1078 1106//1106
f 1077//1077 1106//1106 1105//1105
f 1078//1078 1079//1079 1107//1107
f 1078//1078 1107//1107 1106//1106
f 1079//1079 1080//1080 1108//1108
f 1079//1079 1108//1108 1107//1107
f 1080//1080 1081//1081 1109//1109
f 1080//1080 1109//1109 1108//1108
f 1081//1081 1082//1082 1110//1110
f 1081//1081 1110//1110 1109//1109
f 1082//1082 1083//1083 1111//1111
f 1082//1082 1111//1111 1110//1110
f 1083//1083 1084//1084 1112//1112
f 1083//1083 1112//1112 1111//1111
f 1084//1084 1085//1085 1113//1113
f 1084//1084 1113//1113 1112//1112
f 1085//1085 1086//1086 1114//1114
f 1085//1085 1114//1114 1113//1113
f 1086//1086 1087//1087 1115//1115
f 1086//1086 1115//1115 1114//1114
f 1087//1087 1088//1088 1116//1116
f 1087//1087 1116//1116 1115//1115
f 1088//1088 1089//1089 1117//1117
f 1088//1088 1117//1117 1116//1116
f 1089//1089 1090//1090 1118//1118
f 1089//1089 1118//1118 1117//1117
f 1090//1090 1091//1091 1119//1119
f 1090//1090 1119//1119 1118//1118
f 1091//1091 1092//1092 1120//1120
f 1091//1091 1120//1120 1119//1119
f 1092//1092 1093//1093 1121//1121
f 1092//1092 1121//1121 1120//1120
f 1093//1093 1094//1094 1122//1122
f 1093//1093 1122//1122 1121//1121
f 1094//1094 1095//1095 1123//1123
f 1094//1094 1123//1123 1122//1122
f 1095//1095 1096//1096 1124//1124
f 1095//1095 1124//1124 1123//1123
f 1096//1096 1097//1097 1125//1125
f 1096//1096 1125//1125 1124//1124
f 1097//1097 1098//1098 1126//1126
f 1097//1097 1126//1126 1125//1125
f 1098//1098 1099//1099 1127//1127
f 1098//1098 1127//1127 1126//1126
f 1099//1099 1100//1100 1128//1128
f 1099//1099 1128//1128 1127//1127
f 1100//1100 1101//1101 1129//1129
f 1100//1100 1129//1129 1128//1128
f 1101//1101 1102//1102 1130//1130
f 1101//1101 1130//1130 1129//1129
f 1103//1103 1104//1104 1132//1132
f 1103//1103 1132//1132 1131//1131
f 1104//1104 1105//1105 1133//1133
f 1104//1104 1133//1133 1132//1132
f 1105//1105 1106//1106 1134//1134
f 1105//1105 1134//1134 1133//1133
f 1106//1106 1107//1107 1135//1135
f 1106//1106 1135//1135 1134//1134
f 1107//1107 1108//1108 1136//1136
f 1107//1107 1136//1136 1135//1135
f 1108//1108 1109//1109 1137//1137
f 1108//1108 1137//1137 1136//1136
f 1109//1109 1110//1110 1138//1138
f 1109//1109 1138//1138 1137//1137
f 1110//1110 1111//1111 1139//1139
f 1110//1110 1139//1139 1138//1138
f 1111//1111 1112//1112 1140//1140
f 1111//1111 1140//1140 1139//1139
f 1112//1112 1113//1113 1141//1141
f 1112//1112 1141//1141 1140//1140
f 1113//1113 1114//1114 1142//1142
f 1113//1113 1142//1142 1141//1141
f 1114//1114 1115//1115 1143//1143
f 1114//1114 1143//1143 1142//1142
f 1115//1115 1116//1116 1144//1144
f 1115//1115 1144//1144 1143//1143
f 1116//1116 1117//1117 1145//1145
f 1116//1116 1145//1145 1144//1144
f 1117//1117 1118//1118 1146//1146
f 1117//1117 1146//1146 1145//1145
f 1118//1118 1119//1119 1147//1147
f 1118//1118 1147//1147 1146//1146
f 1119//1119 1120//1120 1148//1148
f 1119//1119 1148//1148 1147//1147
f 1120//1120 1121//1121 1149//1149
f 1120//1120 1149//1149 1148//1148
f 1121//1121 1122//1122 1150//1150
f 1121//1121 1150//1150 1149//1149
f 1122//1122 1123//1123 1151//1151
f 1122//1122 1151//1151 1150//1150
f 1123//1123 1124//1124 1152//1152
f 1123//1123 1152//1152 1151//1151
f 1124//1124 1125//1125 1153//1153
f 1124//1124 1153//1153 1152//1152
f 1125//1125 1126//1126 1154//1154
f 1125//1125 1154//1154 1153//1153
f 1126//1126 1127//1127 1155//1155
f 1126//1126 1155//1155 1154//1154
f 1127//1127 1128//1128 1156//1156
f 1127//1127 1156//1156 1155//1155
f 1128//1128 1129//1129 1157//1157
f 1128//1128 1157//1157 1156//1156
f 1129//1129 1130//1130 1158//1158
f 1129//1129 1158//1158 1157//1157
f 1131//1131 1132//1132 1160//1160
f 1131//1131 1160//1160 1159//1159
f 1132//1132 1133//1133 1161//1161
f 1132//1132 1161//1161 1160//1160
f 1133//1133 1134//1134 1162//1162
f 1133//1133 1162//1162 1161//1161
f 1134//1134 1135//1135 1163//1163
f 1134//1134 1163//1163 1162//1162
f 1135//1135 1136//1136 1164//1164
f 1135//1135 1164//1164 1163//1163
f 1136//1136 1137//1137 1165//1165
f 1136//1136 1165//1165 1164//1164
f 1137//1137 1138//1138 1166//1166
f 1137//1137 1166//1166 1165//1165
f 1138//1138 1139//1139 1167//1167
f 1138//1138 1167//1167 1166//1166
f 1139//1139 1140//1140 1168//1168
f 1139//1139 1168//1168 1167//1167
f 1140//1140 1141//1141 1169//1169
f 1140//1140 1169//1169 1168//1168
f 1141//1141 1142//1142 1170//1170
f 1141//1141 1170//1170 1169//1169
f 1142//1142 1143//1143 1171//1171
f 1142//1142 1171//1171 1170//1170
f 1143//1143 1144//1144 1172//1172
f 1143//1143 1172//1172 1171//1171
f 1144//1144 1145//1145 1173//1173
f 1144//1144 1173//1173 1172//1172
f 1145//1145 1146//1146 1174//1174
f 1145//1145 1174//1174 1173//1173
f 1146//1146 1147//1147 1175//1175
f 1146//1146 1175//1175 1174//1174
f 1147//1147 1148//1148 1176//1176
f 1147//1147 1176//1176 1175//1175
f 1148//1148 1149//1149 1177//1177
f 1148//1148 1177//1177 1176//1176
f 1149//1149 1150//1150 1178//1178
f 1149//1149 1178//1178 1177//1177
f 1150//1150 1151//1151 1179//1179
f 1150//1150 1179//1179 1178//1178
f 1151//1151 1152//1152 1180//1180
f 1151//1151 1180//1180 1179//1179
f 1152//1152 1153//1153 1181//1181
f 1152//1152 1181//1181 1180//1180
f 1153//1153 1154//1154 1182//1182
f 1153//1153 1182//1182 1181//1181
f 1154//1154 1155//1155 1183//1183
f 1154//1154 1183//1183 1182//1182
f 1155//1155 1156//1156 1184//1184
f 1155//1155 1184//1184 1183//1183
f 1156//1156 1157//1157 1185//1185
f 1156//1156 1185//1185 1184//1184
f 1157//1157 1158//1158 1186//1186
f 1157//1157 1186//1186 1185//1185
f 1159//1159 1160//1160 1188//1188
f 1159//1159 1188//1188 1187//1187
f 1160//1160 1161//1161 1189//1189
f 1160//1160 1189//1189 1188//1188
f 1161//1161 1162//1162 1190//1190
f 1161//1161 1190//1190 1189//1189
f 1162//1162 1163//1163 1191//1191
f 1162//1162 1191//1191 1190//1190
f 1163//1163 1164//1164 1192//1192
f 1163//1163 1192//1192 1191//1191
f 1164//1164 1165//1165 1193//1193
f 1164//1164 1193//1193 1192//1192
f 1165//1165 1166//1166 1194//1194
f 1165//1165 1194//1194 1193//1193
f 1166//1166 1167//1167 1195//1195
f 1166//1166 1195//1195 1194//1194
f 1167//1167 1168//1168 1196//1196
f 1167//1167 1196//1196 1195//1195
f 1168//1168 1169//1169 1197//1197
f 1168//1168 1197//1197 1196//1196
f 1169//1169 1170//1170 1198//1198
f 1169//1169 1198//1198 1197//1197
f 1170//1170 1171//1171 1199//1199
f 1170//1170 1199//1199 1198//1198
f 1171//1171 1172//1172 1200//1200
f 1171//1171 1200//1200 1199//1199
f 1172//1172 1173//1173 1201//1201
f 1172//1172 1201//1201 1200//1200
f 1173//1173 1174//1174 1202//1202
f 1173//1173 1202//1202 1201//1201
f 1174//1174 1175//1175 1203//1203
f 1174//1174 1203//1203 1202//1202
f 1175//1175 1176//1176 1204//1204
f 1175//1175 1204//1204 1203//1203
f 1176//1176 1177//1177 1205//1205
f 1176//1176 1205//1205 1204//1204
f 1177//1177 1178//1178 1206//1206
f 1177//1177 1206//1206 1205//1205
f 1178//1178 1179//1179 1207//1207
f 1178//1178 1207//1207 1206//1206
f 1179//1179 1180//1180 1208//1208
f 1179//1179 1208//1208 1207//1207
f 1180//1180 1181//1181 1209//1209
f 1180//1180 1209//1209 1208//1208
f 1181//1181 1182//1182 1210//1210
f 1181//1181 1210//1210 1209//1209
f 1182//1182 1183//1183 1211//1211
f 1182//1182 1211//1211 1210//1210
f 1183//1183 1184//1184 1212//1212
f 1183//1183 1212//1212 1211//1211
f 1184//1184 1185//1185 1213//1213
f 1184//1184 1213//1213 1212//1212
f 1185//1185 1186//1186 1214//1214
f 1185//1185 1214//1214 1213//1213
f 1187//1187 1188//1188 1216//1216
f 1187//1187 1216//1216 1215//1215
f 1188//1188 1189//1189 1217//1217
f 1188//1188 1217//1217 1216//1216
f 1189//1189 1190//1190 1218//1218
f 1189//1189 1218//1218 1217//1217
f 1190//1190 1191//1191 1219//1219
f 1190//1190 1219//1219 1218//1218
f 1191//1191 1192//1192 1220//1220
f 1191//1191 1220//1220 1219//1219
f 1192//1192 1193//1193 1221//1221
f 1192//1192 1221//1221 1220//1220
f 1193//1193 1194//1194 1222//1222
f 1193//1193 1222//1222 1221//1221
f 1194//1194 1195//1195 1223//1223
f 1194//1194 1223//1223 1222//1222
f 1195//1195 1196//1196 1224//1224
f 1195//1195 1224//1224 1223//1223
f 1196//1196 1197//1197 1225//1225
f 1196//1196 1225//1225 1224//1224
f 1197//1197 1198//1198 1226//1226
f 1197//1197 1226//1226 1225//1225
f 1198//1198 1199//1199 1227//1227
f 1198//1198 1227//1227 1226//1226
f 1199//1199 1200//1200 1228//1228
f 1199//1199 1228//1228 1227//1227
f 1200//1200 1201//1201 1229//1229
f 1200//1200 1229//1229 1228//1228
f 1201//1201 1202//1202 1230//1230
f 1201//1201 1230//1230 1229//1229
f 1202//1202 1203//1203 1231//1231
f 1202//1202 1231//1231 1230//1230
f 1203//1203 1204//1204 1232//1232
f 1203//1203 1232//1232 1231//1231
f 1204//1204 1205//1205 1233//1233
f 1204//1204 1233//1233 1232//1232
f 1205//1205 1206//1206 1234//1234
f 1205//1205 1234//1234 1233//1233
f 1206//1206 1207//1207 1235//1235
f 1206//1206 1235//1235 1234//1234
f 1207//1207 1208//1208 1236//1236
f 1207//1207 1236//1236 1235//1235
f 1208//1208 1209//1209 1237//1237
f 1208//1208 1237//1237 1236//1236
f 1209//1209 1210//1210 1238//1238
f 1209//1209 1238//1238 1237//1237
f 1210//1210 1211//1211 1239//1239
f 1210//1210 1239//1239 1238//1238
f 1211//1211 1212//1212 1240//1240
f 1211//1211 1240//1240 1239//1239
f 1212//1212 1213//1213 1241//1241
f 1212//1212 1241//1241 1240//1240
f 1213//1213 1214//1214 1242//1242
f 1213//1213 1242//1242 1241//1241
f 1215//1215 1216//1216 1244//1244
f 1215//1215 1244//1244 1243//1243
f 1216//1216 1217//1217 1245//1245
f 1216//1216 1245//1245 1244//1244
f 1217//1217 1218//1218 1246//1246
f 1217//1217 1246//1246 1245//1245
f 1218//1218 1219//1219 1247//1247
f 1218//1218 1247//1247 1246//1246
f 1219//1219 1220//1220 1248//1248
f 1219//1219 1248//1248 1247//1247
f 1220//1220 1221//1221 1249//1249
f 1220//1220 1249//1249 1248//1248
f 1221//1221 1222//1222 1250//1250
f 1221//1221 1250//1250 1249//1249
f 1222//1222 1223//1223 1251//1251
f 1222//1222 1251//1251 1250//1250
f 1223//1223 1224//1224 1252//1252
f 1223//1223 1252//1252 1251//1251
f 1224//1224 1225//1225 1253//1253
f 1224//1224 1253//1253 1252//1252
f 1225//1225 1226//1226 1254//1254
f 1225//1225 1254//1254 1253//1253
f 1226//1226 1227//1227 1255//1255
f 1226//1226 1255//1255 1254//1254
f 1227//1227 1228//1228 1256//1256
f 1227//1227 1256//1256 1255//1255
f 1228//1228 1229//1229 1257//1257
f 1228//1228 1257//1257 1256//1256
f 1229//1229 1230//1230 1258//1258
f 1229//1229 1258//1258 1257//1257
f 1230//1230 1231//1231 1259//1259
f 1230//1230 1259//1259 1258//1258
f 1231//1231 1232//1232 1260//1260
f 1231//1231 1260//1260 1259//1259
f 1232//1232 1233//1233 1261//1261
f 1232//1232 1261//1261 1260//1260
f 1233//1233 1234//1234 1262//1262
f 1233//1233 1262//1262 1261//1261
f 1234//1234 1235//1235 1263//1263
f 1234//1234 1263//1263 1262//1262
f 1235//1235 1236//1236 1264//1264
f 1235//1235 1264//1264 1263//1263
f 1236//1236 1237//1237 1265//1265
f 1236//1236 1265//1265 1264//1264
f 1237//1237 1238//1238 1266//1266
f 1237//1237 1266//1266 1265//1265
f 1238//1238 1239//1239 1267//1267
f 1238//1238 1267//1267 1266//1266
f 1239//1239 1240//1240 1268//1268
f 1239//1239 1268//1268 1267//1267
f 1240//1240 1241//1241 1269//1269
f 1240//1240 1269//1269 1268//1268
f 1241//1241 1242//1242 1270//1270
f 1241//1241 1270//1270 1269//1269
f 1243//1243 1244//1244 1272//1272
f 1243//1243 1272//1272 1271//1271
f 1244//1244 1245//1245 1273//1273
f 1244//1244 1273//1273 1272//1272
f 1245//1245 1246//1246 1274//1274
f 1245//1245 1274//1274 1273//1273
f 1246//1246 1247//1247 1275//1275
f 1246//1246 1275//1275 1274//1274
f 1247//1247 1248//1248 1276//1276
f 1247//1247 1276//1276 1275//1275
f 1248//1248 1249//1249 1277//1277
f 1248//1248 1277//1277 1276//1276
f 1249//1249 1250//1250 1278//1278
f 1249//1249 1278//1278 1277//1277
f 1250//1250 1251//1251 1279//1279
f 1250//1250 1279//1279 1278//1278
f 1251//1251 1252//1252 1280//1280
f 1251//1251 1280//1280 1279//1279
f 1252//1252 1253//1253 1281//1281
f 1252//1252 1281//1281 1280//1280
f 1253//1253 1254//1254 1282//1282
f 1253//1253 1282//1282 1281//1281
f 1254//1254 1255//1255 1283//1283
f 1254//1254 1283//1283 1282//1282
f 1255//1255 1256//1256 1284//1284
f 1255//1255 1284//1284 1283//1283
f 1256//1256 1257//1257 1285//1285
f 1256//1256 1285//1285 1284//1284
f 1257//1257 1258//1258 1286//1286
f 1257//1257 1286//1286 1285//1285
f 1258//1258 1259//1259 1287//1287
f 1258//1258 1287//1287 1286//1286
f 1259//1259 1260//1260 1288//1288
f 1259//1259 1288//1288 1287//1287
f 1260//1260 1261//1261 1289//1289
f 1260//1260 1289//1289 1288//1288
f 1261//1261 1262//1262 1290//1290
f 1261//1261 1290//1290 1289//1289
f 1262//1262 1263//1263 1291//1291
f 1262//1262 1291//1291 1290//1290
f 1263//1263 1264//1264 1292//1292
f 1263//1263 1292//1292 1291//1291
f 1264//1264 1265//1265 1293//1293
f 1264//1264 1293//1293 1292//1292
f 1265//1265 1266//1266 1294//1294
f 1265//1265 1294//1294 1293//1293
f 1266//1266 1267//1267 1295//1295
f 1266//1266 1295//1295 1294//1294
f 1267//1267 1268//1268 1296//1296
f 1267//1267 1296//1296 1295//1295
f 1268//1268 1269//1269 1297//1297
f 1268//1268 1297//1297 1296//1296
f 1269//1269 1270//1270 1298//1298
f 1269//1269 1298//1298 1297//1297
f 1271//1271 1272//1272 1300//1300
f 1271//1271 1300//1300 1299//1299
f 1272//1272 1273//1273 1301//1301
f 1272//1272 1301//1301 1300//1300
f 1273//1273 1274//1274 1302//1302
f 1273//1273 1302//1302 1301//1301
f 1274//1274 1275//1275 1303//1303
f 1274//1274 1303//1303 1302//1302
f 1275//1275 1276//1276 1304//1304
f 1275//1275 1304//1304 1303//1303
f 1276//1276 1277//1277 1305//1305
f 1276//1276 1305//1305 1304//1304
f 1277//1277 1278//1278 1306//1306
f 1277//1277 1306//1306 1305//1305
f 1278//1278 1279//1279 1307//1307
f 1278//1278 1307//1307 1306//1306
f 1279//1279 1280//1280 1308//1308
f 1279//1279 1308//1308 1307//1307
f 1280//1280 1281//1281 1309//1309
f 1280//1280 1309//1309 1308//1308
f 1281//1281 1282//1282 1310//1310
f 1281//1281 1310//1310 1309//1309
f 1282//1282 1283//1283 1311//1311
f 1282//1282 1311//1311 1310//1310
f 1283//1283 1284//1284 1312//1312
f 1283//1283 1312//1312 1311//1311
f 1284//1284 1285//1285 1313//1313
f 1284//1284 1313//1313 1312//1312
f 1285//1285 1286//1286 1314//1314
f 1285//1285 1314//1314 1313//1313
f 1286//1286 1287//1287 1315//1315
f 1286//1286 1315//1315 1314//1314
f 1287//1287 1288//1288 1316//1316
f 1287//1287 1316//1316 1315//1315
f 1288//1288 1289//1289 1317//1317
f 1288//1288 1317//1317 1316//1316
f 1289//1289 1290//1290 1318//1318
f 1289//1289 1318//1318 1317//1317
f 1290//1290 1291//1291 1319//1319
f 1290//1290 1319//1319 1318//1318
f 1291//1291 1292//1292 1320//1320
f 1291//1291 1320//1320 1319//1319
f 1292//1292 1293//1293 1321//1321
f 1292//1292 1321//1321 1320//1320
f 1293//1293 1294//1294 1322//1322
f 1293//1293 1322//1322 1321//1321
f 1294//1294 1295//1295 1323//1323
f 1294//1294 1323//1323 1322//1322
f 1295//1295 1296//1296 1324//1324
f 1295//1295 1324//1324 1323//1323
f 1296//1296 1297//1297 1325//1325
f 1296//1296 1325//1325 1324//1324
f 1297//1297 1298//1298 1326//1326
f 1297//1297 1326//1326 1325//1325
f 1299//1299 1300//1300 1328//1328
f 1299//1299 1328//1328 1327//1327
f 1300//1300 1301//1301 1329//1329
f 1300//1300 1329//1329 1328//1328
f 1301//1301 1302//1302 1330//1330
f 1301//1301 1330//1330 1329//1329
f 1302//1302 1303//1303 1331//1331
f 1302//1302 1331//1331 1330//1330
f 1303//1303 1304//1304 1332//1332
f 1303//1303 1332//1332 1331//1331
f 1304//1304 1305//1305 1333//1333
f 1304//1304 1333//1333 1332//1332
f 1305//1305 1306//1306 1334//1334
f 1305//1305 1334//1334 1333//1333
f 1306//1306 1307//1307 1335//1335
f 1306//1306 1335//1335 1334//1334
f 1307//1307 1308//1308 1336//1336
f 1307//1307 1336//1336 1335//1335
f 1308//1308 1309//1309 1337//1337
f 1308//1308 1337//1337 1336//1336
f 1309//1309 1310//1310 1338//1338
f 1309//1309 1338//1338 1337//1337
f 1310//1310 1311//1311 1339//1339
f 1310//1310 1339//1339 1338//1338
f 1311//1311 1312//1312 1340//1340
f 1311//1311 1340//1340 1339//1339
f 1312//1312 1313//1313 1341//1341
f 1312//1312 1341//1341 1340//1340
f 1313//1313 1314//1314 1342//1342
f 1313//1313 1342//1342 1341//1341
f 1314//1314 1315//1315 1343//1343
f 1314//1314 1343//1343 1342//1342
f 1315//1315 1316//1316 1344//1344
f 1315//1315 1344//1344 1343//1343
f 1316//1316 1317//1317 1345//1345
f 1316//1316 1345//1345 1344//1344
f 1317//1317 1318//1318 1346//1346
f 1317//1317 1346//1346 1345//1345
f 1318//1318 1319//1319 1347//1347
f 1318//1318 1347//1347 1346//1346
f 1319//1319 1320//1320 1348//1348
f 1319//1319 1348//1348 1347//1347
f 1320//1320 1321//1321 1349//1349
f 1320//1320 1349//1349 1348//1348
f 1321//1321 1322//1322 1350//1350
f 1321//1321 1350//1350 1349//1349
f 1322//1322 1323//1323 1351//1351
f 1322//1322 1351//1351 1350//1350
f 1323//1323 1324//1324 1352//1352
f 1323//1323 1352//1352 1351//1351
f 1324//1324 1325//1325 1353//1353
f 1324//1324 1353//1353 1352//1352
f 1325//1325 1326//1326 1354//1354
f 1325//1325 1354//1354 1353//1353
f 1327//1327 1328//1328 1356//1356
f 1327//1327 1356//1356 1355//1355
f 1328//1328 1329//1329 1357//1357
f 1328//1328 1357//1357 1356//1356
f 1329//1329 1330//1330 1358//1358
f 1329//1329 1358//1358 1357//1357
f 1330//1330 1331//1331 1359//1359
f 1330//1330 1359//1359 1358//1358
f 1331//1331 1332//1332 1360//1360
f 1331//1331 1360//1360 1359//1359
f 1332//1332 1333//1333 1361//1361
f 1332//1332 1361//1361 1360//1360
f 1333//1333 1334//1334 1362//1362
f 1333//1333 1362//1362 1361//1361
f 1334//1334 1335//1335 1363//1363
f 1334//1334 1363//1363 1362//1362
f 1335//1335 1336//1336 1364//1364
f 1335//1335 1364//1364 1363//1363
f 1336//1336 1337//1337 1365//1365
f 1336//1336 1365//1365 1364//1364
f 1337//1337 1338//1338 1366//1366
f 1337//1337 1366//1366 1365//1365
f 1338//1338 1339//1339 1367//1367
f 1338//1338 1367//1367 1366//1366
f 1339//1339 1340//1340 1368//1368
f 1339//1339 1368//1368 1367//1367
f 1340//1340 1341//1341 1369//1369
f 1340//1340 1369//1369 1368//1368
f 1341//1341 1342//1342 1370//1370
f 1341//1341 1370//1370 1369//1369
f 1342//1342 1343//1343 1371//1371
f 1342//1342 1371//1371 1370//1370
f 1343//1343 1344//1344 1372//1372
f 1343//1343 1372//1372 1371//1371
f 1344//1344 1345//1345 1373//1373
f 1344//1344 1373//1373 1372//1372
f 1345//1345 1346//1346 1374//1374
f 1345//1345 1374//1374 1373//1373
f 1346//1346 1347//1347 1375//1375
f 1346//1346 1375//1375 1374//1374
f 1347//1347 1348//1348 1376//1376
f 1347//1347 1376//1376 1375//1375
f 1348//1348 1349//1349 1377//1377
f 1348//1348 1377//1377 1376//1376
f 1349//1349 1350//1350 1378//1378
f 1349//1349 1378//1378 1377//1377
f 1350//1350 1351//1351 1379//1379
f 1350//1350 1379//1379 1378//1378
f 1351//1351 1352//1352 1380//1380
f 1351//1351 1380//1380 1379//1379
f 1352//1352 1353//1353 1381//1381
f 1352//1352 1381//1381 1380//1380
f 1353//1353 1354//1354 1382//1382
f 1353//1353 1382//1382 1381//1381
f 1355//1355 1356//1356 1384//1384
f 1355//1355 1384//1384 1383//1383
f 1356//1356 1357//1357 1385//1385
f 1356//1356 1385//1385 1384//1384
f 1357//1357 1358//1358 1386//1386
f 1357//1357 1386//1386 1385//1385
f 1358//1358 1359//1359 1387//1387
f 1358//1358 1387//1387 1386//1386
f 1359//1359 1360//1360 1388//1388
f 1359//1359 1388//1388 1387//1387
f 1360//1360 1361//1361 1389//1389
f 1360//1360 1389//1389 1388//1388
f 1361//1361 1362//1362 1390//1390
f 1361//1361 1390//1390 1389//1389
f 1362//1362 1363//1363 1391//1391
f 1362//1362 1391//1391 1390//1390
f 1363//1363 1364//1364 1392//1392
f 1363//1363 1392//1392 1391//1391
f 1364//1364 1365//1365 1393//1393
f 1364//1364 1393//1393 1392//1392
f 1365//1365 1366//1366 1394//1394
f 1365//1365 1394//1394 1393//1393
f 1366//1366 1367//1367 1395//1395
f 1366//1366 1395//1395 1394//1394
f 1367//1367 1368//1368 1396//1396
f 1367//1367 1396//1396 1395//1395
f 1368//1368 1369//1369 1397//1397
f 1368//1368 1397//1397 1396//1396
f 1369//1369 1370//1370 1398//1398
f 1369//1369 1398//1398 1397//1397
f 1370//1370 1371//1371 1399//1399
f 1370//1370 1399//1399 1398//1398
f 1371//1371 1372//1372 1400//1400
f 1371//1371 1400//1400 1399//1399
f 1372//1372 1373//1373 1401//1401
f 1372//1372 1401//1401 1400//1400
f 1373//1373 1374//1374 1402//1402
f 1373//1373 1402//1402 1401//1401
f 1374//1374 1375//1375 1403//1403
f 1374//1374 1403//1403 1402//1402
f 1375//1375 1376//1376 1404//1404
f 1375//1375 1404//1404 1403//1403
f 1376//1376 1377//1377 1405//1405
f 1376//1376 1405//1405 1404//1404
f 1377//1377 1378//1378 1406//1406
f 1377//1377 1406//1406 1405//1405
f 1378//1378 1379//1379 1407//1407
f 1378//1378 1407//1407 1406//1406
f 1379//1379 1380//1380 1408//1408
f 1379//1379 1408//1408 1407//1407
f 1380//1380 1381//1381 1409//1409
f 1380//1380 1409//1409 1408//1408
f 1381//1381 1382//1382 1410//1410
f 1381//1381 1410//1410 1409//1409
f 1383//1383 1384//1384 1412//1412
f 1383//1383 1412//1412 1411//1411
f 1384//1384 1385//1385 1413//1413
f 1384//1384 1413//1413 1412//1412
f 1385//1385 1386//1386 1414//1414
f 1385//1385 1414//1414 1413//1413
f 1386//1386 1387//1387 1415//1415
f 1386//1386 1415//1415 1414//1414
f 1387//1387 1388//1388 1416//1416
f 1387//1387 1416//1416 1415//1415
f 1388//1388 1389//1389 1417//1417
f 1388//1388 1417//1417 1416//1416
f 1389//1389 1390//1390 1418//1418
f 1389//1389 1418//1418 1417//1417
f 1390//1390 1391//1391 1419//1419
f 1390//1390 1419//1419 1418//1418
f 1391//1391 1392//1392 1420//1420
f 1391//1391 1420//1420 1419//1419
f 1392//1392 1393//1393 1421//1421
f 1392//1392 1421//1421 1420//1420
f 1393//1393 1394//1394 1422//1422
f 1393//1393 1422//1422 1421//1421
f 1394//1394 1395//1395 1423//1423
f 1394//1394 1423//1423 1422//1422
f 1395//1395 1396//1396 1424//1424
f 1395//1395 1424//1424 1423//1423
f 1396//1396 1397//1397 1425//1425
f 1396//1396 1425//1425 1424//1424
f 1397//1397 1398//1398 1426//1426
f 1397//1397 1426//1426 1425//1425
f 1398//1398 1399//1399 1427//1427
f 1398//1398 1427//1427 1426//1426
f 1399//1399 1400//1400 1428//1428
f 1399//1399 1428//1428 1427//1427
f 1400//1400 1401//1401 1429//1429
f 1400//1400 1429//1429 1428//1428
f 1401//1401 1402//1402 1430//1430
f 1401//1401 1430//1430 1429//1429
f 1402//1402 1403//1403 1431//1431
f 1402//1402 1431//1431 1430//1430
f 1403//1403 1404//1404 1432//1432
f 1403//1403 1432//1432 1431//1431
f 1404//1404 1405//1405 1433//1433
f 1404//1404 1433//1433 1432//1432
f 1405//1405 1406//1406 1434//1434
f 1405//1405 1434//1434 1433//1433
f 1406//1406 1407//1407 1435//1435
f 1406//1406 1435//1435 1434//1434
f 1407//1407 1408//1408 1436//1436
f 1407//1407 1436//1436 1435//1435
f 1408//1408 1409//1409 1437//1437
f 1408//1408 1437//1437 1436//1436
f 1409//1409 1410//1410 1438//1438
f 1409//1409 1438//1438 1437//1437
f 1411//1411 1412//1412 1440//1440
f 1411//1411 1440//1440 1439//1439
f 1412//1412 1413//1413 1441//1441
f 1412//1412 1441//1441 1440//1440
f 1413//1413 1414//1414 1442//1442
f 1413//1413 1442//1442 1441//1441
f 1414//1414 1415//1415 1443//1443
f 1414//1414 1443//1443 1442//1442
f 1415//1415 1416//1416 1444//1444
f 1415//1415 1444//1444 1443//1443
f 1416//1416 1417//1417 1445//1445
f 1416//1416 1445//1445 1444//1444
f 1417//1417 1418//1418 1446//1446
f 1417//1417 1446//1446 1445//1445
f 1418//1418 1419//1419 1447//1447
f 1418//1418 1447//1447 1446//1446
f 1419//1419 1420//1420 1448//1448
f 1419//1419 1448//1448 1447//1447
f 1420//1420 1421//1421 1449//1449
f 1420//1420 1449//1449 1448//1448
f 1421//1421 1422//1422 1450//1450
f 1421//1421 1450//1450 1449//1449
f 1422//1422 1423//1423 1451//1451
f 1422//1422 1451//1451 1450//1450
f 1423//1423 1424//1424 1452//1452
f 1423//1423 1452//1452 1451//1451
f 1424//1424 1425//1425 1453//1453
f 1424//1424 1453//1453 1452//1452
f 1425//1425 1426//1426 1454//1454
f 1425//1425 1454//1454 1453//1453
f 1426//1426 1427//1427 1455//1455
f 1426//1426 1455//1455 1454//1454
f 1427//1427 1428//1428 1456//1456
f 1427//1427 1456//1456 1455//1455
f 1428//1428 1429//1429 1457//1457
f 1428//1428 1457//1457 1456//1456
f 1429//1429 1430//1430 1458//1458
f 1429//1429 1458//1458 1457//1457
f 1430//1430 1431//1431 1459//1459
f 1430//1430 1459//1459 1458//1458
f 1431//1431 1432//1432 1460//1460
f 1431//1431 1460//1460 1459//1459
f 1432//1432 1433//1433 1461//1461
f 1432//1432 1461//1461 1460//1460
f 1433//1433 1434//1434 1462//1462
f 1433//1433 1462//1462 1461//1461
f 1434//1434 1435//1435 1463//1463
f 1434//1434 1463//1463 1462//1462
f 1435//1435 1436//1436 1464//1464
f 1435//1435 1464//1464 1463//1463
f 1436//1436 1437//1437 1465//1465
f 1436//1436 1465//1465 1464//1464
f 1437//1437 1438//1438 1466//1466
f 1437//1437 1466//1466 1465//1465
f 1439//1439 1440//1440 1468//1468
f 1439//1439 1468//1468 1467//1467
f 1440//1440 1441//1441 1469//1469
f 1440//1440 1469//1469 1468//1468
f 1441//1441 1442//1442 1470//1470
f 1441//1441 1470//1470 1469//1469
f 1442//1442 1443//1443 1471//1471
f 1442//1442 1471//1471 1470//1470
f 1443//1443 1444//1444 1472//1472
f 1443//1443 1472//1472 1471//1471
f 1444//1444 1445//1445 1473//1473
f 1444//1444 1473//1473 1472//1472
f 1445//1445 1446//1446 1474//1474
f 1445//1445 1474//1474 1473//1473
f 1446//1446 1447//1447 1475//1475
f 1446//1446 1475//1475 1474//1474
f 1447//1447 1448//1448 1476//1476
f 1447//1447 1476//1476 1475//1475
f 1448//1448 1449//1449 1477//1477
f 1448//1448 1477//1477 1476//1476
f 1449//1449 1450//1450 1478//1478
f 1449//1449 1478//1478 1477//1477
f 1450//1450 1451//1451 1479//1479
f 1450//1450 1479//1479 1478//1478
f 1451//1451 1452//1452 1480//1480
f 1451//1451 1480//1480 1479//1479
f 1452//1452 1453//1453 1481//1481
f 1452//1452 1481//1481 1480//1480
f 1453//1453 1454//1454 1482//1482
f 1453//1453 1482//1482 1481//1481
f 1454//1454 1455//1455 1483//1483
f 1454//1454 1483//1483 1482//1482
f 1455//1455 1456//1456 1484//1484
f 1455//1455 1484//1484 1483//1483
f 1456//1456 1457//1457 1485//1485
f 1456//1456 1485//1485 1484//1484
f 1457//1457 1458//1458 1486//1486
f 1457//1457 1486//1486 1485//1485
f 1458//1458 1459//1459 1487//1487
f 1458//1458 1487//1487 1486//1486
f 1459//1459 1460//1460 1488//1488
f 1459//1459 1488//1488 1487//1487
f 1460//1460 1461//1461 1489//1489
f 1460//1460 1489//1489 1488//1488
f 1461//1461 1462//1462 1490//1490
f 1461//1461 1490//1490 1489//1489
f 1462//1462 1463//1463 1491//1491
f 1462//1462 1491//1491 1490//1490
f 1463//1463 1464//1464 1492//1492
f 1463//1463 1492//1492 1491//1491
f 1464//1464 1465//1465 1493//1493
f 1464//1464 1493//1493 1492//1492
f 1465//1465 1466//1466 1494//1494
f 1465//1465 1494//1494 1493//1493
f 1467//1467 1468//1468 1496//1496
f 1467//1467 1496//1496 1495//1495
f 1468//1468 1469//1469 1497//1497
f 1468//1468 1497//1497 1496//1496
f 1469//1469 1470//1470 1498//1498
f 1469//1469 1498//1498 1497//1497
f 1470//1470 1471//1471 1499//1499
f 1470//1470 1499//1499 1498//1498
f 1471//1471 1472//1472 1500//1500
f 1471//1471 1500//1500 1499//1499
f 1472//1472 1473//1473 1501//1501
f 1472//1472 1501//1501 1500//1500
f 1473//1473 1474//1474 1502//1502
f 1473//1473 1502//1502 1501//1501
f 1474//1474 1475//1475 1503//1503
f 1474//1474 1503//1503 1502//1502
f 1475//1475 1476//1476 1504//1504
f 1475//1475 1504//1504 1503//1503
f 1476//1476 1477//1477 1505//1505
f 1476//1476 1505//1505 1504//1504
f 1477//1477 1478//1478 1506//1506
f 1477//1477 1506//1506 1505//1505
f 1478//1478 1479//1479 1507//1507
f 1478//1478 1507//1507 1506//1506
f 1479//1479 1480//1480 1508//1508
f 1479//1479 1508//1508 1507//1507
f 1480//1480 1481//1481 1509//1509
f 1480//1480 1509//1509 1508//1508
f 1481//1481 1482//1482 1510//1510
f 1481//1481 1510//1510 1509//1509
f 1482//1482 1483//1483 1511//1511
f 1482//1482 1511//1511 1510//1510
f 1483//1483 1484//1484 1512//1512
f 1483//1483 1512//1512 1511//1511
f 1484//1484 1485//1485 1513//1513
f 1484//1484 1513//1513 1512//1512
f 1485//1485 1486//1486 1514//1514
f 1485//1485 1514//1514 1513//1513
f 1486//1486 1487//1487 1515//1515
f 1486//1486 1515//1515 1514//1514
f 1487//1487 1488//1488 1516//1516
f 1487//1487 1516//1516 1515//1515
f 1488//1488 1489//1489 1517//1517
f 1488//1488 1517//1517 1516//1516
f 1489//1489 1490//1490 1518//1518
f 1489//1489 1518//1518 1517//1517
f 1490//1490 1491//1491 1519//1519
f 1490//1490 1519//1519 1518//1518
f 1491//1491 1492//1492 1520//1520
f 1491//1491 1520//1520 1519//1519
f 1492//1492 1493//1493 1521//1521
f 1492//1492 1521//1521 1520//1520
f 1493//1493 1494//1494 1522//1522
f 1493//1493 1522//1522 1521//1521
f 1495//1495 1496//1496 1524//1524
f 1495//1495 1524//1524 1523//1523
f 1496//1496 1497//1497 1525//1525
f 1496//1496 1525//1525 1524//1524
f 1497//1497 1498//1498 1526//1526
f 1497//1497 1526//1526 1525//1525
f 1498//1498 1499//1499 1527//1527
f 1498//1498 1527//1527 1526//1526
f 1499//1499 1500//1500 1528//1528
f 1499//1499 1528//1528 1527//1527
f 1500//1500 1501//1501 1529//1529
f 1500//1500 1529//1529 1528//1528
f 1501//1501 1502//1502 1530//1530
f 1501//1501 1530//1530 1529//1529
f 1502//1502 1503//1503 1531//1531
f 1502//1502 1531//1531 1530//1530
f 1503//1503 1504//1504 1532//1532
f 1503//1503 1532//1532 1531//1531
f 1504//1504 1505//1505 1533//1533
f 1504//1504 1533//1533 1532//1532
f 1505//1505 1506//1506 1534//1534
f 1505//1505 1534//1534 1533//1533
f 1506//1506 1507//1507 1535//1535
f 1506//1506 1535//1535 1534//1534
f 1507//1507 1508//1508 1536//1536
f 1507//1507 1536//1536 1535//1535
f 1508//1508 1509//1509 1537//1537
f 1508//1508 1537//1537 1536//1536
f 1509//1509 1510//1510 1538//1538
f 1509//1509 1538//1538 1537//1537
f 1510//1510 1511//1511 1539//1539
f 1510//1510 1539//1539 1538//1538
f 1511//1511 1512//1512 1540//1540
f 1511//1511 1540//1540 1539//1539
f 1512//1512 1513//1513 1541//1541
f 1512//1512 1541//1541 1540//1540
f 1513//1513 1514//1514 1542//1542
f 1513//1513 1542//1542 1541//1541
f 1514//1514 1515//1515 1543//1543
f 1514//1514 1543//1543 1542//1542
f 1515//1515 1516//1516 1544//1544
f 1515//1515 1544//1544 1543//1543
f 1516//1516 1517//1517 1545//1545
f 1516//1516 1545//1545 1544//1544
f 1517//1517 1518//1518 1546//1546
f 1517//1517 1546//1546 1545//1545
f 1518//1518 1519//1519 1547//1547
f 1518//1518 1547//1547 1546//1546
f 1519//1519 1520//1520 1548//1548
f 1519//1519 1548//1548 1547//1547
f 1520//1520 1521//1521 1549//1549
f 1520//1520 1549//1549 1548//1548
f 1521//1521 1522//1522 1550//1550
f 1521//1521 1550//1550 1549//1549
f 1523//1523 1524//1524 1552//1552
f 1523//1523 1552//1552 1551//1551
f 1524//1524 1525//1525 1553//1553
f 1524//1524 1553//1553 1552//1552
f 1525//1525 1526//1526 1554//1554
f 1525//1525 1554//1554 1553//1553
f 1526//1526 1527//1527 1555//1555
f 1526//1526 1555//1555 1554//1554
f 1527//1527 1528//1528 1556//1556
f 1527//1527 1556//1556 1555//1555
f 1528//1528 1529//1529 1557//1557
f 1528//1528 1557//1557 1556//1556
f 1529//1529 1530//1530 1558//1558
f 1529//1529 1558//1558 1557//1557
f 1530//1530 1531//1531 1559//1559
f 1530//1530 1559//1559 1558//1558
f 1531//1531 1532//1532 1560//1560
f 1531//1531 1560//1560 1559//1559
f 1532//1532 1533//1533 1561//1561
f 1532//1532 1561//1561 1560//1560
f 1533//1533 1534//1534 1562//1562
f 1533//1533 1562//1562 1561//1561
f 1534//1534 1535//1535 1563//1563
f 1534//1534 1563//1563 1562//1562
f 1535//1535 1536//1536 1564//1564
f 1535//1535 1564//1564 1563//1563
f 1536//1536 1537//1537 1565//1565
f 1536//1536 1565//1565 1564//1564
f 1537//1537 1538//1538 1566//1566
f 1537//1537 1566//1566 1565//1565
f 1538//1538 1539//1539 1567//1567
f 1538//1538 1567//1567 1566//1566
f 1539//1539 1540//1540 1568//1568
f 1539//1539 1568//1568 1567//1567
f 1540//1540 1541//1541 1569//1569
f 1540//1540 1569//1569 1568//1568
f 1541//1541 1542//1542 1570//1570
f 1541//1541 1570//1570 1569//1569
f 1542//1542 1543//1543 1571//1571
f 1542//1542 1571//1571 1570//1570
f 1543//1543 1544//1544 1572//1572
f 1543//1543 1572//1572 1571//1571
f 1544//1544 1545//1545 1573//1573
f 1544//1544 1573//1573 1572//1572
f 1545//1545 1546//1546 1574//1574
f 1545//1545 1574//1574 1573//1573
f 1546//1546 1547//1547 1575//1575
f 1546//1546 1575//1575 1574//1574
f 1547//1547 1548//1548 1576//1576
f 1547//1547 1576//1576 1575//1575
f 1548//1548 1549//1549 1577//1577
f 1548//1548 1577//1577 1576//1576
f 1549//1549 1550//1550 1578//1578
f 1549//1549 1578//1578 1577//1577
f 1551//1551 1552//1552 1580//1580
f 1551//1551 1580//1580 1579//1579
f 1552//1552 1553//1553 1581//1581
f 1552//1552 1581//1581 1580//1580
f 1553//1553 1554//1554 1582//1582
f 1553//1553 1582//1582 1581//1581
f 1554//1554 1555//1555 1583//1583
f 1554//1554 1583//1583 1582//1582
f 1555//1555 1556//1556 1584//1584
f 1555//1555 1584//1584 1583//1583
f 1556//1556 1557//1557 1585//1585
f 1556//1556 1585//1585 1584//1584
f 1557//1557 1558//1558 1586//1586
f 1557//1557 1586//1586 1585//1585
f 1558//1558 1559//1559 1587//1587
f 1558//1558 1587//1587 1586//1586
f 1559//1559 1560//1560 1588//1588
f 1559//1559 1588//1588 1587//1587
f 1560//1560 1561//1561 1589//1589
f 1560//1560 1589//1589 1588//1588
f 1561//1561 1562//1562 1590//1590
f 1561//1561 1590//1590 1589//1589
f 1562//1562 1563//1563 1591//1591
f 1562//1562 1591//1591 1590//1590
f 1563//1563 1564//1564 1592//1592
f 1563//1563 1592//1592 1591//1591
f 1564//1564 1565//1565 1593//1593
f 1564//1564 1593//1593 1592//1592
f 1565//1565 1566//1566 1594//1594
f 1565//1565 1594//1594 1593//1593
f 1566//1566 1567//1567 1595//1595
f 1566//1566 1595//1595 1594//1594
f 1567//1567 1568//1568 1596//1596
f 1567//1567 1596//1596 1595//1595
f 1568//1568 1569//1569 1597//1597
f 1568//1568 1597//1597 1596//1596
f 1569//1569 1570//1570 1598//1598
f 1569//1569 1598//1598 1597//1597
f 1570//1570 1571//1571 1599//1599
f 1570//1570 1599//1599 1598//1598
f 1571//1571 1572//1572 1600//1600
f 1571//1571 1600//1600 1599//1599
f 1572//1572 1573//1573 1601//1601
f 1572//1572 1601//1601 1600//1600
f 1573//1573 1574//1574 1602//1602
f 1573//1573 1602//1602 1601//1601
f 1574//1574 1575//1575 1603//1603
f 1574//1574 1603//1603 1602//1602
f 1575//1575 1576//1576 1604//1604
f 1575//1575 1604//1604 1603//1603
f 1576//1576 1577//1577 1605//1605
f 1576//1576 1605//1605 1604//1604
f 1577//1577 1578//1578 1606//1606
f 1577//1577 1606//1606 1605//1605
f 1579//1579 1580//1580 1608//1608
f 1579//1579 1608//1608 1607//1607
f 1580//1580 1581//1581 1609//1609
f 1580//1580 1609//1609 1608//1608
f 1581//1581 1582//1582 1610//1610
f 1581//1581 1610//1610 1609//1609
f 1582//1582 1583//1583 1611//1611
f 1582//1582 1611//1611 1610//1610
f 1583//1583 1584//1584 1612//1612
f 1583//1583 1612//1612 1611//1611
f 1584//1584 1585//1585 1613//1613
f 1584//1584 1613//1613 1612//1612
f 1585//1585 1586//1586 1614//1614
f 1585//1585 1614//1614 1613//1613
f 1586//1586 1587//1587 1615//1615
f 1586//1586 1615//1615 1614//1614
f 1587//1587 1588//1588 1616//1616
f 1587//1587 1616//1616 1615//1615
f 1588//1588 1589//1589 1617//1617
f 1588//1588 1617//1617 1616//1616
f 1589//1589 1590//1590 1618//1618
f 1589//1589 1618//1618 1617//1617
f 1590//1590 1591//1591 1619//1619
f 1590//1590 1619//1619 1618//1618
f 1591//1591 1592//1592 1620//1620
f 1591//1591 1620//1620 1619//1619
f 1592//1592 1593//1593 1621//1621
f 1592//1592 1621//1621 1620//1620
f 1593//1593 1594//1594 1622//1622
f 1593//1593 1622//1622 1621//1621
f 1594//1594 1595//1595 1623//1623
f 1594//1594 1623//1623 1622//1622
f 1595//1595 1596//1596 1624//1624
f 1595//1595 1624//1624 1623//1623
f 1596//1596 1597//1597 1625//1625
f 1596//1596 1625//1625 1624//1624
f 1597//1597 1598//1598 1626//1626
f 1597//1597 1626//1626 1625//1625
f 1598//1598 1599//1599 1627//1627
f 1598//1598 1627//1627 1626//1626
f 1599//1599 1600//1600 1628//1628
f 1599//1599 1628//1628 1627//1627
f 1600//1600 1601//1601 1629//1629
f 1600//1600 1629//1629 1628//1628
f 1601//1601 1602//1602 1630//1630
f 1601//1601 1630//1630 1629//1629
f 1602//1602 1603//1603 1631//1631
f 1602//1602 1631//1631 1630//1630
f 1603//1603 1604//1604 1632//1632
f 1603//1603 1632//1632 1631//1631
f 1604//1604 1605//1605 1633//1633
f 1604//1604 1633//1633 1632//1632
f 1605//1605 1606//1606 1634//1634
f 1605//1605 1634//1634 1633//1633
f 1607//1607 1608//1608 1636//1636
f 1607//1607 1636//1636 1635//1635
f 1608//1608 1609//1609 1637//1637
f 1608//1608 1637//1637 1636//1636
f 1609//1609 1610//1610 1638//1638
f 1609//1609 1638//1638 1637//1637
f 1610//1610 1611//1611 1639//1639
f 1610//1610 1639//1639 1638//1638
f 1611//1611 1612//1612 1640//1640
f 1611//1611 1640//1640 1639//1639
f 1612//1612 1613//1613 1641//1641
f 1612//1612 1641//1641 1640//1640
f 1613//1613 1614//1614 1642//1642
f 1613//1613 1642//1642 1641//1641
f 1614//1614 1615//1615 1643//1643
f 1614//1614 1643//1643 1642//1642
f 1615//1615 1616//1616 1644//1644
f 1615//1615 1644//1644 1643//1643
f 1616//1616 1617//1617 1645//1645
f 1616//1616 1645//1645 1644//1644
f 1617//1617 1618//1618 1646//1646
f 1617//1617 1646//1646 1645//1645
f 1618//1618 1619//1619 1647//1647
f 1618//1618 1647//1647 1646//1646
f 1619//1619 1620//1620 1648//1648
f 1619//1619 1648//1648 1647//1647
f 1620//1620 1621//1621 1649//1649
f 1620//1620 1649//1649 1648//1648
f 1621//1621 1622//1622 1650//1650
f 1621//1621 1650//1650 1649//1649
f 1622//1622 1623//1623 1651//1651
f 1622//1622 1651//1651 1650//1650
f 1623//1623 1624//1624 1652//1652
f 1623//1623 1652//1652 1651//1651
f 1624//1624 1625//1625 1653//1653
f 1624//1624 1653//1653 1652//1652
f 1625//1625 1626//1626 1654//1654
f 1625//1625 1654//1654 1653//1653
f 1626//1626 1627//1627 1655//1655
f 1626//1626 1655//1655 1654//1654
f 1627//1627 1628//1628 1656//1656
f 1627//1627 1656//1656 1655//1655
f 1628//1628 1629//1629 1657//1657
f 1628//1628 1657//1657 1656//1656
f 1629//1629 1630//1630 1658//1658
f 1629//1629 1658//1658 1657//1657
f 1630//1630 1631//1631 1659//1659
f 1630//1630 1659//1659 1658//1658
f 1631//1631 1632//1632 1660//1660
f 1631//1631 1660//1660 1659//1659
f 1632//1632 1633//1633 1661//1661
f 1632//1632 1661//1661 1660//1660
f 1633//1633 1634//1634 1662//1662
f 1633//1633 1662//1662 1661//1661
f 1635//1635 1636//1636 1664//1664
f 1635//1635 1664//1664 1663//1663
f 1636//1636 1637//1637 1665//1665
f 1636//1636 1665//1665 1664//1664
f 1637//1637 1638//1638 1666//1666
f 1637//1637 1666//1666 1665//1665
f 1638//1638 1639//1639 1667//1667
f 1638//1638 1667//1667 1666//1666
f 1639//1639 1640//1640 1668//1668
f 1639//1639 1668//1668 1667//1667
f 1640//1640 1641//1641 1669//1669
f 1640//1640 1669//1669 1668//1668
f 1641//1641 1642//1642 1670//1670
f 1641//1641 1670//1670 1669//1669
f 1642//1642 1643//1643 1671//1671
f 1642//1642 1671//1671 1670//1670
f 1643//1643 1644//1644 1672//1672
f 1643//1643 1672//1672 1671//1671
f 1644//1644 1645//1645 1673//1673
f 1644//1644 1673//1673 1672//1672
f 1645//1645 1646//1646 1674//1674
f 1645//1645 1674//1674 1673//1673
f 1646//1646 1647//1647 1675//1675
f 1646//1646 1675//1675 1674//1674
f 1647//1647 1648//1648 1676//1676
f 1647//1647 1676//1676 1675//1675
f 1648//1648 1649//1649 1677//1677
f 1648//1648 1677//1677 1676//1676
f 1649//1649 1650//1650 1678//1678
f 1649//1649 1678//1678 1677//1677
f 1650//1650 1651//1651 1679//1679
f 1650//1650 1679//1679 1678//1678
f 1651//1651 1652//1652 1680//1680
f 1651//1651 1680//1680 1679//1679
f 1652//1652 1653//1653 1681//1681
f 1652//1652 1681//1681 1680//1680
f 1653//1653 1654//1654 1682//1682
f 1653//1653 1682//1682 1681//1681
f 1654//1654 1655//1655 1683//1683
f 1654//1654 1683//1683 1682//1682
f 1655//1655 1656//1656 1684//1684
f 1655//1655 1684//1684 1683//1683
f 1656//1656 1657//1657 1685//1685
f 1656//1656 1685//1685 1684//1684
f 1657//1657 1658//1658 1686//1686
f 1657//1657 1686//1686 1685//1685
f 1658//1658 1659//1659 1687//1687
f 1658//1658 1687//1687 1686//1686
f 1659//1659 1660//1660 1688//1688
f 1659//1659 1688//1688 1687//1687
f 1660//1660 1661//1661 1689//1689
f 1660//1660 1689//1689 1688//1688
f 1661//1661 1662//1662 1690//1690
f 1661//1661 1690//1690 1689//1689
f 1663//1663 1664//1664 1692//1692
f 1663//1663 1692//1692 1691//1691
f 1664//1664 1665//1665 1693//1693
f 1664//1664 1693//1693 1692//1692
f 1665//1665 1666//1666 1694//1694
f 1665//1665 1694//1694 1693//1693
f 1666//1666 1667//1667 1695//1695
f 1666//1666 1695//1695 1694//1694
f 1667//1667 1668//1668 1696//1696
f 1667//1667 1696//1696 1695//1695
f 1668//1668 1669//1669 1697//1697
f 1668//1668 1697//1697 1696//1696
f 1669//1669 1670//1670 1698//1698
f 1669//1669 1698//1698 1697//1697
f 1670//1670 1671//1671 1699//1699
f 1670//1670 1699//1699 1698//1698
f 1671//1671 1672//1672 1700//1700
f 1671//1671 1700//1700 1699//1699
f 1672//1672 1673//1673 1701//1701
f 1672//1672 1701//1701 1700//1700
f 1673//1673 1674//1674 1702//1702
f 1673//1673 1702//1702 1701//1701
f 1674//1674 1675//1675 1703//1703
f 1674//1674 1703//1703 1702//1702
f 1675//1675 1676//1676 1704//1704
f 1675//1675 1704//1704 1703//1703
f 1676//1676 1677//1677 1705//1705
f 1676//1676 1705//1705 1704//1704
f 1677//1677 1678//1678 1706//1706
f 1677//1677 1706//1706 1705//1705
f 1678//1678 1679//1679 1707//1707
f 1678//1678 1707//1707 1706//1706
f 1679//1679 1680//1680 1708//1708
f 1679//1679 1708//1708 1707//1707
f 1680//1680 1681//1681 1709//1709
f 1680//1680 1709//1709 1708//1708
f 1681//1681 1682//1682 1710//1710
f 1681//1681 1710//1710 1709//1709
f 1682//1682 1683//1683 1711//1711
f 1682//1682 1711//1711 1710//1710
f 1683//1683 1684//1684 1712//1712
f 1683//1683 1712//1712 1711//1711
f 1684//1684 1685//1685 1713//1713
f 1684//1684 1713//1713 1712//1712
f 1685//1685 1686//1686 1714//1714
f 1685//1685 1714//1714 1713//1713
f 1686//1686 1687//1687 1715//1715
f 1686//1686 1715//1715 1714//1714
f 1687//1687 1688//1688 1716//1716
f 1687//1687 1716//1716 1715//1715
f 1688//1688 1689//1689 1717//1717
f 1688//1688 1717//1717 1716//1716
f 1689//1689 1690//1690 1718//1718
f 1689//1689 1718//1718 1717//1717
f 1691//1691 1692//1692 1720//1720
f 1691//1691 1720//1720 1719//1719
f 1692//1692 1693//1693 1721//1721
f 1692//1692 1721//1721 1720//1720
f 1693//1693 1694//1694 1722//1722
f 1693//1693 1722//1722 1721//1721
f 1694//1694 1695//1695 1723//1723
f 1694//1694 1723//1723 1722//1722
f 1695//1695 1696//1696 1724//1724
f 1695//1695 1724//1724 1723//1723
f 1696//1696 1697//1697 1725//1725
f 1696//1696 1725//1725 1724//1724
f 1697//1697 1698//1698 1726//1726
f 1697//1697 1726//1726 1725//1725
f 1698//1698 1699//1699 1727//1727
f 1698//1698 1727//1727 1726//1726
f 1699//1699 1700//1700 1728//1728
f 1699//1699 1728//1728 1727//1727
f 1700//1700 1701//1701 1729//1729
f 1700//1700 1729//1729 1728//1728
f 1701//1701 1702//1702 1730//1730
f 1701//1701 1730//1730 1729//1729
f 1702//1702 1703//1703 1731//1731
f 1702//1702 1731//1731 1730//1730
f 1703//1703 1704//1704 1732//1732
f 1703//1703 1732//1732 1731//1731
f 1704//1704 1705//1705 1733//1733
f 1704//1704 1733//1733 1732//1732
f 1705//1705 1706//1706 1734//1734
f 1705//1705 1734//1734 1733//1733
f 1706//1706 1707//1707 1735//1735
f 1706//1706 1735//1735 1734//1734
f 1707//1707 1708//1708 1736//1736
f 1707//1707 1736//1736 1735//1735
f 1708//1708 1709//1709 1737//1737
f 1708//1708 1737//1737 1736//1736
f 1709//1709 1710//1710 1738//1738
f 1709//1709 1738//1738 1737//1737
f 1710//1710 1711//1711 1739//1739
f 1710//1710 1739//1739 1738//1738
f 1711//1711 1712//1712 1740//1740
f 1711//1711 1740//1740 1739//1739
f 1712//1712 1713//1713 1741//1741
f 1712//1712 1741//1741 1740//1740
f 1713//1713 1714//1714 1742//1742
f 1713//1713 1742//1742 1741//1741
f 1714//1714 1715//1715 1743//1743
f 1714//1714 1743//1743 1742//1742
f 1715//1715 1716//1716 1744//1744
f 1715//1715 1744//1744 1743//1743
f 1716//1716 1717//1717 1745//1745
f 1716//1716 1745//1745 1744//1744
f 1717//1717 1718//1718 1746//1746
f 1717//1717 1746//1746 1745//1745
f 1719//1719 1720//1720 1748//1748
f 1719//1719 1748//1748 1747//1747
f 1720//1720 1721//1721 1749//1749
f 1720//1720 1749//1749 1748//1748
f 1721//1721 1722//1722 1750//1750
f 1721//1721 1750//1750 1749//1749
f 1722//1722 1723//1723 1751//1751
f 1722//1722 1751//1751 1750//1750
f 1723//1723 1724//1724 1752//1752
f 1723//1723 1752//1752 1751//1751
f 1724//1724 1725//1725 1753//1753
f 1724//1724 1753//1753 1752//1752
f 1725//1725 1726//1726 1754//1754
f 1725//1725 1754//1754 1753//1753
f 1726//1726 1727//1727 1755//1755
f 1726//1726 1755//1755 1754//1754
f 1727//1727 1728//1728 1756//1756
f 1727//1727 1756//1756 1755//1755
f 1728//1728 1729//1729 1757//1757
f 1728//1728 1757//1757 1756//1756
f 1729//1729 1730//1730 1758//1758
f 1729//1729 1758//1758 1757//1757
f 1730//1730 1731//1731 1759//1759
f 1730//1730 1759//1759 1758//1758
f 1731//1731 1732//1732 1760//1760
f 1731//1731 1760//1760 1759//1759
f 1732//1732 1733//1733 1761//1761
f 1732//1732 1761//1761 1760//1760
f 1733//1733 1734//1734 1762//1762
f 1733//1733 1762//1762 1761//1761
f 1734//1734 1735//1735 1763//1763
f 1734//1734 1763//1763 1762//1762
f 1735//1735 1736//1736 1764//1764
f 1735//1735 1764//1764 1763//1763
f 1736//1736 1737//1737 1765//1765
f 1736//1736 1765//1765 1764//1764
f 1737//1737 1738//1738 1766//1766
f 1737//1737 1766//1766 1765//1765
f 1738//1738 1739//1739 1767//1767
f 1738//1738 1767//1767 1766//1766
f 1739//1739 1740//1740 1768//1768
f 1739//1739 1768//1768 1767//1767
f 1740//1740 1741//1741 1769//1769
f 1740//1740 1769//1769 1768//1768
f 1741//1741 1742//1742 1770//1770
f 1741//1741 1770//1770 1769//1769
f 1742//1742 1743//1743 1771//1771
f 1742//1742 1771//1771 1770//1770
f 1743//1743 1744//1744 1772//1772
f 1743//1743 1772//1772 1771//1771
f 1744//1744 1745//1745 1773//1773
f 1744//1744 1773//1773 1772//1772
f 1745//1745 1746//1746 1774//1774
f 1745//1745 1774//1774 1773//1773
f 1747//1747 1748//1748 1776//1776
f 1747//1747 1776//1776 1775//1775
f 1748//1748 1749//1749 1777//1777
f 1748//1748 1777//1777 1776//1776
f 1749//1749 1750//1750 1778//1778
f 1749//1749 1778//1778 1777//1777
f 1750//1750 1751//1751 1779//1779
f 1750//1750 1779//1779 1778//1778
f 1751//1751 1752//1752 1780//1780
f 1751//1751 1780//1780 1779//1779
f 1752//1752 1753//1753 1781//1781
f 1752//1752 1781//1781 1780//1780
f 1753//1753 1754//1754 1782//1782
f 1753//1753 1782//1782 1781//1781
f 1754//1754 1755//1755 1783//1783
f 1754//1754 1783//1783 1782//1782
f 1755//1755 1756//1756 1784//1784
f 1755//1755 1784//1784 1783//1783
f 1756//1756 1757//1757 1785//1785
f 1756//1756 1785//1785 1784//1784
f 1757//1757 1758//1758 1786//1786
f 1757//1757 1786//1786 1785//1785
f 1758//1758 1759//1759 1787//1787
f 1758//1758 1787//1787 1786//1786
f 1759//1759 1760//1760 1788//1788
f 1759//1759 1788//1788 1787//1787
f 1760//1760 1761//1761 1789//1789
f 1760//1760 1789//1789 1788//1788
f 1761//1761 1762//1762 1790//1790
f 1761//1761 1790//1790 1789//1789
f 1762//1762 1763//1763 1791//1791
f 1762//1762 1791//1791 1790//1790
f 1763//1763 1764//1764 1792//1792
f 1763//1763 1792//1792 1791//1791
f 1764//1764 1765//1765 1793//1793
f 1764//1764 1793//1793 1792//1792
f 1765//1765 1766//1766 1794//1794
f 1765//1765 1794//1794 1793//1793
f 1766//1766 1767//1767 1795//1795
f 1766//1766 1795//1795 1794//1794
f 1767//1767 1768//1768 1796//1796
f 1767//1767 1796//1796 1795//1795
f 1768//1768 1769//1769 1797//1797
f 1768//1768 1797//1797 1796//1796
f 1769//1769 1770//1770 1798//1798
f 1769//1769 1798//1798 1797//1797
f 1770//1770 1771//1771 1799//1799
f 1770//1770 1799//1799 1798//1798
f 1771//1771 1772//1772 1800//1800
f 1771//1771 1800//1800 1799//1799
f 1772//1772 1773//1773 1801//1801
f 1772//1772 1801//1801 1800//1800
f 1773//1773 1774//1774 1802//1802
f 1773//1773 1802//1802 1801//1801
f 1775//1775 1776//1776 1804//1804
f 1775//1775 1804//1804 1803//1803
f 1776//1776 1777//1777 1805//1805
f 1776//1776 1805//1805 1804//1804
f 1777//1777 1778//1778 1806//1806
f 1777//1777 1806//1806 1805//1805
f 1778//1778 1779//1779 1807//1807
f 1778//1778 1807//1807 1806//1806
f 1779//1779 1780//1780 1808//1808
f 1779//1779 1808//1808 1807//1807
f 1780//1780 1781//1781 1809//1809
f 1780//1780 1809//1809 1808//1808
f 1781//1781 1782//1782 1810//1810
f 1781//1781 1810//1810 1809//1809
f 1782//1782 1783//1783 1811//1811
f 1782//1782 1811//1811 1810//1810
f 1783//1783 1784//1784 1812//1812
f 1783//1783 1812//1812 1811//1811
f 1784//1784 1785//1785 1813//1813
f 1784//1784 1813//1813 1812//1812
f 1785//1785 1786//1786 1814//1814
f 1785//1785 1814//1814 1813//1813
f 1786//1786 1787//1787 1815//1815
f 1786//1786 1815//1815 1814//1814
f 1787//1787 1788//1788 1816//1816
f 1787//1787 1816//1816 1815//1815
f 1788//1788 1789//1789 1817//1817
f 1788//1788 1817//1817 1816//1816
f 1789//1789 1790//1790 1818//1818
f 1789//1789 1818//1818 1817//1817
f 1790//1790 1791//1791 1819//1819
f 1790//1790 1819//1819 1818//1818
f 1791//1791 1792//1792 1820//1820
f 1791//1791 1820//1820 1819//1819
f 1792//1792 1793//1793 1821//1821
f 1792//1792 1821//1821 1820//1820
f 1793//1793 1794//1794 1822//1822
f 1793//1793 1822//1822 1821//1821
f 1794//1794 1795//1795 1823//1823
f 1794//1794 1823//1823 1822//1822
f 1795//1795 1796//1796 1824//1824
f 1795//1795 1824//1824 1823//1823
f 1796//1796 1797//1797 1825//1825
f 1796//1796 1825//1825 1824//1824
f 1797//1797 1798//1798 1826//1826
f 1797//1797 1826//1826 1825//1825
f 1798//1798 1799//1799 1827//1827
f 1798//1798 1827//1827 1826//1826
f 1799//1799 1800//1800 1828//1828
f 1799//1799 1828//1828 1827//1827
f 1800//1800 1801//1801 1829//1829
f 1800//1800 1829//1829 1828//1828
f 1801//1801 1802//1802 1830//1830
f 1801//1801 1830//1830 1829//1829
f 1803//1803 1804//1804 1832//1832
f 1803//1803 1832//1832 1831//1831
f 1804//1804 1805//1805 1833//1833
f 1804//1804 1833//1833 1832//1832
f 1805//1805 1806//1806 1834//1834
f 1805//1805 1834//1834 1833//1833
f 1806//1806 1807//1807 1835//1835
f 1806//1806 1835//1835 1834//1834
f 1807//1807 1808//1808 1836//1836
f 1807//1807 1836//1836 1835//1835
f 1808//1808 1809//1809 1837//1837
f 1808//1808 1837//1837 1836//1836
f 1809//1809 1810//1810 1838//1838
f 1809//1809 1838//1838 1837//1837
f 1810//1810 1811//1811 1839//1839
f 1810//1810 1839//1839 1838//1838
f 1811//1811 1812//1812 1840//1840
f 1811//1811 1840//1840 1839//1839
f 1812//1812 1813//1813 1841//1841
f 1812//1812 1841//1841 1840//1840
f 1813//1813 1814//1814 1842//1842
f 1813//1813 1842//1842 1841//1841
f 1814//1814 1815//1815 1843//1843
f 1814//1814 1843//1843 1842//1842
f 1815//1815 1816//1816 1844//1844
f 1815//1815 1844//1844 1843//1843
f 1816//1816 1817//1817 1845//1845
f 1816//1816 1845//1845 1844//1844
f 1817//1817 1818//1818 1846//1846
f 1817//1817 1846//1846 1845//1845
f 1818//1818 1819//1819 1847//1847
f 1818//1818 1847//1847 1846//1846
f 1819//1819 1820//1820 1848//1848
f 1819//1819 1848//1848 1847//1847
f 1820//1820 1821//1821 1849//1849
f 1820//1820 1849//1849 1848//1848
f 1821//1821 1822//1822 1850//1850
f 1821//1821 1850//1850 1849//1849
f 1822//1822 1823//1823 1851//1851
f 1822//1822 1851//1851 1850//1850
f 1823//1823 1824//1824 1852//1852
f 1823//1823 1852//1852 1851//1851
f 1824//1824 1825//1825 1853//1853
f 1824//1824 1853//1853 1852//1852
f 1825//1825 1826//1826 1854//1854
f 1825//1825 1854//1854 1853//1853
f 1826//1826 1827//1827 1855//1855
f 1826//1826 1855//1855 1854//1854
f 1827//1827 1828//1828 1856//1856
f 1827//1827 1856//1856 1855//1855
f 1828//1828 1829//1829 1857//1857
f 1828//1828 1857//1857 1856//1856
f 1829//1829 1830//1830 1858//1858
f 1829//1829 1858//1858 1857//1857
f 1831//1831 1832//1832 1860//1860
f 1831//1831 1860//1860 1859//1859
f 1832//1832 1833//1833 1861//1861
f 1832//1832 1861//1861 1860//1860
f 1833//1833 1834//1834 1862//1862
f 1833//1833 1862//1862 1861//1861
f 1834//1834 1835//1835 1863//1863
f 1834//1834 1863//1863 1862//1862
f 1835//1835 1836//1836 1864//1864
f 1835//1835 1864//1864 1863//1863
f 1836//1836 1837//1837 1865//1865
f 1836//1836 1865//1865 1864//1864
f 1837//1837 1838//1838 1866//1866
f 1837//1837 1866//1866 1865//1865
f 1838//1838 1839//1839 1867//1867
f 1838//1838 1867//1867 1866//1866
f 1839//1839 1840//1840 1868//1868
f 1839//1839 1868//1868 1867//1867
f 1840//1840 1841//1841 1869//1869
f 1840//1840 1869//1869 1868//1868
f 1841//1841 1842//1842 1870//1870
f 1841//1841 1870//1870 1869//1869
f 1842//1842 1843//1843 1871//1871
f 1842//1842 1871//1871 1870//1870
f 1843//1843 1844//1844 1872//1872
f 1843//1843 1872//1872 1871//1871
f 1844//1844 1845//1845 1873//1873
f 1844//1844 1873//1873 1872//1872
f 1845//1845 1846//1846 1874//1874
f 1845//1845 1874//1874 1873//1873
f 1846//1846 1847//1847 1875//1875
f 1846//1846 1875//1875 1874//1874
f 1847//1847 1848//1848 1876//1876
f 1847//1847 1876//1876 1875//1875
f 1848//1848 1849//1849 1877//1877
f 1848//1848 1877//1877 1876//1876
f 1849//1849 1850//1850 1878//1878
f 1849//1849 1878//1878 1877//1877
f 1850//1850 1851//1851 1879//1879
f 1850//1850 1879//1879 1878//1878
f 1851//1851 1852//1852 1880//1880
f 1851//1851 1880//1880 1879//1879
f 1852//1852 1853//1853 1881//1881
f 1852//1852 1881//1881 1880//1880
f 1853//1853 1854//1854 1882//1882
f 1853//1853 1882//1882 1881//1881
f 1854//1854 1855//1855 1883//1883
f 1854//1854 1883//1883 1882//1882
f 1855//1855 1856//1856 1884//1884
f 1855//1855 1884//1884 1883//1883
f 1856//1856 1857//1857 1885//1885
f 1856//1856 1885//1885 1884//1884
f 1857//1857 1858//1858 1886//1886
f 1857//1857 1886//1886 1885//1885
f 1859//1859 1860//1860 1048//1048
f 1859//1859 1048//1048 1047//1047
f 1860//1860 1861//1861 1049//1049
f 1860//1860 1049//1049 1048//1048
f 1861//1861 1862//1862 1050//1050
f 1861//1861 1050//1050 1049//1049
f 1862//1862 1863//1863 1051//1051
f 1862//1862 1051//1051 1050//1050
f 1863//1863 1864//1864 1052//1052
f 1863//1863 1052//1052 1051//1051
f 1864//1864 1865//1865 1053//1053
f 1864//1864 1053//1053 1052//1052
f 1865//1865 1866//1866 1054//1054
f 1865//1865 1054//1054 1053//1053
f 1866//1866 1867//1867 1055//1055
f 1866//1866 1055//1055 1054//1054
f 1867//1867 1868//1868 1056//1056
f 1867//1867 1056//1056 1055//1055
f 1868//1868 1869//1869 1057//1057
f 1868//1868 1057//1057 1056//1056
f 1869//1869 1870//1870 1058//1058
f 1869//1869 1058//1058 1057//1057
f 1870//1870 1871//1871 1059//1059
f 1870//1870 1059//1059 1058//1058
f 1871//1871 1872//1872 1060//1060
f 1871//1871 1060//1060 1059//1059
f 1872//1872 1873//1873 1061//1061
f 1872//1872 1061//1061 1060//1060
f 1873//1873 1874//1874 1062//1062
f 1873//1873 1062//1062 1061//1061
f 1874//1874 1875//1875 1063//1063
f 1874//1874 1063//1063 1062//1062
f 1875//1875 1876//1876 1064//1064
f 1875//1875 1064//1064 1063//1063
f 1876//1876 1877//1877 1065//1065
f 1876//1876 1065//1065 1064//1064
f 1877//1877 1878//1878 1066//1066
f 1877//1877 1066//1066 1065//1065
f 1878//1878 1879//1879 1067//1067
f 1878//1878 1067//1067 1066//1066
f 1879//1879 1880//1880 1068//1068
f 1879//1879 1068//1068 1067//1067
f 1880//1880 1881//1881 1069//1069
f 1880//1880 1069//1069 1068//1068
f 1881//1881 1882//1882 1070//1070
f 1881//1881 1070//1070 1069//1069
f 1882//1882 1883//1883 1071//1071
f 1882//1882 1071//1071 1070//1070
f 1883//1883 1884//1884 1072//1072
f 1883//1883 1072//1072 1071//1071
f 1884//1884 1885//1885 1073//1073
f 1884//1884 1073//1073 1072//1072
f 1885//1885 1886//1886 1074//1074
f 1885//1885 1074//1074 1073//1073
