# Generated by Visualization Toolkit
v 4.12367057800293 5.241659641265869 -0.14918407797813416
v 4.224392890930176 4.741025924682617 -0.32012444734573364
v 4.235299110412598 4.750814914703369 -0.34052184224128723
v 4.243319511413574 4.761559963226318 -0.36175939440727234
v 4.248327732086182 4.773092269897461 -0.38350218534469604
v 4.250244617462158 4.785229682922363 -0.4054073393344879
v 4.249040126800537 4.797780513763428 -0.4271293878555298
v 4.244732856750488 4.810547351837158 -0.4483257234096527
v 4.237391471862793 4.823328018188477 -0.4686621129512787
v 4.227130889892578 4.8359222412109375 -0.48781782388687134
v 4.214113235473633 4.848130226135254 -0.5054907202720642
v 4.198544025421143 4.85975980758667 -0.5214021801948547
v 4.180668830871582 4.8706278800964355 -0.5353012084960938
v 4.160768985748291 4.880562782287598 -0.5469685792922974
v 4.139159202575684 4.889407634735107 -0.5562203526496887
v 4.116179466247559 4.8970232009887695 -0.5629106163978577
v 4.092192649841309 4.903289794921875 -0.566933810710907
v 4.067576885223389 4.908107757568359 -0.5682265758514404
v 4.042720317840576 4.911401748657227 -0.5667684078216553
v 4.018014907836914 4.913119316101074 -0.5625824332237244
v 3.9938504695892334 4.913233757019043 -0.5557345151901245
v 3.9706079959869385 4.911743640899658 -0.5463327765464783
v 3.9486541748046875 4.9086713790893555 -0.534525454044342
v 3.928334951400757 4.90406608581543 -0.5204987525939941
v 3.909971237182617 4.898000240325928 -0.504473865032196
v 3.8938519954681396 4.890569686889648 -0.4867035150527954
v 3.8802318572998047 4.88189172744751 -0.4674679636955261
v 3.869325637817383 4.872102737426758 -0.44707056879997253
v 3.861304998397827 4.861357688903809 -0.42583298683166504
v 3.8562967777252197 4.849825382232666 -0.40409019589424133
v 3.854379892349243 4.837687969207764 -0.38218504190444946
v 3.8555846214294434 4.825137138366699 -0.36046302318573
v 3.859891653060913 4.812370300292969 -0.33926665782928467
v 3.8672332763671875 4.799589157104492 -0.3189302980899811
v 3.8774938583374023 4.7869954109191895 -0.2997745871543884
v 3.8905112743377686 4.774787425994873 -0.28210166096687317
v 3.906080484390259 4.763157844543457 -0.26619023084640503
v 3.9239559173583984 4.752289772033691 -0.252291202545166
v 3.9438555240631104 4.742354869842529 -0.2406238168478012
v 3.965465545654297 4.7335100173950195 -0.23137202858924866
v 3.988445281982422 4.725893974304199 -0.2246817946434021
v 4.012432098388672 4.719627857208252 -0.2206585705280304
v 4.037047863006592 4.714809894561768 -0.21936583518981934
v 4.061904430389404 4.7115159034729 -0.2208239734172821
v 4.086609840393066 4.7097978591918945 -0.2250099927186966
v 4.110774040222168 4.709683418273926 -0.23185786604881287
v 4.134016513824463 4.711174011230469 -0.2412596046924591
v 4.155970573425293 4.7142462730407715 -0.25306692719459534
v 4.1762895584106445 4.718851566314697 -0.2670936584472656
v 4.194653511047363 4.724917411804199 -0.2831185460090637
v 4.210772514343262 4.73234748840332 -0.30088889598846436
v 2.083220958709717 -6.863507270812988 -7.1437506675720215
v 4.063896179199219 5.077520847320557 -0.35408759117126465
v 2.095442771911621 -6.8639092445373535 -7.146609306335449
v 4.076117992401123 5.077118873596191 -0.3569462299346924
v 2.107851982116699 -6.865108489990234 -7.148119926452637
v 4.088527202606201 5.0759196281433105 -0.3584573268890381
v 2.1202526092529297 -6.867085933685303 -7.14825963973999
v 4.100927829742432 5.073942184448242 -0.3585965633392334
v 2.132449150085449 -6.869811058044434 -7.147025108337402
v 4.113124370574951 5.071217060089111 -0.3573622703552246
v 2.144249439239502 -6.873239994049072 -7.144436836242676
v 4.124924659729004 5.067788124084473 -0.35477375984191895
v 2.1554672718048096 -6.877319812774658 -7.140534400939941
v 4.136142253875732 5.063708305358887 -0.3508718013763428
v 2.1659255027770996 -6.881984710693359 -7.135380744934082
v 4.146600723266602 5.0590434074401855 -0.3457179069519043
v 2.175459861755371 -6.887162208557129 -7.129055976867676
v 4.156134605407715 5.053865909576416 -0.33939337730407715
v 2.1839191913604736 -6.892770767211914 -7.121661186218262
v 4.1645941734313965 5.048257350921631 -0.3319978713989258
v 2.1911706924438477 -6.898721218109131 -7.113311290740967
v 4.171845436096191 5.042306900024414 -0.32364821434020996
v 2.197099447250366 -6.904919624328613 -7.10413932800293
v 4.177774429321289 5.036108493804932 -0.31447601318359375
v 2.2016124725341797 -6.911269187927246 -7.0942888259887695
v 4.182287693023682 5.029758930206299 -0.3046259880065918
v 2.2046384811401367 -6.91766881942749 -7.083916187286377
v 4.185313701629639 5.023359298706055 -0.2942533493041992
v 2.206129550933838 -6.924018383026123 -7.073184967041016
v 4.18680477142334 5.017009735107422 -0.2835216522216797
v 2.2060623168945312 -6.9302167892456055 -7.062263488769531
v 4.186737537384033 5.0108113288879395 -0.2726001739501953
v 2.204437732696533 -6.936167240142822 -7.051324367523193
v 4.185112953186035 5.004860877990723 -0.2616612911224365
v 2.2012815475463867 -6.941775798797607 -7.04054069519043
v 4.181956768035889 4.9992523193359375 -0.25087738037109375
v 2.196643352508545 -6.946953296661377 -7.030081748962402
v 4.177318572998047 4.994074821472168 -0.2404186725616455
v 2.190596580505371 -6.951618194580078 -7.020112991333008
v 4.171271800994873 4.989409923553467 -0.23044991493225098
v 2.1832363605499268 -6.955698013305664 -7.010791301727295
v 4.16391134262085 4.985330104827881 -0.22112822532653809
v 2.1746788024902344 -6.959126949310303 -7.002264022827148
v 4.155354022979736 4.981901168823242 -0.2126009464263916
v 2.1650590896606445 -6.961852073669434 -6.994665145874023
v 4.145733833312988 4.979176044464111 -0.2050023078918457
v 2.1545283794403076 -6.963829517364502 -6.988115310668945
v 4.1352033615112305 4.977198600769043 -0.19845223426818848
v 2.1432533264160156 -6.965028762817383 -6.982717037200928
v 4.123928546905518 4.975999355316162 -0.1930539608001709
v 2.131411552429199 -6.965430736541748 -6.978555679321289
v 4.112086772918701 4.975597381591797 -0.18889284133911133
v 2.119189739227295 -6.965028762817383 -6.9756975173950195
v 4.099864959716797 4.975999355316162 -0.1860342025756836
v 2.106780529022217 -6.963829517364502 -6.974185943603516
v 4.087455749511719 4.977198600769043 -0.184523344039917
v 2.0943799018859863 -6.961852073669434 -6.97404670715332
v 4.075055122375488 4.979176044464111 -0.18438386917114258
v 2.082183361053467 -6.959126949310303 -6.975281238555908
v 4.062858581542969 4.981901168823242 -0.18561816215515137
v 2.070383071899414 -6.955698013305664 -6.977869987487793
v 4.051058292388916 4.985330104827881 -0.18820691108703613
v 2.0591654777526855 -6.951618194580078 -6.981771469116211
v 4.0398406982421875 4.989409923553467 -0.1921088695526123
v 2.0487070083618164 -6.946953296661377 -6.9869256019592285
v 4.029382228851318 4.994074821472168 -0.19726276397705078
v 2.039172887802124 -6.941775798797607 -6.993249893188477
v 4.019847869873047 4.9992523193359375 -0.20358729362487793
v 2.0307135581970215 -6.936167240142822 -7.000645637512207
v 4.011388778686523 5.004860877990723 -0.2109825611114502
v 2.0234620571136475 -6.9302167892456055 -7.008995056152344
v 4.00413703918457 5.0108113288879395 -0.21933221817016602
v 2.01753306388855 -6.924018383026123 -7.018167495727539
v 3.9982082843780518 5.017009735107422 -0.22850441932678223
v 2.0130200386047363 -6.91766881942749 -7.028017520904541
v 3.9936952590942383 5.023359298706055 -0.23835444450378418
v 2.0099940299987793 -6.911269187927246 -7.038390159606934
v 3.9906692504882812 5.029758930206299 -0.24872732162475586
v 2.008502960205078 -6.904919624328613 -7.049121856689453
v 3.98917818069458 5.036108493804932 -0.2594587802886963
v 2.0085701942443848 -6.898721218109131 -7.0600433349609375
v 3.9892454147338867 5.042306900024414 -0.27038025856018066
v 2.010194778442383 -6.892770767211914 -7.070981979370117
v 3.9908699989318848 5.048257350921631 -0.28131914138793945
v 2.0133509635925293 -6.887162208557129 -7.081766128540039
v 3.9940261840820312 5.053865909576416 -0.2921030521392822
v 2.017989158630371 -6.881984710693359 -7.092225074768066
v 3.998664379119873 5.0590434074401855 -0.30256199836730957
v 2.024035930633545 -6.877319812774658 -7.102193832397461
v 4.004711151123047 5.063708305358887 -0.3125307559967041
v 2.0313963890075684 -6.873239994049072 -7.111515045166016
v 4.01207160949707 5.067788124084473 -0.3218522071838379
v 2.0399537086486816 -6.869811058044434 -7.12004280090332
v 4.020628929138184 5.071217060089111 -0.3303794860839844
v 2.0495736598968506 -6.867085933685303 -7.127641201019287
v 4.030248641967773 5.073942184448242 -0.3379781246185303
v 2.0601041316986084 -6.865108489990234 -7.134191513061523
v 4.040779113769531 5.0759196281433105 -0.3445281982421875
v 2.0713791847229004 -6.8639092445373535 -7.139589309692383
v 4.052054405212402 5.077118873596191 -0.3499264717102051
v 4.2093000411987305 5.757901191711426 0.7443504929542542
v 4.2093000411987305 5.757901191711426 -0.45564955472946167
v 4.274171352386475 5.757901191711426 0.7408332228660583
v 4.338282108306885 5.757901191711426 0.7303227782249451
v 4.400880813598633 5.757901191711426 0.712942361831665
v 4.461233615875244 5.757901191711426 0.6888957023620605
v 4.518632411956787 5.757901191711426 0.658464789390564
v 4.572404384613037 5.757901191711426 0.6220062971115112
v 4.621919631958008 5.757901191711426 0.5799477696418762
v 4.666597366333008 5.757901191711426 0.5327821969985962
v 4.705913543701172 5.757901191711426 0.48106271028518677
v 4.739407062530518 5.757901191711426 0.42539554834365845
v 4.766685962677002 5.757901191711426 0.36643335223197937
v 4.7874298095703125 5.757901191711426 0.3048674464225769
v 4.801395893096924 5.757901191711426 0.24141964316368103
v 4.808420181274414 5.757901191711426 0.17683380842208862
v 4.808420181274414 5.757901191711426 0.11186710745096207
v 4.801395893096924 5.757901191711426 0.047281257808208466
v 4.7874298095703125 5.757901191711426 -0.016166552901268005
v 4.766685962677002 5.757901191711426 -0.07773244380950928
v 4.739407062530518 5.757901191711426 -0.13669462502002716
v 4.705913543701172 5.757901191711426 -0.19236178696155548
v 4.666597366333008 5.757901191711426 -0.2440813034772873
v 4.621919631958008 5.757901191711426 -0.29124683141708374
v 4.572404384613037 5.757901191711426 -0.33330535888671875
v 4.518632411956787 5.757901191711426 -0.3697638511657715
v 4.461233615875244 5.757901191711426 -0.40019476413726807
v 4.400880813598633 5.757901191711426 -0.42424142360687256
v 4.338282108306885 5.757901191711426 -0.4416218400001526
v 4.274171352386475 5.757901191711426 -0.45213228464126587
v 4.272753715515137 5.771388530731201 0.7408332228660583
v 4.335463523864746 5.784718036651611 0.7303227782249451
v 4.396694660186768 5.797733306884766 0.712942361831665
v 4.455728054046631 5.810281276702881 0.6888957023620605
v 4.5118727684021 5.8222150802612305 0.658464789390564
v 4.564469814300537 5.833395004272461 0.6220062971115112
v 4.612903118133545 5.843689441680908 0.5799477696418762
v 4.656604290008545 5.852978706359863 0.5327821969985962
v 4.695061206817627 5.8611531257629395 0.48106271028518677
v 4.727823257446289 5.868116855621338 0.42539554834365845
v 4.7545061111450195 5.873788356781006 0.36643335223197937
v 4.774796485900879 5.878101348876953 0.3048674464225769
v 4.78845739364624 5.881004810333252 0.24141964316368103
v 4.795328140258789 5.882465362548828 0.17683380842208862
v 4.795328140258789 5.882465362548828 0.11186710745096207
v 4.78845739364624 5.881004810333252 0.047281257808208466
v 4.774796485900879 5.878101348876953 -0.016166552901268005
v 4.7545061111450195 5.873788356781006 -0.07773244380950928
v 4.727823257446289 5.868116855621338 -0.13669462502002716
v 4.695061206817627 5.8611531257629395 -0.19236178696155548
v 4.656604290008545 5.852978706359863 -0.2440813034772873
v 4.612903118133545 5.843689441680908 -0.29124683141708374
v 4.564469814300537 5.833395004272461 -0.33330535888671875
v 4.5118727684021 5.8222150802612305 -0.3697638511657715
v 4.455728054046631 5.810281276702881 -0.40019476413726807
v 4.396694660186768 5.797733306884766 -0.42424142360687256
v 4.335463523864746 5.784718036651611 -0.4416218400001526
v 4.272753715515137 5.771388530731201 -0.45213228464126587
v 4.2685627937316895 5.784286975860596 0.7408332228660583
v 4.327131271362305 5.810362815856934 0.7303227782249451
v 4.384317874908447 5.835824012756348 0.712942361831665
v 4.439452648162842 5.8603715896606445 0.6888957023620605
v 4.491888999938965 5.883718013763428 0.658464789390564
v 4.541012763977051 5.9055891036987305 0.6220062971115112
v 4.586246967315674 5.925728797912598 0.5799477696418762
v 4.62706184387207 5.9439005851745605 0.5327821969985962
v 4.6629791259765625 5.959892272949219 0.48106271028518677
v 4.693577289581299 5.973515033721924 0.42539554834365845
v 4.718497276306152 5.984610557556152 0.36643335223197937
v 4.737448215484619 5.993047714233398 0.3048674464225769
v 4.750206470489502 5.998728275299072 0.24141964316368103
v 4.756623268127441 6.001585483551025 0.17683380842208862
v 4.756623268127441 6.001585483551025 0.11186710745096207
v 4.750206470489502 5.998728275299072 0.047281257808208466
v 4.737448215484619 5.993047714233398 -0.016166552901268005
v 4.718497276306152 5.984610557556152 -0.07773244380950928
v 4.693577289581299 5.973515033721924 -0.13669462502002716
v 4.6629791259765625 5.959892272949219 -0.19236178696155548
v 4.62706184387207 5.9439005851745605 -0.2440813034772873
v 4.586246967315674 5.925728797912598 -0.29124683141708374
v 4.541012763977051 5.9055891036987305 -0.33330535888671875
v 4.491888999938965 5.883718013763428 -0.3697638511657715
v 4.439452648162842 5.8603715896606445 -0.40019476413726807
v 4.384317874908447 5.835824012756348 -0.42424142360687256
v 4.327131271362305 5.810362815856934 -0.4416218400001526
v 4.2685627937316895 5.784286975860596 -0.45213228464126587
v 4.261782169342041 5.796031475067139 0.7408332228660583
v 4.313648700714111 5.833714962005615 0.7303227782249451
v 4.364292144775391 5.870509624481201 0.712942361831665
v 4.413118362426758 5.905983924865723 0.6888957023620605
v 4.459555149078369 5.939722061157227 0.658464789390564
v 4.503057956695557 5.9713287353515625 0.6220062971115112
v 4.543116569519043 6.000432968139648 0.5799477696418762
v 4.579261302947998 6.026693820953369 0.5327821969985962
v 4.6110687255859375 6.049803256988525 0.48106271028518677
v 4.6381659507751465 6.069490432739258 0.42539554834365845
v 4.6602349281311035 6.085524559020996 0.36643335223197937
v 4.6770172119140625 6.09771728515625 0.3048674464225769
v 4.6883158683776855 6.105926513671875 0.24141964316368103
v 4.693998336791992 6.110054969787598 0.17683380842208862
v 4.693998336791992 6.110054969787598 0.11186710745096207
v 4.6883158683776855 6.105926513671875 0.047281257808208466
v 4.6770172119140625 6.09771728515625 -0.016166552901268005
v 4.6602349281311035 6.085524559020996 -0.07773244380950928
v 4.6381659507751465 6.069490432739258 -0.13669462502002716
v 4.6110687255859375 6.049803256988525 -0.19236178696155548
v 4.579261302947998 6.026693820953369 -0.2440813034772873
v 4.543116569519043 6.000432968139648 -0.29124683141708374
v 4.503057956695557 5.9713287353515625 -0.33330535888671875
v 4.459555149078369 5.939722061157227 -0.3697638511657715
v 4.413118362426758 5.905983924865723 -0.40019476413726807
v 4.364292144775391 5.870509624481201 -0.42424142360687256
v 4.313648700714111 5.833714962005615 -0.4416218400001526
v 4.261782169342041 5.796031475067139 -0.45213228464126587
v 4.252707481384277 5.80610990524292 0.7408332228660583
v 4.2956061363220215 5.853753566741943 0.7303227782249451
v 4.337492942810059 5.900273323059082 0.712942361831665
v 4.377876281738281 5.94512414932251 0.6888957023620605
v 4.41628360748291 5.9877800941467285 0.658464789390564
v 4.452264308929443 6.027740478515625 0.6220062971115112
v 4.485396385192871 6.064537525177002 0.5799477696418762
v 4.515291690826416 6.097739219665527 0.5327821969985962
v 4.541599273681641 6.126956939697266 0.48106271028518677
v 4.564011096954346 6.151847839355469 0.42539554834365845
v 4.582263946533203 6.172119617462158 0.36643335223197937
v 4.596144676208496 6.187535285949707 0.3048674464225769
v 4.605489730834961 6.197914123535156 0.24141964316368103
v 4.610189437866211 6.203134059906006 0.17683380842208862
v 4.610189437866211 6.203134059906006 0.11186710745096207
v 4.605489730834961 6.197914123535156 0.047281257808208466
v 4.596144676208496 6.187535285949707 -0.016166552901268005
v 4.582263946533203 6.172119617462158 -0.07773244380950928
v 4.564011096954346 6.151847839355469 -0.13669462502002716
v 4.541599273681641 6.126956939697266 -0.19236178696155548
v 4.515291690826416 6.097739219665527 -0.2440813034772873
v 4.485396385192871 6.064537525177002 -0.29124683141708374
v 4.452264308929443 6.027740478515625 -0.33330535888671875
v 4.41628360748291 5.9877800941467285 -0.3697638511657715
v 4.377876281738281 5.94512414932251 -0.40019476413726807
v 4.337492942810059 5.900273323059082 -0.42424142360687256
v 4.2956061363220215 5.853753566741943 -0.4416218400001526
v 4.252707481384277 5.80610990524292 -0.45213228464126587
v 4.241735935211182 5.81408166885376 0.7408332228660583
v 4.273791313171387 5.869603157043457 0.7303227782249451
v 4.305090427398682 5.9238152503967285 0.712942361831665
v 4.335266590118408 5.976081848144531 0.6888957023620605
v 4.36396598815918 6.025790691375732 0.658464789390564
v 4.390852451324463 6.072359085083008 0.6220062971115112
v 4.415609836578369 6.115240097045898 0.5799477696418762
v 4.437948703765869 6.153932094573975 0.5327821969985962
v 4.457606792449951 6.187981128692627 0.48106271028518677
v 4.474353790283203 6.216987609863281 0.42539554834365845
v 4.487993240356445 6.240611553192139 0.36643335223197937
v 4.4983649253845215 6.258576393127441 0.3048674464225769
v 4.505348205566406 6.270671367645264 0.24141964316368103
v 4.508860111236572 6.276754379272461 0.17683380842208862
v 4.508860111236572 6.276754379272461 0.11186710745096207
v 4.505348205566406 6.270671367645264 0.047281257808208466
v 4.4983649253845215 6.258576393127441 -0.016166552901268005
v 4.487993240356445 6.240611553192139 -0.07773244380950928
v 4.474353790283203 6.216987609863281 -0.13669462502002716
v 4.457606792449951 6.187981128692627 -0.19236178696155548
v 4.437948703765869 6.153932094573975 -0.2440813034772873
v 4.415609836578369 6.115240097045898 -0.29124683141708374
v 4.390852451324463 6.072359085083008 -0.33330535888671875
v 4.36396598815918 6.025790691375732 -0.3697638511657715
v 4.335266590118408 5.976081848144531 -0.40019476413726807
v 4.305090427398682 5.9238152503967285 -0.42424142360687256
v 4.273791313171387 5.869603157043457 -0.4416218400001526
v 4.241735935211182 5.81408166885376 -0.45213228464126587
v 4.22934627532959 5.8195977210998535 0.7408332228660583
v 4.249157905578613 5.880570411682129 0.7303227782249451
v 4.2685017585754395 5.940105438232422 0.712942361831665
v 4.28715181350708 5.997504234313965 0.6888957023620605
v 4.30488920211792 6.052093505859375 0.658464789390564
v 4.321505546569824 6.10323429107666 0.6220062971115112
v 4.336806297302246 6.150325775146484 0.5799477696418762
v 4.350612640380859 6.192816734313965 0.5327821969985962
v 4.362761974334717 6.230208396911621 0.48106271028518677
v 4.373112201690674 6.262063026428223 0.42539554834365845
v 4.381541728973389 6.288006782531738 0.36643335223197937
v 4.387951850891113 6.307735443115234 0.3048674464225769
v 4.39226770401001 6.321017742156982 0.24141964316368103
v 4.39443826675415 6.327698230743408 0.17683380842208862
v 4.39443826675415 6.327698230743408 0.11186710745096207
v 4.39226770401001 6.321017742156982 0.047281257808208466
v 4.387951850891113 6.307735443115234 -0.016166552901268005
v 4.381541728973389 6.288006782531738 -0.07773244380950928
v 4.373112201690674 6.262063026428223 -0.13669462502002716
v 4.362761974334717 6.230208396911621 -0.19236178696155548
v 4.350612640380859 6.192816734313965 -0.2440813034772873
v 4.336806297302246 6.150325775146484 -0.29124683141708374
v 4.321505546569824 6.10323429107666 -0.33330535888671875
v 4.30488920211792 6.052093505859375 -0.3697638511657715
v 4.28715181350708 5.997504234313965 -0.40019476413726807
v 4.2685017585754395 5.940105438232422 -0.42424142360687256
v 4.249157905578613 5.880570411682129 -0.4416218400001526
v 4.22934627532959 5.8195977210998535 -0.45213228464126587
v 4.216081142425537 5.822417259216309 0.7408332228660583
v 4.222782135009766 5.886177062988281 0.7303227782249451
v 4.229325771331787 5.948432445526123 0.712942361831665
v 4.2356343269348145 6.008454322814941 0.6888957023620605
v 4.241633892059326 6.0655388832092285 0.658464789390564
v 4.247254848480225 6.119016647338867 0.6220062971115112
v 4.252430438995361 6.16826057434082 0.5799477696418762
v 4.257100582122803 6.212693214416504 0.5327821969985962
v 4.2612104415893555 6.25179386138916 0.48106271028518677
v 4.264711380004883 6.285104274749756 0.42539554834365845
v 4.2675628662109375 6.312233924865723 0.36643335223197937
v 4.269731044769287 6.332864284515381 0.3048674464225769
v 4.271191120147705 6.3467535972595215 0.24141964316368103
v 4.27192497253418 6.353739261627197 0.17683380842208862
v 4.27192497253418 6.353739261627197 0.11186710745096207
v 4.271191120147705 6.3467535972595215 0.047281257808208466
v 4.269731044769287 6.332864284515381 -0.016166552901268005
v 4.2675628662109375 6.312233924865723 -0.07773244380950928
v 4.264711380004883 6.285104274749756 -0.13669462502002716
v 4.2612104415893555 6.25179386138916 -0.19236178696155548
v 4.257100582122803 6.212693214416504 -0.2440813034772873
v 4.252430438995361 6.16826057434082 -0.29124683141708374
v 4.247254848480225 6.119016647338867 -0.33330535888671875
v 4.241633892059326 6.0655388832092285 -0.3697638511657715
v 4.2356343269348145 6.008454322814941 -0.40019476413726807
v 4.229325771331787 5.948432445526123 -0.42424142360687256
v 4.222782135009766 5.886177062988281 -0.4416218400001526
v 4.216081142425537 5.822417259216309 -0.45213228464126587
v 4.202518939971924 5.822417259216309 0.7408332228660583
v 4.195817947387695 5.886177062988281 0.7303227782249451
v 4.189274311065674 5.948432445526123 0.712942361831665
v 4.1829657554626465 6.008454322814941 0.6888957023620605
v 4.176966190338135 6.0655388832092285 0.658464789390564
v 4.171345233917236 6.119016647338867 0.6220062971115112
v 4.1661696434021 6.16826057434082 0.5799477696418762
v 4.161499500274658 6.212693214416504 0.5327821969985962
v 4.1573896408081055 6.25179386138916 0.48106271028518677
v 4.153888702392578 6.285104274749756 0.42539554834365845
v 4.151037216186523 6.312233924865723 0.36643335223197937
v 4.148869037628174 6.332864284515381 0.3048674464225769
v 4.147408962249756 6.3467535972595215 0.24141964316368103
v 4.146675109863281 6.353739261627197 0.17683380842208862
v 4.146675109863281 6.353739261627197 0.11186710745096207
v 4.147408962249756 6.3467535972595215 0.047281257808208466
v 4.148869037628174 6.332864284515381 -0.016166552901268005
v 4.151037216186523 6.312233924865723 -0.07773244380950928
v 4.153888702392578 6.285104274749756 -0.13669462502002716
v 4.1573896408081055 6.25179386138916 -0.19236178696155548
v 4.161499500274658 6.212693214416504 -0.2440813034772873
v 4.1661696434021 6.16826057434082 -0.29124683141708374
v 4.171345233917236 6.119016647338867 -0.33330535888671875
v 4.176966190338135 6.0655388832092285 -0.3697638511657715
v 4.1829657554626465 6.008454322814941 -0.40019476413726807
v 4.189274311065674 5.948432445526123 -0.42424142360687256
v 4.195817947387695 5.886177062988281 -0.4416218400001526
v 4.202518939971924 5.822417259216309 -0.45213228464126587
v 4.189253807067871 5.8195977210998535 0.7408332228660583
v 4.169442176818848 5.880570411682129 0.7303227782249451
v 4.1500983238220215 5.940105438232422 0.712942361831665
v 4.131448268890381 5.997504234313965 0.6888957023620605
v 4.113710880279541 6.052093505859375 0.658464789390564
v 4.097094535827637 6.10323429107666 0.6220062971115112
v 4.081793785095215 6.150325775146484 0.5799477696418762
v 4.067987442016602 6.192816734313965 0.5327821969985962
v 4.055838108062744 6.230208396911621 0.48106271028518677
v 4.045487880706787 6.262063026428223 0.42539554834365845
v 4.037058353424072 6.288006782531738 0.36643335223197937
v 4.030648231506348 6.307735443115234 0.3048674464225769
v 4.026332378387451 6.321017742156982 0.24141964316368103
v 4.0241618156433105 6.327698230743408 0.17683380842208862
v 4.0241618156433105 6.327698230743408 0.11186710745096207
v 4.026332378387451 6.321017742156982 0.047281257808208466
v 4.030648231506348 6.307735443115234 -0.016166552901268005
v 4.037058353424072 6.288006782531738 -0.07773244380950928
v 4.045487880706787 6.262063026428223 -0.13669462502002716
v 4.055838108062744 6.230208396911621 -0.19236178696155548
v 4.067987442016602 6.192816734313965 -0.2440813034772873
v 4.081793785095215 6.150325775146484 -0.29124683141708374
v 4.097094535827637 6.10323429107666 -0.33330535888671875
v 4.113710880279541 6.052093505859375 -0.3697638511657715
v 4.131448268890381 5.997504234313965 -0.40019476413726807
v 4.1500983238220215 5.940105438232422 -0.42424142360687256
v 4.169442176818848 5.880570411682129 -0.4416218400001526
v 4.189253807067871 5.8195977210998535 -0.45213228464126587
v 4.176864147186279 5.81408166885376 0.7408332228660583
v 4.144808769226074 5.869603157043457 0.7303227782249451
v 4.113509654998779 5.9238152503967285 0.712942361831665
v 4.083333492279053 5.976081848144531 0.6888957023620605
v 4.054634094238281 6.025790691375732 0.658464789390564
v 4.027747631072998 6.072359085083008 0.6220062971115112
v 4.002990245819092 6.115240097045898 0.5799477696418762
v 3.980651378631592 6.153932094573975 0.5327821969985962
v 3.9609932899475098 6.187981128692627 0.48106271028518677
v 3.944246530532837 6.216987609863281 0.42539554834365845
v 3.9306070804595947 6.240611553192139 0.36643335223197937
v 3.9202351570129395 6.258576393127441 0.3048674464225769
v 3.913252115249634 6.270671367645264 0.24141964316368103
v 3.9097399711608887 6.276754379272461 0.17683380842208862
v 3.9097399711608887 6.276754379272461 0.11186710745096207
v 3.913252115249634 6.270671367645264 0.047281257808208466
v 3.9202351570129395 6.258576393127441 -0.016166552901268005
v 3.9306070804595947 6.240611553192139 -0.07773244380950928
v 3.944246530532837 6.216987609863281 -0.13669462502002716
v 3.9609932899475098 6.187981128692627 -0.19236178696155548
v 3.980651378631592 6.153932094573975 -0.2440813034772873
v 4.002990245819092 6.115240097045898 -0.29124683141708374
v 4.027747631072998 6.072359085083008 -0.33330535888671875
v 4.054634094238281 6.025790691375732 -0.3697638511657715
v 4.083333492279053 5.976081848144531 -0.40019476413726807
v 4.113509654998779 5.9238152503967285 -0.42424142360687256
v 4.144808769226074 5.869603157043457 -0.4416218400001526
v 4.176864147186279 5.81408166885376 -0.45213228464126587
v 4.165892601013184 5.80610990524292 0.7408332228660583
v 4.1229939460754395 5.853753566741943 0.7303227782249451
v 4.081107139587402 5.900273323059082 0.712942361831665
v 4.04072380065918 5.94512414932251 0.6888957023620605
v 4.002316474914551 5.9877800941467285 0.658464789390564
v 3.9663357734680176 6.027740478515625 0.6220062971115112
v 3.93320369720459 6.064537525177002 0.5799477696418762
v 3.903308391571045 6.097739219665527 0.5327821969985962
v 3.8770008087158203 6.126956939697266 0.48106271028518677
v 3.8545889854431152 6.151847839355469 0.42539554834365845
v 3.8363358974456787 6.172119617462158 0.36643335223197937
v 3.822455644607544 6.187535285949707 0.3048674464225769
v 3.813110589981079 6.197914123535156 0.24141964316368103
v 3.808410406112671 6.203134059906006 0.17683380842208862
v 3.808410406112671 6.203134059906006 0.11186710745096207
v 3.813110589981079 6.197914123535156 0.047281257808208466
v 3.822455644607544 6.187535285949707 -0.016166552901268005
v 3.8363358974456787 6.172119617462158 -0.07773244380950928
v 3.8545889854431152 6.151847839355469 -0.13669462502002716
v 3.8770008087158203 6.126956939697266 -0.19236178696155548
v 3.903308391571045 6.097739219665527 -0.2440813034772873
v 3.93320369720459 6.064537525177002 -0.29124683141708374
v 3.9663357734680176 6.027740478515625 -0.33330535888671875
v 4.002316474914551 5.9877800941467285 -0.3697638511657715
v 4.04072380065918 5.94512414932251 -0.40019476413726807
v 4.081107139587402 5.900273323059082 -0.42424142360687256
v 4.1229939460754395 5.853753566741943 -0.4416218400001526
v 4.165892601013184 5.80610990524292 -0.45213228464126587
v 4.15681791305542 5.796031475067139 0.7408332228660583
v 4.10495138168335 5.833714962005615 0.7303227782249451
v 4.05430793762207 5.870509624481201 0.712942361831665
v 4.005481719970703 5.905983924865723 0.6888957023620605
v 3.959044933319092 5.939722061157227 0.658464789390564
v 3.9155423641204834 5.9713287353515625 0.6220062971115112
v 3.875483751296997 6.000432968139648 0.5799477696418762
v 3.839338779449463 6.026693820953369 0.5327821969985962
v 3.8075313568115234 6.049803256988525 0.48106271028518677
v 3.7804343700408936 6.069490432739258 0.42539554834365845
v 3.7583651542663574 6.085524559020996 0.36643335223197937
v 3.7415831089019775 6.09771728515625 0.3048674464225769
v 3.7302844524383545 6.105926513671875 0.24141964316368103
v 3.7246017456054688 6.110054969787598 0.17683380842208862
v 3.7246017456054688 6.110054969787598 0.11186710745096207
v 3.7302844524383545 6.105926513671875 0.047281257808208466
v 3.7415831089019775 6.09771728515625 -0.016166552901268005
v 3.7583651542663574 6.085524559020996 -0.07773244380950928
v 3.7804343700408936 6.069490432739258 -0.13669462502002716
v 3.8075313568115234 6.049803256988525 -0.19236178696155548
v 3.839338779449463 6.026693820953369 -0.2440813034772873
v 3.875483751296997 6.000432968139648 -0.29124683141708374
v 3.9155423641204834 5.9713287353515625 -0.33330535888671875
v 3.959044933319092 5.939722061157227 -0.3697638511657715
v 4.005481719970703 5.905983924865723 -0.40019476413726807
v 4.05430793762207 5.870509624481201 -0.42424142360687256
v 4.10495138168335 5.833714962005615 -0.4416218400001526
v 4.15681791305542 5.796031475067139 -0.45213228464126587
v 4.1500372886657715 5.784286975860596 0.7408332228660583
v 4.091468811035156 5.810362815856934 0.7303227782249451
v 4.034282207489014 5.835824012756348 0.712942361831665
v 3.979147434234619 5.8603715896606445 0.6888957023620605
v 3.926710844039917 5.883718013763428 0.658464789390564
v 3.8775875568389893 5.9055891036987305 0.6220062971115112
v 3.832353115081787 5.925728797912598 0.5799477696418762
v 3.7915382385253906 5.9439005851745605 0.5327821969985962
v 3.7556211948394775 5.959892272949219 0.48106271028518677
v 3.725023031234741 5.973515033721924 0.42539554834365845
v 3.7001025676727295 5.984610557556152 0.36643335223197937
v 3.681151866912842 5.993047714233398 0.3048674464225769
v 3.668393611907959 5.998728275299072 0.24141964316368103
v 3.6619765758514404 6.001585483551025 0.17683380842208862
v 3.6619765758514404 6.001585483551025 0.11186710745096207
v 3.668393611907959 5.998728275299072 0.047281257808208466
v 3.681151866912842 5.993047714233398 -0.016166552901268005
v 3.7001025676727295 5.984610557556152 -0.07773244380950928
v 3.725023031234741 5.973515033721924 -0.13669462502002716
v 3.7556211948394775 5.959892272949219 -0.19236178696155548
v 3.7915382385253906 5.9439005851745605 -0.2440813034772873
v 3.832353115081787 5.925728797912598 -0.29124683141708374
v 3.8775875568389893 5.9055891036987305 -0.33330535888671875
v 3.926710844039917 5.883718013763428 -0.3697638511657715
v 3.979147434234619 5.8603715896606445 -0.40019476413726807
v 4.034282207489014 5.835824012756348 -0.42424142360687256
v 4.091468811035156 5.810362815856934 -0.4416218400001526
v 4.1500372886657715 5.784286975860596 -0.45213228464126587
v 4.145846366882324 5.771388530731201 0.7408332228660583
v 4.083136558532715 5.784718036651611 0.7303227782249451
v 4.021905422210693 5.797733306884766 0.712942361831665
v 3.96287202835083 5.810281276702881 0.6888957023620605
v 3.9067273139953613 5.8222150802612305 0.658464789390564
v 3.854130268096924 5.833395004272461 0.6220062971115112
v 3.805696964263916 5.843689441680908 0.5799477696418762
v 3.761995792388916 5.852978706359863 0.5327821969985962
v 3.723538875579834 5.8611531257629395 0.48106271028518677
v 3.690776824951172 5.868116855621338 0.42539554834365845
v 3.6640942096710205 5.873788356781006 0.36643335223197937
v 3.643803596496582 5.878101348876953 0.3048674464225769
v 3.6301429271698 5.881004810333252 0.24141964316368103
v 3.623272180557251 5.882465362548828 0.17683380842208862
v 3.623272180557251 5.882465362548828 0.11186710745096207
v 3.6301429271698 5.881004810333252 0.047281257808208466
v 3.643803596496582 5.878101348876953 -0.016166552901268005
v 3.6640942096710205 5.873788356781006 -0.07773244380950928
v 3.690776824951172 5.868116855621338 -0.13669462502002716
v 3.723538875579834 5.8611531257629395 -0.19236178696155548
v 3.761995792388916 5.852978706359863 -0.2440813034772873
v 3.805696964263916 5.843689441680908 -0.29124683141708374
v 3.854130268096924 5.833395004272461 -0.33330535888671875
v 3.9067273139953613 5.8222150802612305 -0.3697638511657715
v 3.96287202835083 5.810281276702881 -0.40019476413726807
v 4.021905422210693 5.797733306884766 -0.42424142360687256
v 4.083136558532715 5.784718036651611 -0.4416218400001526
v 4.145846366882324 5.771388530731201 -0.45213228464126587
v 4.144428730010986 5.757901191711426 0.7408332228660583
v 4.080317974090576 5.757901191711426 0.7303227782249451
v 4.017719268798828 5.757901191711426 0.712942361831665
v 3.957366466522217 5.757901191711426 0.6888957023620605
v 3.899967670440674 5.757901191711426 0.658464789390564
v 3.8461954593658447 5.757901191711426 0.6220062971115112
v 3.796680450439453 5.757901191711426 0.5799477696418762
v 3.752002716064453 5.757901191711426 0.5327821969985962
v 3.712686538696289 5.757901191711426 0.48106271028518677
v 3.6791927814483643 5.757901191711426 0.42539554834365845
v 3.651914119720459 5.757901191711426 0.36643335223197937
v 3.6311700344085693 5.757901191711426 0.3048674464225769
v 3.617204189300537 5.757901191711426 0.24141964316368103
v 3.610179901123047 5.757901191711426 0.17683380842208862
v 3.610179901123047 5.757901191711426 0.11186710745096207
v 3.617204189300537 5.757901191711426 0.047281257808208466
v 3.6311700344085693 5.757901191711426 -0.016166552901268005
v 3.651914119720459 5.757901191711426 -0.07773244380950928
v 3.6791927814483643 5.757901191711426 -0.13669462502002716
v 3.712686538696289 5.757901191711426 -0.19236178696155548
v 3.752002716064453 5.757901191711426 -0.2440813034772873
v 3.796680450439453 5.757901191711426 -0.29124683141708374
v 3.8461954593658447 5.757901191711426 -0.33330535888671875
v 3.899967670440674 5.757901191711426 -0.3697638511657715
v 3.957366466522217 5.757901191711426 -0.40019476413726807
v 4.017719268798828 5.757901191711426 -0.42424142360687256
v 4.080317974090576 5.757901191711426 -0.4416218400001526
v 4.144428730010986 5.757901191711426 -0.45213228464126587
v 4.145846366882324 5.74441385269165 0.7408332228660583
v 4.083136558532715 5.73108434677124 0.7303227782249451
v 4.021905422210693 5.718069076538086 0.712942361831665
v 3.96287202835083 5.705521106719971 0.6888957023620605
v 3.9067273139953613 5.693587303161621 0.658464789390564
v 3.854130268096924 5.682407379150391 0.6220062971115112
v 3.805696964263916 5.672112941741943 0.5799477696418762
v 3.761995792388916 5.662823677062988 0.5327821969985962
v 3.723538875579834 5.654649257659912 0.48106271028518677
v 3.690776824951172 5.647685527801514 0.42539554834365845
v 3.6640942096710205 5.642014026641846 0.36643335223197937
v 3.643803596496582 5.637701034545898 0.3048674464225769
v 3.6301429271698 5.6347975730896 0.24141964316368103
v 3.623272180557251 5.633337020874023 0.17683380842208862
v 3.623272180557251 5.633337020874023 0.11186710745096207
v 3.6301429271698 5.6347975730896 0.047281257808208466
v 3.643803596496582 5.637701034545898 -0.016166552901268005
v 3.6640942096710205 5.642014026641846 -0.07773244380950928
v 3.690776824951172 5.647685527801514 -0.13669462502002716
v 3.723538875579834 5.654649257659912 -0.19236178696155548
v 3.761995792388916 5.662823677062988 -0.2440813034772873
v 3.805696964263916 5.672112941741943 -0.29124683141708374
v 3.854130268096924 5.682407379150391 -0.33330535888671875
v 3.9067273139953613 5.693587303161621 -0.3697638511657715
v 3.96287202835083 5.705521106719971 -0.40019476413726807
v 4.021905422210693 5.718069076538086 -0.42424142360687256
v 4.083136558532715 5.73108434677124 -0.4416218400001526
v 4.145846366882324 5.74441385269165 -0.45213228464126587
v 4.1500372886657715 5.731515407562256 0.7408332228660583
v 4.091468811035156 5.705439567565918 0.7303227782249451
v 4.034282207489014 5.679978370666504 0.712942361831665
v 3.979147434234619 5.655430793762207 0.6888957023620605
v 3.926710844039917 5.632084369659424 0.658464789390564
v 3.8775875568389893 5.610213279724121 0.6220062971115112
v 3.832353115081787 5.590073585510254 0.5799477696418762
v 3.7915382385253906 5.571901798248291 0.5327821969985962
v 3.7556211948394775 5.555910110473633 0.48106271028518677
v 3.725023031234741 5.542287349700928 0.42539554834365845
v 3.7001025676727295 5.531191825866699 0.36643335223197937
v 3.681151866912842 5.522754669189453 0.3048674464225769
v 3.668393611907959 5.517074108123779 0.24141964316368103
v 3.6619765758514404 5.514216899871826 0.17683380842208862
v 3.6619765758514404 5.514216899871826 0.11186710745096207
v 3.668393611907959 5.517074108123779 0.047281257808208466
v 3.681151866912842 5.522754669189453 -0.016166552901268005
v 3.7001025676727295 5.531191825866699 -0.07773244380950928
v 3.725023031234741 5.542287349700928 -0.13669462502002716
v 3.7556211948394775 5.555910110473633 -0.19236178696155548
v 3.7915382385253906 5.571901798248291 -0.2440813034772873
v 3.832353115081787 5.590073585510254 -0.29124683141708374
v 3.8775875568389893 5.610213279724121 -0.33330535888671875
v 3.926710844039917 5.632084369659424 -0.3697638511657715
v 3.979147434234619 5.655430793762207 -0.40019476413726807
v 4.034282207489014 5.679978370666504 -0.42424142360687256
v 4.091468811035156 5.705439567565918 -0.4416218400001526
v 4.1500372886657715 5.731515407562256 -0.45213228464126587
v 4.15681791305542 5.719770908355713 0.7408332228660583
v 4.10495138168335 5.682087421417236 0.7303227782249451
v 4.05430793762207 5.64529275894165 0.712942361831665
v 4.005481719970703 5.609818458557129 0.6888957023620605
v 3.959044933319092 5.576080322265625 0.658464789390564
v 3.9155423641204834 5.544473648071289 0.6220062971115112
v 3.875483751296997 5.515369415283203 0.5799477696418762
v 3.839338779449463 5.489108562469482 0.5327821969985962
v 3.8075313568115234 5.465999126434326 0.48106271028518677
v 3.7804343700408936 5.446311950683594 0.42539554834365845
v 3.7583651542663574 5.4302778244018555 0.36643335223197937
v 3.7415831089019775 5.418085098266602 0.3048674464225769
v 3.7302844524383545 5.409875869750977 0.24141964316368103
v 3.7246017456054688 5.405747413635254 0.17683380842208862
v 3.7246017456054688 5.405747413635254 0.11186710745096207
v 3.7302844524383545 5.409875869750977 0.047281257808208466
v 3.7415831089019775 5.418085098266602 -0.016166552901268005
v 3.7583651542663574 5.4302778244018555 -0.07773244380950928
v 3.7804343700408936 5.446311950683594 -0.13669462502002716
v 3.8075313568115234 5.465999126434326 -0.19236178696155548
v 3.839338779449463 5.489108562469482 -0.2440813034772873
v 3.875483751296997 5.515369415283203 -0.29124683141708374
v 3.9155423641204834 5.544473648071289 -0.33330535888671875
v 3.959044933319092 5.576080322265625 -0.3697638511657715
v 4.005481719970703 5.609818458557129 -0.40019476413726807
v 4.05430793762207 5.64529275894165 -0.42424142360687256
v 4.10495138168335 5.682087421417236 -0.4416218400001526
v 4.15681791305542 5.719770908355713 -0.45213228464126587
v 4.165892601013184 5.709692478179932 0.7408332228660583
v 4.1229939460754395 5.662048816680908 0.7303227782249451
v 4.081107139587402 5.6155290603637695 0.712942361831665
v 4.04072380065918 5.570678234100342 0.6888957023620605
v 4.002316474914551 5.528022289276123 0.658464789390564
v 3.9663357734680176 5.488061904907227 0.6220062971115112
v 3.93320369720459 5.45126485824585 0.5799477696418762
v 3.903308391571045 5.418063163757324 0.5327821969985962
v 3.8770008087158203 5.388845443725586 0.48106271028518677
v 3.8545889854431152 5.363954544067383 0.42539554834365845
v 3.8363358974456787 5.343682765960693 0.36643335223197937
v 3.822455644607544 5.3282670974731445 0.3048674464225769
v 3.813110589981079 5.317888259887695 0.24141964316368103
v 3.808410406112671 5.312668323516846 0.17683380842208862
v 3.808410406112671 5.312668323516846 0.11186710745096207
v 3.813110589981079 5.317888259887695 0.047281257808208466
v 3.822455644607544 5.3282670974731445 -0.016166552901268005
v 3.8363358974456787 5.343682765960693 -0.07773244380950928
v 3.8545889854431152 5.363954544067383 -0.13669462502002716
v 3.8770008087158203 5.388845443725586 -0.19236178696155548
v 3.903308391571045 5.418063163757324 -0.2440813034772873
v 3.93320369720459 5.45126485824585 -0.29124683141708374
v 3.9663357734680176 5.488061904907227 -0.33330535888671875
v 4.002316474914551 5.528022289276123 -0.3697638511657715
v 4.04072380065918 5.570678234100342 -0.40019476413726807
v 4.081107139587402 5.6155290603637695 -0.42424142360687256
v 4.1229939460754395 5.662048816680908 -0.4416218400001526
v 4.165892601013184 5.709692478179932 -0.45213228464126587
v 4.176864147186279 5.701720714569092 0.7408332228660583
v 4.144808769226074 5.6461992263793945 0.7303227782249451
v 4.113509654998779 5.591987133026123 0.712942361831665
v 4.083333492279053 5.53972053527832 0.6888957023620605
v 4.054634094238281 5.490011692047119 0.658464789390564
v 4.027747631072998 5.443443298339844 0.6220062971115112
v 4.002990245819092 5.400562286376953 0.5799477696418762
v 3.980651378631592 5.361870288848877 0.5327821969985962
v 3.9609932899475098 5.327821254730225 0.48106271028518677
v 3.944246530532837 5.29881477355957 0.42539554834365845
v 3.9306070804595947 5.275190830230713 0.36643335223197937
v 3.9202351570129395 5.25722599029541 0.3048674464225769
v 3.913252115249634 5.245131015777588 0.24141964316368103
v 3.9097399711608887 5.239048004150391 0.17683380842208862
v 3.9097399711608887 5.239048004150391 0.11186710745096207
v 3.913252115249634 5.245131015777588 0.047281257808208466
v 3.9202351570129395 5.25722599029541 -0.016166552901268005
v 3.9306070804595947 5.275190830230713 -0.07773244380950928
v 3.944246530532837 5.29881477355957 -0.13669462502002716
v 3.9609932899475098 5.327821254730225 -0.19236178696155548
v 3.980651378631592 5.361870288848877 -0.2440813034772873
v 4.002990245819092 5.400562286376953 -0.29124683141708374
v 4.027747631072998 5.443443298339844 -0.33330535888671875
v 4.054634094238281 5.490011692047119 -0.3697638511657715
v 4.083333492279053 5.53972053527832 -0.40019476413726807
v 4.113509654998779 5.591987133026123 -0.42424142360687256
v 4.144808769226074 5.6461992263793945 -0.4416218400001526
v 4.176864147186279 5.701720714569092 -0.45213228464126587
v 4.189253807067871 5.696204662322998 0.7408332228660583
v 4.169442176818848 5.635231971740723 0.7303227782249451
v 4.1500983238220215 5.57569694519043 0.712942361831665
v 4.131448268890381 5.518298149108887 0.6888957023620605
v 4.113710880279541 5.463708877563477 0.658464789390564
v 4.097094535827637 5.412568092346191 0.6220062971115112
v 4.081793785095215 5.365476608276367 0.5799477696418762
v 4.067987442016602 5.322985649108887 0.5327821969985962
v 4.055838108062744 5.2855939865112305 0.48106271028518677
v 4.045487880706787 5.253739356994629 0.42539554834365845
v 4.037058353424072 5.227795600891113 0.36643335223197937
v 4.030648231506348 5.208066940307617 0.3048674464225769
v 4.026332378387451 5.194784641265869 0.24141964316368103
v 4.0241618156433105 5.188104152679443 0.17683380842208862
v 4.0241618156433105 5.188104152679443 0.11186710745096207
v 4.026332378387451 5.194784641265869 0.047281257808208466
v 4.030648231506348 5.208066940307617 -0.016166552901268005
v 4.037058353424072 5.227795600891113 -0.07773244380950928
v 4.045487880706787 5.253739356994629 -0.13669462502002716
v 4.055838108062744 5.2855939865112305 -0.19236178696155548
v 4.067987442016602 5.322985649108887 -0.2440813034772873
v 4.081793785095215 5.365476608276367 -0.29124683141708374
v 4.097094535827637 5.412568092346191 -0.33330535888671875
v 4.113710880279541 5.463708877563477 -0.3697638511657715
v 4.131448268890381 5.518298149108887 -0.40019476413726807
v 4.1500983238220215 5.57569694519043 -0.42424142360687256
v 4.169442176818848 5.635231971740723 -0.4416218400001526
v 4.189253807067871 5.696204662322998 -0.45213228464126587
v 4.202518939971924 5.693385124206543 0.7408332228660583
v 4.195817947387695 5.62962532043457 0.7303227782249451
v 4.189274311065674 5.5673699378967285 0.712942361831665
v 4.1829657554626465 5.50734806060791 0.6888957023620605
v 4.176966190338135 5.450263500213623 0.658464789390564
v 4.171345233917236 5.396785736083984 0.6220062971115112
v 4.1661696434021 5.347541809082031 0.5799477696418762
v 4.161499500274658 5.303109169006348 0.5327821969985962
v 4.1573896408081055 5.264008522033691 0.48106271028518677
v 4.153888702392578 5.230698108673096 0.42539554834365845
v 4.151037216186523 5.203568458557129 0.36643335223197937
v 4.148869037628174 5.182938098907471 0.3048674464225769
v 4.147408962249756 5.16904878616333 0.24141964316368103
v 4.146675109863281 5.162063121795654 0.17683380842208862
v 4.146675109863281 5.162063121795654 0.11186710745096207
v 4.147408962249756 5.16904878616333 0.047281257808208466
v 4.148869037628174 5.182938098907471 -0.016166552901268005
v 4.151037216186523 5.203568458557129 -0.07773244380950928
v 4.153888702392578 5.230698108673096 -0.13669462502002716
v 4.1573896408081055 5.264008522033691 -0.19236178696155548
v 4.161499500274658 5.303109169006348 -0.2440813034772873
v 4.1661696434021 5.347541809082031 -0.29124683141708374
v 4.171345233917236 5.396785736083984 -0.33330535888671875
v 4.176966190338135 5.450263500213623 -0.3697638511657715
v 4.1829657554626465 5.50734806060791 -0.40019476413726807
v 4.189274311065674 5.5673699378967285 -0.42424142360687256
v 4.195817947387695 5.62962532043457 -0.4416218400001526
v 4.202518939971924 5.693385124206543 -0.45213228464126587
v 4.216081142425537 5.693385124206543 0.7408332228660583
v 4.222782135009766 5.62962532043457 0.7303227782249451
v 4.229325771331787 5.5673699378967285 0.712942361831665
v 4.2356343269348145 5.50734806060791 0.6888957023620605
v 4.241633892059326 5.450263500213623 0.658464789390564
v 4.247254848480225 5.396785736083984 0.6220062971115112
v 4.252430438995361 5.347541809082031 0.5799477696418762
v 4.257100582122803 5.303109169006348 0.5327821969985962
v 4.2612104415893555 5.264008522033691 0.48106271028518677
v 4.264711380004883 5.230698108673096 0.42539554834365845
v 4.2675628662109375 5.203568458557129 0.36643335223197937
v 4.269731044769287 5.182938098907471 0.3048674464225769
v 4.271191120147705 5.16904878616333 0.24141964316368103
v 4.27192497253418 5.162063121795654 0.17683380842208862
v 4.27192497253418 5.162063121795654 0.11186710745096207
v 4.271191120147705 5.16904878616333 0.047281257808208466
v 4.269731044769287 5.182938098907471 -0.016166552901268005
v 4.2675628662109375 5.203568458557129 -0.07773244380950928
v 4.264711380004883 5.230698108673096 -0.13669462502002716
v 4.2612104415893555 5.264008522033691 -0.19236178696155548
v 4.257100582122803 5.303109169006348 -0.2440813034772873
v 4.252430438995361 5.347541809082031 -0.29124683141708374
v 4.247254848480225 5.396785736083984 -0.33330535888671875
v 4.241633892059326 5.450263500213623 -0.3697638511657715
v 4.2356343269348145 5.50734806060791 -0.40019476413726807
v 4.229325771331787 5.5673699378967285 -0.42424142360687256
v 4.222782135009766 5.62962532043457 -0.4416218400001526
v 4.216081142425537 5.693385124206543 -0.45213228464126587
v 4.22934627532959 5.696204662322998 0.7408332228660583
v 4.249157905578613 5.635231971740723 0.7303227782249451
v 4.2685017585754395 5.57569694519043 0.712942361831665
v 4.28715181350708 5.518298149108887 0.6888957023620605
v 4.30488920211792 5.463708877563477 0.658464789390564
v 4.321505546569824 5.412568092346191 0.6220062971115112
v 4.336806297302246 5.365476608276367 0.5799477696418762
v 4.350612640380859 5.322985649108887 0.5327821969985962
v 4.362761974334717 5.2855939865112305 0.48106271028518677
v 4.373112201690674 5.253739356994629 0.42539554834365845
v 4.381541728973389 5.227795600891113 0.36643335223197937
v 4.387951850891113 5.208066940307617 0.3048674464225769
v 4.39226770401001 5.194784641265869 0.24141964316368103
v 4.39443826675415 5.188104152679443 0.17683380842208862
v 4.39443826675415 5.188104152679443 0.11186710745096207
v 4.39226770401001 5.194784641265869 0.047281257808208466
v 4.387951850891113 5.208066940307617 -0.016166552901268005
v 4.381541728973389 5.227795600891113 -0.07773244380950928
v 4.373112201690674 5.253739356994629 -0.13669462502002716
v 4.362761974334717 5.2855939865112305 -0.19236178696155548
v 4.350612640380859 5.322985649108887 -0.2440813034772873
v 4.336806297302246 5.365476608276367 -0.29124683141708374
v 4.321505546569824 5.412568092346191 -0.33330535888671875
v 4.30488920211792 5.463708877563477 -0.3697638511657715
v 4.28715181350708 5.518298149108887 -0.40019476413726807
v 4.2685017585754395 5.57569694519043 -0.42424142360687256
v 4.249157905578613 5.635231971740723 -0.4416218400001526
v 4.22934627532959 5.696204662322998 -0.45213228464126587
v 4.241735935211182 5.701720714569092 0.7408332228660583
v 4.273791313171387 5.6461992263793945 0.7303227782249451
v 4.305090427398682 5.591987133026123 0.712942361831665
v 4.335266590118408 5.53972053527832 0.6888957023620605
v 4.36396598815918 5.490011692047119 0.658464789390564
v 4.390852451324463 5.443443298339844 0.6220062971115112
v 4.415609836578369 5.400562286376953 0.5799477696418762
v 4.437948703765869 5.361870288848877 0.5327821969985962
v 4.457606792449951 5.327821254730225 0.48106271028518677
v 4.474353790283203 5.29881477355957 0.42539554834365845
v 4.487993240356445 5.275190830230713 0.36643335223197937
v 4.4983649253845215 5.25722599029541 0.3048674464225769
v 4.505348205566406 5.245131015777588 0.24141964316368103
v 4.508860111236572 5.239048004150391 0.17683380842208862
v 4.508860111236572 5.239048004150391 0.11186710745096207
v 4.505348205566406 5.245131015777588 0.047281257808208466
v 4.4983649253845215 5.25722599029541 -0.016166552901268005
v 4.487993240356445 5.275190830230713 -0.07773244380950928
v 4.474353790283203 5.29881477355957 -0.13669462502002716
v 4.457606792449951 5.327821254730225 -0.19236178696155548
v 4.437948703765869 5.361870288848877 -0.2440813034772873
v 4.415609836578369 5.400562286376953 -0.29124683141708374
v 4.390852451324463 5.443443298339844 -0.33330535888671875
v 4.36396598815918 5.490011692047119 -0.3697638511657715
v 4.335266590118408 5.53972053527832 -0.40019476413726807
v 4.305090427398682 5.591987133026123 -0.42424142360687256
v 4.273791313171387 5.6461992263793945 -0.4416218400001526
v 4.241735935211182 5.701720714569092 -0.45213228464126587
v 4.252707481384277 5.709692478179932 0.7408332228660583
v 4.2956061363220215 5.662048816680908 0.7303227782249451
v 4.337492942810059 5.6155290603637695 0.712942361831665
v 4.377876281738281 5.570678234100342 0.6888957023620605
v 4.41628360748291 5.528022289276123 0.658464789390564
v 4.452264308929443 5.488061904907227 0.6220062971115112
v 4.485396385192871 5.45126485824585 0.5799477696418762
v 4.515291690826416 5.418063163757324 0.5327821969985962
v 4.541599273681641 5.388845443725586 0.48106271028518677
v 4.564011096954346 5.363954544067383 0.42539554834365845
v 4.582263946533203 5.343682765960693 0.36643335223197937
v 4.596144676208496 5.3282670974731445 0.3048674464225769
v 4.605489730834961 5.317888259887695 0.24141964316368103
v 4.610189437866211 5.312668323516846 0.17683380842208862
v 4.610189437866211 5.312668323516846 0.11186710745096207
v 4.605489730834961 5.317888259887695 0.047281257808208466
v 4.596144676208496 5.3282670974731445 -0.016166552901268005
v 4.582263946533203 5.343682765960693 -0.07773244380950928
v 4.564011096954346 5.363954544067383 -0.13669462502002716
v 4.541599273681641 5.388845443725586 -0.19236178696155548
v 4.515291690826416 5.418063163757324 -0.2440813034772873
v 4.485396385192871 5.45126485824585 -0.29124683141708374
v 4.452264308929443 5.488061904907227 -0.33330535888671875
v 4.41628360748291 5.528022289276123 -0.3697638511657715
v 4.377876281738281 5.570678234100342 -0.40019476413726807
v 4.337492942810059 5.6155290603637695 -0.42424142360687256
v 4.2956061363220215 5.662048816680908 -0.4416218400001526
v 4.252707481384277 5.709692478179932 -0.45213228464126587
v 4.261782169342041 5.719770908355713 0.7408332228660583
v 4.313648700714111 5.682087421417236 0.7303227782249451
v 4.364292144775391 5.64529275894165 0.712942361831665
v 4.413118362426758 5.609818458557129 0.6888957023620605
v 4.459555149078369 5.576080322265625 0.658464789390564
v 4.503057956695557 5.544473648071289 0.6220062971115112
v 4.543116569519043 5.515369415283203 0.5799477696418762
v 4.579261302947998 5.489108562469482 0.5327821969985962
v 4.6110687255859375 5.465999126434326 0.48106271028518677
v 4.6381659507751465 5.446311950683594 0.42539554834365845
v 4.6602349281311035 5.4302778244018555 0.36643335223197937
v 4.6770172119140625 5.418085098266602 0.3048674464225769
v 4.6883158683776855 5.409875869750977 0.24141964316368103
v 4.693998336791992 5.405747413635254 0.17683380842208862
v 4.693998336791992 5.405747413635254 0.11186710745096207
v 4.6883158683776855 5.409875869750977 0.047281257808208466
v 4.6770172119140625 5.418085098266602 -0.016166552901268005
v 4.6602349281311035 5.4302778244018555 -0.07773244380950928
v 4.6381659507751465 5.446311950683594 -0.13669462502002716
v 4.6110687255859375 5.465999126434326 -0.19236178696155548
v 4.579261302947998 5.489108562469482 -0.2440813034772873
v 4.543116569519043 5.515369415283203 -0.29124683141708374
v 4.503057956695557 5.544473648071289 -0.33330535888671875
v 4.459555149078369 5.576080322265625 -0.3697638511657715
v 4.413118362426758 5.609818458557129 -0.40019476413726807
v 4.364292144775391 5.64529275894165 -0.42424142360687256
v 4.313648700714111 5.682087421417236 -0.4416218400001526
v 4.261782169342041 5.719770908355713 -0.45213228464126587
v 4.2685627937316895 5.731515407562256 0.7408332228660583
v 4.327131271362305 5.705439567565918 0.7303227782249451
v 4.384317874908447 5.679978370666504 0.712942361831665
v 4.439452648162842 5.655430793762207 0.6888957023620605
v 4.491888999938965 5.632084369659424 0.658464789390564
v 4.541012763977051 5.610213279724121 0.6220062971115112
v 4.586246967315674 5.590073585510254 0.5799477696418762
v 4.62706184387207 5.571901798248291 0.5327821969985962
v 4.6629791259765625 5.555910110473633 0.48106271028518677
v 4.693577289581299 5.542287349700928 0.42539554834365845
v 4.718497276306152 5.531191825866699 0.36643335223197937
v 4.737448215484619 5.522754669189453 0.3048674464225769
v 4.750206470489502 5.517074108123779 0.24141964316368103
v 4.756623268127441 5.514216899871826 0.17683380842208862
v 4.756623268127441 5.514216899871826 0.11186710745096207
v 4.750206470489502 5.517074108123779 0.047281257808208466
v 4.737448215484619 5.522754669189453 -0.016166552901268005
v 4.718497276306152 5.531191825866699 -0.07773244380950928
v 4.693577289581299 5.542287349700928 -0.13669462502002716
v 4.6629791259765625 5.555910110473633 -0.19236178696155548
v 4.62706184387207 5.571901798248291 -0.2440813034772873
v 4.586246967315674 5.590073585510254 -0.29124683141708374
v 4.541012763977051 5.610213279724121 -0.33330535888671875
v 4.491888999938965 5.632084369659424 -0.3697638511657715
v 4.439452648162842 5.655430793762207 -0.40019476413726807
v 4.384317874908447 5.679978370666504 -0.42424142360687256
v 4.327131271362305 5.705439567565918 -0.4416218400001526
v 4.2685627937316895 5.731515407562256 -0.45213228464126587
v 4.272753715515137 5.74441385269165 0.7408332228660583
v 4.335463523864746 5.73108434677124 0.7303227782249451
v 4.396694660186768 5.718069076538086 0.712942361831665
v 4.455728054046631 5.705521106719971 0.6888957023620605
v 4.5118727684021 5.693587303161621 0.658464789390564
v 4.564469814300537 5.682407379150391 0.6220062971115112
v 4.612903118133545 5.672112941741943 0.5799477696418762
v 4.656604290008545 5.662823677062988 0.5327821969985962
v 4.695061206817627 5.654649257659912 0.48106271028518677
v 4.727823257446289 5.647685527801514 0.42539554834365845
v 4.7545061111450195 5.642014026641846 0.36643335223197937
v 4.774796485900879 5.637701034545898 0.3048674464225769
v 4.78845739364624 5.6347975730896 0.24141964316368103
v 4.795328140258789 5.633337020874023 0.17683380842208862
v 4.795328140258789 5.633337020874023 0.11186710745096207
v 4.78845739364624 5.6347975730896 0.047281257808208466
v 4.774796485900879 5.637701034545898 -0.016166552901268005
v 4.7545061111450195 5.642014026641846 -0.07773244380950928
v 4.727823257446289 5.647685527801514 -0.13669462502002716
v 4.695061206817627 5.654649257659912 -0.19236178696155548
v 4.656604290008545 5.662823677062988 -0.2440813034772873
v 4.612903118133545 5.672112941741943 -0.29124683141708374
v 4.564469814300537 5.682407379150391 -0.33330535888671875
v 4.5118727684021 5.693587303161621 -0.3697638511657715
v 4.455728054046631 5.705521106719971 -0.40019476413726807
v 4.396694660186768 5.718069076538086 -0.42424142360687256
v 4.335463523864746 5.73108434677124 -0.4416218400001526
v 4.272753715515137 5.74441385269165 -0.45213228464126587
v 1.9860074520111084 -7.645810604095459 -6.876993656158447
v 1.9860074520111084 -7.645810604095459 -8.076993942260742
v 2.0508787631988525 -7.645810604095459 -6.8805108070373535
v 2.114989757537842 -7.645810604095459 -6.891021251678467
v 2.17758846282959 -7.645810604095459 -6.9084014892578125
v 2.237940788269043 -7.645810604095459 -6.932448387145996
v 2.295339822769165 -7.645810604095459 -6.962879180908203
v 2.349112033843994 -7.645810604095459 -6.999337673187256
v 2.3986270427703857 -7.645810604095459 -7.041396141052246
v 2.4433047771453857 -7.645810604095459 -7.08856201171875
v 2.48262095451355 -7.645810604095459 -7.1402812004089355
v 2.5161147117614746 -7.645810604095459 -7.195948600769043
v 2.543393611907959 -7.645810604095459 -7.254910469055176
v 2.5641374588012695 -7.645810604095459 -7.316476345062256
v 2.5781033039093018 -7.645810604095459 -7.379924297332764
v 2.585127353668213 -7.645810604095459 -7.444509983062744
v 2.585127353668213 -7.645810604095459 -7.509477138519287
v 2.5781033039093018 -7.645810604095459 -7.574062824249268
v 2.5641374588012695 -7.645810604095459 -7.637510776519775
v 2.543393611907959 -7.645810604095459 -7.6990766525268555
v 2.5161147117614746 -7.645810604095459 -7.758038520812988
v 2.48262095451355 -7.645810604095459 -7.813705921173096
v 2.4433047771453857 -7.645810604095459 -7.865425109863281
v 2.3986270427703857 -7.645810604095459 -7.912590980529785
v 2.349112033843994 -7.645810604095459 -7.954649448394775
v 2.295339822769165 -7.645810604095459 -7.991107940673828
v 2.237940788269043 -7.645810604095459 -8.021538734436035
v 2.17758846282959 -7.645810604095459 -8.045585632324219
v 2.114989757537842 -7.645810604095459 -8.062965393066406
v 2.0508787631988525 -7.645810604095459 -8.073476791381836
v 2.0494613647460938 -7.632323265075684 -6.8805108070373535
v 2.112171173095703 -7.618993759155273 -6.891021251678467
v 2.1734018325805664 -7.605978488922119 -6.9084014892578125
v 2.232435464859009 -7.593430519104004 -6.932448387145996
v 2.2885801792144775 -7.581496715545654 -6.962879180908203
v 2.341177225112915 -7.570316791534424 -6.999337673187256
v 2.3896102905273438 -7.560022354125977 -7.041396141052246
v 2.433311700820923 -7.5507330894470215 -7.08856201171875
v 2.471768617630005 -7.542558670043945 -7.1402812004089355
v 2.504530429840088 -7.535594940185547 -7.195948600769043
v 2.5312132835388184 -7.529923439025879 -7.254910469055176
v 2.551503896713257 -7.525610446929932 -7.316476345062256
v 2.565164566040039 -7.522706985473633 -7.379924297332764
v 2.572035312652588 -7.521246433258057 -7.444509983062744
v 2.572035312652588 -7.521246433258057 -7.509477138519287
v 2.565164566040039 -7.522706985473633 -7.574062824249268
v 2.551503896713257 -7.525610446929932 -7.637510776519775
v 2.5312132835388184 -7.529923439025879 -7.6990766525268555
v 2.504530429840088 -7.535594940185547 -7.758038520812988
v 2.471768617630005 -7.542558670043945 -7.813705921173096
v 2.433311700820923 -7.5507330894470215 -7.865425109863281
v 2.3896102905273438 -7.560022354125977 -7.912590980529785
v 2.341177225112915 -7.570316791534424 -7.954649448394775
v 2.2885801792144775 -7.581496715545654 -7.991107940673828
v 2.232435464859009 -7.593430519104004 -8.021538734436035
v 2.1734018325805664 -7.605978488922119 -8.045585632324219
v 2.112171173095703 -7.618993759155273 -8.062965393066406
v 2.0494613647460938 -7.632323265075684 -8.073476791381836
v 2.0452704429626465 -7.619424819946289 -6.8805108070373535
v 2.1038386821746826 -7.593348979949951 -6.891021251678467
v 2.161025285720825 -7.567887783050537 -6.9084014892578125
v 2.2161600589752197 -7.54334020614624 -6.932448387145996
v 2.268596649169922 -7.519993782043457 -6.962879180908203
v 2.3177199363708496 -7.498122692108154 -6.999337673187256
v 2.3629543781280518 -7.477982997894287 -7.041396141052246
v 2.4037692546844482 -7.459811210632324 -7.08856201171875
v 2.4396862983703613 -7.443819522857666 -7.1402812004089355
v 2.4702844619750977 -7.430196762084961 -7.195948600769043
v 2.4952049255371094 -7.419101238250732 -7.254910469055176
v 2.514155387878418 -7.410664081573486 -7.316476345062256
v 2.526914119720459 -7.4049835205078125 -7.379924297332764
v 2.5333309173583984 -7.402126312255859 -7.444509983062744
v 2.5333309173583984 -7.402126312255859 -7.509477138519287
v 2.526914119720459 -7.4049835205078125 -7.574062824249268
v 2.514155387878418 -7.410664081573486 -7.637510776519775
v 2.4952049255371094 -7.419101238250732 -7.6990766525268555
v 2.4702844619750977 -7.430196762084961 -7.758038520812988
v 2.4396862983703613 -7.443819522857666 -7.813705921173096
v 2.4037692546844482 -7.459811210632324 -7.865425109863281
v 2.3629543781280518 -7.477982997894287 -7.912590980529785
v 2.3177199363708496 -7.498122692108154 -7.954649448394775
v 2.268596649169922 -7.519993782043457 -7.991107940673828
v 2.2161600589752197 -7.54334020614624 -8.021538734436035
v 2.161025285720825 -7.567887783050537 -8.045585632324219
v 2.1038386821746826 -7.593348979949951 -8.062965393066406
v 2.0452704429626465 -7.619424819946289 -8.073476791381836
v 2.038489580154419 -7.607680320739746 -6.8805108070373535
v 2.0903563499450684 -7.5699968338012695 -6.891021251678467
v 2.1409997940063477 -7.533202171325684 -6.9084014892578125
v 2.189826011657715 -7.497727870941162 -6.932448387145996
v 2.236262559890747 -7.463989734649658 -6.962879180908203
v 2.2797651290893555 -7.432383060455322 -6.999337673187256
v 2.319823741912842 -7.403278827667236 -7.041396141052246
v 2.355968713760376 -7.377017974853516 -7.08856201171875
v 2.3877761363983154 -7.353908538818359 -7.1402812004089355
v 2.4148731231689453 -7.334221363067627 -7.195948600769043
v 2.4369421005249023 -7.318187236785889 -7.254910469055176
v 2.4537243843078613 -7.305994510650635 -7.316476345062256
v 2.4650230407714844 -7.29778528213501 -7.379924297332764
v 2.47070574760437 -7.293656826019287 -7.444509983062744
v 2.47070574760437 -7.293656826019287 -7.509477138519287
v 2.4650230407714844 -7.29778528213501 -7.574062824249268
v 2.4537243843078613 -7.305994510650635 -7.637510776519775
v 2.4369421005249023 -7.318187236785889 -7.6990766525268555
v 2.4148731231689453 -7.334221363067627 -7.758038520812988
v 2.3877761363983154 -7.353908538818359 -7.813705921173096
v 2.355968713760376 -7.377017974853516 -7.865425109863281
v 2.319823741912842 -7.403278827667236 -7.912590980529785
v 2.2797651290893555 -7.432383060455322 -7.954649448394775
v 2.236262559890747 -7.463989734649658 -7.991107940673828
v 2.189826011657715 -7.497727870941162 -8.021538734436035
v 2.1409997940063477 -7.533202171325684 -8.045585632324219
v 2.0903563499450684 -7.5699968338012695 -8.062965393066406
v 2.038489580154419 -7.607680320739746 -8.073476791381836
v 2.0294148921966553 -7.597601890563965 -6.8805108070373535
v 2.0723135471343994 -7.549958229064941 -6.891021251678467
v 2.1142001152038574 -7.5034379959106445 -6.9084014892578125
v 2.1545839309692383 -7.458587646484375 -6.932448387145996
v 2.192991256713867 -7.415931701660156 -6.962879180908203
v 2.2289717197418213 -7.37597131729126 -6.999337673187256
v 2.262104034423828 -7.339174270629883 -7.041396141052246
v 2.291999101638794 -7.305972576141357 -7.08856201171875
v 2.3183066844940186 -7.276754856109619 -7.1402812004089355
v 2.3407185077667236 -7.251863956451416 -7.195948600769043
v 2.35897159576416 -7.231592178344727 -7.254910469055176
v 2.372851848602295 -7.216176509857178 -7.316476345062256
v 2.3821969032287598 -7.2057976722717285 -7.379924297332764
v 2.386897087097168 -7.200577735900879 -7.444509983062744
v 2.386897087097168 -7.200577735900879 -7.509477138519287
v 2.3821969032287598 -7.2057976722717285 -7.574062824249268
v 2.372851848602295 -7.216176509857178 -7.637510776519775
v 2.35897159576416 -7.231592178344727 -7.6990766525268555
v 2.3407185077667236 -7.251863956451416 -7.758038520812988
v 2.3183066844940186 -7.276754856109619 -7.813705921173096
v 2.291999101638794 -7.305972576141357 -7.865425109863281
v 2.262104034423828 -7.339174270629883 -7.912590980529785
v 2.2289717197418213 -7.37597131729126 -7.954649448394775
v 2.192991256713867 -7.415931701660156 -7.991107940673828
v 2.1545839309692383 -7.458587646484375 -8.021538734436035
v 2.1142001152038574 -7.5034379959106445 -8.045585632324219
v 2.0723135471343994 -7.549958229064941 -8.062965393066406
v 2.0294148921966553 -7.597601890563965 -8.073476791381836
v 2.0184431076049805 -7.589630126953125 -6.8805108070373535
v 2.0504984855651855 -7.534108638763428 -6.891021251678467
v 2.0817978382110596 -7.479896545410156 -6.9084014892578125
v 2.1119742393493652 -7.4276299476623535 -6.932448387145996
v 2.1406736373901367 -7.377921104431152 -6.962879180908203
v 2.1675596237182617 -7.331352710723877 -6.999337673187256
v 2.192317247390747 -7.288471698760986 -7.041396141052246
v 2.214656114578247 -7.24977970123291 -7.08856201171875
v 2.234314203262329 -7.215730667114258 -7.1402812004089355
v 2.251060962677002 -7.1867241859436035 -7.195948600769043
v 2.264700412750244 -7.163100242614746 -7.254910469055176
v 2.2750725746154785 -7.145135402679443 -7.316476345062256
v 2.282055377960205 -7.133040428161621 -7.379924297332764
v 2.28556752204895 -7.126957416534424 -7.444509983062744
v 2.28556752204895 -7.126957416534424 -7.509477138519287
v 2.282055377960205 -7.133040428161621 -7.574062824249268
v 2.2750725746154785 -7.145135402679443 -7.637510776519775
v 2.264700412750244 -7.163100242614746 -7.6990766525268555
v 2.251060962677002 -7.1867241859436035 -7.758038520812988
v 2.234314203262329 -7.215730667114258 -7.813705921173096
v 2.214656114578247 -7.24977970123291 -7.865425109863281
v 2.192317247390747 -7.288471698760986 -7.912590980529785
v 2.1675596237182617 -7.331352710723877 -7.954649448394775
v 2.1406736373901367 -7.377921104431152 -7.991107940673828
v 2.1119742393493652 -7.4276299476623535 -8.021538734436035
v 2.0817978382110596 -7.479896545410156 -8.045585632324219
v 2.0504984855651855 -7.534108638763428 -8.062965393066406
v 2.0184431076049805 -7.589630126953125 -8.073476791381836
v 2.006053924560547 -7.584114074707031 -6.8805108070373535
v 2.025865077972412 -7.523141384124756 -6.891021251678467
v 2.0452091693878174 -7.463606357574463 -6.9084014892578125
v 2.063859224319458 -7.40620756149292 -6.932448387145996
v 2.0815963745117188 -7.35161828994751 -6.962879180908203
v 2.098212957382202 -7.300477504730225 -6.999337673187256
v 2.113513946533203 -7.2533860206604 -7.041396141052246
v 2.1273200511932373 -7.21089506149292 -7.08856201171875
v 2.1394693851470947 -7.173503398895264 -7.1402812004089355
v 2.1498196125030518 -7.141648769378662 -7.195948600769043
v 2.1582491397857666 -7.1157050132751465 -7.254910469055176
v 2.1646595001220703 -7.09597635269165 -7.316476345062256
v 2.1689751148223877 -7.082694053649902 -7.379924297332764
v 2.1711456775665283 -7.076013565063477 -7.444509983062744
v 2.1711456775665283 -7.076013565063477 -7.509477138519287
v 2.1689751148223877 -7.082694053649902 -7.574062824249268
v 2.1646595001220703 -7.09597635269165 -7.637510776519775
v 2.1582491397857666 -7.1157050132751465 -7.6990766525268555
v 2.1498196125030518 -7.141648769378662 -7.758038520812988
v 2.1394693851470947 -7.173503398895264 -7.813705921173096
v 2.1273200511932373 -7.21089506149292 -7.865425109863281
v 2.113513946533203 -7.2533860206604 -7.912590980529785
v 2.098212957382202 -7.300477504730225 -7.954649448394775
v 2.0815963745117188 -7.35161828994751 -7.991107940673828
v 2.063859224319458 -7.40620756149292 -8.021538734436035
v 2.0452091693878174 -7.463606357574463 -8.045585632324219
v 2.025865077972412 -7.523141384124756 -8.062965393066406
v 2.006053924560547 -7.584114074707031 -8.073476791381836
v 1.992788314819336 -7.581294536590576 -6.8805108070373535
v 1.9994897842407227 -7.5175347328186035 -6.891021251678467
v 2.006033182144165 -7.455279350280762 -6.9084014892578125
v 2.0123417377471924 -7.395257472991943 -6.932448387145996
v 2.018341541290283 -7.338172912597656 -6.962879180908203
v 2.0239622592926025 -7.284695148468018 -6.999337673187256
v 2.0291378498077393 -7.2354512214660645 -7.041396141052246
v 2.0338079929351807 -7.191018581390381 -7.08856201171875
v 2.0379176139831543 -7.151917457580566 -7.1402812004089355
v 2.0414187908172607 -7.118607521057129 -7.195948600769043
v 2.0442700386047363 -7.091477870941162 -7.254910469055176
v 2.046438455581665 -7.070847511291504 -7.316476345062256
v 2.047898292541504 -7.056958198547363 -7.379924297332764
v 2.0486326217651367 -7.0499725341796875 -7.444509983062744
v 2.0486326217651367 -7.0499725341796875 -7.509477138519287
v 2.047898292541504 -7.056958198547363 -7.574062824249268
v 2.046438455581665 -7.070847511291504 -7.637510776519775
v 2.0442700386047363 -7.091477870941162 -7.6990766525268555
v 2.0414187908172607 -7.118607521057129 -7.758038520812988
v 2.0379176139831543 -7.151917457580566 -7.813705921173096
v 2.0338079929351807 -7.191018581390381 -7.865425109863281
v 2.0291378498077393 -7.2354512214660645 -7.912590980529785
v 2.0239622592926025 -7.284695148468018 -7.954649448394775
v 2.018341541290283 -7.338172912597656 -7.991107940673828
v 2.0123417377471924 -7.395257472991943 -8.021538734436035
v 2.006033182144165 -7.455279350280762 -8.045585632324219
v 1.9994897842407227 -7.5175347328186035 -8.062965393066406
v 1.992788314819336 -7.581294536590576 -8.073476791381836
v 1.9792265892028809 -7.581294536590576 -6.8805108070373535
v 1.9725251197814941 -7.5175347328186035 -6.891021251678467
v 1.9659818410873413 -7.455279350280762 -6.9084014892578125
v 1.959673285484314 -7.395257472991943 -6.932448387145996
v 1.9536733627319336 -7.338172912597656 -6.962879180908203
v 1.9480526447296143 -7.284695148468018 -6.999337673187256
v 1.942876935005188 -7.2354512214660645 -7.041396141052246
v 1.9382069110870361 -7.191018581390381 -7.08856201171875
v 1.934097170829773 -7.151917457580566 -7.1402812004089355
v 1.930596113204956 -7.118607521057129 -7.195948600769043
v 1.927744746208191 -7.091477870941162 -7.254910469055176
v 1.9255764484405518 -7.070847511291504 -7.316476345062256
v 1.924116611480713 -7.056958198547363 -7.379924297332764
v 1.9233824014663696 -7.0499725341796875 -7.444509983062744
v 1.9233824014663696 -7.0499725341796875 -7.509477138519287
v 1.924116611480713 -7.056958198547363 -7.574062824249268
v 1.9255764484405518 -7.070847511291504 -7.637510776519775
v 1.927744746208191 -7.091477870941162 -7.6990766525268555
v 1.930596113204956 -7.118607521057129 -7.758038520812988
v 1.934097170829773 -7.151917457580566 -7.813705921173096
v 1.9382069110870361 -7.191018581390381 -7.865425109863281
v 1.942876935005188 -7.2354512214660645 -7.912590980529785
v 1.9480526447296143 -7.284695148468018 -7.954649448394775
v 1.9536733627319336 -7.338172912597656 -7.991107940673828
v 1.959673285484314 -7.395257472991943 -8.021538734436035
v 1.9659818410873413 -7.455279350280762 -8.045585632324219
v 1.9725251197814941 -7.5175347328186035 -8.062965393066406
v 1.9792265892028809 -7.581294536590576 -8.073476791381836
v 1.9659610986709595 -7.584114074707031 -6.8805108070373535
v 1.9461497068405151 -7.523141384124756 -6.891021251678467
v 1.9268057346343994 -7.463606357574463 -6.9084014892578125
v 1.9081556797027588 -7.40620756149292 -6.932448387145996
v 1.890418529510498 -7.35161828994751 -6.962879180908203
v 1.8738019466400146 -7.300477504730225 -6.999337673187256
v 1.8585009574890137 -7.2533860206604 -7.041396141052246
v 1.8446948528289795 -7.21089506149292 -7.08856201171875
v 1.832545518875122 -7.173503398895264 -7.1402812004089355
v 1.822195291519165 -7.141648769378662 -7.195948600769043
v 1.8137656450271606 -7.1157050132751465 -7.254910469055176
v 1.8073554039001465 -7.09597635269165 -7.316476345062256
v 1.803039789199829 -7.082694053649902 -7.379924297332764
v 1.8008692264556885 -7.076013565063477 -7.444509983062744
v 1.8008692264556885 -7.076013565063477 -7.509477138519287
v 1.803039789199829 -7.082694053649902 -7.574062824249268
v 1.8073554039001465 -7.09597635269165 -7.637510776519775
v 1.8137656450271606 -7.1157050132751465 -7.6990766525268555
v 1.822195291519165 -7.141648769378662 -7.758038520812988
v 1.832545518875122 -7.173503398895264 -7.813705921173096
v 1.8446948528289795 -7.21089506149292 -7.865425109863281
v 1.8585009574890137 -7.2533860206604 -7.912590980529785
v 1.8738019466400146 -7.300477504730225 -7.954649448394775
v 1.890418529510498 -7.35161828994751 -7.991107940673828
v 1.9081556797027588 -7.40620756149292 -8.021538734436035
v 1.9268057346343994 -7.463606357574463 -8.045585632324219
v 1.9461497068405151 -7.523141384124756 -8.062965393066406
v 1.9659610986709595 -7.584114074707031 -8.073476791381836
v 1.9535717964172363 -7.589630126953125 -6.8805108070373535
v 1.9215162992477417 -7.534108638763428 -6.891021251678467
v 1.8902169466018677 -7.479896545410156 -6.9084014892578125
v 1.8600406646728516 -7.4276299476623535 -6.932448387145996
v 1.83134126663208 -7.377921104431152 -6.962879180908203
v 1.8044551610946655 -7.331352710723877 -6.999337673187256
v 1.7796976566314697 -7.288471698760986 -7.041396141052246
v 1.7573587894439697 -7.24977970123291 -7.08856201171875
v 1.7377007007598877 -7.215730667114258 -7.1402812004089355
v 1.7209538221359253 -7.1867241859436035 -7.195948600769043
v 1.7073144912719727 -7.163100242614746 -7.254910469055176
v 1.6969424486160278 -7.145135402679443 -7.316476345062256
v 1.6899595260620117 -7.133040428161621 -7.379924297332764
v 1.6864473819732666 -7.126957416534424 -7.444509983062744
v 1.6864473819732666 -7.126957416534424 -7.509477138519287
v 1.6899595260620117 -7.133040428161621 -7.574062824249268
v 1.6969424486160278 -7.145135402679443 -7.637510776519775
v 1.7073144912719727 -7.163100242614746 -7.6990766525268555
v 1.7209538221359253 -7.1867241859436035 -7.758038520812988
v 1.7377007007598877 -7.215730667114258 -7.813705921173096
v 1.7573587894439697 -7.24977970123291 -7.865425109863281
v 1.7796976566314697 -7.288471698760986 -7.912590980529785
v 1.8044551610946655 -7.331352710723877 -7.954649448394775
v 1.83134126663208 -7.377921104431152 -7.991107940673828
v 1.8600406646728516 -7.4276299476623535 -8.021538734436035
v 1.8902169466018677 -7.479896545410156 -8.045585632324219
v 1.9215162992477417 -7.534108638763428 -8.062965393066406
v 1.9535717964172363 -7.589630126953125 -8.073476791381836
v 1.9426000118255615 -7.597601890563965 -6.8805108070373535
v 1.899701476097107 -7.549958229064941 -6.891021251678467
v 1.8578147888183594 -7.5034379959106445 -6.9084014892578125
v 1.817431092262268 -7.458587646484375 -6.932448387145996
v 1.7790237665176392 -7.415931701660156 -6.962879180908203
v 1.743043065071106 -7.37597131729126 -6.999337673187256
v 1.7099109888076782 -7.339174270629883 -7.041396141052246
v 1.6800159215927124 -7.305972576141357 -7.08856201171875
v 1.6537082195281982 -7.276754856109619 -7.1402812004089355
v 1.6312965154647827 -7.251863956451416 -7.195948600769043
v 1.6130434274673462 -7.231592178344727 -7.254910469055176
v 1.5991629362106323 -7.216176509857178 -7.316476345062256
v 1.589818000793457 -7.2057976722717285 -7.379924297332764
v 1.5851178169250488 -7.200577735900879 -7.444509983062744
v 1.5851178169250488 -7.200577735900879 -7.509477138519287
v 1.589818000793457 -7.2057976722717285 -7.574062824249268
v 1.5991629362106323 -7.216176509857178 -7.637510776519775
v 1.6130434274673462 -7.231592178344727 -7.6990766525268555
v 1.6312965154647827 -7.251863956451416 -7.758038520812988
v 1.6537082195281982 -7.276754856109619 -7.813705921173096
v 1.6800159215927124 -7.305972576141357 -7.865425109863281
v 1.7099109888076782 -7.339174270629883 -7.912590980529785
v 1.743043065071106 -7.37597131729126 -7.954649448394775
v 1.7790237665176392 -7.415931701660156 -7.991107940673828
v 1.817431092262268 -7.458587646484375 -8.021538734436035
v 1.8578147888183594 -7.5034379959106445 -8.045585632324219
v 1.899701476097107 -7.549958229064941 -8.062965393066406
v 1.9426000118255615 -7.597601890563965 -8.073476791381836
v 1.9335253238677979 -7.607680320739746 -6.8805108070373535
v 1.8816585540771484 -7.5699968338012695 -6.891021251678467
v 1.8310152292251587 -7.533202171325684 -6.9084014892578125
v 1.7821890115737915 -7.497727870941162 -6.932448387145996
v 1.7357523441314697 -7.463989734649658 -6.962879180908203
v 1.6922497749328613 -7.432383060455322 -6.999337673187256
v 1.652191162109375 -7.403278827667236 -7.041396141052246
v 1.6160461902618408 -7.377017974853516 -7.08856201171875
v 1.5842387676239014 -7.353908538818359 -7.1402812004089355
v 1.557141661643982 -7.334221363067627 -7.195948600769043
v 1.535072684288025 -7.318187236785889 -7.254910469055176
v 1.5182905197143555 -7.305994510650635 -7.316476345062256
v 1.5069918632507324 -7.29778528213501 -7.379924297332764
v 1.5013091564178467 -7.293656826019287 -7.444509983062744
v 1.5013091564178467 -7.293656826019287 -7.509477138519287
v 1.5069918632507324 -7.29778528213501 -7.574062824249268
v 1.5182905197143555 -7.305994510650635 -7.637510776519775
v 1.535072684288025 -7.318187236785889 -7.6990766525268555
v 1.557141661643982 -7.334221363067627 -7.758038520812988
v 1.5842387676239014 -7.353908538818359 -7.813705921173096
v 1.6160461902618408 -7.377017974853516 -7.865425109863281
v 1.652191162109375 -7.403278827667236 -7.912590980529785
v 1.6922497749328613 -7.432383060455322 -7.954649448394775
v 1.7357523441314697 -7.463989734649658 -7.991107940673828
v 1.7821890115737915 -7.497727870941162 -8.021538734436035
v 1.8310152292251587 -7.533202171325684 -8.045585632324219
v 1.8816585540771484 -7.5699968338012695 -8.062965393066406
v 1.9335253238677979 -7.607680320739746 -8.073476791381836
v 1.9267444610595703 -7.619424819946289 -6.8805108070373535
v 1.8681763410568237 -7.593348979949951 -6.891021251678467
v 1.8109896183013916 -7.567887783050537 -6.9084014892578125
v 1.755854845046997 -7.54334020614624 -6.932448387145996
v 1.703418254852295 -7.519993782043457 -6.962879180908203
v 1.6542949676513672 -7.498122692108154 -6.999337673187256
v 1.6090606451034546 -7.477982997894287 -7.041396141052246
v 1.5682456493377686 -7.459811210632324 -7.08856201171875
v 1.5323286056518555 -7.443819522857666 -7.1402812004089355
v 1.5017304420471191 -7.430196762084961 -7.195948600769043
v 1.4768099784851074 -7.419101238250732 -7.254910469055176
v 1.4578593969345093 -7.410664081573486 -7.316476345062256
v 1.4451009035110474 -7.4049835205078125 -7.379924297332764
v 1.4386839866638184 -7.402126312255859 -7.444509983062744
v 1.4386839866638184 -7.402126312255859 -7.509477138519287
v 1.4451009035110474 -7.4049835205078125 -7.574062824249268
v 1.4578593969345093 -7.410664081573486 -7.637510776519775
v 1.4768099784851074 -7.419101238250732 -7.6990766525268555
v 1.5017304420471191 -7.430196762084961 -7.758038520812988
v 1.5323286056518555 -7.443819522857666 -7.813705921173096
v 1.5682456493377686 -7.459811210632324 -7.865425109863281
v 1.6090606451034546 -7.477982997894287 -7.912590980529785
v 1.6542949676513672 -7.498122692108154 -7.954649448394775
v 1.703418254852295 -7.519993782043457 -7.991107940673828
v 1.755854845046997 -7.54334020614624 -8.021538734436035
v 1.8109896183013916 -7.567887783050537 -8.045585632324219
v 1.8681763410568237 -7.593348979949951 -8.062965393066406
v 1.9267444610595703 -7.619424819946289 -8.073476791381836
v 1.9225536584854126 -7.632323265075684 -6.8805108070373535
v 1.8598437309265137 -7.618993759155273 -6.891021251678467
v 1.7986130714416504 -7.605978488922119 -6.9084014892578125
v 1.7395793199539185 -7.593430519104004 -6.932448387145996
v 1.6834347248077393 -7.581496715545654 -6.962879180908203
v 1.6308376789093018 -7.570316791534424 -6.999337673187256
v 1.5824044942855835 -7.560022354125977 -7.041396141052246
v 1.538703203201294 -7.5507330894470215 -7.08856201171875
v 1.500246286392212 -7.542558670043945 -7.1402812004089355
v 1.4674843549728394 -7.535594940185547 -7.195948600769043
v 1.4408016204833984 -7.529923439025879 -7.254910469055176
v 1.42051100730896 -7.525610446929932 -7.316476345062256
v 1.4068503379821777 -7.522706985473633 -7.379924297332764
v 1.399979591369629 -7.521246433258057 -7.444509983062744
v 1.399979591369629 -7.521246433258057 -7.509477138519287
v 1.4068503379821777 -7.522706985473633 -7.574062824249268
v 1.42051100730896 -7.525610446929932 -7.637510776519775
v 1.4408016204833984 -7.529923439025879 -7.6990766525268555
v 1.4674843549728394 -7.535594940185547 -7.758038520812988
v 1.500246286392212 -7.542558670043945 -7.813705921173096
v 1.538703203201294 -7.5507330894470215 -7.865425109863281
v 1.5824044942855835 -7.560022354125977 -7.912590980529785
v 1.6308376789093018 -7.570316791534424 -7.954649448394775
v 1.6834347248077393 -7.581496715545654 -7.991107940673828
v 1.7395793199539185 -7.593430519104004 -8.021538734436035
v 1.7986130714416504 -7.605978488922119 -8.045585632324219
v 1.8598437309265137 -7.618993759155273 -8.062965393066406
v 1.9225536584854126 -7.632323265075684 -8.073476791381836
v 1.9211360216140747 -7.645810604095459 -6.8805108070373535
v 1.857025146484375 -7.645810604095459 -6.891021251678467
v 1.7944265604019165 -7.645810604095459 -6.9084014892578125
v 1.7340739965438843 -7.645810604095459 -6.932448387145996
v 1.6766750812530518 -7.645810604095459 -6.962879180908203
v 1.6229028701782227 -7.645810604095459 -6.999337673187256
v 1.5733877420425415 -7.645810604095459 -7.041396141052246
v 1.5287102460861206 -7.645810604095459 -7.08856201171875
v 1.4893940687179565 -7.645810604095459 -7.1402812004089355
v 1.4559001922607422 -7.645810604095459 -7.195948600769043
v 1.4286214113235474 -7.645810604095459 -7.254910469055176
v 1.4078774452209473 -7.645810604095459 -7.316476345062256
v 1.393911600112915 -7.645810604095459 -7.379924297332764
v 1.3868874311447144 -7.645810604095459 -7.444509983062744
v 1.3868874311447144 -7.645810604095459 -7.509477138519287
v 1.393911600112915 -7.645810604095459 -7.574062824249268
v 1.4078774452209473 -7.645810604095459 -7.637510776519775
v 1.4286214113235474 -7.645810604095459 -7.6990766525268555
v 1.4559001922607422 -7.645810604095459 -7.758038520812988
v 1.4893940687179565 -7.645810604095459 -7.813705921173096
v 1.5287102460861206 -7.645810604095459 -7.865425109863281
v 1.5733877420425415 -7.645810604095459 -7.912590980529785
v 1.6229028701782227 -7.645810604095459 -7.954649448394775
v 1.6766750812530518 -7.645810604095459 -7.991107940673828
v 1.7340739965438843 -7.645810604095459 -8.021538734436035
v 1.7944265604019165 -7.645810604095459 -8.045585632324219
v 1.857025146484375 -7.645810604095459 -8.062965393066406
v 1.9211360216140747 -7.645810604095459 -8.073476791381836
v 1.9225536584854126 -7.659297943115234 -6.8805108070373535
v 1.8598437309265137 -7.6726274490356445 -6.891021251678467
v 1.7986130714416504 -7.685642719268799 -6.9084014892578125
v 1.7395793199539185 -7.698190689086914 -6.932448387145996
v 1.6834347248077393 -7.710124492645264 -6.962879180908203
v 1.6308376789093018 -7.721304416656494 -6.999337673187256
v 1.5824044942855835 -7.731598854064941 -7.041396141052246
v 1.538703203201294 -7.7408881187438965 -7.08856201171875
v 1.500246286392212 -7.749062538146973 -7.1402812004089355
v 1.4674843549728394 -7.756026268005371 -7.195948600769043
v 1.4408016204833984 -7.761697769165039 -7.254910469055176
v 1.42051100730896 -7.766010761260986 -7.316476345062256
v 1.4068503379821777 -7.768914222717285 -7.379924297332764
v 1.399979591369629 -7.770374774932861 -7.444509983062744
v 1.399979591369629 -7.770374774932861 -7.509477138519287
v 1.4068503379821777 -7.768914222717285 -7.574062824249268
v 1.42051100730896 -7.766010761260986 -7.637510776519775
v 1.4408016204833984 -7.761697769165039 -7.6990766525268555
v 1.4674843549728394 -7.756026268005371 -7.758038520812988
v 1.500246286392212 -7.749062538146973 -7.813705921173096
v 1.538703203201294 -7.7408881187438965 -7.865425109863281
v 1.5824044942855835 -7.731598854064941 -7.912590980529785
v 1.6308376789093018 -7.721304416656494 -7.954649448394775
v 1.6834347248077393 -7.710124492645264 -7.991107940673828
v 1.7395793199539185 -7.698190689086914 -8.021538734436035
v 1.7986130714416504 -7.685642719268799 -8.045585632324219
v 1.8598437309265137 -7.6726274490356445 -8.062965393066406
v 1.9225536584854126 -7.659297943115234 -8.073476791381836
v 1.9267444610595703 -7.672196388244629 -6.8805108070373535
v 1.8681763410568237 -7.698272228240967 -6.891021251678467
v 1.8109896183013916 -7.723733425140381 -6.9084014892578125
v 1.755854845046997 -7.748281002044678 -6.932448387145996
v 1.703418254852295 -7.771627426147461 -6.962879180908203
v 1.6542949676513672 -7.793498516082764 -6.999337673187256
v 1.6090606451034546 -7.813638210296631 -7.041396141052246
v 1.5682456493377686 -7.831809997558594 -7.08856201171875
v 1.5323286056518555 -7.847801685333252 -7.1402812004089355
v 1.5017304420471191 -7.861424446105957 -7.195948600769043
v 1.4768099784851074 -7.8725199699401855 -7.254910469055176
v 1.4578593969345093 -7.880957126617432 -7.316476345062256
v 1.4451009035110474 -7.8866376876831055 -7.379924297332764
v 1.4386839866638184 -7.889494895935059 -7.444509983062744
v 1.4386839866638184 -7.889494895935059 -7.509477138519287
v 1.4451009035110474 -7.8866376876831055 -7.574062824249268
v 1.4578593969345093 -7.880957126617432 -7.637510776519775
v 1.4768099784851074 -7.8725199699401855 -7.6990766525268555
v 1.5017304420471191 -7.861424446105957 -7.758038520812988
v 1.5323286056518555 -7.847801685333252 -7.813705921173096
v 1.5682456493377686 -7.831809997558594 -7.865425109863281
v 1.6090606451034546 -7.813638210296631 -7.912590980529785
v 1.6542949676513672 -7.793498516082764 -7.954649448394775
v 1.703418254852295 -7.771627426147461 -7.991107940673828
v 1.755854845046997 -7.748281002044678 -8.021538734436035
v 1.8109896183013916 -7.723733425140381 -8.045585632324219
v 1.8681763410568237 -7.698272228240967 -8.062965393066406
v 1.9267444610595703 -7.672196388244629 -8.073476791381836
v 1.9335253238677979 -7.683940887451172 -6.8805108070373535
v 1.8816585540771484 -7.721624374389648 -6.891021251678467
v 1.8310152292251587 -7.758419036865234 -6.9084014892578125
v 1.7821890115737915 -7.793893337249756 -6.932448387145996
v 1.7357523441314697 -7.82763147354126 -6.962879180908203
v 1.6922497749328613 -7.859238147735596 -6.999337673187256
v 1.652191162109375 -7.888342380523682 -7.041396141052246
v 1.6160461902618408 -7.914603233337402 -7.08856201171875
v 1.5842387676239014 -7.937712669372559 -7.1402812004089355
v 1.557141661643982 -7.957399845123291 -7.195948600769043
v 1.535072684288025 -7.973433971405029 -7.254910469055176
v 1.5182905197143555 -7.985626697540283 -7.316476345062256
v 1.5069918632507324 -7.993835926055908 -7.379924297332764
v 1.5013091564178467 -7.997964382171631 -7.444509983062744
v 1.5013091564178467 -7.997964382171631 -7.509477138519287
v 1.5069918632507324 -7.993835926055908 -7.574062824249268
v 1.5182905197143555 -7.985626697540283 -7.637510776519775
v 1.535072684288025 -7.973433971405029 -7.6990766525268555
v 1.557141661643982 -7.957399845123291 -7.758038520812988
v 1.5842387676239014 -7.937712669372559 -7.813705921173096
v 1.6160461902618408 -7.914603233337402 -7.865425109863281
v 1.652191162109375 -7.888342380523682 -7.912590980529785
v 1.6922497749328613 -7.859238147735596 -7.954649448394775
v 1.7357523441314697 -7.82763147354126 -7.991107940673828
v 1.7821890115737915 -7.793893337249756 -8.021538734436035
v 1.8310152292251587 -7.758419036865234 -8.045585632324219
v 1.8816585540771484 -7.721624374389648 -8.062965393066406
v 1.9335253238677979 -7.683940887451172 -8.073476791381836
v 1.9426000118255615 -7.694019317626953 -6.8805108070373535
v 1.899701476097107 -7.741662979125977 -6.891021251678467
v 1.8578147888183594 -7.788183212280273 -6.9084014892578125
v 1.817431092262268 -7.833033561706543 -6.932448387145996
v 1.7790237665176392 -7.875689506530762 -6.962879180908203
v 1.743043065071106 -7.915649890899658 -6.999337673187256
v 1.7099109888076782 -7.952446937561035 -7.041396141052246
v 1.6800159215927124 -7.9856486320495605 -7.08856201171875
v 1.6537082195281982 -8.01486587524414 -7.1402812004089355
v 1.6312965154647827 -8.039756774902344 -7.195948600769043
v 1.6130434274673462 -8.060029029846191 -7.254910469055176
v 1.5991629362106323 -8.075445175170898 -7.316476345062256
v 1.589818000793457 -8.085824012756348 -7.379924297332764
v 1.5851178169250488 -8.091043472290039 -7.444509983062744
v 1.5851178169250488 -8.091043472290039 -7.509477138519287
v 1.589818000793457 -8.085824012756348 -7.574062824249268
v 1.5991629362106323 -8.075445175170898 -7.637510776519775
v 1.6130434274673462 -8.060029029846191 -7.6990766525268555
v 1.6312965154647827 -8.039756774902344 -7.758038520812988
v 1.6537082195281982 -8.01486587524414 -7.813705921173096
v 1.6800159215927124 -7.9856486320495605 -7.865425109863281
v 1.7099109888076782 -7.952446937561035 -7.912590980529785
v 1.743043065071106 -7.915649890899658 -7.954649448394775
v 1.7790237665176392 -7.875689506530762 -7.991107940673828
v 1.817431092262268 -7.833033561706543 -8.021538734436035
v 1.8578147888183594 -7.788183212280273 -8.045585632324219
v 1.899701476097107 -7.741662979125977 -8.062965393066406
v 1.9426000118255615 -7.694019317626953 -8.073476791381836
v 1.9535717964172363 -7.701991081237793 -6.8805108070373535
v 1.9215162992477417 -7.75751256942749 -6.891021251678467
v 1.8902169466018677 -7.811724662780762 -6.9084014892578125
v 1.8600406646728516 -7.8639912605285645 -6.932448387145996
v 1.83134126663208 -7.913700103759766 -6.962879180908203
v 1.8044551610946655 -7.960268497467041 -6.999337673187256
v 1.7796976566314697 -8.00314998626709 -7.041396141052246
v 1.7573587894439697 -8.041841506958008 -7.08856201171875
v 1.7377007007598877 -8.07589054107666 -7.1402812004089355
v 1.7209538221359253 -8.104896545410156 -7.195948600769043
v 1.7073144912719727 -8.128520965576172 -7.254910469055176
v 1.6969424486160278 -8.146486282348633 -7.316476345062256
v 1.6899595260620117 -8.158580780029297 -7.379924297332764
v 1.6864473819732666 -8.164663314819336 -7.444509983062744
v 1.6864473819732666 -8.164663314819336 -7.509477138519287
v 1.6899595260620117 -8.158580780029297 -7.574062824249268
v 1.6969424486160278 -8.146486282348633 -7.637510776519775
v 1.7073144912719727 -8.128520965576172 -7.6990766525268555
v 1.7209538221359253 -8.104896545410156 -7.758038520812988
v 1.7377007007598877 -8.07589054107666 -7.813705921173096
v 1.7573587894439697 -8.041841506958008 -7.865425109863281
v 1.7796976566314697 -8.00314998626709 -7.912590980529785
v 1.8044551610946655 -7.960268497467041 -7.954649448394775
v 1.83134126663208 -7.913700103759766 -7.991107940673828
v 1.8600406646728516 -7.8639912605285645 -8.021538734436035
v 1.8902169466018677 -7.811724662780762 -8.045585632324219
v 1.9215162992477417 -7.75751256942749 -8.062965393066406
v 1.9535717964172363 -7.701991081237793 -8.073476791381836
v 1.9659610986709595 -7.707507133483887 -6.8805108070373535
v 1.9461497068405151 -7.768479824066162 -6.891021251678467
v 1.9268057346343994 -7.828014850616455 -6.9084014892578125
v 1.9081556797027588 -7.885413646697998 -6.932448387145996
v 1.890418529510498 -7.940002918243408 -6.962879180908203
v 1.8738019466400146 -7.991143703460693 -6.999337673187256
v 1.8585009574890137 -8.038235664367676 -7.041396141052246
v 1.8446948528289795 -8.08072566986084 -7.08856201171875
v 1.832545518875122 -8.118118286132812 -7.1402812004089355
v 1.822195291519165 -8.149972915649414 -7.195948600769043
v 1.8137656450271606 -8.17591667175293 -7.254910469055176
v 1.8073554039001465 -8.195645332336426 -7.316476345062256
v 1.803039789199829 -8.208927154541016 -7.379924297332764
v 1.8008692264556885 -8.215607643127441 -7.444509983062744
v 1.8008692264556885 -8.215607643127441 -7.509477138519287
v 1.803039789199829 -8.208927154541016 -7.574062824249268
v 1.8073554039001465 -8.195645332336426 -7.637510776519775
v 1.8137656450271606 -8.17591667175293 -7.6990766525268555
v 1.822195291519165 -8.149972915649414 -7.758038520812988
v 1.832545518875122 -8.118118286132812 -7.813705921173096
v 1.8446948528289795 -8.08072566986084 -7.865425109863281
v 1.8585009574890137 -8.038235664367676 -7.912590980529785
v 1.8738019466400146 -7.991143703460693 -7.954649448394775
v 1.890418529510498 -7.940002918243408 -7.991107940673828
v 1.9081556797027588 -7.885413646697998 -8.021538734436035
v 1.9268057346343994 -7.828014850616455 -8.045585632324219
v 1.9461497068405151 -7.768479824066162 -8.062965393066406
v 1.9659610986709595 -7.707507133483887 -8.073476791381836
v 1.9792265892028809 -7.710326671600342 -6.8805108070373535
v 1.9725251197814941 -7.7740864753723145 -6.891021251678467
v 1.9659818410873413 -7.836341857910156 -6.9084014892578125
v 1.959673285484314 -7.896363735198975 -6.932448387145996
v 1.9536733627319336 -7.953448295593262 -6.962879180908203
v 1.9480526447296143 -8.006925582885742 -6.999337673187256
v 1.942876935005188 -8.056169509887695 -7.041396141052246
v 1.9382069110870361 -8.100603103637695 -7.08856201171875
v 1.934097170829773 -8.139703750610352 -7.1402812004089355
v 1.930596113204956 -8.173013687133789 -7.195948600769043
v 1.927744746208191 -8.200142860412598 -7.254910469055176
v 1.9255764484405518 -8.220773696899414 -7.316476345062256
v 1.924116611480713 -8.234663009643555 -7.379924297332764
v 1.9233824014663696 -8.24164867401123 -7.444509983062744
v 1.9233824014663696 -8.24164867401123 -7.509477138519287
v 1.924116611480713 -8.234663009643555 -7.574062824249268
v 1.9255764484405518 -8.220773696899414 -7.637510776519775
v 1.927744746208191 -8.200142860412598 -7.6990766525268555
v 1.930596113204956 -8.173013687133789 -7.758038520812988
v 1.934097170829773 -8.139703750610352 -7.813705921173096
v 1.9382069110870361 -8.100603103637695 -7.865425109863281
v 1.942876935005188 -8.056169509887695 -7.912590980529785
v 1.9480526447296143 -8.006925582885742 -7.954649448394775
v 1.9536733627319336 -7.953448295593262 -7.991107940673828
v 1.959673285484314 -7.896363735198975 -8.021538734436035
v 1.9659818410873413 -7.836341857910156 -8.045585632324219
v 1.9725251197814941 -7.7740864753723145 -8.062965393066406
v 1.9792265892028809 -7.710326671600342 -8.073476791381836
v 1.992788314819336 -7.710326671600342 -6.8805108070373535
v 1.9994897842407227 -7.7740864753723145 -6.891021251678467
v 2.006033182144165 -7.836341857910156 -6.9084014892578125
v 2.0123417377471924 -7.896363735198975 -6.932448387145996
v 2.018341541290283 -7.953448295593262 -6.962879180908203
v 2.0239622592926025 -8.006925582885742 -6.999337673187256
v 2.0291378498077393 -8.056169509887695 -7.041396141052246
v 2.0338079929351807 -8.100603103637695 -7.08856201171875
v 2.0379176139831543 -8.139703750610352 -7.1402812004089355
v 2.0414187908172607 -8.173013687133789 -7.195948600769043
v 2.0442700386047363 -8.200142860412598 -7.254910469055176
v 2.046438455581665 -8.220773696899414 -7.316476345062256
v 2.047898292541504 -8.234663009643555 -7.379924297332764
v 2.0486326217651367 -8.24164867401123 -7.444509983062744
v 2.0486326217651367 -8.24164867401123 -7.509477138519287
v 2.047898292541504 -8.234663009643555 -7.574062824249268
v 2.046438455581665 -8.220773696899414 -7.637510776519775
v 2.0442700386047363 -8.200142860412598 -7.6990766525268555
v 2.0414187908172607 -8.173013687133789 -7.758038520812988
v 2.0379176139831543 -8.139703750610352 -7.813705921173096
v 2.0338079929351807 -8.100603103637695 -7.865425109863281
v 2.0291378498077393 -8.056169509887695 -7.912590980529785
v 2.0239622592926025 -8.006925582885742 -7.954649448394775
v 2.018341541290283 -7.953448295593262 -7.991107940673828
v 2.0123417377471924 -7.896363735198975 -8.021538734436035
v 2.006033182144165 -7.836341857910156 -8.045585632324219
v 1.9994897842407227 -7.7740864753723145 -8.062965393066406
v 1.992788314819336 -7.710326671600342 -8.073476791381836
v 2.006053924560547 -7.707507133483887 -6.8805108070373535
v 2.025865077972412 -7.768479824066162 -6.891021251678467
v 2.0452091693878174 -7.828014850616455 -6.9084014892578125
v 2.063859224319458 -7.885413646697998 -6.932448387145996
v 2.0815963745117188 -7.940002918243408 -6.962879180908203
v 2.098212957382202 -7.991143703460693 -6.999337673187256
v 2.113513946533203 -8.038235664367676 -7.041396141052246
v 2.1273200511932373 -8.08072566986084 -7.08856201171875
v 2.1394693851470947 -8.118118286132812 -7.1402812004089355
v 2.1498196125030518 -8.149972915649414 -7.195948600769043
v 2.1582491397857666 -8.17591667175293 -7.254910469055176
v 2.1646595001220703 -8.195645332336426 -7.316476345062256
v 2.1689751148223877 -8.208927154541016 -7.379924297332764
v 2.1711456775665283 -8.215607643127441 -7.444509983062744
v 2.1711456775665283 -8.215607643127441 -7.509477138519287
v 2.1689751148223877 -8.208927154541016 -7.574062824249268
v 2.1646595001220703 -8.195645332336426 -7.637510776519775
v 2.1582491397857666 -8.17591667175293 -7.6990766525268555
v 2.1498196125030518 -8.149972915649414 -7.758038520812988
v 2.1394693851470947 -8.118118286132812 -7.813705921173096
v 2.1273200511932373 -8.08072566986084 -7.865425109863281
v 2.113513946533203 -8.038235664367676 -7.912590980529785
v 2.098212957382202 -7.991143703460693 -7.954649448394775
v 2.0815963745117188 -7.940002918243408 -7.991107940673828
v 2.063859224319458 -7.885413646697998 -8.021538734436035
v 2.0452091693878174 -7.828014850616455 -8.045585632324219
v 2.025865077972412 -7.768479824066162 -8.062965393066406
v 2.006053924560547 -7.707507133483887 -8.073476791381836
v 2.0184431076049805 -7.701991081237793 -6.8805108070373535
v 2.0504984855651855 -7.75751256942749 -6.891021251678467
v 2.0817978382110596 -7.811724662780762 -6.9084014892578125
v 2.1119742393493652 -7.8639912605285645 -6.932448387145996
v 2.1406736373901367 -7.913700103759766 -6.962879180908203
v 2.1675596237182617 -7.960268497467041 -6.999337673187256
v 2.192317247390747 -8.00314998626709 -7.041396141052246
v 2.214656114578247 -8.041841506958008 -7.08856201171875
v 2.234314203262329 -8.07589054107666 -7.1402812004089355
v 2.251060962677002 -8.104896545410156 -7.195948600769043
v 2.264700412750244 -8.128520965576172 -7.254910469055176
v 2.2750725746154785 -8.146486282348633 -7.316476345062256
v 2.282055377960205 -8.158580780029297 -7.379924297332764
v 2.28556752204895 -8.164663314819336 -7.444509983062744
v 2.28556752204895 -8.164663314819336 -7.509477138519287
v 2.282055377960205 -8.158580780029297 -7.574062824249268
v 2.2750725746154785 -8.146486282348633 -7.637510776519775
v 2.264700412750244 -8.128520965576172 -7.6990766525268555
v 2.251060962677002 -8.104896545410156 -7.758038520812988
v 2.234314203262329 -8.07589054107666 -7.813705921173096
v 2.214656114578247 -8.041841506958008 -7.865425109863281
v 2.192317247390747 -8.00314998626709 -7.912590980529785
v 2.1675596237182617 -7.960268497467041 -7.954649448394775
v 2.1406736373901367 -7.913700103759766 -7.991107940673828
v 2.1119742393493652 -7.8639912605285645 -8.021538734436035
v 2.0817978382110596 -7.811724662780762 -8.045585632324219
v 2.0504984855651855 -7.75751256942749 -8.062965393066406
v 2.0184431076049805 -7.701991081237793 -8.073476791381836
v 2.0294148921966553 -7.694019317626953 -6.8805108070373535
v 2.0723135471343994 -7.741662979125977 -6.891021251678467
v 2.1142001152038574 -7.788183212280273 -6.9084014892578125
v 2.1545839309692383 -7.833033561706543 -6.932448387145996
v 2.192991256713867 -7.875689506530762 -6.962879180908203
v 2.2289717197418213 -7.915649890899658 -6.999337673187256
v 2.262104034423828 -7.952446937561035 -7.041396141052246
v 2.291999101638794 -7.9856486320495605 -7.08856201171875
v 2.3183066844940186 -8.01486587524414 -7.1402812004089355
v 2.3407185077667236 -8.039756774902344 -7.195948600769043
v 2.35897159576416 -8.060029029846191 -7.254910469055176
v 2.372851848602295 -8.075445175170898 -7.316476345062256
v 2.3821969032287598 -8.085824012756348 -7.379924297332764
v 2.386897087097168 -8.091043472290039 -7.444509983062744
v 2.386897087097168 -8.091043472290039 -7.509477138519287
v 2.3821969032287598 -8.085824012756348 -7.574062824249268
v 2.372851848602295 -8.075445175170898 -7.637510776519775
v 2.35897159576416 -8.060029029846191 -7.6990766525268555
v 2.3407185077667236 -8.039756774902344 -7.758038520812988
v 2.3183066844940186 -8.01486587524414 -7.813705921173096
v 2.291999101638794 -7.9856486320495605 -7.865425109863281
v 2.262104034423828 -7.952446937561035 -7.912590980529785
v 2.2289717197418213 -7.915649890899658 -7.954649448394775
v 2.192991256713867 -7.875689506530762 -7.991107940673828
v 2.1545839309692383 -7.833033561706543 -8.021538734436035
v 2.1142001152038574 -7.788183212280273 -8.045585632324219
v 2.0723135471343994 -7.741662979125977 -8.062965393066406
v 2.0294148921966553 -7.694019317626953 -8.073476791381836
v 2.038489580154419 -7.683940887451172 -6.8805108070373535
v 2.0903563499450684 -7.721624374389648 -6.891021251678467
v 2.1409997940063477 -7.758419036865234 -6.9084014892578125
v 2.189826011657715 -7.793893337249756 -6.932448387145996
v 2.236262559890747 -7.82763147354126 -6.962879180908203
v 2.2797651290893555 -7.859238147735596 -6.999337673187256
v 2.319823741912842 -7.888342380523682 -7.041396141052246
v 2.355968713760376 -7.914603233337402 -7.08856201171875
v 2.3877761363983154 -7.937712669372559 -7.1402812004089355
v 2.4148731231689453 -7.957399845123291 -7.195948600769043
v 2.4369421005249023 -7.973433971405029 -7.254910469055176
v 2.4537243843078613 -7.985626697540283 -7.316476345062256
v 2.4650230407714844 -7.993835926055908 -7.379924297332764
v 2.47070574760437 -7.997964382171631 -7.444509983062744
v 2.47070574760437 -7.997964382171631 -7.509477138519287
v 2.4650230407714844 -7.993835926055908 -7.574062824249268
v 2.4537243843078613 -7.985626697540283 -7.637510776519775
v 2.4369421005249023 -7.973433971405029 -7.6990766525268555
v 2.4148731231689453 -7.957399845123291 -7.758038520812988
v 2.3877761363983154 -7.937712669372559 -7.813705921173096
v 2.355968713760376 -7.914603233337402 -7.865425109863281
v 2.319823741912842 -7.888342380523682 -7.912590980529785
v 2.2797651290893555 -7.859238147735596 -7.954649448394775
v 2.236262559890747 -7.82763147354126 -7.991107940673828
v 2.189826011657715 -7.793893337249756 -8.021538734436035
v 2.1409997940063477 -7.758419036865234 -8.045585632324219
v 2.0903563499450684 -7.721624374389648 -8.062965393066406
v 2.038489580154419 -7.683940887451172 -8.073476791381836
v 2.0452704429626465 -7.672196388244629 -6.8805108070373535
v 2.1038386821746826 -7.698272228240967 -6.891021251678467
v 2.161025285720825 -7.723733425140381 -6.9084014892578125
v 2.2161600589752197 -7.748281002044678 -6.932448387145996
v 2.268596649169922 -7.771627426147461 -6.962879180908203
v 2.3177199363708496 -7.793498516082764 -6.999337673187256
v 2.3629543781280518 -7.813638210296631 -7.041396141052246
v 2.4037692546844482 -7.831809997558594 -7.08856201171875
v 2.4396862983703613 -7.847801685333252 -7.1402812004089355
v 2.4702844619750977 -7.861424446105957 -7.195948600769043
v 2.4952049255371094 -7.8725199699401855 -7.254910469055176
v 2.514155387878418 -7.880957126617432 -7.316476345062256
v 2.526914119720459 -7.8866376876831055 -7.379924297332764
v 2.5333309173583984 -7.889494895935059 -7.444509983062744
v 2.5333309173583984 -7.889494895935059 -7.509477138519287
v 2.526914119720459 -7.8866376876831055 -7.574062824249268
v 2.514155387878418 -7.880957126617432 -7.637510776519775
v 2.4952049255371094 -7.8725199699401855 -7.6990766525268555
v 2.4702844619750977 -7.861424446105957 -7.758038520812988
v 2.4396862983703613 -7.847801685333252 -7.813705921173096
v 2.4037692546844482 -7.831809997558594 -7.865425109863281
v 2.3629543781280518 -7.813638210296631 -7.912590980529785
v 2.3177199363708496 -7.793498516082764 -7.954649448394775
v 2.268596649169922 -7.771627426147461 -7.991107940673828
v 2.2161600589752197 -7.748281002044678 -8.021538734436035
v 2.161025285720825 -7.723733425140381 -8.045585632324219
v 2.1038386821746826 -7.698272228240967 -8.062965393066406
v 2.0452704429626465 -7.672196388244629 -8.073476791381836
v 2.0494613647460938 -7.659297943115234 -6.8805108070373535
v 2.112171173095703 -7.6726274490356445 -6.891021251678467
v 2.1734018325805664 -7.685642719268799 -6.9084014892578125
v 2.232435464859009 -7.698190689086914 -6.932448387145996
v 2.2885801792144775 -7.710124492645264 -6.962879180908203
v 2.341177225112915 -7.721304416656494 -6.999337673187256
v 2.3896102905273438 -7.731598854064941 -7.041396141052246
v 2.433311700820923 -7.7408881187438965 -7.08856201171875
v 2.471768617630005 -7.749062538146973 -7.1402812004089355
v 2.504530429840088 -7.756026268005371 -7.195948600769043
v 2.5312132835388184 -7.761697769165039 -7.254910469055176
v 2.551503896713257 -7.766010761260986 -7.316476345062256
v 2.565164566040039 -7.768914222717285 -7.379924297332764
v 2.572035312652588 -7.770374774932861 -7.444509983062744
v 2.572035312652588 -7.770374774932861 -7.509477138519287
v 2.565164566040039 -7.768914222717285 -7.574062824249268
v 2.551503896713257 -7.766010761260986 -7.637510776519775
v 2.5312132835388184 -7.761697769165039 -7.6990766525268555
v 2.504530429840088 -7.756026268005371 -7.758038520812988
v 2.471768617630005 -7.749062538146973 -7.813705921173096
v 2.433311700820923 -7.7408881187438965 -7.865425109863281
v 2.3896102905273438 -7.731598854064941 -7.912590980529785
v 2.341177225112915 -7.721304416656494 -7.954649448394775
v 2.2885801792144775 -7.710124492645264 -7.991107940673828
v 2.232435464859009 -7.698190689086914 -8.021538734436035
v 2.1734018325805664 -7.685642719268799 -8.045585632324219
v 2.112171173095703 -7.6726274490356445 -8.062965393066406
v 2.0494613647460938 -7.659297943115234 -8.073476791381836
f 51 50 49 48 47 46 45 44 43 42 41 40 39 38 37 36 35 34 33 32 31 30 29 28 27 26 25 24 23 22 21 20 19 18 17 16 15 14 13 12 11 10 9 8 7 6 5 4 3 2
f 1 2 3
f 1 3 4
f 1 4 5
f 1 5 6
f 1 6 7
f 1 7 8
f 1 8 9
f 1 9 10
f 1 10 11
f 1 11 12
f 1 12 13
f 1 13 14
f 1 14 15
f 1 15 16
f 1 16 17
f 1 17 18
f 1 18 19
f 1 19 20
f 1 20 21
f 1 21 22
f 1 22 23
f 1 23 24
f 1 24 25
f 1 25 26
f 1 26 27
f 1 27 28
f 1 28 29
f 1 29 30
f 1 30 31
f 1 31 32
f 1 32 33
f 1 33 34
f 1 34 35
f 1 35 36
f 1 36 37
f 1 37 38
f 1 38 39
f 1 39 40
f 1 40 41
f 1 41 42
f 1 42 43
f 1 43 44
f 1 44 45
f 1 45 46
f 1 46 47
f 1 47 48
f 1 48 49
f 1 49 50
f 1 50 51
f 1 51 2
f 52 53 55 54
f 54 55 57 56
f 56 57 59 58
f 58 59 61 60
f 60 61 63 62
f 62 63 65 64
f 64 65 67 66
f 66 67 69 68
f 68 69 71 70
f 70 71 73 72
f 72 73 75 74
f 74 75 77 76
f 76 77 79 78
f 78 79 81 80
f 80 81 83 82
f 82 83 85 84
f 84 85 87 86
f 86 87 89 88
f 88 89 91 90
f 90 91 93 92
f 92 93 95 94
f 94 95 97 96
f 96 97 99 98
f 98 99 101 100
f 100 101 103 102
f 102 103 105 104
f 104 105 107 106
f 106 107 109 108
f 108 109 111 110
f 110 111 113 112
f 112 113 115 114
f 114 115 117 116
f 116 117 119 118
f 118 119 121 120
f 120 121 123 122
f 122 123 125 124
f 124 125 127 126
f 126 127 129 128
f 128 129 131 130
f 130 131 133 132
f 132 133 135 134
f 134 135 137 136
f 136 137 139 138
f 138 139 141 140
f 140 141 143 142
f 142 143 145 144
f 144 145 147 146
f 146 147 149 148
f 148 149 151 150
f 150 151 53 52
f 52 54 56 58 60 62 64 66 68 70 72 74 76 78 80 82 84 86 88 90 92 94 96 98 100 102 104 106 108 110 112 114 116 118 120 122 124 126 128 130 132 134 136 138 140 142 144 146 148 150
f 151 149 147 145 143 141 139 137 135 133 131 129 127 125 123 121 119 117 115 113 111 109 107 105 103 101 99 97 95 93 91 89 87 85 83 81 79 77 75 73 71 69 67 65 63 61 59 57 55 53
f 154 182 152
f 182 210 152
f 210 238 152
f 238 266 152
f 266 294 152
f 294 322 152
f 322 350 152
f 350 378 152
f 378 406 152
f 406 434 152
f 434 462 152
f 462 490 152
f 490 518 152
f 518 546 152
f 546 574 152
f 574 602 152
f 602 630 152
f 630 658 152
f 658 686 152
f 686 714 152
f 714 742 152
f 742 770 152
f 770 798 152
f 798 826 152
f 826 854 152
f 854 882 152
f 882 910 152
f 910 938 152
f 938 966 152
f 966 154 152
f 181 153 209
f 209 153 237
f 237 153 265
f 265 153 293
f 293 153 321
f 321 153 349
f 349 153 377
f 377 153 405
f 405 153 433
f 433 153 461
f 461 153 489
f 489 153 517
f 517 153 545
f 545 153 573
f 573 153 601
f 601 153 629
f 629 153 657
f 657 153 685
f 685 153 713
f 713 153 741
f 741 153 769
f 769 153 797
f 797 153 825
f 825 153 853
f 853 153 881
f 881 153 909
f 909 153 937
f 937 153 965
f 965 153 993
f 993 153 181
f 154 155 183
f 154 183 182
f 155 156 184
f 155 184 183
f 156 157 185
f 156 185 184
f 157 158 186
f 157 186 185
f 158 159 187
f 158 187 186
f 159 160 188
f 159 188 187
f 160 161 189
f 160 189 188
f 161 162 190
f 161 190 189
f 162 163 191
f 162 191 190
f 163 164 192
f 163 192 191
f 164 165 193
f 164 193 192
f 165 166 194
f 165 194 193
f 166 167 195
f 166 195 194
f 167 168 196
f 167 196 195
f 168 169 197
f 168 197 196
f 169 170 198
f 169 198 197
f 170 171 199
f 170 199 198
f 171 172 200
f 171 200 199
f 172 173 201
f 172 201 200
f 173 174 202
f 173 202 201
f 174 175 203
f 174 203 202
f 175 176 204
f 175 204 203
f 176 177 205
f 176 205 204
f 177 178 206
f 177 206 205
f 178 179 207
f 178 207 206
f 179 180 208
f 179 208 207
f 180 181 209
f 180 209 208
f 182 183 211
f 182 211 210
f 183 184 212
f 183 212 211
f 184 185 213
f 184 213 212
f 185 186 214
f 185 214 213
f 186 187 215
f 186 215 214
f 187 188 216
f 187 216 215
f 188 189 217
f 188 217 216
f 189 190 218
f 189 218 217
f 190 191 219
f 190 219 218
f 191 192 220
f 191 220 219
f 192 193 221
f 192 221 220
f 193 194 222
f 193 222 221
f 194 195 223
f 194 223 222
f 195 196 224
f 195 224 223
f 196 197 225
f 196 225 224
f 197 198 226
f 197 226 225
f 198 199 227
f 198 227 226
f 199 200 228
f 199 228 227
f 200 201 229
f 200 229 228
f 201 202 230
f 201 230 229
f 202 203 231
f 202 231 230
f 203 204 232
f 203 232 231
f 204 205 233
f 204 233 232
f 205 206 234
f 205 234 233
f 206 207 235
f 206 235 234
f 207 208 236
f 207 236 235
f 208 209 237
f 208 237 236
f 210 211 239
f 210 239 238
f 211 212 240
f 211 240 239
f 212 213 241
f 212 241 240
f 213 214 242
f 213 242 241
f 214 215 243
f 214 243 242
f 215 216 244
f 215 244 243
f 216 217 245
f 216 245 244
f 217 218 246
f 217 246 245
f 218 219 247
f 218 247 246
f 219 220 248
f 219 248 247
f 220 221 249
f 220 249 248
f 221 222 250
f 221 250 249
f 222 223 251
f 222 251 250
f 223 224 252
f 223 252 251
f 224 225 253
f 224 253 252
f 225 226 254
f 225 254 253
f 226 227 255
f 226 255 254
f 227 228 256
f 227 256 255
f 228 229 257
f 228 257 256
f 229 230 258
f 229 258 257
f 230 231 259
f 230 259 258
f 231 232 260
f 231 260 259
f 232 233 261
f 232 261 260
f 233 234 262
f 233 262 261
f 234 235 263
f 234 263 262
f 235 236 264
f 235 264 263
f 236 237 265
f 236 265 264
f 238 239 267
f 238 267 266
f 239 240 268
f 239 268 267
f 240 241 269
f 240 269 268
f 241 242 270
f 241 270 269
f 242 243 271
f 242 271 270
f 243 244 272
f 243 272 271
f 244 245 273
f 244 273 272
f 245 246 274
f 245 274 273
f 246 247 275
f 246 275 274
f 247 248 276
f 247 276 275
f 248 249 277
f 248 277 276
f 249 250 278
f 249 278 277
f 250 251 279
f 250 279 278
f 251 252 280
f 251 280 279
f 252 253 281
f 252 281 280
f 253 254 282
f 253 282 281
f 254 255 283
f 254 283 282
f 255 256 284
f 255 284 283
f 256 257 285
f 256 285 284
f 257 258 286
f 257 286 285
f 258 259 287
f 258 287 286
f 259 260 288
f 259 288 287
f 260 261 289
f 260 289 288
f 261 262 290
f 261 290 289
f 262 263 291
f 262 291 290
f 263 264 292
f 263 292 291
f 264 265 293
f 264 293 292
f 266 267 295
f 266 295 294
f 267 268 296
f 267 296 295
f 268 269 297
f 268 297 296
f 269 270 298
f 269 298 297
f 270 271 299
f 270 299 298
f 271 272 300
f 271 300 299
f 272 273 301
f 272 301 300
f 273 274 302
f 273 302 301
f 274 275 303
f 274 303 302
f 275 276 304
f 275 304 303
f 276 277 305
f 276 305 304
f 277 278 306
f 277 306 305
f 278 279 307
f 278 307 306
f 279 280 308
f 279 308 307
f 280 281 309
f 280 309 308
f 281 282 310
f 281 310 309
f 282 283 311
f 282 311 310
f 283 284 312
f 283 312 311
f 284 285 313
f 284 313 312
f 285 286 314
f 285 314 313
f 286 287 315
f 286 315 314
f 287 288 316
f 287 316 315
f 288 289 317
f 288 317 316
f 289 290 318
f 289 318 317
f 290 291 319
f 290 319 318
f 291 292 320
f 291 320 319
f 292 293 321
f 292 321 320
f 294 295 323
f 294 323 322
f 295 296 324
f 295 324 323
f 296 297 325
f 296 325 324
f 297 298 326
f 297 326 325
f 298 299 327
f 298 327 326
f 299 300 328
f 299 328 327
f 300 301 329
f 300 329 328
f 301 302 330
f 301 330 329
f 302 303 331
f 302 331 330
f 303 304 332
f 303 332 331
f 304 305 333
f 304 333 332
f 305 306 334
f 305 334 333
f 306 307 335
f 306 335 334
f 307 308 336
f 307 336 335
f 308 309 337
f 308 337 336
f 309 310 338
f 309 338 337
f 310 311 339
f 310 339 338
f 311 312 340
f 311 340 339
f 312 313 341
f 312 341 340
f 313 314 342
f 313 342 341
f 314 315 343
f 314 343 342
f 315 316 344
f 315 344 343
f 316 317 345
f 316 345 344
f 317 318 346
f 317 346 345
f 318 319 347
f 318 347 346
f 319 320 348
f 319 348 347
f 320 321 349
f 320 349 348
f 322 323 351
f 322 351 350
f 323 324 352
f 323 352 351
f 324 325 353
f 324 353 352
f 325 326 354
f 325 354 353
f 326 327 355
f 326 355 354
f 327 328 356
f 327 356 355
f 328 329 357
f 328 357 356
f 329 330 358
f 329 358 357
f 330 331 359
f 330 359 358
f 331 332 360
f 331 360 359
f 332 333 361
f 332 361 360
f 333 334 362
f 333 362 361
f 334 335 363
f 334 363 362
f 335 336 364
f 335 364 363
f 336 337 365
f 336 365 364
f 337 338 366
f 337 366 365
f 338 339 367
f 338 367 366
f 339 340 368
f 339 368 367
f 340 341 369
f 340 369 368
f 341 342 370
f 341 370 369
f 342 343 371
f 342 371 370
f 343 344 372
f 343 372 371
f 344 345 373
f 344 373 372
f 345 346 374
f 345 374 373
f 346 347 375
f 346 375 374
f 347 348 376
f 347 376 375
f 348 349 377
f 348 377 376
f 350 351 379
f 350 379 378
f 351 352 380
f 351 380 379
f 352 353 381
f 352 381 380
f 353 354 382
f 353 382 381
f 354 355 383
f 354 383 382
f 355 356 384
f 355 384 383
f 356 357 385
f 356 385 384
f 357 358 386
f 357 386 385
f 358 359 387
f 358 387 386
f 359 360 388
f 359 388 387
f 360 361 389
f 360 389 388
f 361 362 390
f 361 390 389
f 362 363 391
f 362 391 390
f 363 364 392
f 363 392 391
f 364 365 393
f 364 393 392
f 365 366 394
f 365 394 393
f 366 367 395
f 366 395 394
f 367 368 396
f 367 396 395
f 368 369 397
f 368 397 396
f 369 370 398
f 369 398 397
f 370 371 399
f 370 399 398
f 371 372 400
f 371 400 399
f 372 373 401
f 372 401 400
f 373 374 402
f 373 402 401
f 374 375 403
f 374 403 402
f 375 376 404
f 375 404 403
f 376 377 405
f 376 405 404
f 378 379 407
f 378 407 406
f 379 380 408
f 379 408 407
f 380 381 409
f 380 409 408
f 381 382 410
f 381 410 409
f 382 383 411
f 382 411 410
f 383 384 412
f 383 412 411
f 384 385 413
f 384 413 412
f 385 386 414
f 385 414 413
f 386 387 415
f 386 415 414
f 387 388 416
f 387 416 415
f 388 389 417
f 388 417 416
f 389 390 418
f 389 418 417
f 390 391 419
f 390 419 418
f 391 392 420
f 391 420 419
f 392 393 421
f 392 421 420
f 393 394 422
f 393 422 421
f 394 395 423
f 394 423 422
f 395 396 424
f 395 424 423
f 396 397 425
f 396 425 424
f 397 398 426
f 397 426 425
f 398 399 427
f 398 427 426
f 399 400 428
f 399 428 427
f 400 401 429
f 400 429 428
f 401 402 430
f 401 430 429
f 402 403 431
f 402 431 430
f 403 404 432
f 403 432 431
f 404 405 433
f 404 433 432
f 406 407 435
f 406 435 434
f 407 408 436
f 407 436 435
f 408 409 437
f 408 437 436
f 409 410 438
f 409 438 437
f 410 411 439
f 410 439 438
f 411 412 440
f 411 440 439
f 412 413 441
f 412 441 440
f 413 414 442
f 413 442 441
f 414 415 443
f 414 443 442
f 415 416 444
f 415 444 443
f 416 417 445
f 416 445 444
f 417 418 446
f 417 446 445
f 418 419 447
f 418 447 446
f 419 420 448
f 419 448 447
f 420 421 449
f 420 449 448
f 421 422 450
f 421 450 449
f 422 423 451
f 422 451 450
f 423 424 452
f 423 452 451
f 424 425 453
f 424 453 452
f 425 426 454
f 425 454 453
f 426 427 455
f 426 455 454
f 427 428 456
f 427 456 455
f 428 429 457
f 428 457 456
f 429 430 458
f 429 458 457
f 430 431 459
f 430 459 458
f 431 432 460
f 431 460 459
f 432 433 461
f 432 461 460
f 434 435 463
f 434 463 462
f 435 436 464
f 435 464 463
f 436 437 465
f 436 465 464
f 437 438 466
f 437 466 465
f 438 439 467
f 438 467 466
f 439 440 468
f 439 468 467
f 440 441 469
f 440 469 468
f 441 442 470
f 441 470 469
f 442 443 471
f 442 471 470
f 443 444 472
f 443 472 471
f 444 445 473
f 444 473 472
f 445 446 474
f 445 474 473
f 446 447 475
f 446 475 474
f 447 448 476
f 447 476 475
f 448 449 477
f 448 477 476
f 449 450 478
f 449 478 477
f 450 451 479
f 450 479 478
f 451 452 480
f 451 480 479
f 452 453 481
f 452 481 480
f 453 454 482
f 453 482 481
f 454 455 483
f 454 483 482
f 455 456 484
f 455 484 483
f 456 457 485
f 456 485 484
f 457 458 486
f 457 486 485
f 458 459 487
f 458 487 486
f 459 460 488
f 459 488 487
f 460 461 489
f 460 489 488
f 462 463 491
f 462 491 490
f 463 464 492
f 463 492 491
f 464 465 493
f 464 493 492
f 465 466 494
f 465 494 493
f 466 467 495
f 466 495 494
f 467 468 496
f 467 496 495
f 468 469 497
f 468 497 496
f 469 470 498
f 469 498 497
f 470 471 499
f 470 499 498
f 471 472 500
f 471 500 499
f 472 473 501
f 472 501 500
f 473 474 502
f 473 502 501
f 474 475 503
f 474 503 502
f 475 476 504
f 475 504 503
f 476 477 505
f 476 505 504
f 477 478 506
f 477 506 505
f 478 479 507
f 478 507 506
f 479 480 508
f 479 508 507
f 480 481 509
f 480 509 508
f 481 482 510
f 481 510 509
f 482 483 511
f 482 511 510
f 483 484 512
f 483 512 511
f 484 485 513
f 484 513 512
f 485 486 514
f 485 514 513
f 486 487 515
f 486 515 514
f 487 488 516
f 487 516 515
f 488 489 517
f 488 517 516
f 490 491 519
f 490 519 518
f 491 492 520
f 491 520 519
f 492 493 521
f 492 521 520
f 493 494 522
f 493 522 521
f 494 495 523
f 494 523 522
f 495 496 524
f 495 524 523
f 496 497 525
f 496 525 524
f 497 498 526
f 497 526 525
f 498 499 527
f 498 527 526
f 499 500 528
f 499 528 527
f 500 501 529
f 500 529 528
f 501 502 530
f 501 530 529
f 502 503 531
f 502 531 530
f 503 504 532
f 503 532 531
f 504 505 533
f 504 533 532
f 505 506 534
f 505 534 533
f 506 507 535
f 506 535 534
f 507 508 536
f 507 536 535
f 508 509 537
f 508 537 536
f 509 510 538
f 509 538 537
f 510 511 539
f 510 539 538
f 511 512 540
f 511 540 539
f 512 513 541
f 512 541 540
f 513 514 542
f 513 542 541
f 514 515 543
f 514 543 542
f 515 516 544
f 515 544 543
f 516 517 545
f 516 545 544
f 518 519 547
f 518 547 546
f 519 520 548
f 519 548 547
f 520 521 549
f 520 549 548
f 521 522 550
f 521 550 549
f 522 523 551
f 522 551 550
f 523 524 552
f 523 552 551
f 524 525 553
f 524 553 552
f 525 526 554
f 525 554 553
f 526 527 555
f 526 555 554
f 527 528 556
f 527 556 555
f 528 529 557
f 528 557 556
f 529 530 558
f 529 558 557
f 530 531 559
f 530 559 558
f 531 532 560
f 531 560 559
f 532 533 561
f 532 561 560
f 533 534 562
f 533 562 561
f 534 535 563
f 534 563 562
f 535 536 564
f 535 564 563
f 536 537 565
f 536 565 564
f 537 538 566
f 537 566 565
f 538 539 567
f 538 567 566
f 539 540 568
f 539 568 567
f 540 541 569
f 540 569 568
f 541 542 570
f 541 570 569
f 542 543 571
f 542 571 570
f 543 544 572
f 543 572 571
f 544 545 573
f 544 573 572
f 546 547 575
f 546 575 574
f 547 548 576
f 547 576 575
f 548 549 577
f 548 577 576
f 549 550 578
f 549 578 577
f 550 551 579
f 550 579 578
f 551 552 580
f 551 580 579
f 552 553 581
f 552 581 580
f 553 554 582
f 553 582 581
f 554 555 583
f 554 583 582
f 555 556 584
f 555 584 583
f 556 557 585
f 556 585 584
f 557 558 586
f 557 586 585
f 558 559 587
f 558 587 586
f 559 560 588
f 559 588 587
f 560 561 589
f 560 589 588
f 561 562 590
f 561 590 589
f 562 563 591
f 562 591 590
f 563 564 592
f 563 592 591
f 564 565 593
f 564 593 592
f 565 566 594
f 565 594 593
f 566 567 595
f 566 595 594
f 567 568 596
f 567 596 595
f 568 569 597
f 568 597 596
f 569 570 598
f 569 598 597
f 570 571 599
f 570 599 598
f 571 572 600
f 571 600 599
f 572 573 601
f 572 601 600
f 574 575 603
f 574 603 602
f 575 576 604
f 575 604 603
f 576 577 605
f 576 605 604
f 577 578 606
f 577 606 605
f 578 579 607
f 578 607 606
f 579 580 608
f 579 608 607
f 580 581 609
f 580 609 608
f 581 582 610
f 581 610 609
f 582 583 611
f 582 611 610
f 583 584 612
f 583 612 611
f 584 585 613
f 584 613 612
f 585 586 614
f 585 614 613
f 586 587 615
f 586 615 614
f 587 588 616
f 587 616 615
f 588 589 617
f 588 617 616
f 589 590 618
f 589 618 617
f 590 591 619
f 590 619 618
f 591 592 620
f 591 620 619
f 592 593 621
f 592 621 620
f 593 594 622
f 593 622 621
f 594 595 623
f 594 623 622
f 595 596 624
f 595 624 623
f 596 597 625
f 596 625 624
f 597 598 626
f 597 626 625
f 598 599 627
f 598 627 626
f 599 600 628
f 599 628 627
f 600 601 629
f 600 629 628
f 602 603 631
f 602 631 630
f 603 604 632
f 603 632 631
f 604 605 633
f 604 633 632
f 605 606 634
f 605 634 633
f 606 607 635
f 606 635 634
f 607 608 636
f 607 636 635
f 608 609 637
f 608 637 636
f 609 610 638
f 609 638 637
f 610 611 639
f 610 639 638
f 611 612 640
f 611 640 639
f 612 613 641
f 612 641 640
f 613 614 642
f 613 642 641
f 614 615 643
f 614 643 642
f 615 616 644
f 615 644 643
f 616 617 645
f 616 645 644
f 617 618 646
f 617 646 645
f 618 619 647
f 618 647 646
f 619 620 648
f 619 648 647
f 620 621 649
f 620 649 648
f 621 622 650
f 621 650 649
f 622 623 651
f 622 651 650
f 623 624 652
f 623 652 651
f 624 625 653
f 624 653 652
f 625 626 654
f 625 654 653
f 626 627 655
f 626 655 654
f 627 628 656
f 627 656 655
f 628 629 657
f 628 657 656
f 630 631 659
f 630 659 658
f 631 632 660
f 631 660 659
f 632 633 661
f 632 661 660
f 633 634 662
f 633 662 661
f 634 635 663
f 634 663 662
f 635 636 664
f 635 664 663
f 636 637 665
f 636 665 664
f 637 638 666
f 637 666 665
f 638 639 667
f 638 667 666
f 639 640 668
f 639 668 667
f 640 641 669
f 640 669 668
f 641 642 670
f 641 670 669
f 642 643 671
f 642 671 670
f 643 644 672
f 643 672 671
f 644 645 673
f 644 673 672
f 645 646 674
f 645 674 673
f 646 647 675
f 646 675 674
f 647 648 676
f 647 676 675
f 648 649 677
f 648 677 676
f 649 650 678
f 649 678 677
f 650 651 679
f 650 679 678
f 651 652 680
f 651 680 679
f 652 653 681
f 652 681 680
f 653 654 682
f 653 682 681
f 654 655 683
f 654 683 682
f 655 656 684
f 655 684 683
f 656 657 685
f 656 685 684
f 658 659 687
f 658 687 686
f 659 660 688
f 659 688 687
f 660 661 689
f 660 689 688
f 661 662 690
f 661 690 689
f 662 663 691
f 662 691 690
f 663 664 692
f 663 692 691
f 664 665 693
f 664 693 692
f 665 666 694
f 665 694 693
f 666 667 695
f 666 695 694
f 667 668 696
f 667 696 695
f 668 669 697
f 668 697 696
f 669 670 698
f 669 698 697
f 670 671 699
f 670 699 698
f 671 672 700
f 671 700 699
f 672 673 701
f 672 701 700
f 673 674 702
f 673 702 701
f 674 675 703
f 674 703 702
f 675 676 704
f 675 704 703
f 676 677 705
f 676 705 704
f 677 678 706
f 677 706 705
f 678 679 707
f 678 707 706
f 679 680 708
f 679 708 707
f 680 681 709
f 680 709 708
f 681 682 710
f 681 710 709
f 682 683 711
f 682 711 710
f 683 684 712
f 683 712 711
f 684 685 713
f 684 713 712
f 686 687 715
f 686 715 714
f 687 688 716
f 687 716 715
f 688 689 717
f 688 717 716
f 689 690 718
f 689 718 717
f 690 691 719
f 690 719 718
f 691 692 720
f 691 720 719
f 692 693 721
f 692 721 720
f 693 694 722
f 693 722 721
f 694 695 723
f 694 723 722
f 695 696 724
f 695 724 723
f 696 697 725
f 696 725 724
f 697 698 726
f 697 726 725
f 698 699 727
f 698 727 726
f 699 700 728
f 699 728 727
f 700 701 729
f 700 729 728
f 701 702 730
f 701 730 729
f 702 703 731
f 702 731 730
f 703 704 732
f 703 732 731
f 704 705 733
f 704 733 732
f 705 706 734
f 705 734 733
f 706 707 735
f 706 735 734
f 707 708 736
f 707 736 735
f 708 709 737
f 708 737 736
f 709 710 738
f 709 738 737
f 710 711 739
f 710 739 738
f 711 712 740
f 711 740 739
f 712 713 741
f 712 741 740
f 714 715 743
f 714 743 742
f 715 716 744
f 715 744 743
f 716 717 745
f 716 745 744
f 717 718 746
f 717 746 745
f 718 719 747
f 718 747 746
f 719 720 748
f 719 748 747
f 720 721 749
f 720 749 748
f 721 722 750
f 721 750 749
f 722 723 751
f 722 751 750
f 723 724 752
f 723 752 751
f 724 725 753
f 724 753 752
f 725 726 754
f 725 754 753
f 726 727 755
f 726 755 754
f 727 728 756
f 727 756 755
f 728 729 757
f 728 757 756
f 729 730 758
f 729 758 757
f 730 731 759
f 730 759 758
f 731 732 760
f 731 760 759
f 732 733 761
f 732 761 760
f 733 734 762
f 733 762 761
f 734 735 763
f 734 763 762
f 735 736 764
f 735 764 763
f 736 737 765
f 736 765 764
f 737 738 766
f 737 766 765
f 738 739 767
f 738 767 766
f 739 740 768
f 739 768 767
f 740 741 769
f 740 769 768
f 742 743 771
f 742 771 770
f 743 744 772
f 743 772 771
f 744 745 773
f 744 773 772
f 745 746 774
f 745 774 773
f 746 747 775
f 746 775 774
f 747 748 776
f 747 776 775
f 748 749 777
f 748 777 776
f 749 750 778
f 749 778 777
f 750 751 779
f 750 779 778
f 751 752 780
f 751 780 779
f 752 753 781
f 752 781 780
f 753 754 782
f 753 782 781
f 754 755 783
f 754 783 782
f 755 756 784
f 755 784 783
f 756 757 785
f 756 785 784
f 757 758 786
f 757 786 785
f 758 759 787
f 758 787 786
f 759 760 788
f 759 788 787
f 760 761 789
f 760 789 788
f 761 762 790
f 761 790 789
f 762 763 791
f 762 791 790
f 763 764 792
f 763 792 791
f 764 765 793
f 764 793 792
f 765 766 794
f 765 794 793
f 766 767 795
f 766 795 794
f 767 768 796
f 767 796 795
f 768 769 797
f 768 797 796
f 770 771 799
f 770 799 798
f 771 772 800
f 771 800 799
f 772 773 801
f 772 801 800
f 773 774 802
f 773 802 801
f 774 775 803
f 774 803 802
f 775 776 804
f 775 804 803
f 776 777 805
f 776 805 804
f 777 778 806
f 777 806 805
f 778 779 807
f 778 807 806
f 779 780 808
f 779 808 807
f 780 781 809
f 780 809 808
f 781 782 810
f 781 810 809
f 782 783 811
f 782 811 810
f 783 784 812
f 783 812 811
f 784 785 813
f 784 813 812
f 785 786 814
f 785 814 813
f 786 787 815
f 786 815 814
f 787 788 816
f 787 816 815
f 788 789 817
f 788 817 816
f 789 790 818
f 789 818 817
f 790 791 819
f 790 819 818
f 791 792 820
f 791 820 819
f 792 793 821
f 792 821 820
f 793 794 822
f 793 822 821
f 794 795 823
f 794 823 822
f 795 796 824
f 795 824 823
f 796 797 825
f 796 825 824
f 798 799 827
f 798 827 826
f 799 800 828
f 799 828 827
f 800 801 829
f 800 829 828
f 801 802 830
f 801 830 829
f 802 803 831
f 802 831 830
f 803 804 832
f 803 832 831
f 804 805 833
f 804 833 832
f 805 806 834
f 805 834 833
f 806 807 835
f 806 835 834
f 807 808 836
f 807 836 835
f 808 809 837
f 808 837 836
f 809 810 838
f 809 838 837
f 810 811 839
f 810 839 838
f 811 812 840
f 811 840 839
f 812 813 841
f 812 841 840
f 813 814 842
f 813 842 841
f 814 815 843
f 814 843 842
f 815 816 844
f 815 844 843
f 816 817 845
f 816 845 844
f 817 818 846
f 817 846 845
f 818 819 847
f 818 847 846
f 819 820 848
f 819 848 847
f 820 821 849
f 820 849 848
f 821 822 850
f 821 850 849
f 822 823 851
f 822 851 850
f 823 824 852
f 823 852 851
f 824 825 853
f 824 853 852
f 826 827 855
f 826 855 854
f 827 828 856
f 827 856 855
f 828 829 857
f 828 857 856
f 829 830 858
f 829 858 857
f 830 831 859
f 830 859 858
f 831 832 860
f 831 860 859
f 832 833 861
f 832 861 860
f 833 834 862
f 833 862 861
f 834 835 863
f 834 863 862
f 835 836 864
f 835 864 863
f 836 837 865
f 836 865 864
f 837 838 866
f 837 866 865
f 838 839 867
f 838 867 866
f 839 840 868
f 839 868 867
f 840 841 869
f 840 869 868
f 841 842 870
f 841 870 869
f 842 843 871
f 842 871 870
f 843 844 872
f 843 872 871
f 844 845 873
f 844 873 872
f 845 846 874
f 845 874 873
f 846 847 875
f 846 875 874
f 847 848 876
f 847 876 875
f 848 849 877
f 848 877 876
f 849 850 878
f 849 878 877
f 850 851 879
f 850 879 878
f 851 852 880
f 851 880 879
f 852 853 881
f 852 881 880
f 854 855 883
f 854 883 882
f 855 856 884
f 855 884 883
f 856 857 885
f 856 885 884
f 857 858 886
f 857 886 885
f 858 859 887
f 858 887 886
f 859 860 888
f 859 888 887
f 860 861 889
f 860 889 888
f 861 862 890
f 861 890 889
f 862 863 891
f 862 891 890
f 863 864 892
f 863 892 891
f 864 865 893
f 864 893 892
f 865 866 894
f 865 894 893
f 866 867 895
f 866 895 894
f 867 868 896
f 867 896 895
f 868 869 897
f 868 897 896
f 869 870 898
f 869 898 897
f 870 871 899
f 870 899 898
f 871 872 900
f 871 900 899
f 872 873 901
f 872 901 900
f 873 874 902
f 873 902 901
f 874 875 903
f 874 903 902
f 875 876 904
f 875 904 903
f 876 877 905
f 876 905 904
f 877 878 906
f 877 906 905
f 878 879 907
f 878 907 906
f 879 880 908
f 879 908 907
f 880 881 909
f 880 909 908
f 882 883 911
f 882 911 910
f 883 884 912
f 883 912 911
f 884 885 913
f 884 913 912
f 885 886 914
f 885 914 913
f 886 887 915
f 886 915 914
f 887 888 916
f 887 916 915
f 888 889 917
f 888 917 916
f 889 890 918
f 889 918 917
f 890 891 919
f 890 919 918
f 891 892 920
f 891 920 919
f 892 893 921
f 892 921 920
f 893 894 922
f 893 922 921
f 894 895 923
f 894 923 922
f 895 896 924
f 895 924 923
f 896 897 925
f 896 925 924
f 897 898 926
f 897 926 925
f 898 899 927
f 898 927 926
f 899 900 928
f 899 928 927
f 900 901 929
f 900 929 928
f 901 902 930
f 901 930 929
f 902 903 931
f 902 931 930
f 903 904 932
f 903 932 931
f 904 905 933
f 904 933 932
f 905 906 934
f 905 934 933
f 906 907 935
f 906 935 934
f 907 908 936
f 907 936 935
f 908 909 937
f 908 937 936
f 910 911 939
f 910 939 938
f 911 912 940
f 911 940 939
f 912 913 941
f 912 941 940
f 913 914 942
f 913 942 941
f 914 915 943
f 914 943 942
f 915 916 944
f 915 944 943
f 916 917 945
f 916 945 944
f 917 918 946
f 917 946 945
f 918 919 947
f 918 947 946
f 919 920 948
f 919 948 947
f 920 921 949
f 920 949 948
f 921 922 950
f 921 950 949
f 922 923 951
f 922 951 950
f 923 924 952
f 923 952 951
f 924 925 953
f 924 953 952
f 925 926 954
f 925 954 953
f 926 927 955
f 926 955 954
f 927 928 956
f 927 956 955
f 928 929 957
f 928 957 956
f 929 930 958
f 929 958 957
f 930 931 959
f 930 959 958
f 931 932 960
f 931 960 959
f 932 933 961
f 932 961 960
f 933 934 962
f 933 962 961
f 934 935 963
f 934 963 962
f 935 936 964
f 935 964 963
f 936 937 965
f 936 965 964
f 938 939 967
f 938 967 966
f 939 940 968
f 939 968 967
f 940 941 969
f 940 969 968
f 941 942 970
f 941 970 969
f 942 943 971
f 942 971 970
f 943 944 972
f 943 972 971
f 944 945 973
f 944 973 972
f 945 946 974
f 945 974 973
f 946 947 975
f 946 975 974
f 947 948 976
f 947 976 975
f 948 949 977
f 948 977 976
f 949 950 978
f 949 978 977
f 950 951 979
f 950 979 978
f 951 952 980
f 951 980 979
f 952 953 981
f 952 981 980
f 953 954 982
f 953 982 981
f 954 955 983
f 954 983 982
f 955 956 984
f 955 984 983
f 956 957 985
f 956 985 984
f 957 958 986
f 957 986 985
f 958 959 987
f 958 987 986
f 959 960 988
f 959 988 987
f 960 961 989
f 960 989 988
f 961 962 990
f 961 990 989
f 962 963 991
f 962 991 990
f 963 964 992
f 963 992 991
f 964 965 993
f 964 993 992
f 966 967 155
f 966 155 154
f 967 968 156
f 967 156 155
f 968 969 157
f 968 157 156
f 969 970 158
f 969 158 157
f 970 971 159
f 970 159 158
f 971 972 160
f 971 160 159
f 972 973 161
f 972 161 160
f 973 974 162
f 973 162 161
f 974 975 163
f 974 163 162
f 975 976 164
f 975 164 163
f 976 977 165
f 976 165 164
f 977 978 166
f 977 166 165
f 978 979 167
f 978 167 166
f 979 980 168
f 979 168 167
f 980 981 169
f 980 169 168
f 981 982 170
f 981 170 169
f 982 983 171
f 982 171 170
f 983 984 172
f 983 172 171
f 984 985 173
f 984 173 172
f 985 986 174
f 985 174 173
f 986 987 175
f 986 175 174
f 987 988 176
f 987 176 175
f 988 989 177
f 988 177 176
f 989 990 178
f 989 178 177
f 990 991 179
f 990 179 178
f 991 992 180
f 991 180 179
f 992 993 181
f 992 181 180
f 996 1024 994
f 1024 1052 994
f 1052 1080 994
f 1080 1108 994
f 1108 1136 994
f 1136 1164 994
f 1164 1192 994
f 1192 1220 994
f 1220 1248 994
f 1248 1276 994
f 1276 1304 994
f 1304 1332 994
f 1332 1360 994
f 1360 1388 994
f 1388 1416 994
f 1416 1444 994
f 1444 1472 994
f 1472 1500 994
f 1500 1528 994
f 1528 1556 994
f 1556 1584 994
f 1584 1612 994
f 1612 1640 994
f 1640 1668 994
f 1668 1696 994
f 1696 1724 994
f 1724 1752 994
f 1752 1780 994
f 1780 1808 994
f 1808 996 994
f 1023 995 1051
f 1051 995 1079
f 1079 995 1107
f 1107 995 1135
f 1135 995 1163
f 1163 995 1191
f 1191 995 1219
f 1219 995 1247
f 1247 995 1275
f 1275 995 1303
f 1303 995 1331
f 1331 995 1359
f 1359 995 1387
f 1387 995 1415
f 1415 995 1443
f 1443 995 1471
f 1471 995 1499
f 1499 995 1527
f 1527 995 1555
f 1555 995 1583
f 1583 995 1611
f 1611 995 1639
f 1639 995 1667
f 1667 995 1695
f 1695 995 1723
f 1723 995 1751
f 1751 995 1779
f 1779 995 1807
f 1807 995 1835
f 1835 995 1023
f 996 997 1025
f 996 1025 1024
f 997 998 1026
f 997 1026 1025
f 998 999 1027
f 998 1027 1026
f 999 1000 1028
f 999 1028 1027
f 1000 1001 1029
f 1000 1029 1028
f 1001 1002 1030
f 1001 1030 1029
f 1002 1003 1031
f 1002 1031 1030
f 1003 1004 1032
f 1003 1032 1031
f 1004 1005 1033
f 1004 1033 1032
f 1005 1006 1034
f 1005 1034 1033
f 1006 1007 1035
f 1006 1035 1034
f 1007 1008 1036
f 1007 1036 1035
f 1008 1009 1037
f 1008 1037 1036
f 1009 1010 1038
f 1009 1038 1037
f 1010 1011 1039
f 1010 1039 1038
f 1011 1012 1040
f 1011 1040 1039
f 1012 1013 1041
f 1012 1041 1040
f 1013 1014 1042
f 1013 1042 1041
f 1014 1015 1043
f 1014 1043 1042
f 1015 1016 1044
f 1015 1044 1043
f 1016 1017 1045
f 1016 1045 1044
f 1017 1018 1046
f 1017 1046 1045
f 1018 1019 1047
f 1018 1047 1046
f 1019 1020 1048
f 1019 1048 1047
f 1020 1021 1049
f 1020 1049 1048
f 1021 1022 1050
f 1021 1050 1049
f 1022 1023 1051
f 1022 1051 1050
f 1024 1025 1053
f 1024 1053 1052
f 1025 1026 1054
f 1025 1054 1053
f 1026 1027 1055
f 1026 1055 1054
f 1027 1028 1056
f 1027 1056 1055
f 1028 1029 1057
f 1028 1057 1056
f 1029 1030 1058
f 1029 1058 1057
f 1030 1031 1059
f 1030 1059 1058
f 1031 1032 1060
f 1031 1060 1059
f 1032 1033 1061
f 1032 1061 1060
f 1033 1034 1062
f 1033 1062 1061
f 1034 1035 1063
f 1034 1063 1062
f 1035 1036 1064
f 1035 1064 1063
f 1036 1037 1065
f 1036 1065 1064
f 1037 1038 1066
f 1037 1066 1065
f 1038 1039 1067
f 1038 1067 1066
f 1039 1040 1068
f 1039 1068 1067
f 1040 1041 1069
f 1040 1069 1068
f 1041 1042 1070
f 1041 1070 1069
f 1042 1043 1071
f 1042 1071 1070
f 1043 1044 1072
f 1043 1072 1071
f 1044 1045 1073
f 1044 1073 1072
f 1045 1046 1074
f 1045 1074 1073
f 1046 1047 1075
f 1046 1075 1074
f 1047 1048 1076
f 1047 1076 1075
f 1048 1049 1077
f 1048 1077 1076
f 1049 1050 1078
f 1049 1078 1077
f 1050 1051 1079
f 1050 1079 1078
f 1052 1053 1081
f 1052 1081 1080
f 1053 1054 1082
f 1053 1082 1081
f 1054 1055 1083
f 1054 1083 1082
f 1055 1056 1084
f 1055 1084 1083
f 1056 1057 1085
f 1056 1085 1084
f 1057 1058 1086
f 1057 1086 1085
f 1058 1059 1087
f 1058 1087 1086
f 1059 1060 1088
f 1059 1088 1087
f 1060 1061 1089
f 1060 1089 1088
f 1061 1062 1090
f 1061 1090 1089
f 1062 1063 1091
f 1062 1091 1090
f 1063 1064 1092
f 1063 1092 1091
f 1064 1065 1093
f 1064 1093 1092
f 1065 1066 1094
f 1065 1094 1093
f 1066 1067 1095
f 1066 1095 1094
f 1067 1068 1096
f 1067 1096 1095
f 1068 1069 1097
f 1068 1097 1096
f 1069 1070 1098
f 1069 1098 1097
f 1070 1071 1099
f 1070 1099 1098
f 1071 1072 1100
f 1071 1100 1099
f 1072 1073 1101
f 1072 1101 1100
f 1073 1074 1102
f 1073 1102 1101
f 1074 1075 1103
f 1074 1103 1102
f 1075 1076 1104
f 1075 1104 1103
f 1076 1077 1105
f 1076 1105 1104
f 1077 1078 1106
f 1077 1106 1105
f 1078 1079 1107
f 1078 1107 1106
f 1080 1081 1109
f 1080 1109 1108
f 1081 1082 1110
f 1081 1110 1109
f 1082 1083 1111
f 1082 1111 1110
f 1083 1084 1112
f 1083 1112 1111
f 1084 1085 1113
f 1084 1113 1112
f 1085 1086 1114
f 1085 1114 1113
f 1086 1087 1115
f 1086 1115 1114
f 1087 1088 1116
f 1087 1116 1115
f 1088 1089 1117
f 1088 1117 1116
f 1089 1090 1118
f 1089 1118 1117
f 1090 1091 1119
f 1090 1119 1118
f 1091 1092 1120
f 1091 1120 1119
f 1092 1093 1121
f 1092 1121 1120
f 1093 1094 1122
f 1093 1122 1121
f 1094 1095 1123
f 1094 1123 1122
f 1095 1096 1124
f 1095 1124 1123
f 1096 1097 1125
f 1096 1125 1124
f 1097 1098 1126
f 1097 1126 1125
f 1098 1099 1127
f 1098 1127 1126
f 1099 1100 1128
f 1099 1128 1127
f 1100 1101 1129
f 1100 1129 1128
f 1101 1102 1130
f 1101 1130 1129
f 1102 1103 1131
f 1102 1131 1130
f 1103 1104 1132
f 1103 1132 1131
f 1104 1105 1133
f 1104 1133 1132
f 1105 1106 1134
f 1105 1134 1133
f 1106 1107 1135
f 1106 1135 1134
f 1108 1109 1137
f 1108 1137 1136
f 1109 1110 1138
f 1109 1138 1137
f 1110 1111 1139
f 1110 1139 1138
f 1111 1112 1140
f 1111 1140 1139
f 1112 1113 1141
f 1112 1141 1140
f 1113 1114 1142
f 1113 1142 1141
f 1114 1115 1143
f 1114 1143 1142
f 1115 1116 1144
f 1115 1144 1143
f 1116 1117 1145
f 1116 1145 1144
f 1117 1118 1146
f 1117 1146 1145
f 1118 1119 1147
f 1118 1147 1146
f 1119 1120 1148
f 1119 1148 1147
f 1120 1121 1149
f 1120 1149 1148
f 1121 1122 1150
f 1121 1150 1149
f 1122 1123 1151
f 1122 1151 1150
f 1123 1124 1152
f 1123 1152 1151
f 1124 1125 1153
f 1124 1153 1152
f 1125 1126 1154
f 1125 1154 1153
f 1126 1127 1155
f 1126 1155 1154
f 1127 1128 1156
f 1127 1156 1155
f 1128 1129 1157
f 1128 1157 1156
f 1129 1130 1158
f 1129 1158 1157
f 1130 1131 1159
f 1130 1159 1158
f 1131 1132 1160
f 1131 1160 1159
f 1132 1133 1161
f 1132 1161 1160
f 1133 1134 1162
f 1133 1162 1161
f 1134 1135 1163
f 1134 1163 1162
f 1136 1137 1165
f 1136 1165 1164
f 1137 1138 1166
f 1137 1166 1165
f 1138 1139 1167
f 1138 1167 1166
f 1139 1140 1168
f 1139 1168 1167
f 1140 1141 1169
f 1140 1169 1168
f 1141 1142 1170
f 1141 1170 1169
f 1142 1143 1171
f 1142 1171 1170
f 1143 1144 1172
f 1143 1172 1171
f 1144 1145 1173
f 1144 1173 1172
f 1145 1146 1174
f 1145 1174 1173
f 1146 1147 1175
f 1146 1175 1174
f 1147 1148 1176
f 1147 1176 1175
f 1148 1149 1177
f 1148 1177 1176
f 1149 1150 1178
f 1149 1178 1177
f 1150 1151 1179
f 1150 1179 1178
f 1151 1152 1180
f 1151 1180 1179
f 1152 1153 1181
f 1152 1181 1180
f 1153 1154 1182
f 1153 1182 1181
f 1154 1155 1183
f 1154 1183 1182
f 1155 1156 1184
f 1155 1184 1183
f 1156 1157 1185
f 1156 1185 1184
f 1157 1158 1186
f 1157 1186 1185
f 1158 1159 1187
f 1158 1187 1186
f 1159 1160 1188
f 1159 1188 1187
f 1160 1161 1189
f 1160 1189 1188
f 1161 1162 1190
f 1161 1190 1189
f 1162 1163 1191
f 1162 1191 1190
f 1164 1165 1193
f 1164 1193 1192
f 1165 1166 1194
f 1165 1194 1193
f 1166 1167 1195
f 1166 1195 1194
f 1167 1168 1196
f 1167 1196 1195
f 1168 1169 1197
f 1168 1197 1196
f 1169 1170 1198
f 1169 1198 1197
f 1170 1171 1199
f 1170 1199 1198
f 1171 1172 1200
f 1171 1200 1199
f 1172 1173 1201
f 1172 1201 1200
f 1173 1174 1202
f 1173 1202 1201
f 1174 1175 1203
f 1174 1203 1202
f 1175 1176 1204
f 1175 1204 1203
f 1176 1177 1205
f 1176 1205 1204
f 1177 1178 1206
f 1177 1206 1205
f 1178 1179 1207
f 1178 1207 1206
f 1179 1180 1208
f 1179 1208 1207
f 1180 1181 1209
f 1180 1209 1208
f 1181 1182 1210
f 1181 1210 1209
f 1182 1183 1211
f 1182 1211 1210
f 1183 1184 1212
f 1183 1212 1211
f 1184 1185 1213
f 1184 1213 1212
f 1185 1186 1214
f 1185 1214 1213
f 1186 1187 1215
f 1186 1215 1214
f 1187 1188 1216
f 1187 1216 1215
f 1188 1189 1217
f 1188 1217 1216
f 1189 1190 1218
f 1189 1218 1217
f 1190 1191 1219
f 1190 1219 1218
f 1192 1193 1221
f 1192 1221 1220
f 1193 1194 1222
f 1193 1222 1221
f 1194 1195 1223
f 1194 1223 1222
f 1195 1196 1224
f 1195 1224 1223
f 1196 1197 1225
f 1196 1225 1224
f 1197 1198 1226
f 1197 1226 1225
f 1198 1199 1227
f 1198 1227 1226
f 1199 1200 1228
f 1199 1228 1227
f 1200 1201 1229
f 1200 1229 1228
f 1201 1202 1230
f 1201 1230 1229
f 1202 1203 1231
f 1202 1231 1230
f 1203 1204 1232
f 1203 1232 1231
f 1204 1205 1233
f 1204 1233 1232
f 1205 1206 1234
f 1205 1234 1233
f 1206 1207 1235
f 1206 1235 1234
f 1207 1208 1236
f 1207 1236 1235
f 1208 1209 1237
f 1208 1237 1236
f 1209 1210 1238
f 1209 1238 1237
f 1210 1211 1239
f 1210 1239 1238
f 1211 1212 1240
f 1211 1240 1239
f 1212 1213 1241
f 1212 1241 1240
f 1213 1214 1242
f 1213 1242 1241
f 1214 1215 1243
f 1214 1243 1242
f 1215 1216 1244
f 1215 1244 1243
f 1216 1217 1245
f 1216 1245 1244
f 1217 1218 1246
f 1217 1246 1245
f 1218 1219 1247
f 1218 1247 1246
f 1220 1221 1249
f 1220 1249 1248
f 1221 1222 1250
f 1221 1250 1249
f 1222 1223 1251
f 1222 1251 1250
f 1223 1224 1252
f 1223 1252 1251
f 1224 1225 1253
f 1224 1253 1252
f 1225 1226 1254
f 1225 1254 1253
f 1226 1227 1255
f 1226 1255 1254
f 1227 1228 1256
f 1227 1256 1255
f 1228 1229 1257
f 1228 1257 1256
f 1229 1230 1258
f 1229 1258 1257
f 1230 1231 1259
f 1230 1259 1258
f 1231 1232 1260
f 1231 1260 1259
f 1232 1233 1261
f 1232 1261 1260
f 1233 1234 1262
f 1233 1262 1261
f 1234 1235 1263
f 1234 1263 1262
f 1235 1236 1264
f 1235 1264 1263
f 1236 1237 1265
f 1236 1265 1264
f 1237 1238 1266
f 1237 1266 1265
f 1238 1239 1267
f 1238 1267 1266
f 1239 1240 1268
f 1239 1268 1267
f 1240 1241 1269
f 1240 1269 1268
f 1241 1242 1270
f 1241 1270 1269
f 1242 1243 1271
f 1242 1271 1270
f 1243 1244 1272
f 1243 1272 1271
f 1244 1245 1273
f 1244 1273 1272
f 1245 1246 1274
f 1245 1274 1273
f 1246 1247 1275
f 1246 1275 1274
f 1248 1249 1277
f 1248 1277 1276
f 1249 1250 1278
f 1249 1278 1277
f 1250 1251 1279
f 1250 1279 1278
f 1251 1252 1280
f 1251 1280 1279
f 1252 1253 1281
f 1252 1281 1280
f 1253 1254 1282
f 1253 1282 1281
f 1254 1255 1283
f 1254 1283 1282
f 1255 1256 1284
f 1255 1284 1283
f 1256 1257 1285
f 1256 1285 1284
f 1257 1258 1286
f 1257 1286 1285
f 1258 1259 1287
f 1258 1287 1286
f 1259 1260 1288
f 1259 1288 1287
f 1260 1261 1289
f 1260 1289 1288
f 1261 1262 1290
f 1261 1290 1289
f 1262 1263 1291
f 1262 1291 1290
f 1263 1264 1292
f 1263 1292 1291
f 1264 1265 1293
f 1264 1293 1292
f 1265 1266 1294
f 1265 1294 1293
f 1266 1267 1295
f 1266 1295 1294
f 1267 1268 1296
f 1267 1296 1295
f 1268 1269 1297
f 1268 1297 1296
f 1269 1270 1298
f 1269 1298 1297
f 1270 1271 1299
f 1270 1299 1298
f 1271 1272 1300
f 1271 1300 1299
f 1272 1273 1301
f 1272 1301 1300
f 1273 1274 1302
f 1273 1302 1301
f 1274 1275 1303
f 1274 1303 1302
f 1276 1277 1305
f 1276 1305 1304
f 1277 1278 1306
f 1277 1306 1305
f 1278 1279 1307
f 1278 1307 1306
f 1279 1280 1308
f 1279 1308 1307
f 1280 1281 1309
f 1280 1309 1308
f 1281 1282 1310
f 1281 1310 1309
f 1282 1283 1311
f 1282 1311 1310
f 1283 1284 1312
f 1283 1312 1311
f 1284 1285 1313
f 1284 1313 1312
f 1285 1286 1314
f 1285 1314 1313
f 1286 1287 1315
f 1286 1315 1314
f 1287 1288 1316
f 1287 1316 1315
f 1288 1289 1317
f 1288 1317 1316
f 1289 1290 1318
f 1289 1318 1317
f 1290 1291 1319
f 1290 1319 1318
f 1291 1292 1320
f 1291 1320 1319
f 1292 1293 1321
f 1292 1321 1320
f 1293 1294 1322
f 1293 1322 1321
f 1294 1295 1323
f 1294 1323 1322
f 1295 1296 1324
f 1295 1324 1323
f 1296 1297 1325
f 1296 1325 1324
f 1297 1298 1326
f 1297 1326 1325
f 1298 1299 1327
f 1298 1327 1326
f 1299 1300 1328
f 1299 1328 1327
f 1300 1301 1329
f 1300 1329 1328
f 1301 1302 1330
f 1301 1330 1329
f 1302 1303 1331
f 1302 1331 1330
f 1304 1305 1333
f 1304 1333 1332
f 1305 1306 1334
f 1305 1334 1333
f 1306 1307 1335
f 1306 1335 1334
f 1307 1308 1336
f 1307 1336 1335
f 1308 1309 1337
f 1308 1337 1336
f 1309 1310 1338
f 1309 1338 1337
f 1310 1311 1339
f 1310 1339 1338
f 1311 1312 1340
f 1311 1340 1339
f 1312 1313 1341
f 1312 1341 1340
f 1313 1314 1342
f 1313 1342 1341
f 1314 1315 1343
f 1314 1343 1342
f 1315 1316 1344
f 1315 1344 1343
f 1316 1317 1345
f 1316 1345 1344
f 1317 1318 1346
f 1317 1346 1345
f 1318 1319 1347
f 1318 1347 1346
f 1319 1320 1348
f 1319 1348 1347
f 1320 1321 1349
f 1320 1349 1348
f 1321 1322 1350
f 1321 1350 1349
f 1322 1323 1351
f 1322 1351 1350
f 1323 1324 1352
f 1323 1352 1351
f 1324 1325 1353
f 1324 1353 1352
f 1325 1326 1354
f 1325 1354 1353
f 1326 1327 1355
f 1326 1355 1354
f 1327 1328 1356
f 1327 1356 1355
f 1328 1329 1357
f 1328 1357 1356
f 1329 1330 1358
f 1329 1358 1357
f 1330 1331 1359
f 1330 1359 1358
f 1332 1333 1361
f 1332 1361 1360
f 1333 1334 1362
f 1333 1362 1361
f 1334 1335 1363
f 1334 1363 1362
f 1335 1336 1364
f 1335 1364 1363
f 1336 1337 1365
f 1336 1365 1364
f 1337 1338 1366
f 1337 1366 1365
f 1338 1339 1367
f 1338 1367 1366
f 1339 1340 1368
f 1339 1368 1367
f 1340 1341 1369
f 1340 1369 1368
f 1341 1342 1370
f 1341 1370 1369
f 1342 1343 1371
f 1342 1371 1370
f 1343 1344 1372
f 1343 1372 1371
f 1344 1345 1373
f 1344 1373 1372
f 1345 1346 1374
f 1345 1374 1373
f 1346 1347 1375
f 1346 1375 1374
f 1347 1348 1376
f 1347 1376 1375
f 1348 1349 1377
f 1348 1377 1376
f 1349 1350 1378
f 1349 1378 1377
f 1350 1351 1379
f 1350 1379 1378
f 1351 1352 1380
f 1351 1380 1379
f 1352 1353 1381
f 1352 1381 1380
f 1353 1354 1382
f 1353 1382 1381
f 1354 1355 1383
f 1354 1383 1382
f 1355 1356 1384
f 1355 1384 1383
f 1356 1357 1385
f 1356 1385 1384
f 1357 1358 1386
f 1357 1386 1385
f 1358 1359 1387
f 1358 1387 1386
f 1360 1361 1389
f 1360 1389 1388
f 1361 1362 1390
f 1361 1390 1389
f 1362 1363 1391
f 1362 1391 1390
f 1363 1364 1392
f 1363 1392 1391
f 1364 1365 1393
f 1364 1393 1392
f 1365 1366 1394
f 1365 1394 1393
f 1366 1367 1395
f 1366 1395 1394
f 1367 1368 1396
f 1367 1396 1395
f 1368 1369 1397
f 1368 1397 1396
f 1369 1370 1398
f 1369 1398 1397
f 1370 1371 1399
f 1370 1399 1398
f 1371 1372 1400
f 1371 1400 1399
f 1372 1373 1401
f 1372 1401 1400
f 1373 1374 1402
f 1373 1402 1401
f 1374 1375 1403
f 1374 1403 1402
f 1375 1376 1404
f 1375 1404 1403
f 1376 1377 1405
f 1376 1405 1404
f 1377 1378 1406
f 1377 1406 1405
f 1378 1379 1407
f 1378 1407 1406
f 1379 1380 1408
f 1379 1408 1407
f 1380 1381 1409
f 1380 1409 1408
f 1381 1382 1410
f 1381 1410 1409
f 1382 1383 1411
f 1382 1411 1410
f 1383 1384 1412
f 1383 1412 1411
f 1384 1385 1413
f 1384 1413 1412
f 1385 1386 1414
f 1385 1414 1413
f 1386 1387 1415
f 1386 1415 1414
f 1388 1389 1417
f 1388 1417 1416
f 1389 1390 1418
f 1389 1418 1417
f 1390 1391 1419
f 1390 1419 1418
f 1391 1392 1420
f 1391 1420 1419
f 1392 1393 1421
f 1392 1421 1420
f 1393 1394 1422
f 1393 1422 1421
f 1394 1395 1423
f 1394 1423 1422
f 1395 1396 1424
f 1395 1424 1423
f 1396 1397 1425
f 1396 1425 1424
f 1397 1398 1426
f 1397 1426 1425
f 1398 1399 1427
f 1398 1427 1426
f 1399 1400 1428
f 1399 1428 1427
f 1400 1401 1429
f 1400 1429 1428
f 1401 1402 1430
f 1401 1430 1429
f 1402 1403 1431
f 1402 1431 1430
f 1403 1404 1432
f 1403 1432 1431
f 1404 1405 1433
f 1404 1433 1432
f 1405 1406 1434
f 1405 1434 1433
f 1406 1407 1435
f 1406 1435 1434
f 1407 1408 1436
f 1407 1436 1435
f 1408 1409 1437
f 1408 1437 1436
f 1409 1410 1438
f 1409 1438 1437
f 1410 1411 1439
f 1410 1439 1438
f 1411 1412 1440
f 1411 1440 1439
f 1412 1413 1441
f 1412 1441 1440
f 1413 1414 1442
f 1413 1442 1441
f 1414 1415 1443
f 1414 1443 1442
f 1416 1417 1445
f 1416 1445 1444
f 1417 1418 1446
f 1417 1446 1445
f 1418 1419 1447
f 1418 1447 1446
f 1419 1420 1448
f 1419 1448 1447
f 1420 1421 1449
f 1420 1449 1448
f 1421 1422 1450
f 1421 1450 1449
f 1422 1423 1451
f 1422 1451 1450
f 1423 1424 1452
f 1423 1452 1451
f 1424 1425 1453
f 1424 1453 1452
f 1425 1426 1454
f 1425 1454 1453
f 1426 1427 1455
f 1426 1455 1454
f 1427 1428 1456
f 1427 1456 1455
f 1428 1429 1457
f 1428 1457 1456
f 1429 1430 1458
f 1429 1458 1457
f 1430 1431 1459
f 1430 1459 1458
f 1431 1432 1460
f 1431 1460 1459
f 1432 1433 1461
f 1432 1461 1460
f 1433 1434 1462
f 1433 1462 1461
f 1434 1435 1463
f 1434 1463 1462
f 1435 1436 1464
f 1435 1464 1463
f 1436 1437 1465
f 1436 1465 1464
f 1437 1438 1466
f 1437 1466 1465
f 1438 1439 1467
f 1438 1467 1466
f 1439 1440 1468
f 1439 1468 1467
f 1440 1441 1469
f 1440 1469 1468
f 1441 1442 1470
f 1441 1470 1469
f 1442 1443 1471
f 1442 1471 1470
f 1444 1445 1473
f 1444 1473 1472
f 1445 1446 1474
f 1445 1474 1473
f 1446 1447 1475
f 1446 1475 1474
f 1447 1448 1476
f 1447 1476 1475
f 1448 1449 1477
f 1448 1477 1476
f 1449 1450 1478
f 1449 1478 1477
f 1450 1451 1479
f 1450 1479 1478
f 1451 1452 1480
f 1451 1480 1479
f 1452 1453 1481
f 1452 1481 1480
f 1453 1454 1482
f 1453 1482 1481
f 1454 1455 1483
f 1454 1483 1482
f 1455 1456 1484
f 1455 1484 1483
f 1456 1457 1485
f 1456 1485 1484
f 1457 1458 1486
f 1457 1486 1485
f 1458 1459 1487
f 1458 1487 1486
f 1459 1460 1488
f 1459 1488 1487
f 1460 1461 1489
f 1460 1489 1488
f 1461 1462 1490
f 1461 1490 1489
f 1462 1463 1491
f 1462 1491 1490
f 1463 1464 1492
f 1463 1492 1491
f 1464 1465 1493
f 1464 1493 1492
f 1465 1466 1494
f 1465 1494 1493
f 1466 1467 1495
f 1466 1495 1494
f 1467 1468 1496
f 1467 1496 1495
f 1468 1469 1497
f 1468 1497 1496
f 1469 1470 1498
f 1469 1498 1497
f 1470 1471 1499
f 1470 1499 1498
f 1472 1473 1501
f 1472 1501 1500
f 1473 1474 1502
f 1473 1502 1501
f 1474 1475 1503
f 1474 1503 1502
f 1475 1476 1504
f 1475 1504 1503
f 1476 1477 1505
f 1476 1505 1504
f 1477 1478 1506
f 1477 1506 1505
f 1478 1479 1507
f 1478 1507 1506
f 1479 1480 1508
f 1479 1508 1507
f 1480 1481 1509
f 1480 1509 1508
f 1481 1482 1510
f 1481 1510 1509
f 1482 1483 1511
f 1482 1511 1510
f 1483 1484 1512
f 1483 1512 1511
f 1484 1485 1513
f 1484 1513 1512
f 1485 1486 1514
f 1485 1514 1513
f 1486 1487 1515
f 1486 1515 1514
f 1487 1488 1516
f 1487 1516 1515
f 1488 1489 1517
f 1488 1517 1516
f 1489 1490 1518
f 1489 1518 1517
f 1490 1491 1519
f 1490 1519 1518
f 1491 1492 1520
f 1491 1520 1519
f 1492 1493 1521
f 1492 1521 1520
f 1493 1494 1522
f 1493 1522 1521
f 1494 1495 1523
f 1494 1523 1522
f 1495 1496 1524
f 1495 1524 1523
f 1496 1497 1525
f 1496 1525 1524
f 1497 1498 1526
f 1497 1526 1525
f 1498 1499 1527
f 1498 1527 1526
f 1500 1501 1529
f 1500 1529 1528
f 1501 1502 1530
f 1501 1530 1529
f 1502 1503 1531
f 1502 1531 1530
f 1503 1504 1532
f 1503 1532 1531
f 1504 1505 1533
f 1504 1533 1532
f 1505 1506 1534
f 1505 1534 1533
f 1506 1507 1535
f 1506 1535 1534
f 1507 1508 1536
f 1507 1536 1535
f 1508 1509 1537
f 1508 1537 1536
f 1509 1510 1538
f 1509 1538 1537
f 1510 1511 1539
f 1510 1539 1538
f 1511 1512 1540
f 1511 1540 1539
f 1512 1513 1541
f 1512 1541 1540
f 1513 1514 1542
f 1513 1542 1541
f 1514 1515 1543
f 1514 1543 1542
f 1515 1516 1544
f 1515 1544 1543
f 1516 1517 1545
f 1516 1545 1544
f 1517 1518 1546
f 1517 1546 1545
f 1518 1519 1547
f 1518 1547 1546
f 1519 1520 1548
f 1519 1548 1547
f 1520 1521 1549
f 1520 1549 1548
f 1521 1522 1550
f 1521 1550 1549
f 1522 1523 1551
f 1522 1551 1550
f 1523 1524 1552
f 1523 1552 1551
f 1524 1525 1553
f 1524 1553 1552
f 1525 1526 1554
f 1525 1554 1553
f 1526 1527 1555
f 1526 1555 1554
f 1528 1529 1557
f 1528 1557 1556
f 1529 1530 1558
f 1529 1558 1557
f 1530 1531 1559
f 1530 1559 1558
f 1531 1532 1560
f 1531 1560 1559
f 1532 1533 1561
f 1532 1561 1560
f 1533 1534 1562
f 1533 1562 1561
f 1534 1535 1563
f 1534 1563 1562
f 1535 1536 1564
f 1535 1564 1563
f 1536 1537 1565
f 1536 1565 1564
f 1537 1538 1566
f 1537 1566 1565
f 1538 1539 1567
f 1538 1567 1566
f 1539 1540 1568
f 1539 1568 1567
f 1540 1541 1569
f 1540 1569 1568
f 1541 1542 1570
f 1541 1570 1569
f 1542 1543 1571
f 1542 1571 1570
f 1543 1544 1572
f 1543 1572 1571
f 1544 1545 1573
f 1544 1573 1572
f 1545 1546 1574
f 1545 1574 1573
f 1546 1547 1575
f 1546 1575 1574
f 1547 1548 1576
f 1547 1576 1575
f 1548 1549 1577
f 1548 1577 1576
f 1549 1550 1578
f 1549 1578 1577
f 1550 1551 1579
f 1550 1579 1578
f 1551 1552 1580
f 1551 1580 1579
f 1552 1553 1581
f 1552 1581 1580
f 1553 1554 1582
f 1553 1582 1581
f 1554 1555 1583
f 1554 1583 1582
f 1556 1557 1585
f 1556 1585 1584
f 1557 1558 1586
f 1557 1586 1585
f 1558 1559 1587
f 1558 1587 1586
f 1559 1560 1588
f 1559 1588 1587
f 1560 1561 1589
f 1560 1589 1588
f 1561 1562 1590
f 1561 1590 1589
f 1562 1563 1591
f 1562 1591 1590
f 1563 1564 1592
f 1563 1592 1591
f 1564 1565 1593
f 1564 1593 1592
f 1565 1566 1594
f 1565 1594 1593
f 1566 1567 1595
f 1566 1595 1594
f 1567 1568 1596
f 1567 1596 1595
f 1568 1569 1597
f 1568 1597 1596
f 1569 1570 1598
f 1569 1598 1597
f 1570 1571 1599
f 1570 1599 1598
f 1571 1572 1600
f 1571 1600 1599
f 1572 1573 1601
f 1572 1601 1600
f 1573 1574 1602
f 1573 1602 1601
f 1574 1575 1603
f 1574 1603 1602
f 1575 1576 1604
f 1575 1604 1603
f 1576 1577 1605
f 1576 1605 1604
f 1577 1578 1606
f 1577 1606 1605
f 1578 1579 1607
f 1578 1607 1606
f 1579 1580 1608
f 1579 1608 1607
f 1580 1581 1609
f 1580 1609 1608
f 1581 1582 1610
f 1581 1610 1609
f 1582 1583 1611
f 1582 1611 1610
f 1584 1585 1613
f 1584 1613 1612
f 1585 1586 1614
f 1585 1614 1613
f 1586 1587 1615
f 1586 1615 1614
f 1587 1588 1616
f 1587 1616 1615
f 1588 1589 1617
f 1588 1617 1616
f 1589 1590 1618
f 1589 1618 1617
f 1590 1591 1619
f 1590 1619 1618
f 1591 1592 1620
f 1591 1620 1619
f 1592 1593 1621
f 1592 1621 1620
f 1593 1594 1622
f 1593 1622 1621
f 1594 1595 1623
f 1594 1623 1622
f 1595 1596 1624
f 1595 1624 1623
f 1596 1597 1625
f 1596 1625 1624
f 1597 1598 1626
f 1597 1626 1625
f 1598 1599 1627
f 1598 1627 1626
f 1599 1600 1628
f 1599 1628 1627
f 1600 1601 1629
f 1600 1629 1628
f 1601 1602 1630
f 1601 1630 1629
f 1602 1603 1631
f 1602 1631 1630
f 1603 1604 1632
f 1603 1632 1631
f 1604 1605 1633
f 1604 1633 1632
f 1605 1606 1634
f 1605 1634 1633
f 1606 1607 1635
f 1606 1635 1634
f 1607 1608 1636
f 1607 1636 1635
f 1608 1609 1637
f 1608 1637 1636
f 1609 1610 1638
f 1609 1638 1637
f 1610 1611 1639
f 1610 1639 1638
f 1612 1613 1641
f 1612 1641 1640
f 1613 1614 1642
f 1613 1642 1641
f 1614 1615 1643
f 1614 1643 1642
f 1615 1616 1644
f 1615 1644 1643
f 1616 1617 1645
f 1616 1645 1644
f 1617 1618 1646
f 1617 1646 1645
f 1618 1619 1647
f 1618 1647 1646
f 1619 1620 1648
f 1619 1648 1647
f 1620 1621 1649
f 1620 1649 1648
f 1621 1622 1650
f 1621 1650 1649
f 1622 1623 1651
f 1622 1651 1650
f 1623 1624 1652
f 1623 1652 1651
f 1624 1625 1653
f 1624 1653 1652
f 1625 1626 1654
f 1625 1654 1653
f 1626 1627 1655
f 1626 1655 1654
f 1627 1628 1656
f 1627 1656 1655
f 1628 1629 1657
f 1628 1657 1656
f 1629 1630 1658
f 1629 1658 1657
f 1630 1631 1659
f 1630 1659 1658
f 1631 1632 1660
f 1631 1660 1659
f 1632 1633 1661
f 1632 1661 1660
f 1633 1634 1662
f 1633 1662 1661
f 1634 1635 1663
f 1634 1663 1662
f 1635 1636 1664
f 1635 1664 1663
f 1636 1637 1665
f 1636 1665 1664
f 1637 1638 1666
f 1637 1666 1665
f 1638 1639 1667
f 1638 1667 1666
f 1640 1641 1669
f 1640 1669 1668
f 1641 1642 1670
f 1641 1670 1669
f 1642 1643 1671
f 1642 1671 1670
f 1643 1644 1672
f 1643 1672 1671
f 1644 1645 1673
f 1644 1673 1672
f 1645 1646 1674
f 1645 1674 1673
f 1646 1647 1675
f 1646 1675 1674
f 1647 1648 1676
f 1647 1676 1675
f 1648 1649 1677
f 1648 1677 1676
f 1649 1650 1678
f 1649 1678 1677
f 1650 1651 1679
f 1650 1679 1678
f 1651 1652 1680
f 1651 1680 1679
f 1652 1653 1681
f 1652 1681 1680
f 1653 1654 1682
f 1653 1682 1681
f 1654 1655 1683
f 1654 1683 1682
f 1655 1656 1684
f 1655 1684 1683
f 1656 1657 1685
f 1656 1685 1684
f 1657 1658 1686
f 1657 1686 1685
f 1658 1659 1687
f 1658 1687 1686
f 1659 1660 1688
f 1659 1688 1687
f 1660 1661 1689
f 1660 1689 1688
f 1661 1662 1690
f 1661 1690 1689
f 1662 1663 1691
f 1662 1691 1690
f 1663 1664 1692
f 1663 1692 1691
f 1664 1665 1693
f 1664 1693 1692
f 1665 1666 1694
f 1665 1694 1693
f 1666 1667 1695
f 1666 1695 1694
f 1668 1669 1697
f 1668 1697 1696
f 1669 1670 1698
f 1669 1698 1697
f 1670 1671 1699
f 1670 1699 1698
f 1671 1672 1700
f 1671 1700 1699
f 1672 1673 1701
f 1672 1701 1700
f 1673 1674 1702
f 1673 1702 1701
f 1674 1675 1703
f 1674 1703 1702
f 1675 1676 1704
f 1675 1704 1703
f 1676 1677 1705
f 1676 1705 1704
f 1677 1678 1706
f 1677 1706 1705
f 1678 1679 1707
f 1678 1707 1706
f 1679 1680 1708
f 1679 1708 1707
f 1680 1681 1709
f 1680 1709 1708
f 1681 1682 1710
f 1681 1710 1709
f 1682 1683 1711
f 1682 1711 1710
f 1683 1684 1712
f 1683 1712 1711
f 1684 1685 1713
f 1684 1713 1712
f 1685 1686 1714
f 1685 1714 1713
f 1686 1687 1715
f 1686 1715 1714
f 1687 1688 1716
f 1687 1716 1715
f 1688 1689 1717
f 1688 1717 1716
f 1689 1690 1718
f 1689 1718 1717
f 1690 1691 1719
f 1690 1719 1718
f 1691 1692 1720
f 1691 1720 1719
f 1692 1693 1721
f 1692 1721 1720
f 1693 1694 1722
f 1693 1722 1721
f 1694 1695 1723
f 1694 1723 1722
f 1696 1697 1725
f 1696 1725 1724
f 1697 1698 1726
f 1697 1726 1725
f 1698 1699 1727
f 1698 1727 1726
f 1699 1700 1728
f 1699 1728 1727
f 1700 1701 1729
f 1700 1729 1728
f 1701 1702 1730
f 1701 1730 1729
f 1702 1703 1731
f 1702 1731 1730
f 1703 1704 1732
f 1703 1732 1731
f 1704 1705 1733
f 1704 1733 1732
f 1705 1706 1734
f 1705 1734 1733
f 1706 1707 1735
f 1706 1735 1734
f 1707 1708 1736
f 1707 1736 1735
f 1708 1709 1737
f 1708 1737 1736
f 1709 1710 1738
f 1709 1738 1737
f 1710 1711 1739
f 1710 1739 1738
f 1711 1712 1740
f 1711 1740 1739
f 1712 1713 1741
f 1712 1741 1740
f 1713 1714 1742
f 1713 1742 1741
f 1714 1715 1743
f 1714 1743 1742
f 1715 1716 1744
f 1715 1744 1743
f 1716 1717 1745
f 1716 1745 1744
f 1717 1718 1746
f 1717 1746 1745
f 1718 1719 1747
f 1718 1747 1746
f 1719 1720 1748
f 1719 1748 1747
f 1720 1721 1749
f 1720 1749 1748
f 1721 1722 1750
f 1721 1750 1749
f 1722 1723 1751
f 1722 1751 1750
f 1724 1725 1753
f 1724 1753 1752
f 1725 1726 1754
f 1725 1754 1753
f 1726 1727 1755
f 1726 1755 1754
f 1727 1728 1756
f 1727 1756 1755
f 1728 1729 1757
f 1728 1757 1756
f 1729 1730 1758
f 1729 1758 1757
f 1730 1731 1759
f 1730 1759 1758
f 1731 1732 1760
f 1731 1760 1759
f 1732 1733 1761
f 1732 1761 1760
f 1733 1734 1762
f 1733 1762 1761
f 1734 1735 1763
f 1734 1763 1762
f 1735 1736 1764
f 1735 1764 1763
f 1736 1737 1765
f 1736 1765 1764
f 1737 1738 1766
f 1737 1766 1765
f 1738 1739 1767
f 1738 1767 1766
f 1739 1740 1768
f 1739 1768 1767
f 1740 1741 1769
f 1740 1769 1768
f 1741 1742 1770
f 1741 1770 1769
f 1742 1743 1771
f 1742 1771 1770
f 1743 1744 1772
f 1743 1772 1771
f 1744 1745 1773
f 1744 1773 1772
f 1745 1746 1774
f 1745 1774 1773
f 1746 1747 1775
f 1746 1775 1774
f 1747 1748 1776
f 1747 1776 1775
f 1748 1749 1777
f 1748 1777 1776
f 1749 1750 1778
f 1749 1778 1777
f 1750 1751 1779
f 1750 1779 1778
f 1752 1753 1781
f 1752 1781 1780
f 1753 1754 1782
f 1753 1782 1781
f 1754 1755 1783
f 1754 1783 1782
f 1755 1756 1784
f 1755 1784 1783
f 1756 1757 1785
f 1756 1785 1784
f 1757 1758 1786
f 1757 1786 1785
f 1758 1759 1787
f 1758 1787 1786
f 1759 1760 1788
f 1759 1788 1787
f 1760 1761 1789
f 1760 1789 1788
f 1761 1762 1790
f 1761 1790 1789
f 1762 1763 1791
f 1762 1791 1790
f 1763 1764 1792
f 1763 1792 1791
f 1764 1765 1793
f 1764 1793 1792
f 1765 1766 1794
f 1765 1794 1793
f 1766 1767 1795
f 1766 1795 1794
f 1767 1768 1796
f 1767 1796 1795
f 1768 1769 1797
f 1768 1797 1796
f 1769 1770 1798
f 1769 1798 1797
f 1770 1771 1799
f 1770 1799 1798
f 1771 1772 1800
f 1771 1800 1799
f 1772 1773 1801
f 1772 1801 1800
f 1773 1774 1802
f 1773 1802 1801
f 1774 1775 1803
f 1774 1803 1802
f 1775 1776 1804
f 1775 1804 1803
f 1776 1777 1805
f 1776 1805 1804
f 1777 1778 1806
f 1777 1806 1805
f 1778 1779 1807
f 1778 1807 1806
f 1780 1781 1809
f 1780 1809 1808
f 1781 1782 1810
f 1781 1810 1809
f 1782 1783 1811
f 1782 1811 1810
f 1783 1784 1812
f 1783 1812 1811
f 1784 1785 1813
f 1784 1813 1812
f 1785 1786 1814
f 1785 1814 1813
f 1786 1787 1815
f 1786 1815 1814
f 1787 1788 1816
f 1787 1816 1815
f 1788 1789 1817
f 1788 1817 1816
f 1789 1790 1818
f 1789 1818 1817
f 1790 1791 1819
f 1790 1819 1818
f 1791 1792 1820
f 1791 1820 1819
f 1792 1793 1821
f 1792 1821 1820
f 1793 1794 1822
f 1793 1822 1821
f 1794 1795 1823
f 1794 1823 1822
f 1795 1796 1824
f 1795 1824 1823
f 1796 1797 1825
f 1796 1825 1824
f 1797 1798 1826
f 1797 1826 1825
f 1798 1799 1827
f 1798 1827 1826
f 1799 1800 1828
f 1799 1828 1827
f 1800 1801 1829
f 1800 1829 1828
f 1801 1802 1830
f 1801 1830 1829
f 1802 1803 1831
f 1802 1831 1830
f 1803 1804 1832
f 1803 1832 1831
f 1804 1805 1833
f 1804 1833 1832
f 1805 1806 1834
f 1805 1834 1833
f 1806 1807 1835
f 1806 1835 1834
f 1808 1809 997
f 1808 997 996
f 1809 1810 998
f 1809 998 997
f 1810 1811 999
f 1810 999 998
f 1811 1812 1000
f 1811 1000 999
f 1812 1813 1001
f 1812 1001 1000
f 1813 1814 1002
f 1813 1002 1001
f 1814 1815 1003
f 1814 1003 1002
f 1815 1816 1004
f 1815 1004 1003
f 1816 1817 1005
f 1816 1005 1004
f 1817 1818 1006
f 1817 1006 1005
f 1818 1819 1007
f 1818 1007 1006
f 1819 1820 1008
f 1819 1008 1007
f 1820 1821 1009
f 1820 1009 1008
f 1821 1822 1010
f 1821 1010 1009
f 1822 1823 1011
f 1822 1011 1010
f 1823 1824 1012
f 1823 1012 1011
f 1824 1825 1013
f 1824 1013 1012
f 1825 1826 1014
f 1825 1014 1013
f 1826 1827 1015
f 1826 1015 1014
f 1827 1828 1016
f 1827 1016 1015
f 1828 1829 1017
f 1828 1017 1016
f 1829 1830 1018
f 1829 1018 1017
f 1830 1831 1019
f 1830 1019 1018
f 1831 1832 1020
f 1831 1020 1019
f 1832 1833 1021
f 1832 1021 1020
f 1833 1834 1022
f 1833 1022 1021
f 1834 1835 1023
f 1834 1023 1022
