# Generated by Visualization Toolkit
v 0.6217743158340454 0.12453946471214294 -4.6117706298828125
v 0.7373493909835815 0.23281045258045197 -4.097066879272461
v 0.7150417566299438 0.2232161909341812 -4.0906524658203125
v 0.6914658546447754 0.2161160409450531 -4.085693836212158
v 0.6669934988021851 0.211621955037117 -4.082268714904785
v 0.642010509967804 0.20980481803417206 -4.080432415008545
v 0.616910994052887 0.21069328486919403 -4.080212593078613
v 0.5920907258987427 0.2142733335494995 -4.081613063812256
v 0.5679411888122559 0.220488503575325 -4.0846123695373535
v 0.5448431968688965 0.2292408049106598 -4.089162349700928
v 0.523160994052887 0.24039219319820404 -4.095191955566406
v 0.5032365918159485 0.253766804933548 -4.10260534286499
v 0.48538413643836975 0.2691536843776703 -4.111286163330078
v 0.4698852300643921 0.28631022572517395 -4.121097564697266
v 0.456984281539917 0.3049658238887787 -4.131884574890137
v 0.44688475131988525 0.32482627034187317 -4.143476963043213
v 0.4397459030151367 0.3455783724784851 -4.155692100524902
v 0.4356802999973297 0.36689484119415283 -4.168337345123291
v 0.43475210666656494 0.38843950629234314 -4.18121337890625
v 0.4369759261608124 0.4098726212978363 -4.194117069244385
v 0.4423166811466217 0.4308561384677887 -4.206844329833984
v 0.45069020986557007 0.45105913281440735 -4.219195365905762
v 0.46196436882019043 0.4701630175113678 -4.230975151062012
v 0.4759614169597626 0.48786649107933044 -4.241997241973877
v 0.49246060848236084 0.5038903951644897 -4.252089023590088
v 0.5112016797065735 0.5179819464683533 -4.261090278625488
v 0.5318891406059265 0.5299189686775208 -4.268859386444092
v 0.5541967749595642 0.5395132303237915 -4.27527379989624
v 0.5777726769447327 0.5466133952140808 -4.2802324295043945
v 0.602245032787323 0.5511074662208557 -4.283657073974609
v 0.6272280216217041 0.552924633026123 -4.285493850708008
v 0.6523275375366211 0.5520361661911011 -4.2857136726379395
v 0.6771478056907654 0.5484561324119568 -4.284312725067139
v 0.7012973427772522 0.5422409176826477 -4.281313896179199
v 0.7243953347206116 0.5334886312484741 -4.276763916015625
v 0.7460775375366211 0.5223372578620911 -4.2707343101501465
v 0.7660019397735596 0.5089626312255859 -4.2633209228515625
v 0.7838543653488159 0.4935757517814636 -4.254640102386475
v 0.799353301525116 0.47641921043395996 -4.244828701019287
v 0.8122542500495911 0.4577636122703552 -4.234041690826416
v 0.8223537802696228 0.43790316581726074 -4.22244930267334
v 0.8294926285743713 0.4171510636806488 -4.21023416519165
v 0.8335582613945007 0.3958345949649811 -4.197588920593262
v 0.8344864249229431 0.3742899000644684 -4.184712886810303
v 0.8322626352310181 0.3528568148612976 -4.171809196472168
v 0.826921820640564 0.3318732976913452 -4.15908145904541
v 0.818548321723938 0.31167030334472656 -4.146730899810791
v 0.8072741627693176 0.2925664186477661 -4.134951114654541
v 0.7932770848274231 0.27486294507980347 -4.123928546905518
v 0.7767779231071472 0.25883907079696655 -4.113837242126465
v 0.7580368518829346 0.24474748969078064 -4.1048359870910645
v 1.4406070709228516 -6.5172576904296875 2.2174558639526367
v 1.219106674194336 -6.036203384399414 2.315049648284912
v 1.2171143293380737 -6.032745838165283 2.290252685546875
v 1.218272089958191 -6.02913236618042 2.2654247283935547
v 1.2225617170333862 -6.025420188903809 2.240957498550415
v 1.2299156188964844 -6.021667957305908 2.2172369956970215
v 1.2402178049087524 -6.017934799194336 2.1946370601654053
v 1.2533056735992432 -6.014279365539551 2.1735143661499023
v 1.2689728736877441 -6.010759353637695 2.1542019844055176
v 1.2869724035263062 -6.007430076599121 2.1370043754577637
v 1.3070203065872192 -6.004344940185547 2.122192621231079
v 1.3288005590438843 -6.001551628112793 2.1100006103515625
v 1.3519694805145264 -5.999094486236572 2.1006205081939697
v 1.376161813735962 -5.997012615203857 2.094200372695923
v 1.4009960889816284 -5.995338439941406 2.090841054916382
v 1.4260804653167725 -5.994098663330078 2.0905959606170654
v 1.4510194063186646 -5.993312358856201 2.09346866607666
v 1.4754197597503662 -5.992992401123047 2.099414110183716
v 1.4988964796066284 -5.993143558502197 2.1083383560180664
v 1.5210795402526855 -5.993763446807861 2.120100736618042
v 1.5416189432144165 -5.994842529296875 2.1345155239105225
v 1.5601909160614014 -5.996363639831543 2.151355743408203
v 1.5765024423599243 -5.998302936553955 2.170355796813965
v 1.5902962684631348 -6.000629425048828 2.191215753555298
v 1.601354956626892 -6.003306865692139 2.213606834411621
v 1.6095041036605835 -6.006292819976807 2.237175941467285
v 1.6146152019500732 -6.009540557861328 2.2615511417388916
v 1.616607427597046 -6.012998104095459 2.286348342895508
v 1.6154496669769287 -6.016611576080322 2.311176300048828
v 1.6111600399017334 -6.020323753356934 2.3356435298919678
v 1.6038061380386353 -6.024075984954834 2.3593640327453613
v 1.5935039520263672 -6.027809143066406 2.3819639682769775
v 1.5804160833358765 -6.03146505355835 2.4030866622924805
v 1.5647488832473755 -6.034984588623047 2.4223990440368652
v 1.5467493534088135 -6.038313865661621 2.439596652984619
v 1.5267014503479004 -6.041399002075195 2.4544081687927246
v 1.5049211978912354 -6.044192314147949 2.466600179672241
v 1.4817522764205933 -6.04664945602417 2.475980281829834
v 1.4575599431991577 -6.048731327056885 2.48240065574646
v 1.4327257871627808 -6.050405502319336 2.485759973526001
v 1.4076412916183472 -6.051645755767822 2.4860050678253174
v 1.382702350616455 -6.052431583404541 2.4831321239471436
v 1.358302116394043 -6.052751541137695 2.477186918258667
v 1.3348252773284912 -6.052600383758545 2.4682626724243164
v 1.312642216682434 -6.051980495452881 2.456500291824341
v 1.2921028137207031 -6.050901412963867 2.4420852661132812
v 1.2735309600830078 -6.049380302429199 2.4252450466156006
v 1.2572194337844849 -6.047441005706787 2.406245231628418
v 1.2434254884719849 -6.045114517211914 2.385385274887085
v 1.2323668003082275 -6.0424370765686035 2.3629941940307617
v 1.2242176532745361 -6.0394511222839355 2.3394250869750977
v -2.2554690837860107 -6.0693464279174805 -6.964714527130127
v -2.01613712310791 -5.832533836364746 -6.544429302215576
v -2.0342941284179688 -5.841684341430664 -6.529684066772461
v -2.0543935298919678 -5.84885311126709 -6.516438961029053
v -2.0761184692382812 -5.8539276123046875 -6.504901885986328
v -2.0991263389587402 -5.8568267822265625 -6.495254993438721
v -2.123054027557373 -5.857506275177002 -6.4876508712768555
v -2.14752459526062 -5.855954170227051 -6.482209205627441
v -2.172151803970337 -5.8521952629089355 -6.479015827178955
v -2.196547269821167 -5.846289157867432 -6.478120803833008
v -2.2203264236450195 -5.838328838348389 -6.479538440704346
v -2.2431142330169678 -5.828440189361572 -6.483246803283691
v -2.2645511627197266 -5.816778182983398 -6.489186763763428
v -2.28429913520813 -5.80352783203125 -6.497264862060547
v -2.30204701423645 -5.788897514343262 -6.507354259490967
v -2.317514657974243 -5.773118019104004 -6.519294738769531
v -2.330458402633667 -5.7564377784729 -6.532898902893066
v -2.3406736850738525 -5.739120960235596 -6.547951698303223
v -2.3479995727539062 -5.721439838409424 -6.564216136932373
v -2.352320671081543 -5.703673362731934 -6.581435680389404
v -2.3535687923431396 -5.686101913452148 -6.599338531494141
v -2.351724147796631 -5.669002056121826 -6.617641925811768
v -2.346815824508667 -5.652644634246826 -6.636058330535889
v -2.338921308517456 -5.637286186218262 -6.654296398162842
v -2.328165292739868 -5.623169898986816 -6.6720685958862305
v -2.3147170543670654 -5.610517978668213 -6.6890950202941895
v -2.2987887859344482 -5.599530220031738 -6.70510721206665
v -2.2806317806243896 -5.59037971496582 -6.719851970672607
v -2.2605321407318115 -5.5832109451293945 -6.733097553253174
v -2.238807201385498 -5.578136920928955 -6.744634628295898
v -2.215799331665039 -5.575237274169922 -6.754281520843506
v -2.1918716430664062 -5.574558258056641 -6.761885643005371
v -2.1674013137817383 -5.576110363006592 -6.767327308654785
v -2.1427741050720215 -5.579868793487549 -6.7705206871032715
v -2.1183784008026123 -5.585774898529053 -6.771415710449219
v -2.094599485397339 -5.593735218048096 -6.769997596740723
v -2.0718116760253906 -5.60362434387207 -6.766289710998535
v -2.050374746322632 -5.615285873413086 -6.760349750518799
v -2.0306265354156494 -5.628536224365234 -6.7522711753845215
v -2.012878656387329 -5.643167018890381 -6.74218225479126
v -1.9974110126495361 -5.658946514129639 -6.730241298675537
v -1.9844675064086914 -5.675626277923584 -6.71663761138916
v -1.9742522239685059 -5.692943096160889 -6.701584339141846
v -1.9669262170791626 -5.7106242179870605 -6.685319900512695
v -1.9626051187515259 -5.728390693664551 -6.668100833892822
v -1.9613569974899292 -5.745962619781494 -6.650197982788086
v -1.963201642036438 -5.763062000274658 -6.631894111633301
v -1.9681099653244019 -5.779419898986816 -6.613478183746338
v -1.9760043621063232 -5.794777870178223 -6.595240116119385
v -1.9867606163024902 -5.808894157409668 -6.577467441558838
v -2.000208854675293 -5.8215460777282715 -6.560441017150879
v -6.6166815757751465 3.480600595474243 1.7548903226852417
v -6.103938579559326 3.3945484161376953 1.8952107429504395
v -6.111014366149902 3.395329475402832 1.9192970991134644
v -6.118666648864746 3.399174690246582 1.9429081678390503
v -6.126773834228516 3.4060237407684326 1.9656717777252197
v -6.135209083557129 3.415768623352051 1.9872288703918457
v -6.143839359283447 3.428255796432495 2.00723934173584
v -6.152527809143066 3.4432878494262695 2.02538800239563
v -6.16113805770874 3.460628032684326 2.0413882732391357
v -6.169533729553223 3.4800026416778564 2.054987907409668
v -6.17758321762085 3.5011065006256104 2.065972328186035
v -6.185158729553223 3.523606538772583 2.0741686820983887
v -6.192141532897949 3.5471479892730713 2.0794472694396973
v -6.198421001434326 3.571359634399414 2.0817251205444336
v -6.2038984298706055 3.5958597660064697 2.0809662342071533
v -6.208487510681152 3.6202614307403564 2.0771825313568115
v -6.212115287780762 3.6441805362701416 2.0704336166381836
v -6.214725017547607 3.667239189147949 2.060826301574707
v -6.216275215148926 3.6890742778778076 2.048511505126953
v -6.216742038726807 3.709341287612915 2.033684015274048
v -6.2161173820495605 3.7277204990386963 2.0165772438049316
v -6.214411735534668 3.743921995162964 1.9974613189697266
v -6.21165132522583 3.757690668106079 1.976637363433838
v -6.20788049697876 3.7688088417053223 1.9544340372085571
v -6.203158378601074 3.777101516723633 1.931201457977295
v -6.197558879852295 3.782437801361084 1.9073059558868408
v -6.191171169281006 3.784733533859253 1.8831243515014648
v -6.18409538269043 3.7839527130126953 1.85903799533844
v -6.176443576812744 3.780107259750366 1.835426926612854
v -6.168335914611816 3.7732582092285156 1.8126633167266846
v -6.159900665283203 3.7635133266448975 1.7911062240600586
v -6.151270866394043 3.7510263919830322 1.771095633506775
v -6.142581939697266 3.735994338989258 1.7529470920562744
v -6.13397216796875 3.718654155731201 1.736946940422058
v -6.125576019287109 3.699279308319092 1.7233473062515259
v -6.117527008056641 3.678175449371338 1.7123627662658691
v -6.109951019287109 3.6556754112243652 1.7041665315628052
v -6.102968215942383 3.632133960723877 1.698887825012207
v -6.096688747406006 3.607922315597534 1.6966099739074707
v -6.091211318969727 3.5834224224090576 1.697368860244751
v -6.086622714996338 3.559020519256592 1.7011525630950928
v -6.0829949378967285 3.5351016521453857 1.7079013586044312
v -6.080385208129883 3.512042760848999 1.7175089120864868
v -6.078834533691406 3.4902076721191406 1.7298234701156616
v -6.078368186950684 3.469940662384033 1.7446510791778564
v -6.0789923667907715 3.451561450958252 1.7617578506469727
v -6.080698490142822 3.4353599548339844 1.7808738946914673
v -6.083458423614502 3.4215915203094482 1.8016977310180664
v -6.087229251861572 3.410473108291626 1.8239010572433472
v -6.091951847076416 3.4021804332733154 1.8471336364746094
v -6.097550868988037 3.3968441486358643 1.871029257774353
v 3.9910645484924316 -1.071472406387329 2.399807929992676
v 3.5989060401916504 -0.7260507345199585 2.5297904014587402
v 3.5950522422790527 -0.7221176624298096 2.5052852630615234
v 3.5940239429473877 -0.7167826890945435 2.4807636737823486
v 3.595837116241455 -0.7101298570632935 2.4566125869750977
v 3.600463390350342 -0.702264130115509 2.4332127571105957
v 3.6078295707702637 -0.6933095455169678 2.410933256149292
v 3.6178195476531982 -0.6834073662757874 2.390125274658203
v 3.6302759647369385 -0.6727136373519897 2.371117353439331
v 3.6450023651123047 -0.6613971590995789 2.3542089462280273
v 3.661766290664673 -0.6496362686157227 2.3396666049957275
v 3.6803035736083984 -0.6376165151596069 2.3277199268341064
v 3.700321674346924 -0.6255275011062622 2.3185572624206543
v 3.7215049266815186 -0.6135597229003906 2.3123230934143066
v 3.7435193061828613 -0.6019020676612854 2.3091156482696533
v 3.7660176753997803 -0.5907382965087891 2.308985710144043
v 3.7886452674865723 -0.5802445411682129 2.3119351863861084
v 3.8110451698303223 -0.5705862045288086 2.317917585372925
v 3.8328638076782227 -0.5619156956672668 2.326838493347168
v 3.853757619857788 -0.5543696880340576 2.338557243347168
v 3.873396873474121 -0.5480672121047974 2.3528892993927
v 3.8914718627929688 -0.5431076288223267 2.369608163833618
v 3.9076974391937256 -0.5395692586898804 2.3884503841400146
v 3.9218177795410156 -0.5375077724456787 2.409119129180908
v 3.933610200881958 -0.536955714225769 2.4312877655029297
v 3.9428887367248535 -0.5379219055175781 2.4546074867248535
v 3.949507236480713 -0.5403909683227539 2.4787096977233887
v 3.9533607959747314 -0.5443239808082581 2.5032148361206055
v 3.9543893337249756 -0.549659013748169 2.5277364253997803
v 3.952575922012329 -0.5563117861747742 2.5518875122070312
v 3.9479498863220215 -0.5641775131225586 2.575287342071533
v 3.9405834674835205 -0.5731320977210999 2.597566843032837
v 3.930593490600586 -0.583034336566925 2.618374824523926
v 3.9181370735168457 -0.5937280058860779 2.637382984161377
v 3.9034106731414795 -0.6050444841384888 2.6542913913726807
v 3.8866467475891113 -0.616805374622345 2.6688334941864014
v 3.868109703063965 -0.6288251280784607 2.6807801723480225
v 3.8480916023254395 -0.6409142017364502 2.6899428367614746
v 3.8269081115722656 -0.652881920337677 2.6961770057678223
v 3.804893732070923 -0.6645395755767822 2.6993844509124756
v 3.782395362854004 -0.6757033467292786 2.699514389038086
v 3.759767770767212 -0.6861971616744995 2.6965649127960205
v 3.737368106842041 -0.695855438709259 2.690582752227783
v 3.7155492305755615 -0.7045260071754456 2.68166184425354
v 3.694655418395996 -0.71207195520401 2.669942855834961
v 3.675016164779663 -0.7183744311332703 2.655611038208008
v 3.6569411754608154 -0.723334014415741 2.6388919353485107
v 3.6407155990600586 -0.726872444152832 2.6200497150421143
v 3.6265952587127686 -0.7289338707923889 2.5993812084198
v 3.614802837371826 -0.7294859290122986 2.577212333679199
v 3.6055243015289307 -0.7285197973251343 2.5538928508758545
v 0.8039097189903259 -6.610382080078125 -0.7757255434989929
v 0.9927747845649719 -6.173373222351074 -0.5240248441696167
v 0.9820966720581055 -6.181670665740967 -0.5028598308563232
v 0.9686536192893982 -6.189395427703857 -0.48310038447380066
v 0.9526575803756714 -6.196425914764404 -0.4650581479072571
v 0.9343608617782593 -6.202651500701904 -0.4490176737308502
v 0.9140519499778748 -6.207973480224609 -0.43523192405700684
v 0.8920511603355408 -6.212308406829834 -0.4239182770252228
v 0.8687054514884949 -6.215588092803955 -0.41525521874427795
v 0.8443830609321594 -6.21776008605957 -0.4093793034553528
v 0.8194674849510193 -6.218790531158447 -0.4063832461833954
v 0.7943516969680786 -6.218663215637207 -0.40631428360939026
v 0.7694317698478699 -6.217380046844482 -0.40917348861694336
v 0.745100736618042 -6.214961051940918 -0.4149158000946045
v 0.7217422723770142 -6.211445331573486 -0.42345061898231506
v 0.6997247934341431 -6.206887245178223 -0.43464335799217224
v 0.6793954968452454 -6.201358795166016 -0.4483175277709961
v 0.6610749959945679 -6.194947719573975 -0.46425744891166687
v 0.6450521945953369 -6.187755107879639 -0.48221173882484436
v 0.6315798163414001 -6.179893493652344 -0.5018972754478455
v 0.6208703517913818 -6.171487808227539 -0.5230035781860352
v 0.6130926609039307 -6.162670612335205 -0.5451977849006653
v 0.6083693504333496 -6.153580188751221 -0.5681299567222595
v 0.6067749857902527 -6.144360542297363 -0.5914382934570312
v 0.6083347201347351 -6.135157108306885 -0.6147553324699402
v 0.6130239367485046 -6.126114368438721 -0.6377133131027222
v 0.6207686066627502 -6.11737585067749 -0.6599501967430115
v 0.6314467191696167 -6.109078407287598 -0.6811152100563049
v 0.644889771938324 -6.101353645324707 -0.7008746862411499
v 0.6608858108520508 -6.09432315826416 -0.7189168930053711
v 0.6791825294494629 -6.088098049163818 -0.7349573373794556
v 0.6994914412498474 -6.082775592803955 -0.7487431168556213
v 0.7214922308921814 -6.0784406661987305 -0.760056734085083
v 0.7448378801345825 -6.075161457061768 -0.7687198519706726
v 0.7691603302955627 -6.072989463806152 -0.7745957374572754
v 0.7940759062767029 -6.071959018707275 -0.7775917649269104
v 0.8191916942596436 -6.072086334228516 -0.7776607275009155
v 0.8441116213798523 -6.07336950302124 -0.7748015522956848
v 0.8684426546096802 -6.0757880210876465 -0.7690592408180237
v 0.891801118850708 -6.079304218292236 -0.7605244517326355
v 0.9138185977935791 -6.0838623046875 -0.7493316531181335
v 0.9341478943824768 -6.089390277862549 -0.7356575131416321
v 0.9524683952331543 -6.09580135345459 -0.7197176218032837
v 0.9684911966323853 -6.102994441986084 -0.7017632722854614
v 0.981963574886322 -6.110855579376221 -0.6820777654647827
v 0.9926730394363403 -6.119261264801025 -0.660971462726593
v 1.0004507303237915 -6.128078460693359 -0.6387772560119629
v 1.0051740407943726 -6.137168884277344 -0.6158450841903687
v 1.0067683458328247 -6.146388530731201 -0.5925367474555969
v 1.0052086114883423 -6.15559196472168 -0.569219708442688
v 1.0005195140838623 -6.164634704589844 -0.546261727809906
v 0.8613227009773254 4.914126873016357 3.385148286819458
v 0.9512078166007996 4.508747577667236 3.0422370433807373
v 0.9718953371047974 4.520684719085693 3.034467935562134
v 0.99063640832901 4.534776210784912 3.0254666805267334
v 1.0071356296539307 4.55079984664917 3.0153753757476807
v 1.0211325883865356 4.568503379821777 3.0043528079986572
v 1.0324068069458008 4.587607383728027 2.9925732612609863
v 1.0407803058624268 4.6078104972839355 2.980222225189209
v 1.0461211204528809 4.628793716430664 2.9674947261810303
v 1.0483449697494507 4.650227069854736 2.9545910358428955
v 1.0474166870117188 4.67177152633667 2.9417152404785156
v 1.043351173400879 4.693088054656982 2.929069995880127
v 1.0362122058868408 4.713840007781982 2.9168546199798584
v 1.026112675666809 4.733700752258301 2.9052622318267822
v 1.013211727142334 4.75235652923584 2.894475221633911
v 0.9977128505706787 4.76951265335083 2.8846640586853027
v 0.9798604249954224 4.784899711608887 2.875983238220215
v 0.9599360227584839 4.798274517059326 2.8685696125030518
v 0.9382538199424744 4.8094258308410645 2.8625402450561523
v 0.915155827999115 4.818178176879883 2.857990026473999
v 0.8910062909126282 4.824393272399902 2.8549909591674805
v 0.8661860227584839 4.827973365783691 2.853590250015259
v 0.8410865068435669 4.828861713409424 2.8538100719451904
v 0.8161035180091858 4.827044486999512 2.855646848678589
v 0.7916311025619507 4.822550296783447 2.8590714931488037
v 0.7680552005767822 4.815450191497803 2.864030122756958
v 0.7457476258277893 4.805856227874756 2.8704447746276855
v 0.7250601649284363 4.793919086456299 2.878213882446289
v 0.7063190937042236 4.77982759475708 2.8872151374816895
v 0.689819872379303 4.763803482055664 2.897306442260742
v 0.6758228540420532 4.746099948883057 2.9083287715911865
v 0.6645486950874329 4.726996421813965 2.9201085567474365
v 0.6561751961708069 4.706793308258057 2.9324593544006348
v 0.6508343815803528 4.68580961227417 2.9451870918273926
v 0.6486105918884277 4.664376735687256 2.9580905437469482
v 0.6495387554168701 4.642831802368164 2.9709665775299072
v 0.6536043882369995 4.621515274047852 2.983611822128296
v 0.660743236541748 4.600763320922852 2.9958269596099854
v 0.6708427667617798 4.580903053283691 3.0074193477630615
v 0.6837437152862549 4.562247276306152 3.0182063579559326
v 0.6992426514625549 4.545090675354004 3.02801775932312
v 0.7170950770378113 4.5297040939331055 3.036698579788208
v 0.7370194792747498 4.516329288482666 3.044112205505371
v 0.7587016224861145 4.505177974700928 3.0501415729522705
v 0.7817996740341187 4.496425628662109 3.0546915531158447
v 0.8059492111206055 4.49021053314209 3.0576906204223633
v 0.8307694792747498 4.486630439758301 3.059091329574585
v 0.8558689951896667 4.485742092132568 3.0588717460632324
v 0.8808519840240479 4.487558841705322 3.057034969329834
v 0.9053243398666382 4.492053031921387 3.053610324859619
v 0.9289002418518066 4.499153137207031 3.0486514568328857
v 1.4177004098892212 -6.697819232940674 1.6999660730361938
v 1.2372984886169434 -6.466745376586914 1.2482361793518066
v 1.25645112991333 -6.477302551269531 1.2358852624893188
v 1.2774711847305298 -6.4859137535095215 1.2251695394515991
v 1.3000272512435913 -6.492442607879639 1.216257929801941
v 1.3237636089324951 -6.496787071228027 1.2092911005020142
v 1.3483058214187622 -6.498878002166748 1.2043787240982056
v 1.3732669353485107 -6.498682975769043 1.2015984058380127
v 1.3982532024383545 -6.496203899383545 1.2009940147399902
v 1.4228706359863281 -6.491481304168701 1.2025749683380127
v 1.4467309713363647 -6.484588623046875 1.2063164710998535
v 1.4694581031799316 -6.475635051727295 1.2121593952178955
v 1.4906933307647705 -6.464761734008789 1.2200117111206055
v 1.5101019144058228 -6.452139854431152 1.2297494411468506
v 1.527377724647522 -6.437969207763672 1.241219162940979
v 1.542248249053955 -6.4224724769592285 1.254239797592163
v 1.5544791221618652 -6.4058942794799805 1.2686063051223755
v 1.5638773441314697 -6.388495922088623 1.284091830253601
v 1.5702948570251465 -6.3705525398254395 1.3004522323608398
v 1.5736302137374878 -6.352345943450928 1.3174296617507935
v 1.5738309621810913 -6.334164142608643 1.3347561359405518
v 1.5708938837051392 -6.316293716430664 1.352158546447754
v 1.5648653507232666 -6.29901647567749 1.3693623542785645
v 1.5558403730392456 -6.282604694366455 1.386096477508545
v 1.5439614057540894 -6.267317295074463 1.4020966291427612
v 1.5294156074523926 -6.2533955574035645 1.417110800743103
v 1.5124324560165405 -6.241058349609375 1.430902123451233
v 1.4932798147201538 -6.230501174926758 1.4432530403137207
v 1.472259759902954 -6.221889972686768 1.4539687633514404
v 1.4497036933898926 -6.21536111831665 1.4628803730010986
v 1.4259673357009888 -6.211016654968262 1.4698472023010254
v 1.4014251232147217 -6.208925724029541 1.474759578704834
v 1.3764640092849731 -6.209120750427246 1.4775398969650269
v 1.3514777421951294 -6.211599349975586 1.4781442880630493
v 1.3268603086471558 -6.216322422027588 1.4765633344650269
v 1.3029999732971191 -6.223215103149414 1.472821831703186
v 1.2802729606628418 -6.232168674468994 1.466978907585144
v 1.2590376138687134 -6.2430419921875 1.459126591682434
v 1.2396291494369507 -6.255663871765137 1.449388861656189
v 1.2223533391952515 -6.269834518432617 1.4379191398620605
v 1.2074826955795288 -6.2853312492370605 1.4248985052108765
v 1.1952518224716187 -6.301909446716309 1.410531997680664
v 1.1858536005020142 -6.319307804107666 1.3950464725494385
v 1.1794360876083374 -6.33725118637085 1.3786860704421997
v 1.176100730895996 -6.355457782745361 1.361708641052246
v 1.1758999824523926 -6.3736395835876465 1.3443821668624878
v 1.1788370609283447 -6.391510009765625 1.3269797563552856
v 1.1848655939102173 -6.408787250518799 1.309775948524475
v 1.1938905715942383 -6.425199031829834 1.2930418252944946
v 1.2057695388793945 -6.440486431121826 1.2770416736602783
v 1.2203153371810913 -6.454408168792725 1.2620275020599365
v -2.1292073726654053 -5.976872444152832 -7.188787937164307
v -1.753832459449768 -5.641139030456543 -6.998061180114746
v -1.762871265411377 -5.6450934410095215 -6.974964141845703
v -1.7744823694229126 -5.647493362426758 -6.952822685241699
v -1.7884827852249146 -5.648300647735596 -6.931985855102539
v -1.8046517372131348 -5.6475019454956055 -6.912783145904541
v -1.8227341175079346 -5.645110607147217 -6.895516395568848
v -1.8424447774887085 -5.6411638259887695 -6.880458831787109
v -1.863472819328308 -5.635724067687988 -6.867846965789795
v -1.8854868412017822 -5.62887716293335 -6.857880592346191
v -1.9081393480300903 -5.620731353759766 -6.8507161140441895
v -1.9310733079910278 -5.611414432525635 -6.8464674949646
v -1.9539270401000977 -5.60107421875 -6.845200538635254
v -1.9763400554656982 -5.58987283706665 -6.846935749053955
v -1.9979588985443115 -5.577987194061279 -6.851646423339844
v -2.0184426307678223 -5.565605163574219 -6.859257221221924
v -2.037468194961548 -5.552921772003174 -6.869648456573486
v -2.0547356605529785 -5.54013729095459 -6.882656574249268
v -2.069972515106201 -5.5274529457092285 -6.89807653427124
v -2.0829386711120605 -5.515068531036377 -6.915664196014404
v -2.0934295654296875 -5.503180027008057 -6.93514347076416
v -2.1012794971466064 -5.491974830627441 -6.956206321716309
v -2.106365203857422 -5.481629371643066 -6.978520393371582
v -2.1086058616638184 -5.472306728363037 -7.001734733581543
v -2.107966661453247 -5.464154243469238 -7.025482177734375
v -2.104457378387451 -5.457300186157227 -7.049388885498047
v -2.0981335639953613 -5.451852798461914 -7.07307767868042
v -2.089094877243042 -5.447897911071777 -7.096175193786621
v -2.077483654022217 -5.445498466491699 -7.118316650390625
v -2.063483238220215 -5.444691181182861 -7.139153003692627
v -2.047314167022705 -5.445489883422852 -7.158355712890625
v -2.0292317867279053 -5.44788122177124 -7.175622463226318
v -2.009521245956421 -5.4518280029296875 -7.190680027008057
v -1.9884930849075317 -5.457267761230469 -7.203291893005371
v -1.9664791822433472 -5.464114189147949 -7.213258266448975
v -1.9438265562057495 -5.472260475158691 -7.220422744750977
v -1.920892596244812 -5.481576919555664 -7.224671840667725
v -1.8980388641357422 -5.491917610168457 -7.225938320159912
v -1.8756258487701416 -5.503118991851807 -7.224203109741211
v -1.8540070056915283 -5.5150041580200195 -7.2194929122924805
v -1.8335232734680176 -5.52738618850708 -7.211881637573242
v -1.814497709274292 -5.540069580078125 -7.20149040222168
v -1.7972302436828613 -5.552854537963867 -7.188482284545898
v -1.7819933891296387 -5.5655388832092285 -7.173062801361084
v -1.7690272331237793 -5.57792329788208 -7.155474662780762
v -1.758536458015442 -5.589811325073242 -7.135995864868164
v -1.7506864070892334 -5.601016998291016 -7.114933013916016
v -1.7456008195877075 -5.611362457275391 -7.092618465423584
v -1.7433600425720215 -5.62068510055542 -7.069404602050781
v -1.7439992427825928 -5.628837585449219 -7.045656681060791
v -1.7475085258483887 -5.6356916427612305 -7.021749973297119
v -6.750062942504883 3.154806137084961 1.2229948043823242
v -6.457068920135498 2.8046555519104004 0.9374266862869263
v -6.441067218780518 2.8032026290893555 0.9567307829856873
v -6.42429256439209 2.8047327995300293 0.9753613471984863
v -6.407010078430176 2.8092217445373535 0.9930247068405151
v -6.389492511749268 2.816598892211914 1.0094420909881592
v -6.372015476226807 2.8267476558685303 1.0243548154830933
v -6.354855537414551 2.839508056640625 1.0375275611877441
v -6.338282108306885 2.8546788692474365 1.0487525463104248
v -6.3225579261779785 2.872020959854126 1.057852864265442
v -6.307929515838623 2.8912606239318848 1.0646848678588867
v -6.294629096984863 2.9120945930480957 1.0691410303115845
v -6.282865047454834 2.934194326400757 1.071150779724121
v -6.272823810577393 2.9572112560272217 1.0706826448440552
v -6.264663219451904 2.9807822704315186 1.0677440166473389
v -6.258512020111084 3.004535675048828 1.0623810291290283
v -6.254467964172363 3.028097152709961 1.0546784400939941
v -6.252593994140625 3.0510947704315186 1.0447577238082886
v -6.252919673919678 3.0731658935546875 1.0327751636505127
v -6.2554402351379395 3.0939626693725586 1.0189199447631836
v -6.260115623474121 3.113156795501709 1.0034104585647583
v -6.266872882843018 3.130445957183838 0.986491322517395
v -6.275604248046875 3.145557165145874 0.9684293866157532
v -6.286172866821289 3.158252239227295 0.9495094418525696
v -6.298411846160889 3.1683309078216553 0.9300299286842346
v -6.312128067016602 3.1756343841552734 0.9102979898452759
v -6.3271050453186035 3.1800472736358643 0.8906248807907104
v -6.343107223510742 3.181500196456909 0.8713207840919495
v -6.35988187789917 3.1799700260162354 0.8526901602745056
v -6.377164363861084 3.175481081008911 0.8350268602371216
v -6.394681930541992 3.1681039333343506 0.8186094164848328
v -6.412158489227295 3.1579551696777344 0.8036967515945435
v -6.429318904876709 3.1451947689056396 0.7905240058898926
v -6.445891857147217 3.130023956298828 0.7792990207672119
v -6.461616516113281 3.1126818656921387 0.7701987028121948
v -6.4762444496154785 3.09344220161438 0.7633666396141052
v -6.4895453453063965 3.072608232498169 0.758910596370697
v -6.501309394836426 3.050508499145508 0.7569007277488708
v -6.511350631713867 3.027491569519043 0.7573688626289368
v -6.5195112228393555 3.003920555114746 0.7603076100349426
v -6.525661945343018 2.9801671504974365 0.7656705379486084
v -6.5297064781188965 2.9566056728363037 0.7733731269836426
v -6.531580448150635 2.933608055114746 0.7832939028739929
v -6.531254768371582 2.911536931991577 0.7952763438224792
v -6.52873420715332 2.890740156173706 0.8091316223144531
v -6.5240583419799805 2.8715460300445557 0.8246410489082336
v -6.517301559448242 2.8542568683624268 0.8415601849555969
v -6.508570194244385 2.8391456604003906 0.8596221804618835
v -6.498001575469971 2.8264505863189697 0.8785420656204224
v -6.485762596130371 2.8163719177246094 0.8980216383934021
v -6.472046375274658 2.809068441390991 0.9177535176277161
v 3.9900074005126953 -1.4960315227508545 1.7439501285552979
v 3.738487482070923 -1.6076045036315918 1.281036376953125
v 3.760918140411377 -1.6086667776107788 1.2697862386703491
v 3.7835278511047363 -1.6066207885742188 1.2590417861938477
v 3.805959701538086 -1.6014988422393799 1.2489722967147827
v 3.8278603553771973 -1.5933818817138672 1.2397366762161255
v 3.848884344100952 -1.582397699356079 1.2314804792404175
v 3.8687000274658203 -1.5687196254730225 1.2243340015411377
v 3.8869950771331787 -1.5525633096694946 1.2184098958969116
v 3.9034807682037354 -1.5341836214065552 1.213801622390747
v 3.9178969860076904 -1.5138704776763916 1.2105817794799805
v 3.93001651763916 -1.4919440746307373 1.20880126953125
v 3.939648389816284 -1.468750238418579 1.2084879875183105
v 3.946640729904175 -1.4446548223495483 1.2096471786499023
v 3.950882911682129 -1.4200377464294434 1.2122602462768555
v 3.952308416366577 -1.395287275314331 1.216286063194275
v 3.950894355773926 -1.3707938194274902 1.2216613292694092
v 3.9466633796691895 -1.3469434976577759 1.2283010482788086
v 3.9396820068359375 -1.3241125345230103 1.2361005544662476
v 3.930060625076294 -1.3026610612869263 1.2449369430541992
v 3.9179506301879883 -1.28292715549469 1.2546707391738892
v 3.903542995452881 -1.2652223110198975 1.2651485204696655
v 3.8870654106140137 -1.2498254776000977 1.276205062866211
v 3.86877703666687 -1.236979603767395 1.2876659631729126
v 3.8489668369293213 -1.2268873453140259 1.299350380897522
v 3.8279471397399902 -1.219707727432251 1.311074137687683
v 3.806049346923828 -1.215554118156433 1.3226523399353027
v 3.783618688583374 -1.2144919633865356 1.3339024782180786
v 3.7610092163085938 -1.2165378332138062 1.34464693069458
v 3.738577127456665 -1.221659779548645 1.354716420173645
v 3.7166764736175537 -1.2297768592834473 1.3639520406723022
v 3.695652484893799 -1.2407609224319458 1.3722082376480103
v 3.6758368015289307 -1.2544389963150024 1.37935471534729
v 3.6575417518615723 -1.2705953121185303 1.3852788209915161
v 3.6410562992095947 -1.2889750003814697 1.3898870944976807
v 3.6266398429870605 -1.3092881441116333 1.3931069374084473
v 3.614520311355591 -1.3312146663665771 1.3948874473571777
v 3.604888439178467 -1.3544083833694458 1.3952007293701172
v 3.597896099090576 -1.3785037994384766 1.394041657447815
v 3.593653917312622 -1.4031208753585815 1.3914284706115723
v 3.592228651046753 -1.4278713464736938 1.3874026536941528
v 3.593642473220825 -1.4523648023605347 1.3820273876190186
v 3.5978734493255615 -1.476215124130249 1.3753876686096191
v 3.6048548221588135 -1.4990460872650146 1.3675881624221802
v 3.614476442337036 -1.5204976797103882 1.3587517738342285
v 3.626586437225342 -1.540231466293335 1.3490179777145386
v 3.64099383354187 -1.557936429977417 1.3385401964187622
v 3.6574716567993164 -1.5733331441879272 1.3274836540222168
v 3.675759792327881 -1.5861790180206299 1.3160227537155151
v 3.6955699920654297 -1.596271276473999 1.3043383359909058
v 3.7165896892547607 -1.603450894355774 1.2926145792007446
v 0.7861261367797852 -6.652073383331299 -1.3015137910842896
v 0.6020625233650208 -6.277164936065674 -1.6414613723754883
v 0.6161744594573975 -6.287447929382324 -1.6595150232315063
v 0.6327781081199646 -6.296696186065674 -1.67593514919281
v 0.6516115069389343 -6.304762840270996 -1.6904627084732056
v 0.6723777651786804 -6.311521530151367 -1.7028687000274658
v 0.6947492957115173 -6.31686544418335 -1.7129573822021484
v 0.7183733582496643 -6.320710182189941 -1.7205697298049927
v 0.7428773045539856 -6.322995185852051 -1.725585699081421
v 0.7678747177124023 -6.323684215545654 -1.7279260158538818
v 0.7929713726043701 -6.3227667808532715 -1.7275539636611938
v 0.8177715539932251 -6.320257186889648 -1.724475383758545
v 0.8418840765953064 -6.316195011138916 -1.7187386751174927
v 0.864928662776947 -6.310644149780273 -1.7104345560073853
v 0.8865419030189514 -6.30369234085083 -1.6996937990188599
v 0.9063829779624939 -6.295449256896973 -1.6866858005523682
v 0.9241389036178589 -6.286044597625732 -1.671615719795227
v 0.9395297765731812 -6.275627136230469 -1.6547213792800903
v 0.9523127675056458 -6.2643609046936035 -1.636268973350525
v 0.9622862935066223 -6.2524237632751465 -1.6165497303009033
v 0.9692931175231934 -6.24000358581543 -1.5958744287490845
v 0.9732227325439453 -6.227296352386475 -1.5745692253112793
v 0.974013090133667 -6.214502811431885 -1.552970051765442
v 0.9716517925262451 -6.201824188232422 -1.531417727470398
v 0.9661760926246643 -6.189460754394531 -1.5102519989013672
v 0.9576722979545593 -6.177607536315918 -1.4898066520690918
v 0.9462745785713196 -6.166451454162598 -1.4704041481018066
v 0.9321625828742981 -6.156168460845947 -1.4523504972457886
v 0.9155589938163757 -6.146920680999756 -1.4359303712844849
v 0.8967255353927612 -6.138853549957275 -1.4214026927947998
v 0.8759593367576599 -6.1320953369140625 -1.4089967012405396
v 0.8535877466201782 -6.12675142288208 -1.398908019065857
v 0.829963743686676 -6.122906684875488 -1.3912956714630127
v 0.8054597973823547 -6.120621681213379 -1.386279821395874
v 0.780462384223938 -6.119932651519775 -1.3839393854141235
v 0.7553656697273254 -6.120850086212158 -1.3843114376068115
v 0.7305655479431152 -6.123359680175781 -1.3873900175094604
v 0.7064530253410339 -6.127421855926514 -1.3931267261505127
v 0.6834084391593933 -6.132972717285156 -1.4014308452606201
v 0.6617951989173889 -6.1399245262146 -1.4121716022491455
v 0.6419541239738464 -6.148167610168457 -1.4251796007156372
v 0.6241981387138367 -6.157571792602539 -1.4402496814727783
v 0.6088073253631592 -6.167989730834961 -1.457144021987915
v 0.5960243344306946 -6.179255962371826 -1.4755964279174805
v 0.5860507488250732 -6.191193103790283 -1.4953157901763916
v 0.579043984413147 -6.20361328125 -1.5159910917282104
v 0.575114369392395 -6.216320514678955 -1.5372962951660156
v 0.5743239521980286 -6.229114055633545 -1.5588953495025635
v 0.5766852498054504 -6.241792678833008 -1.5804476737976074
v 0.5821609497070312 -6.25415563583374 -1.6016135215759277
v 0.5906647443771362 -6.2660088539123535 -1.6220588684082031
v 0.9052320122718811 4.629054546356201 3.8147037029266357
v 0.7312238812446594 4.121337413787842 3.7706081867218018
v 0.7363349199295044 4.1180901527404785 3.7949836254119873
v 0.744484007358551 4.115103721618652 3.8185524940490723
v 0.7555427551269531 4.112426280975342 3.8409435749053955
v 0.7693366408348083 4.110099792480469 3.8618037700653076
v 0.7856481671333313 4.108160495758057 3.8808035850524902
v 0.8042200803756714 4.106639385223389 3.897643804550171
v 0.8247595429420471 4.105560302734375 3.9120588302612305
v 0.8469425439834595 4.104940414428711 3.923821210861206
v 0.8704193234443665 4.1047892570495605 3.9327454566955566
v 0.8948196172714233 4.105109214782715 3.938690662384033
v 0.9197585582733154 4.105895519256592 3.941563606262207
v 0.9448429942131042 4.10713529586792 3.9413182735443115
v 0.9696771502494812 4.108809471130371 3.9379591941833496
v 0.9938694834709167 4.110891342163086 3.9315388202667236
v 1.0170384645462036 4.113348484039307 3.922158718109131
v 1.038818597793579 4.1161417961120605 3.9099667072296143
v 1.0588666200637817 4.119227409362793 3.895155191421509
v 1.0768661499023438 4.122556209564209 3.877957582473755
v 1.0925333499908447 4.1260762214660645 3.858644962310791
v 1.1056212186813354 4.12973165512085 3.837522268295288
v 1.1159234046936035 4.133464813232422 3.814922571182251
v 1.1232773065567017 4.137217044830322 3.7912020683288574
v 1.127566933631897 4.140929222106934 3.7667348384857178
v 1.1287246942520142 4.144542694091797 3.7419068813323975
v 1.126732349395752 4.148000717163086 3.7171096801757812
v 1.1216213703155518 4.151247978210449 3.692734479904175
v 1.1134722232818604 4.154233932495117 3.6691653728485107
v 1.102413535118103 4.156911373138428 3.6467742919921875
v 1.088619589805603 4.159237861633301 3.6259143352508545
v 1.07230806350708 4.161177158355713 3.6069142818450928
v 1.0537362098693848 4.162698268890381 3.590074062347412
v 1.0331968069076538 4.1637773513793945 3.5756592750549316
v 1.0110137462615967 4.164397716522217 3.563896894454956
v 0.9875369668006897 4.164548873901367 3.5549726486206055
v 0.9631366729736328 4.164228916168213 3.54902720451355
v 0.938197672367096 4.163442611694336 3.546154499053955
v 0.9131132960319519 4.16220235824585 3.5463995933532715
v 0.8882790803909302 4.160528182983398 3.5497589111328125
v 0.8640867471694946 4.158446311950684 3.5561790466308594
v 0.8409178256988525 4.155989170074463 3.565559148788452
v 0.8191376328468323 4.153196334838867 3.5777511596679688
v 0.7990896701812744 4.150110721588135 3.592562675476074
v 0.7810901403427124 4.146781921386719 3.6097605228424072
v 0.7654228806495667 4.143261909484863 3.629072904586792
v 0.7523350119590759 4.139606475830078 3.650195598602295
v 0.7420328855514526 4.135872840881348 3.672795534133911
v 0.7346789836883545 4.132120609283447 3.6965160369873047
v 0.7303893566131592 4.128408432006836 3.7209832668304443
v 0.7292315363883972 4.124794960021973 3.7458109855651855
v 0.6577622890472412 -0.5963518619537354 -4.6938629150390625
v 0.5630302429199219 -1.0531126260757446 -4.424798965454102
v 0.5460470914840698 -1.0407757759094238 -4.411007881164551
v 0.531501293182373 -1.0268539190292358 -4.395993709564209
v 0.519622266292572 -1.0115665197372437 -4.379993438720703
v 0.5105973482131958 -0.9951547384262085 -4.363259315490723
v 0.5045688152313232 -0.9778773784637451 -4.346055507659912
v 0.5016317367553711 -0.9600068926811218 -4.328653335571289
v 0.5018324851989746 -0.9418251514434814 -4.311326503753662
v 0.5051679015159607 -0.9236188530921936 -4.294349193572998
v 0.5115852952003479 -0.9056751728057861 -4.277988910675049
v 0.5209835767745972 -0.8882770538330078 -4.262503147125244
v 0.5332144498825073 -0.8716989159584045 -4.2481369972229
v 0.5480850338935852 -0.8562021255493164 -4.235116004943848
v 0.5653608441352844 -0.8420311808586121 -4.223646640777588
v 0.5847694277763367 -0.8294094204902649 -4.213908672332764
v 0.6060046553611755 -0.818536102771759 -4.206056594848633
v 0.6287316679954529 -0.809582531452179 -4.200213432312012
v 0.6525920629501343 -0.8026899695396423 -4.19647216796875
v 0.6772094964981079 -0.7979670763015747 -4.194890975952148
v 0.7021958231925964 -0.7954884171485901 -4.19549560546875
v 0.7271568775177002 -0.7952930927276611 -4.198276042938232
v 0.7516990900039673 -0.7973840236663818 -4.203187942504883
v 0.7754354476928711 -0.8017284274101257 -4.210155010223389
v 0.7979915142059326 -0.8082576990127563 -4.219066619873047
v 0.8190115690231323 -0.8168688416481018 -4.229782581329346
v 0.838164210319519 -0.8274260759353638 -4.242133140563965
v 0.8551473617553711 -0.8397629261016846 -4.255924701690674
v 0.8696931600570679 -0.8536848425865173 -4.270938873291016
v 0.8815721869468689 -0.8689722418785095 -4.2869391441345215
v 0.8905971050262451 -0.8853840231895447 -4.303672790527344
v 0.8966256380081177 -0.9026613831520081 -4.3208770751953125
v 0.8995627164840698 -0.9205318689346313 -4.3382792472839355
v 0.8993619680404663 -0.9387136101722717 -4.355605602264404
v 0.896026611328125 -0.9569198489189148 -4.372582912445068
v 0.889609158039093 -0.9748635292053223 -4.388943672180176
v 0.8802108764648438 -0.9922616481781006 -4.404428958892822
v 0.8679800033569336 -1.0088398456573486 -4.418795585632324
v 0.8531094193458557 -1.024336576461792 -4.431816101074219
v 0.8358336091041565 -1.0385075807571411 -4.443285942077637
v 0.8164250254631042 -1.0511293411254883 -4.453023910522461
v 0.7951897978782654 -1.0620026588439941 -4.460875988006592
v 0.772462785243988 -1.0709562301635742 -4.466719150543213
v 0.7486023902893066 -1.0778487920761108 -4.470460414886475
v 0.723984956741333 -1.0825716257095337 -4.472041606903076
v 0.6989986896514893 -1.085050344467163 -4.471436977386475
v 0.6740375757217407 -1.0852457284927368 -4.468656539916992
v 0.6494953632354736 -1.0831546783447266 -4.463744163513184
v 0.6257590055465698 -1.0788103342056274 -4.456777572631836
v 0.6032029986381531 -1.0722811222076416 -4.447865962982178
v 0.5821828842163086 -1.0636699199676514 -4.437150001525879
v -2.148624897003174 -6.529379367828369 -6.817383289337158
v -1.973600149154663 -6.758899688720703 -6.362755298614502
v -1.9967031478881836 -6.756312370300293 -6.353248596191406
v -2.019252300262451 -6.750619888305664 -6.343764305114746
v -2.0408918857574463 -6.741912364959717 -6.334451675415039
v -2.0612807273864746 -6.7303266525268555 -6.325457572937012
v -2.0800974369049072 -6.71604585647583 -6.316924095153809
v -2.0970449447631836 -6.6992950439453125 -6.308985710144043
v -2.111855983734131 -6.680338382720947 -6.301767826080322
v -2.1242973804473877 -6.659474849700928 -6.295383930206299
v -2.1341724395751953 -6.637033462524414 -6.289935111999512
v -2.1413257122039795 -6.613368034362793 -6.2855072021484375
v -2.145644187927246 -6.5888519287109375 -6.282169342041016
v -2.1470601558685303 -6.56387186050415 -6.279974937438965
v -2.1455507278442383 -6.538821697235107 -6.278958797454834
v -2.1411402225494385 -6.514096736907959 -6.2791361808776855
v -2.1338980197906494 -6.490086078643799 -6.28050422668457
v -2.1239380836486816 -6.467169284820557 -6.2830424308776855
v -2.111417770385742 -6.445707321166992 -6.286709785461426
v -2.096534490585327 -6.42603874206543 -6.291448593139648
v -2.0795228481292725 -6.408473968505859 -6.297184944152832
v -2.0606513023376465 -6.393289566040039 -6.303827285766602
v -2.040217161178589 -6.380725383758545 -6.3112711906433105
v -2.018543004989624 -6.370978832244873 -6.319399356842041
v -1.995970606803894 -6.3642048835754395 -6.3280839920043945
v -1.972855806350708 -6.360509395599365 -6.33718729019165
v -1.9495632648468018 -6.359951019287109 -6.346566677093506
v -1.9264602661132812 -6.3625383377075195 -6.356073379516602
v -1.9039111137390137 -6.368230819702148 -6.36555814743042
v -1.882271409034729 -6.376938343048096 -6.374870777130127
v -1.8618825674057007 -6.388524055480957 -6.383864402770996
v -1.8430659770965576 -6.402804851531982 -6.392397880554199
v -1.8261184692382812 -6.4195556640625 -6.400336265563965
v -1.8113073110580444 -6.438512325286865 -6.4075541496276855
v -1.7988661527633667 -6.459375858306885 -6.413938045501709
v -1.7889909744262695 -6.481817245483398 -6.419386863708496
v -1.7818377017974854 -6.5054826736450195 -6.4238152503967285
v -1.7775191068649292 -6.529998779296875 -6.427152633666992
v -1.7761032581329346 -6.554978847503662 -6.429347038269043
v -1.777612566947937 -6.580029010772705 -6.430363655090332
v -1.7820231914520264 -6.6047539710998535 -6.4301862716674805
v -1.789265513420105 -6.628764629364014 -6.4288177490234375
v -1.7992253303527832 -6.651681423187256 -6.426279544830322
v -1.8117456436157227 -6.67314338684082 -6.422612190246582
v -1.8266290426254272 -6.692811965942383 -6.417873382568359
v -1.843640685081482 -6.710376739501953 -6.412137508392334
v -1.862512230873108 -6.725561141967773 -6.4054951667785645
v -1.882946252822876 -6.738125801086426 -6.398050785064697
v -1.9046204090118408 -6.7478718757629395 -6.389922618865967
v -1.9271928071975708 -6.754645824432373 -6.381237983703613
v -1.9503076076507568 -6.758341312408447 -6.372134685516357
v -6.797604560852051 2.887704610824585 1.6175522804260254
v -6.633263111114502 2.3751299381256104 1.633649230003357
v -6.633042812347412 2.376603364944458 1.6587212085723877
v -6.630396842956543 2.3800647258758545 1.6834566593170166
v -6.625367641448975 2.3854596614837646 1.7074655294418335
v -6.618033409118652 2.392703056335449 1.730368971824646
v -6.608510971069336 2.4016804695129395 1.7518060207366943
v -6.596949577331543 2.412250518798828 1.7714385986328125
v -6.583531856536865 2.4242465496063232 1.788956880569458
v -6.568470001220703 2.437479257583618 1.8040847778320312
v -6.552000999450684 2.451740026473999 1.8165836334228516
v -6.534384250640869 2.466803789138794 1.8262563943862915
v -6.51589822769165 2.4824330806732178 1.832950472831726
v -6.496833801269531 2.4983816146850586 1.8365602493286133
v -6.477492332458496 2.514397621154785 1.837028980255127
v -6.458178520202637 2.530228614807129 1.8343490362167358
v -6.439197063446045 2.5456247329711914 1.8285627365112305
v -6.420847415924072 2.5603435039520264 1.8197615146636963
v -6.40341854095459 2.574152708053589 1.8080840110778809
v -6.387185573577881 2.58683443069458 1.7937144041061401
v -6.372404098510742 2.598188877105713 1.7768793106079102
v -6.359308242797852 2.608036756515503 1.7578442096710205
v -6.3481035232543945 2.616222858428955 1.7369093894958496
v -6.3389668464660645 2.6226179599761963 1.7144049406051636
v -6.332042694091797 2.627121686935425 1.6906858682632446
v -6.32744026184082 2.629662275314331 1.666126012802124
v -6.325231552124023 2.630200147628784 1.6411129236221313
v -6.325451850891113 2.6287269592285156 1.6160409450531006
v -6.328097820281982 2.62526535987854 1.5913054943084717
v -6.333127498626709 2.61987042427063 1.5672966241836548
v -6.340461254119873 2.6126272678375244 1.5443931818008423
v -6.349984169006348 2.603649616241455 1.522956132888794
v -6.361545085906982 2.5930795669555664 1.5033235549926758
v -6.37496280670166 2.5810837745666504 1.4858052730560303
v -6.390024662017822 2.5678510665893555 1.470677375793457
v -6.406494140625 2.5535902976989746 1.4581785202026367
v -6.424110412597656 2.5385265350341797 1.4485057592391968
v -6.442596435546875 2.522897243499756 1.4418116807937622
v -6.461660861968994 2.506948709487915 1.438201904296875
v -6.481002330780029 2.4909327030181885 1.4377331733703613
v -6.500316143035889 2.4751017093658447 1.4404131174087524
v -6.5192975997924805 2.459705352783203 1.4461994171142578
v -6.537647247314453 2.444986581802368 1.455000638961792
v -6.5550761222839355 2.4311776161193848 1.4666781425476074
v -6.571309566497803 2.4184958934783936 1.4810477495193481
v -6.586090564727783 2.4071414470672607 1.4978828430175781
v -6.599186897277832 2.3972935676574707 1.5169179439544678
v -6.610391616821289 2.3891074657440186 1.5378527641296387
v -6.619527816772461 2.3827121257781982 1.5603572130203247
v -6.6264519691467285 2.378208637237549 1.5840762853622437
v -6.631054401397705 2.3756680488586426 1.6086361408233643
v 3.981048107147217 -2.13288950920105 2.260680675506592
v 3.9343481063842773 -2.669307231903076 2.252013683319092
v 3.9335169792175293 -2.6682417392730713 2.226933717727661
v 3.9298837184906006 -2.665771007537842 2.202204942703247
v 3.9235057830810547 -2.6619346141815186 2.1782166957855225
v 3.9144837856292725 -2.656792402267456 2.1553478240966797
v 3.9029598236083984 -2.650425910949707 2.1339588165283203
v 3.889115810394287 -2.642935276031494 2.114387035369873
v 3.8731698989868164 -2.6344387531280518 2.0969409942626953
v 3.8553738594055176 -2.625070333480835 2.0818960666656494
v 3.836007833480835 -2.6149778366088867 2.0694892406463623
v 3.815377950668335 -2.6043202877044678 2.0599162578582764
v 3.793808937072754 -2.5932657718658447 2.053328037261963
v 3.771641254425049 -2.58198881149292 2.0498287677764893
v 3.7492244243621826 -2.570667028427124 2.049473285675049
v 3.726911783218384 -2.559479236602783 2.052267551422119
v 3.7050557136535645 -2.5486013889312744 2.0581672191619873
v 3.684000253677368 -2.538205623626709 2.0670793056488037
v 3.6640779972076416 -2.5284554958343506 2.0788633823394775
v 3.6456029415130615 -2.5195047855377197 2.0933332443237305
v 3.62886643409729 -2.5114948749542236 2.1102612018585205
v 3.6141324043273926 -2.504552125930786 2.129379987716675
v 3.601633310317993 -2.4987854957580566 2.150388240814209
v 3.5915660858154297 -2.49428653717041 2.1729543209075928
v 3.584089756011963 -2.49112606048584 2.1967227458953857
v 3.57932186126709 -2.489353656768799 2.221318483352661
v 3.5773379802703857 -2.488997459411621 2.2463536262512207
v 3.578169107437134 -2.490062952041626 2.2714335918426514
v 3.5818023681640625 -2.4925334453582764 2.2961623668670654
v 3.5881803035736084 -2.4963700771331787 2.32015061378479
v 3.5972023010253906 -2.501512289047241 2.343019485473633
v 3.6087262630462646 -2.5078787803649902 2.364408493041992
v 3.622570276260376 -2.515369415283203 2.3839802742004395
v 3.6385161876678467 -2.5238659381866455 2.401426315307617
v 3.6563122272491455 -2.5332343578338623 2.416471242904663
v 3.675678014755249 -2.5433268547058105 2.42887806892395
v 3.696308135986328 -2.5539844036102295 2.438451051712036
v 3.717877149581909 -2.5650386810302734 2.4450392723083496
v 3.7400448322296143 -2.5763158798217773 2.4485385417938232
v 3.7624616622924805 -2.587637424468994 2.4488940238952637
v 3.7847740650177 -2.598825454711914 2.4460997581481934
v 3.8066303730010986 -2.6097030639648438 2.440200090408325
v 3.827685594558716 -2.6200990676879883 2.431288003921509
v 3.8476078510284424 -2.6298491954803467 2.419503927230835
v 3.8660829067230225 -2.6387996673583984 2.405034065246582
v 3.882819414138794 -2.6468095779418945 2.388106107711792
v 3.8975536823272705 -2.653752565383911 2.3689873218536377
v 3.91005277633667 -2.6595189571380615 2.3479790687561035
v 3.9201200008392334 -2.664018154144287 2.3254129886627197
v 3.9275963306427 -2.6671786308288574 2.3016445636749268
v 3.9323642253875732 -2.6689510345458984 2.2770488262176514
v 0.9258497357368469 -7.157540321350098 -0.40955665707588196
v 1.0339455604553223 -7.348443031311035 0.08224749565124512
v 1.009407877922058 -7.347233295440674 0.08746907114982605
v 0.9852002263069153 -7.342888832092285 0.09256216138601303
v 0.9617041945457458 -7.335479259490967 0.09744644910097122
v 0.939290463924408 -7.325120449066162 0.10204491019248962
v 0.9183124303817749 -7.311976432800293 0.10628501325845718
v 0.8991009593009949 -7.2962541580200195 0.1100998967885971
v 0.8819590210914612 -7.278201580047607 0.11342938989400864
v 0.8671569228172302 -7.258103847503662 0.11622099578380585
v 0.854928195476532 -7.236277103424072 0.11843068152666092
v 0.8454656004905701 -7.213066101074219 0.12002360075712204
v 0.8389184474945068 -7.188837051391602 0.12097463756799698
v 0.8353899121284485 -7.163971424102783 0.12126878648996353
v 0.8349356651306152 -7.138862133026123 0.12090141326189041
v 0.8375628590583801 -7.1139044761657715 0.11987830698490143
v 0.843230128288269 -7.0894927978515625 0.11821560561656952
v 0.8518480062484741 -7.066011428833008 0.11593952775001526
v 0.8632806539535522 -7.043830871582031 0.11308597773313522
v 0.8773477077484131 -7.023301124572754 0.10969994217157364
v 0.8938273787498474 -7.0047454833984375 0.10583483427762985
v 0.9124597907066345 -6.988457202911377 0.1015516072511673
v 0.932951033115387 -6.9746928215026855 0.09691780805587769
v 0.9549779295921326 -6.963669300079346 0.09200650453567505
v 0.9781932234764099 -6.955560684204102 0.0868951678276062
v 1.0022306442260742 -6.950494766235352 0.08166439831256866
v 1.0267112255096436 -6.948551177978516 0.07639668881893158
v 1.0512489080429077 -6.949761390686035 0.07117511332035065
v 1.0754566192626953 -6.954105377197266 0.06608202308416367
v 1.0989525318145752 -6.961515426635742 0.061197735369205475
v 1.121366262435913 -6.971874237060547 0.05659927800297737
v 1.142344355583191 -6.985018253326416 0.05235917493700981
v 1.1615557670593262 -7.0007405281066895 0.04854429513216019
v 1.1786977052688599 -7.018793106079102 0.04521479457616806
v 1.1934998035430908 -7.038890838623047 0.04242318868637085
v 1.205728530883789 -7.060717582702637 0.04021350294351578
v 1.215191125869751 -7.083928108215332 0.03862058371305466
v 1.221738338470459 -7.108157634735107 0.03766954690217972
v 1.225266933441162 -7.133022785186768 0.037375397980213165
v 1.2257211208343506 -7.158132553100586 0.037742774933576584
v 1.223093867301941 -7.183089733123779 0.03876588121056557
v 1.2174266576766968 -7.2075018882751465 0.040428582578897476
v 1.2088087797164917 -7.230983257293701 0.04270465672016144
v 1.1973761320114136 -7.253163814544678 0.04555821046233177
v 1.1833090782165527 -7.273693561553955 0.04894424229860306
v 1.1668293476104736 -7.292248725891113 0.052809350192546844
v 1.148197054862976 -7.308537483215332 0.0570925809442997
v 1.1277058124542236 -7.322301864624023 0.06172638386487961
v 1.1056787967681885 -7.333325386047363 0.06663767993450165
v 1.0824636220932007 -7.341434001922607 0.0717490166425705
v 1.0584261417388916 -7.346499919891357 0.07697978615760803
v 0.7591291666030884 4.79833984375 3.49178147315979
v 0.8024486899375916 4.328523635864258 3.2321739196777344
v 0.818376898765564 4.339511394500732 3.2161619663238525
v 0.8318251967430115 4.352163314819336 3.1991355419158936
v 0.8425813317298889 4.366279602050781 3.181363105773926
v 0.8504757881164551 4.3816375732421875 3.1631250381469727
v 0.8553840517997742 4.397995471954346 3.1447088718414307
v 0.857228696346283 4.41509485244751 3.1264050006866455
v 0.855980634689331 4.432666778564453 3.1085023880004883
v 0.8516595363616943 4.450433254241943 3.091283082962036
v 0.8443335890769958 4.468114376068115 3.0750186443328857
v 0.8341183066368103 4.48543119430542 3.0599656105041504
v 0.8211747407913208 4.502110958099365 3.0463614463806152
v 0.8057070970535278 4.517890453338623 3.0344207286834717
v 0.7879592180252075 4.5325212478637695 3.02433180809021
v 0.7682111263275146 4.545771598815918 3.0162534713745117
v 0.7467741370201111 4.557433128356934 3.0103135108947754
v 0.7239863872528076 4.567322254180908 3.0066051483154297
v 0.7002072334289551 4.575282573699951 3.005187511444092
v 0.6758117079734802 4.581188678741455 3.00608229637146
v 0.6511845588684082 4.58494758605957 3.0092759132385254
v 0.6267141103744507 4.586499214172363 3.0147175788879395
v 0.6027863025665283 4.585820198059082 3.0223217010498047
v 0.5797784924507141 4.582920551300049 3.031968355178833
v 0.5580535531044006 4.577846527099609 3.0435054302215576
v 0.5379540920257568 4.570677757263184 3.056751012802124
v 0.5197970867156982 4.561527252197266 3.07149600982666
v 0.503868818283081 4.550539493560791 3.087507963180542
v 0.4904205799102783 4.5378875732421875 3.104534387588501
v 0.4796643853187561 4.523771286010742 3.1223068237304688
v 0.47176992893218994 4.508413314819336 3.140544891357422
v 0.46686169505119324 4.492055416107178 3.158961057662964
v 0.46501705050468445 4.4749555587768555 3.17726469039917
v 0.46626511216163635 4.45738410949707 3.1951675415039062
v 0.4705861806869507 4.43961763381958 3.2123868465423584
v 0.47791215777397156 4.421936511993408 3.2286510467529297
v 0.4881274700164795 4.4046196937561035 3.243704080581665
v 0.501071035861969 4.387939929962158 3.2573082447052
v 0.516538679599762 4.372159957885742 3.2692489624023438
v 0.5342864990234375 4.357529640197754 3.2793381214141846
v 0.5540346503257751 4.3442792892456055 3.2874162197113037
v 0.5754716396331787 4.332617282867432 3.293356418609619
v 0.5982593894004822 4.322728633880615 3.2970645427703857
v 0.6220384836196899 4.314768314361572 3.2984824180603027
v 0.6464340090751648 4.308862209320068 3.2975873947143555
v 0.6710612177848816 4.305103302001953 3.294394016265869
v 0.6955316662788391 4.303551197052002 3.288952112197876
v 0.7194594144821167 4.304230690002441 3.2813479900360107
v 0.7424672245979309 4.307129859924316 3.2717013359069824
v 0.7641921639442444 4.312204360961914 3.260164260864258
v 0.7842916250228882 4.31937313079834 3.2469189167022705
v 0.36249107122421265 -0.7001025676727295 -5.310201644897461
v 0.3314172625541687 -1.225122094154358 -5.425912380218506
v 0.3377411365509033 -1.219674825668335 -5.449601173400879
v 0.34125038981437683 -1.2128208875656128 -5.473507881164551
v 0.3418896496295929 -1.2046682834625244 -5.497255325317383
v 0.3396488130092621 -1.1953456401824951 -5.5204691886901855
v 0.3345632553100586 -1.1850001811981201 -5.542783737182617
v 0.3267131745815277 -1.1737947463989258 -5.563846588134766
v 0.3162223696708679 -1.1619062423706055 -5.583325386047363
v 0.3032562732696533 -1.1495221853256226 -5.6009135246276855
v 0.2880193591117859 -1.1368377208709717 -5.6163330078125
v 0.270751953125 -1.1240530014038086 -5.629341125488281
v 0.251726359128952 -1.1113696098327637 -5.639732837677002
v 0.2312425971031189 -1.0989875793457031 -5.647343635559082
v 0.20962375402450562 -1.0871021747589111 -5.6520538330078125
v 0.18721073865890503 -1.075900912284851 -5.653789520263672
v 0.1643570363521576 -1.0655603408813477 -5.652522563934326
v 0.1414230465888977 -1.0562435388565063 -5.648273468017578
v 0.11877047270536423 -1.0480974912643433 -5.641109466552734
v 0.09675654768943787 -1.0412507057189941 -5.631142616271973
v 0.07572843879461288 -1.0358110666275024 -5.618531227111816
v 0.05601777881383896 -1.0318644046783447 -5.60347318649292
v 0.037935417145490646 -1.0294729471206665 -5.586206912994385
v 0.021766511723399162 -1.0286744832992554 -5.5670037269592285
v 0.007766080088913441 -1.0294814109802246 -5.546167373657227
v -0.0038451035507023335 -1.0318812131881714 -5.524025917053223
v -0.012883920222520828 -1.0358359813690186 -5.5009284019470215
v -0.01920781098306179 -1.0412832498550415 -5.477239608764648
v -0.022717056795954704 -1.0481373071670532 -5.453332901000977
v -0.02335631474852562 -1.056289792060852 -5.4295854568481445
v -0.021115491166710854 -1.0656124353408813 -5.406371116638184
v -0.01602993533015251 -1.0759578943252563 -5.38405704498291
v -0.00817985087633133 -1.0871633291244507 -5.362994194030762
v 0.0023109624162316322 -1.099051833152771 -5.343515396118164
v 0.015277065336704254 -1.1114360094070435 -5.325927257537842
v 0.03051397204399109 -1.1241203546524048 -5.310507774353027
v 0.047781385481357574 -1.1369051933288574 -5.297499656677246
v 0.06680698692798615 -1.1495884656906128 -5.287107944488525
v 0.08729073405265808 -1.1619704961776733 -5.279497146606445
v 0.10890957713127136 -1.1738559007644653 -5.274786949157715
v 0.13132259249687195 -1.1850571632385254 -5.2730512619018555
v 0.15417629480361938 -1.1953977346420288 -5.274318218231201
v 0.17711028456687927 -1.2047145366668701 -5.278567314147949
v 0.19976285099983215 -1.2128605842590332 -5.285731315612793
v 0.2217767834663391 -1.2197073698043823 -5.295698165893555
v 0.2428048849105835 -1.225147008895874 -5.308309555053711
v 0.2625155448913574 -1.2290936708450317 -5.323367595672607
v 0.2805979251861572 -1.23148512840271 -5.340633869171143
v 0.29676681756973267 -1.232283592224121 -5.359837055206299
v 0.310767263174057 -1.2314766645431519 -5.380673408508301
v 0.3223784267902374 -1.229076862335205 -5.402814865112305
v 1.2446506023406982 -7.074465274810791 1.577175259590149
v 1.0455889701843262 -7.243893623352051 1.1063584089279175
v 1.0688815116882324 -7.243335247039795 1.0969792604446411
v 1.0919963121414185 -7.239639759063721 1.0878757238388062
v 1.1145687103271484 -7.232865333557129 1.0791913270950317
v 1.1362428665161133 -7.223119258880615 1.0710629224777222
v 1.1566768884658813 -7.210555076599121 1.0636188983917236
v 1.1755484342575073 -7.195370674133301 1.056976556777954
v 1.192560076713562 -7.177805423736572 1.0512405633926392
v 1.2074434757232666 -7.158137321472168 1.0465015172958374
v 1.219963788986206 -7.1366753578186035 1.0428341627120972
v 1.2299236059188843 -7.113758087158203 1.040296196937561
v 1.237165927886963 -7.089747905731201 1.0389277935028076
v 1.2415765523910522 -7.0650224685668945 1.038750410079956
v 1.2430858612060547 -7.039972305297852 1.0397669076919556
v 1.24167001247406 -7.0149922370910645 1.0419611930847168
v 1.237351417541504 -6.990476131439209 1.0452988147735596
v 1.2301981449127197 -6.966811180114746 1.049726963043213
v 1.2203229665756226 -6.944369792938232 1.0551759004592896
v 1.2078818082809448 -6.923506259918213 1.0615596771240234
v 1.193070650100708 -6.904549598693848 1.0687776803970337
v 1.1761231422424316 -6.88779878616333 1.0767159461975098
v 1.1573065519332886 -6.873517990112305 1.0852493047714233
v 1.1369177103042603 -6.861932277679443 1.0942432880401611
v 1.1152780055999756 -6.853224277496338 1.1035559177398682
v 1.092728853225708 -6.847532272338867 1.1130404472351074
v 1.0696258544921875 -6.844944477081299 1.1225472688674927
v 1.0463333129882812 -6.845502853393555 1.131926417350769
v 1.0232185125350952 -6.849198341369629 1.141029953956604
v 1.0006461143493652 -6.855972766876221 1.1497143507003784
v 0.9789719581604004 -6.865718841552734 1.157842755317688
v 0.9585379362106323 -6.8782830238342285 1.1652867794036865
v 0.9396663308143616 -6.893467426300049 1.171929121017456
v 0.9226546883583069 -6.911032676696777 1.177665114402771
v 0.9077714085578918 -6.930700778961182 1.1824041604995728
v 0.8952510952949524 -6.952162742614746 1.186071515083313
v 0.8852912187576294 -6.9750800132751465 1.1886094808578491
v 0.8780488967895508 -6.999090194702148 1.1899778842926025
v 0.8736382722854614 -7.023815631866455 1.190155267715454
v 0.8721290230751038 -7.048865795135498 1.1891387701034546
v 0.8735448122024536 -7.073845863342285 1.1869444847106934
v 0.8778634071350098 -7.098361968994141 1.1836068630218506
v 0.885016679763794 -7.1220269203186035 1.1791787147521973
v 0.8948917984962463 -7.144468307495117 1.1737297773361206
v 0.9073330760002136 -7.165331840515137 1.1673460006713867
v 0.9221442341804504 -7.184288501739502 1.1601279973983765
v 0.9390917420387268 -7.2010393142700195 1.1521897315979004
v 0.9579082727432251 -7.215320110321045 1.1436563730239868
v 0.9782971739768982 -7.226905822753906 1.134662389755249
v 0.9999368190765381 -7.235613822937012 1.125349760055542
v 1.0224859714508057 -7.241305828094482 1.1158652305603027
v -6.975904941558838 2.9325475692749023 1.2137113809585571
v -6.945199012756348 2.4570655822753906 0.9627650380134583
v -6.928225040435791 2.44983172416687 0.9798054695129395
v -6.90932559967041 2.444727659225464 0.9955400228500366
v -6.888798713684082 2.44183349609375 1.0097206830978394
v -6.866967678070068 2.441195487976074 1.0221238136291504
v -6.844177722930908 2.4428234100341797 1.0325536727905273
v -6.82078742980957 2.4466915130615234 1.0408458709716797
v -6.797166347503662 2.4527390003204346 1.0468697547912598
v -6.773686408996582 2.4608702659606934 1.0505300760269165
v -6.750718116760254 2.4709572792053223 1.0517692565917969
v -6.728623867034912 2.4828410148620605 1.0505677461624146
v -6.707751750946045 2.496333599090576 1.046944499015808
v -6.688431262969971 2.5112228393554688 1.0409566164016724
v -6.670966625213623 2.527273654937744 1.0326985120773315
v -6.655633926391602 2.5442328453063965 1.0223004817962646
v -6.642674922943115 2.561832904815674 1.0099265575408936
v -6.632293224334717 2.579796552658081 0.9957717061042786
v -6.624653339385986 2.5978403091430664 0.9800593256950378
v -6.619875431060791 2.6156795024871826 0.9630371332168579
v -6.618034839630127 2.633033037185669 0.9449735879898071
v -6.6191606521606445 2.6496269702911377 0.9261535406112671
v -6.62323522567749 2.6651999950408936 0.9068738222122192
v -6.630194187164307 2.679506301879883 0.8874385356903076
v -6.639927387237549 2.6923201084136963 0.8681541085243225
v -6.652282238006592 2.703439474105835 0.8493247032165527
v -6.667062759399414 2.71268892288208 0.8312472701072693
v -6.684037208557129 2.7199230194091797 0.8142068386077881
v -6.70293664932251 2.725027084350586 0.7984722852706909
v -6.723463535308838 2.7279210090637207 0.7842916250228882
v -6.745294570922852 2.7285592555999756 0.7718884944915771
v -6.768084526062012 2.72693133354187 0.7614586353302002
v -6.79147481918335 2.7230632305145264 0.7531663775444031
v -6.815095901489258 2.7170157432556152 0.7471425533294678
v -6.838575839996338 2.7088844776153564 0.743482232093811
v -6.861544132232666 2.6987974643707275 0.7422430515289307
v -6.883638381958008 2.6869137287139893 0.743444561958313
v -6.904510498046875 2.6734209060668945 0.7470678091049194
v -6.923830986022949 2.658531904220581 0.7530556917190552
v -6.941295146942139 2.6424810886383057 0.761313796043396
v -6.95662784576416 2.6255218982696533 0.7717118263244629
v -6.969587326049805 2.607921838760376 0.7840858101844788
v -6.979969024658203 2.5899581909179688 0.798240602016449
v -6.987608909606934 2.5719144344329834 0.8139529824256897
v -6.992386817932129 2.554075241088867 0.8309751749038696
v -6.994227409362793 2.536721706390381 0.8490387201309204
v -6.993101596832275 2.520127773284912 0.8678587675094604
v -6.98902702331543 2.5045547485351562 0.8871384859085083
v -6.982068061828613 2.490248441696167 0.9065737724304199
v -6.972334861755371 2.4774346351623535 0.925858199596405
v -6.959980010986328 2.466315269470215 0.9446876049041748
v 3.937972068786621 -1.8289449214935303 1.818183183670044
v 3.7540602684020996 -2.2023491859436035 1.4765024185180664
v 3.772514581680298 -2.1960930824279785 1.4606554508209229
v 3.7894604206085205 -2.1870901584625244 1.4444502592086792
v 3.804630756378174 -2.1754822731018066 1.4281423091888428
v 3.81778621673584 -2.1614527702331543 1.4119889736175537
v 3.828719139099121 -2.1452229022979736 1.396244764328003
v 3.8372576236724854 -2.1270482540130615 1.3811581134796143
v 3.843266487121582 -2.1072158813476562 1.366966962814331
v 3.846651315689087 -2.08603835105896 1.3538950681686401
v 3.847358465194702 -2.063849449157715 1.3421485424041748
v 3.845376968383789 -2.040999412536621 1.331912636756897
v 3.84073805809021 -2.017848491668701 1.323348879814148
v 3.83351469039917 -1.9947617053985596 1.3165923357009888
v 3.8238210678100586 -1.972103238105774 1.3117493391036987
v 3.81181001663208 -1.9502304792404175 1.308896541595459
v 3.797670602798462 -1.9294884204864502 1.3080787658691406
v 3.7816264629364014 -1.9102039337158203 1.3093088865280151
v 3.763930082321167 -1.8926812410354614 1.3125677108764648
v 3.7448606491088867 -1.8771967887878418 1.3178036212921143
v 3.7247190475463867 -1.8639947175979614 1.3249341249465942
v 3.7038228511810303 -1.8532832860946655 1.3338468074798584
v 3.6825015544891357 -1.845231294631958 1.3444010019302368
v 3.6610913276672363 -1.8399658203125 1.3564304113388062
v 3.639930009841919 -1.8375698328018188 1.3697452545166016
v 3.619351387023926 -1.8380812406539917 1.3841354846954346
v 3.599679708480835 -1.841491937637329 1.39937424659729
v 3.581225633621216 -1.847748041152954 1.415221095085144
v 3.564279556274414 -1.8567508459091187 1.4314262866973877
v 3.54910945892334 -1.8683586120605469 1.4477342367172241
v 3.535953998565674 -1.8823881149291992 1.4638876914978027
v 3.5250208377838135 -1.8986181020736694 1.479631781578064
v 3.5164825916290283 -1.916792631149292 1.4947184324264526
v 3.5104737281799316 -1.9366251230239868 1.5089095830917358
v 3.5070888996124268 -1.9578027725219727 1.5219815969467163
v 3.5063817501068115 -1.9799915552139282 1.5337281227111816
v 3.5083632469177246 -2.0028417110443115 1.54396390914917
v 3.5130021572113037 -2.0259926319122314 1.552527666091919
v 3.5202252864837646 -2.049079179763794 1.5592843294143677
v 3.529918909072876 -2.071737766265869 1.5641272068023682
v 3.5419301986694336 -2.0936105251312256 1.566980004310608
v 3.5560693740844727 -2.1143527030944824 1.5677977800369263
v 3.5721137523651123 -2.1336371898651123 1.5665676593780518
v 3.5898101329803467 -2.1511597633361816 1.5633089542388916
v 3.608879566192627 -2.1666440963745117 1.5580729246139526
v 3.629021167755127 -2.1798462867736816 1.5509424209594727
v 3.6499173641204834 -2.1905577182769775 1.542029857635498
v 3.671238660812378 -2.1986095905303955 1.53147554397583
v 3.6926486492156982 -2.2038750648498535 1.5194461345672607
v 3.7138099670410156 -2.206271171569824 1.5061314105987549
v 3.734388589859009 -2.2057597637176514 1.4917411804199219
v 0.534328818321228 -7.1117777824401855 -1.5309642553329468
v 0.29366880655288696 -7.263366222381592 -1.9882428646087646
v 0.3161584138870239 -7.263258934020996 -1.999424695968628
v 0.33859091997146606 -7.260018825531006 -2.0102462768554688
v 0.3606126010417938 -7.253696918487549 -2.0205371379852295
v 0.3818761706352234 -7.2443928718566895 -2.030134916305542
v 0.402046263217926 -7.232253551483154 -2.038888454437256
v 0.4208047688007355 -7.217469692230225 -2.046659469604492
v 0.43785589933395386 -7.200275421142578 -2.0533254146575928
v 0.4529306888580322 -7.180941104888916 -2.058781385421753
v 0.4657914638519287 -7.1597723960876465 -2.062940835952759
v 0.47623535990715027 -7.1371026039123535 -2.0657389163970947
v 0.4840976893901825 -7.1132893562316895 -2.0671308040618896
v 0.4892544746398926 -7.088708400726318 -2.0670950412750244
v 0.4916243255138397 -7.063746929168701 -2.065631866455078
v 0.49116992950439453 -7.038799285888672 -2.0627644062042236
v 0.48789843916893005 -7.014257907867432 -2.0585381984710693
v 0.4818614423274994 -6.990510940551758 -2.0530195236206055
v 0.4731541574001312 -6.967932224273682 -2.046295404434204
v 0.4619138836860657 -6.946878433227539 -2.0384721755981445
v 0.44831788539886475 -6.927680492401123 -2.0296730995178223
v 0.4325805902481079 -6.910642147064209 -2.0200366973876953
v 0.4149501919746399 -6.896031856536865 -2.0097153186798096
v 0.3957047462463379 -6.884079933166504 -1.9988715648651123
v 0.3751477003097534 -6.874975204467773 -1.9876763820648193
v 0.353603333234787 -6.868860721588135 -1.976306438446045
v 0.33141136169433594 -6.865833282470703 -1.9649409055709839
v 0.308921754360199 -6.865940093994141 -1.9537591934204102
v 0.28648924827575684 -6.869180202484131 -1.9429376125335693
v 0.2644675672054291 -6.875502109527588 -1.932646632194519
v 0.2432039976119995 -6.884806156158447 -1.9230488538742065
v 0.22303391993045807 -6.896945953369141 -1.9142954349517822
v 0.20427539944648743 -6.911729335784912 -1.906524419784546
v 0.18722428381443024 -6.928923606872559 -1.8998584747314453
v 0.17214947938919067 -6.948257923126221 -1.8944026231765747
v 0.15928871929645538 -6.96942663192749 -1.8902429342269897
v 0.14884480834007263 -6.992096424102783 -1.8874449729919434
v 0.1409824788570404 -7.015909671783447 -1.8860529661178589
v 0.13582570850849152 -7.040491104125977 -1.8860888481140137
v 0.13345584273338318 -7.0654520988464355 -1.88755202293396
v 0.13391023874282837 -7.090400218963623 -1.890419363975525
v 0.13718172907829285 -7.114941120147705 -1.8946456909179688
v 0.1432187259197235 -7.138688087463379 -1.9001643657684326
v 0.15192601084709167 -7.161266803741455 -1.9068883657455444
v 0.16316628456115723 -7.182321071624756 -1.9147117137908936
v 0.17676228284835815 -7.201518535614014 -1.9235107898712158
v 0.192499577999115 -7.218556880950928 -1.9331470727920532
v 0.210129976272583 -7.2331671714782715 -1.9434685707092285
v 0.2293754369020462 -7.245119094848633 -1.9543123245239258
v 0.24993246793746948 -7.254223823547363 -1.9655075073242188
v 0.2714768350124359 -7.260338306427002 -1.9768774509429932
v 0.3137846887111664 5.091468811035156 3.738584518432617
v -0.11172576993703842 4.7873358726501465 3.6103506088256836
v -0.10533794015645981 4.789631366729736 3.5861690044403076
v -0.0997386947274208 4.7949676513671875 3.5622735023498535
v -0.09501635283231735 4.803260326385498 3.5390408039093018
v -0.0912453830242157 4.81437873840332 3.5168373584747314
v -0.08848525583744049 4.8281474113464355 3.496013641357422
v -0.08677949011325836 4.844348907470703 3.4768974781036377
v -0.0861549973487854 4.862728118896484 3.4597907066345215
v -0.08662162721157074 4.882995128631592 3.444963216781616
v -0.08817201852798462 4.904829978942871 3.4326486587524414
v -0.09078171849250793 4.927888870239258 3.4230411052703857
v -0.09440957754850388 4.951807975769043 3.416292190551758
v -0.09899836778640747 4.97620964050293 3.412508487701416
v -0.1044757291674614 5.000709533691406 3.4117496013641357
v -0.11075528711080551 5.024921417236328 3.414027452468872
v -0.11773800849914551 5.048462867736816 3.4193062782287598
v -0.12531375885009766 5.070962905883789 3.427502393722534
v -0.13336306810379028 5.092066764831543 3.4384870529174805
v -0.1417590081691742 5.111441612243652 3.4520866870880127
v -0.15036915242671967 5.128781795501709 3.4680869579315186
v -0.15905772149562836 5.143813610076904 3.4862353801727295
v -0.16768768429756165 5.1563005447387695 3.5062460899353027
v -0.17612296342849731 5.166045665740967 3.5278029441833496
v -0.1842304915189743 5.172894477844238 3.5505666732788086
v -0.1918824464082718 5.1767401695251465 3.5741777420043945
v -0.1989581435918808 5.177520751953125 3.59826397895813
v -0.2053459733724594 5.175225257873535 3.622445583343506
v -0.21094520390033722 5.169888973236084 3.64634108543396
v -0.21566754579544067 5.161596298217773 3.6695737838745117
v -0.21943852305412292 5.150477886199951 3.691777229309082
v -0.22219865024089813 5.136709213256836 3.7126009464263916
v -0.22390441596508026 5.120507717132568 3.731717109680176
v -0.22452890872955322 5.102128505706787 3.748823642730713
v -0.22406227886676788 5.08186149597168 3.7636513710021973
v -0.222511887550354 5.0600266456604 3.775965929031372
v -0.2199021875858307 5.036967754364014 3.7855734825134277
v -0.21627433598041534 5.0130486488342285 3.7923221588134766
v -0.21168553829193115 4.988646984100342 3.7961058616638184
v -0.20620816946029663 4.964147090911865 3.7968647480010986
v -0.19992861151695251 4.939935684204102 3.7945871353149414
v -0.19294589757919312 4.916393756866455 3.7893083095550537
v -0.18537014722824097 4.893893718719482 3.7811121940612793
v -0.17732083797454834 4.8727898597717285 3.770127534866333
v -0.16892489790916443 4.853415489196777 3.756527900695801
v -0.16031475365161896 4.836075305938721 3.740527629852295
v -0.15162618458271027 4.821043014526367 3.722379207611084
v -0.14299622178077698 4.808556079864502 3.7023684978485107
v -0.1345609426498413 4.798811435699463 3.6808114051818848
v -0.12645341455936432 4.791962146759033 3.658047914505005
v -0.11880145967006683 4.788116931915283 3.634436845779419
v 0.1767895668745041 0.011294937692582607 -4.7555766105651855
v -0.24616800248622894 -0.013946144841611385 -4.423206806182861
v -0.2611452341079712 -0.009533192031085491 -4.442879676818848
v -0.2748614549636841 -0.002229761565104127 -4.462611675262451
v -0.2871003746986389 0.007848965004086494 -4.482090950012207
v -0.2976689636707306 0.020544057711958885 -4.501010894775391
v -0.3064005374908447 0.03565528988838196 -4.519073009490967
v -0.31315740942955017 0.052944354712963104 -4.53599214553833
v -0.3178330063819885 0.07213858515024185 -4.551501750946045
v -0.320353627204895 0.09293529391288757 -4.565356731414795
v -0.3206794559955597 0.11500649154186249 -4.577339172363281
v -0.31880539655685425 0.1380041092634201 -4.5872602462768555
v -0.3147610127925873 0.16156545281410217 -4.5949625968933105
v -0.30861008167266846 0.1853189468383789 -4.600325584411621
v -0.30044957995414734 0.20888999104499817 -4.603264331817627
v -0.2904082238674164 0.23190686106681824 -4.603732585906982
v -0.2786443531513214 0.2540065348148346 -4.601722717285156
v -0.2653435468673706 0.2748405337333679 -4.597266674041748
v -0.2507154941558838 0.2940802574157715 -4.590434551239014
v -0.2349909394979477 0.31142231822013855 -4.581334114074707
v -0.21841783821582794 0.32659319043159485 -4.5701093673706055
v -0.20125757157802582 0.33935362100601196 -4.556936264038086
v -0.18378077447414398 0.3495023846626282 -4.542023658752441
v -0.16626304388046265 0.35687941312789917 -4.525606155395508
v -0.14898067712783813 0.3613683879375458 -4.507943153381348
v -0.13220618665218353 0.36289849877357483 -4.489312648773193
v -0.1162041574716568 0.3614456355571747 -4.470008373260498
v -0.10122692584991455 0.3570326864719391 -4.4503350257873535
v -0.08751069009304047 0.3497292697429657 -4.430603504180908
v -0.07527177780866623 0.33965054154396057 -4.411123752593994
v -0.06470319628715515 0.3269554376602173 -4.3922038078308105
v -0.055971622467041016 0.31184419989585876 -4.374141693115234
v -0.04921474680304527 0.294555127620697 -4.357222557067871
v -0.04453914240002632 0.27536091208457947 -4.3417134284973145
v -0.04201854392886162 0.25456419587135315 -4.327857971191406
v -0.04169270396232605 0.23249299824237823 -4.31587553024292
v -0.0435667559504509 0.2094953954219818 -4.305954933166504
v -0.04761114344000816 0.18593405187129974 -4.298252105712891
v -0.05376208573579788 0.16218054294586182 -4.29288911819458
v -0.0619225837290287 0.13860949873924255 -4.289950370788574
v -0.07196394354104996 0.11559263616800308 -4.289482593536377
v -0.08372779190540314 0.09349294751882553 -4.291492462158203
v -0.09702862054109573 0.0726589560508728 -4.295948505401611
v -0.11165665835142136 0.05341922491788864 -4.302780628204346
v -0.12738122045993805 0.03607717901468277 -4.311880588531494
v -0.1439543068408966 0.020906317979097366 -4.323105812072754
v -0.16111458837985992 0.008145882748067379 -4.336278438568115
v -0.17859138548374176 -0.002002882305532694 -4.35119104385376
v -0.1961091160774231 -0.009379927068948746 -4.367608547210693
v -0.2133914828300476 -0.013868896290659904 -4.385272026062012
v -0.2301659733057022 -0.015399012714624405 -4.403902530670166
v 1.087073564529419 -6.648472785949707 2.108647584915161
v 0.6147003769874573 -6.3909687995910645 2.0850870609283447
v 0.6169089078903198 -6.390430927276611 2.0600738525390625
v 0.6215115189552307 -6.387889862060547 2.0355141162872314
v 0.6284356713294983 -6.383386611938477 2.0117950439453125
v 0.6375721096992493 -6.376991271972656 1.989290475845337
v 0.6487767696380615 -6.368804931640625 1.968355655670166
v 0.6618729829788208 -6.358957290649414 1.949320673942566
v 0.6766541600227356 -6.347602844238281 1.932485580444336
v 0.6928871870040894 -6.334921360015869 1.9181159734725952
v 0.7103160619735718 -6.321112155914307 1.9064384698867798
v 0.7286659479141235 -6.306393146514893 1.897637128829956
v 0.7476475238800049 -6.29099702835083 1.8918509483337402
v 0.7669612765312195 -6.275166034698486 1.8891710042953491
v 0.7863027453422546 -6.25915002822876 1.8896396160125732
v 0.8053668737411499 -6.243201732635498 1.89324951171875
v 0.8238529562950134 -6.227571964263916 1.8999435901641846
v 0.8414695262908936 -6.212508201599121 1.9096163511276245
v 0.8579387664794922 -6.19824743270874 1.9221152067184448
v 0.8730008602142334 -6.1850152015686035 1.937243103981018
v 0.886418342590332 -6.173018932342529 1.9547613859176636
v 0.8979795575141907 -6.162448883056641 1.9743938446044922
v 0.9075022339820862 -6.15347146987915 1.9958308935165405
v 0.9148362278938293 -6.146228313446045 2.0187344551086426
v 0.9198657274246216 -6.140833377838135 2.04274320602417
v 0.9225115776062012 -6.13737154006958 2.067478656768799
v 0.9227319359779358 -6.135898590087891 2.092550754547119
v 0.9205234050750732 -6.136436462402344 2.1175637245178223
v 0.9159207344055176 -6.13897705078125 2.1421236991882324
v 0.9089966416358948 -6.1434807777404785 2.1658427715301514
v 0.899860143661499 -6.149875640869141 2.188347339630127
v 0.8886554837226868 -6.158061981201172 2.209282159805298
v 0.8755593299865723 -6.167909622192383 2.2283170223236084
v 0.8607781529426575 -6.179264068603516 2.245152235031128
v 0.8445451259613037 -6.191946029663086 2.259521722793579
v 0.8271161913871765 -6.205755233764648 2.2711992263793945
v 0.8087663054466248 -6.220473766326904 2.280000686645508
v 0.7897847890853882 -6.235870361328125 2.2857868671417236
v 0.7704709768295288 -6.2517008781433105 2.288466691970825
v 0.7511295080184937 -6.267716884613037 2.2879981994628906
v 0.7320654392242432 -6.283665657043457 2.284388303756714
v 0.7135792970657349 -6.299294948577881 2.2776942253112793
v 0.6959627270698547 -6.314358711242676 2.268021583557129
v 0.6794935464859009 -6.328619480133057 2.2555227279663086
v 0.6644314527511597 -6.341852188110352 2.2403948307037354
v 0.651013970375061 -6.353847980499268 2.2228763103485107
v 0.6394526958465576 -6.364418029785156 2.2032439708709717
v 0.6299300193786621 -6.3733954429626465 2.181806802749634
v 0.6225960850715637 -6.38063907623291 2.1589033603668213
v 0.6175665259361267 -6.38603401184082 2.134894609451294
v 0.6149207353591919 -6.389495372772217 2.110159158706665
v -2.576805353164673 -6.076119899749756 -6.9926042556762695
v -2.8856472969055176 -5.856261253356934 -6.610139846801758
v -2.900428056716919 -5.847011566162109 -6.628217697143555
v -2.912782669067383 -5.835892200469971 -6.64704704284668
v -2.922516107559204 -5.823078155517578 -6.6663312911987305
v -2.9294750690460205 -5.808772087097168 -6.685766696929932
v -2.933549404144287 -5.793199062347412 -6.7050461769104
v -2.9346752166748047 -5.776605129241943 -6.7238664627075195
v -2.9328348636627197 -5.759251594543457 -6.74193000793457
v -2.9280567169189453 -5.741412162780762 -6.7589521408081055
v -2.920416831970215 -5.7233686447143555 -6.774664402008057
v -2.9100353717803955 -5.705404758453369 -6.788819313049316
v -2.89707612991333 -5.687804698944092 -6.8011932373046875
v -2.8817434310913086 -5.6708455085754395 -6.811591148376465
v -2.86427903175354 -5.654794692993164 -6.819849491119385
v -2.844958543777466 -5.63990592956543 -6.825837135314941
v -2.8240866661071777 -5.626412868499756 -6.829460620880127
v -2.801992177963257 -5.614529609680176 -6.830662250518799
v -2.7790238857269287 -5.604442596435547 -6.829422950744629
v -2.7555439472198486 -5.596311092376709 -6.825762748718262
v -2.7319226264953613 -5.590263843536377 -6.819738864898682
v -2.7085325717926025 -5.586395263671875 -6.811446666717529
v -2.6857423782348633 -5.584767818450928 -6.801016807556152
v -2.6639115810394287 -5.5854058265686035 -6.788613319396973
v -2.6433846950531006 -5.588299751281738 -6.77443265914917
v -2.6244850158691406 -5.5934038162231445 -6.758698463439941
v -2.607511043548584 -5.600637912750244 -6.741657733917236
v -2.5927302837371826 -5.609887599945068 -6.723580360412598
v -2.5803756713867188 -5.621006965637207 -6.704751014709473
v -2.5706419944763184 -5.633820533752441 -6.685466766357422
v -2.563683271408081 -5.648126602172852 -6.666031360626221
v -2.5596089363098145 -5.663699626922607 -6.646751403808594
v -2.558483123779297 -5.680294036865234 -6.627931594848633
v -2.560323476791382 -5.6976470947265625 -6.609868049621582
v -2.5651016235351562 -5.715486526489258 -6.592845916748047
v -2.5727415084838867 -5.733530521392822 -6.5771331787109375
v -2.583122968673706 -5.75149393081665 -6.562978744506836
v -2.5960822105407715 -5.769093990325928 -6.550604820251465
v -2.611414909362793 -5.78605318069458 -6.540206432342529
v -2.6288793087005615 -5.8021039962768555 -6.531948566436768
v -2.6481997966766357 -5.816993236541748 -6.525960445404053
v -2.669071674346924 -5.830485820770264 -6.522337436676025
v -2.6911661624908447 -5.842369556427002 -6.5211358070373535
v -2.714134454727173 -5.852456569671631 -6.522375106811523
v -2.737614393234253 -5.8605875968933105 -6.526035308837891
v -2.761235475540161 -5.866635322570801 -6.532059192657471
v -2.784625768661499 -5.8705034255981445 -6.540351390838623
v -2.8074159622192383 -5.87213134765625 -6.55078125
v -2.829246759414673 -5.871493339538574 -6.5631842613220215
v -2.849773645401001 -5.8685994148254395 -6.577364921569824
v -2.868673324584961 -5.863494873046875 -6.593099594116211
v 3.7014710903167725 -1.359419345855713 2.241734743118286
v 3.1639668941497803 -1.3447089195251465 2.212190866470337
v 3.1659603118896484 -1.343544363975525 2.187180995941162
v 3.169173240661621 -1.3395029306411743 2.1626012325286865
v 3.1735546588897705 -1.3326483964920044 2.13883900642395
v 3.1790361404418945 -1.3230887651443481 2.11626935005188
v 3.185530662536621 -1.3109748363494873 2.095247745513916
v 3.1929359436035156 -1.2964977025985718 2.076106309890747
v 3.2011353969573975 -1.2798856496810913 2.0591466426849365
v 3.2099995613098145 -1.261400580406189 2.0446360111236572
v 3.219388484954834 -1.2413341999053955 2.032803535461426
v 3.229154586791992 -1.2200027704238892 2.0238358974456787
v 3.2391433715820312 -1.1977428197860718 2.017874240875244
v 3.249197483062744 -1.1749053001403809 2.015012502670288
v 3.259158134460449 -1.1518504619598389 2.015296220779419
v 3.2688686847686768 -1.1289418935775757 2.0187206268310547
v 3.2781758308410645 -1.1065409183502197 2.0252318382263184
v 3.2869327068328857 -1.0850006341934204 2.034727096557617
v 3.295001268386841 -1.064660906791687 2.0470566749572754
v 3.3022539615631104 -1.0458424091339111 2.062026023864746
v 3.308577060699463 -1.0288420915603638 2.079399347305298
v 3.3138701915740967 -1.0139278173446655 2.098902463912964
v 3.3180503845214844 -1.0013349056243896 2.120227813720703
v 3.3210513591766357 -0.9912620186805725 2.1430389881134033
v 3.3228259086608887 -0.9838679432868958 2.1669764518737793
v 3.323345899581909 -0.97926926612854 2.1916627883911133
v 3.322603464126587 -0.977538526058197 2.216708183288574
v 3.3206100463867188 -0.9787030816078186 2.241718053817749
v 3.317397356033325 -0.9827445149421692 2.2662978172302246
v 3.3130156993865967 -0.9895990490913391 2.290060043334961
v 3.3075344562530518 -0.9991586804389954 2.3126299381256104
v 3.301039934158325 -1.0112725496292114 2.333651304244995
v 3.2936346530914307 -1.025749683380127 2.352792739868164
v 3.285435199737549 -1.0423617362976074 2.3697524070739746
v 3.276571035385132 -1.0608468055725098 2.384263038635254
v 3.267181873321533 -1.0809131860733032 2.3960955142974854
v 3.257416009902954 -1.1022446155548096 2.4050631523132324
v 3.247427225112915 -1.124504566192627 2.411024808883667
v 3.237373113632202 -1.1473420858383179 2.413886547088623
v 3.227412223815918 -1.1703969240188599 2.413602828979492
v 3.2177016735076904 -1.193305492401123 2.4101784229278564
v 3.2083945274353027 -1.215706467628479 2.4036672115325928
v 3.1996378898620605 -1.2372467517852783 2.394171953201294
v 3.1915693283081055 -1.2575864791870117 2.3818423748016357
v 3.184316396713257 -1.2764049768447876 2.366873025894165
v 3.1779935359954834 -1.2934054136276245 2.3494997024536133
v 3.1727001667022705 -1.3083195686340332 2.3299965858459473
v 3.168520212173462 -1.320912480354309 2.308671236038208
v 3.1655192375183105 -1.330985426902771 2.285860061645508
v 3.1637446880340576 -1.3383795022964478 2.261922597885132
v 3.163224458694458 -1.3429781198501587 2.237236261367798
v 0.44460228085517883 -6.699334621429443 -0.8807114958763123
v -0.008310834877192974 -6.4317307472229 -0.7655694484710693
v -0.011903263628482819 -6.4283905029296875 -0.7902020215988159
v -0.012973273172974586 -6.423159122467041 -0.8147440552711487
v -0.011503987945616245 -6.41611909866333 -0.838808536529541
v -0.007518569473177195 -6.4073805809021 -0.8620159029960632
v -0.0010798791190609336 -6.397082328796387 -0.8840002417564392
v 0.007710540201514959 -6.385385990142822 -0.9044147729873657
v 0.01871405728161335 -6.372476577758789 -0.9229375720024109
v 0.03175714984536171 -6.35855770111084 -0.9392765164375305
v 0.04663411155343056 -6.343848705291748 -0.9531739354133606
v 0.06311032921075821 -6.328580856323242 -0.964410662651062
v 0.08092596381902695 -6.3129963874816895 -0.9728094935417175
v 0.09980004280805588 -6.297339916229248 -0.9782379865646362
v 0.11943492293357849 -6.281858444213867 -0.9806104898452759
v 0.13952094316482544 -6.266797065734863 -0.9798896312713623
v 0.1597413271665573 -6.252392292022705 -0.9760867357254028
v 0.17977720499038696 -6.2388715744018555 -0.9692618250846863
v 0.19931258261203766 -6.226448059082031 -0.9595224857330322
v 0.2180393934249878 -6.215318202972412 -0.9470223784446716
v 0.2356622815132141 -6.205657005310059 -0.9319585561752319
v 0.25190335512161255 -6.197617053985596 -0.9145686030387878
v 0.26650646328926086 -6.191324710845947 -0.8951268196105957
v 0.27924129366874695 -6.186880111694336 -0.8739397525787354
v 0.2899070084095001 -6.184352397918701 -0.8513415455818176
v 0.2983354330062866 -6.18378210067749 -0.8276886343955994
v 0.3043936491012573 -6.185177803039551 -0.803354024887085
v 0.3079860806465149 -6.1885175704956055 -0.7787214517593384
v 0.3090560734272003 -6.193748950958252 -0.7541794180870056
v 0.30758678913116455 -6.200789451599121 -0.7301149368286133
v 0.30360138416290283 -6.209527969360352 -0.7069075703620911
v 0.2971626818180084 -6.2198262214660645 -0.6849232316017151
v 0.288372278213501 -6.231522083282471 -0.6645087003707886
v 0.2773687541484833 -6.244431495666504 -0.6459859013557434
v 0.26432567834854126 -6.258350849151611 -0.6296469569206238
v 0.24944870173931122 -6.273059844970703 -0.6157495379447937
v 0.23297248780727386 -6.288327217102051 -0.6045128107070923
v 0.21515685319900513 -6.303912162780762 -0.5961139798164368
v 0.1962827742099762 -6.319568634033203 -0.5906854867935181
v 0.17664788663387299 -6.335049629211426 -0.5883129835128784
v 0.15656186640262604 -6.350111484527588 -0.589033842086792
v 0.13634148240089417 -6.364516258239746 -0.5928367376327515
v 0.11630560457706451 -6.378036975860596 -0.599661648273468
v 0.09677022695541382 -6.39046049118042 -0.6094009876251221
v 0.07804341614246368 -6.401590347290039 -0.6219010949134827
v 0.06042052432894707 -6.411251544952393 -0.6369649171829224
v 0.044179461896419525 -6.4192914962768555 -0.6543548703193665
v 0.029576363041996956 -6.425583362579346 -0.6737966537475586
v 0.016841525211930275 -6.430028438568115 -0.694983720779419
v 0.006175796966999769 -6.43255615234375 -0.7175819277763367
v -0.002252630889415741 -6.433126449584961 -0.7412348389625549
v 1.136966347694397 4.696415424346924 3.774386405944824
v 1.1785237789154053 4.165334224700928 3.6954846382141113
v 1.1851420402526855 4.162865161895752 3.7195868492126465
v 1.1944206953048706 4.161899089813232 3.742906332015991
v 1.206213116645813 4.162450790405273 3.765075206756592
v 1.220333456993103 4.164512634277344 3.7857439517974854
v 1.2365590333938599 4.168050765991211 3.804586172103882
v 1.2546340227127075 4.173010349273682 3.8213050365448
v 1.274273157119751 4.179312705993652 3.835637092590332
v 1.2951669692993164 4.186858654022217 3.847355842590332
v 1.316985845565796 4.195529460906982 3.856276750564575
v 1.339385747909546 4.205187797546387 3.8622591495513916
v 1.3620132207870483 4.215681552886963 3.865208625793457
v 1.3845115900039673 4.2268452644348145 3.8650786876678467
v 1.4065260887145996 4.2385029792785645 3.8618712425231934
v 1.4277093410491943 4.2504706382751465 3.8556370735168457
v 1.4477274417877197 4.26255989074707 3.8464744091033936
v 1.4662646055221558 4.2745795249938965 3.8345277309417725
v 1.483028531074524 4.286340236663818 3.8199853897094727
v 1.4977548122406006 4.297657012939453 3.803076982498169
v 1.5102112293243408 4.308350563049316 3.7840688228607178
v 1.5202014446258545 4.3182525634765625 3.763261079788208
v 1.5275676250457764 4.327207088470459 3.7409815788269043
v 1.532193899154663 4.335072994232178 3.7175817489624023
v 1.5340070724487305 4.341725826263428 3.6934306621551514
v 1.5329787731170654 4.347060680389404 3.6689090728759766
v 1.5291249752044678 4.350994110107422 3.6444039344787598
v 1.522506594657898 4.353463172912598 3.6203014850616455
v 1.5132280588150024 4.354429244995117 3.596982002258301
v 1.50143563747406 4.353877067565918 3.5748131275177
v 1.48731529712677 4.351815700531006 3.5541446208953857
v 1.4710897207260132 4.3482770919799805 3.53530216217041
v 1.4530147314071655 4.34331750869751 3.518583297729492
v 1.4333754777908325 4.337015151977539 3.504251480102539
v 1.4124817848205566 4.329469203948975 3.49253249168396
v 1.3906629085540771 4.320798397064209 3.483611583709717
v 1.3682630062103271 4.311140537261963 3.4776291847229004
v 1.3456355333328247 4.3006463050842285 3.474679946899414
v 1.3231371641159058 4.289482593536377 3.4748098850250244
v 1.3011226654052734 4.277824878692627 3.4780173301696777
v 1.2799394130706787 4.265857219696045 3.4842514991760254
v 1.2599213123321533 4.253768444061279 3.4934141635894775
v 1.2413841485977173 4.241748332977295 3.5053608417510986
v 1.2246202230453491 4.229987621307373 3.5199029445648193
v 1.2098939418792725 4.2186713218688965 3.536811351776123
v 1.1974375247955322 4.207977294921875 3.555819511413574
v 1.1874473094940186 4.198075294494629 3.576627492904663
v 1.1800811290740967 4.189120769500732 3.598906993865967
v 1.17545485496521 4.181254863739014 3.6223068237304688
v 1.1736416816711426 4.174602031707764 3.6464579105377197
v 1.1746699810028076 4.169267177581787 3.6709792613983154
v 0.8676471710205078 -0.2849934995174408 -4.5958123207092285
v 1.0516053438186646 -0.5654708743095398 -4.1745147705078125
v 1.029707431793213 -0.5613172650337219 -4.162936210632324
v 1.0086877346038818 -0.554137647151947 -4.151212692260742
v 0.9888774752616882 -0.5440453886985779 -4.139528274536133
v 0.9705893397331238 -0.53119957447052 -4.128067493438721
v 0.9541115760803223 -0.5158027410507202 -4.117010593414307
v 0.9397040605545044 -0.49809783697128296 -4.106533050537109
v 0.9275940656661987 -0.4783640205860138 -4.096799373626709
v 0.9179725646972656 -0.45691245794296265 -4.087962627410889
v 0.9109912514686584 -0.4340815246105194 -4.080163478851318
v 0.9067602753639221 -0.41023120284080505 -4.07352352142334
v 0.9053463339805603 -0.38573771715164185 -4.068148136138916
v 0.9067716598510742 -0.36098727583885193 -4.064122200012207
v 0.9110139012336731 -0.33637022972106934 -4.061509132385254
v 0.9180061221122742 -0.3122747838497162 -4.06035041809082
v 0.9276379942893982 -0.28908097743988037 -4.060663223266602
v 0.9397576451301575 -0.2671545743942261 -4.06244421005249
v 0.9541739821434021 -0.24684135615825653 -4.065663814544678
v 0.9706595540046692 -0.22846168279647827 -4.070271968841553
v 0.988954484462738 -0.21230541169643402 -4.076196193695068
v 1.008770227432251 -0.19862733781337738 -4.083342552185059
v 1.0297940969467163 -0.1876431703567505 -4.091598987579346
v 1.0516948699951172 -0.17952613532543182 -4.100834369659424
v 1.0741268396377563 -0.17440424859523773 -4.110904216766357
v 1.0967364311218262 -0.17235827445983887 -4.12164831161499
v 1.1191670894622803 -0.1734204888343811 -4.132898807525635
v 1.1410648822784424 -0.17757415771484375 -4.144476890563965
v 1.162084698677063 -0.18475373089313507 -4.156200408935547
v 1.1818948984146118 -0.1948460191488266 -4.167884826660156
v 1.2001830339431763 -0.20769184827804565 -4.179346084594727
v 1.216660737991333 -0.22308862209320068 -4.190402507781982
v 1.2310682535171509 -0.24079354107379913 -4.20088005065918
v 1.2431782484054565 -0.2605273723602295 -4.210614204406738
v 1.2527997493743896 -0.28197893500328064 -4.2194504737854
v 1.2597811222076416 -0.3048098683357239 -4.227250099182129
v 1.264012098312378 -0.32866019010543823 -4.233889579772949
v 1.2654260396957397 -0.35315367579460144 -4.239264965057373
v 1.264000654220581 -0.37790411710739136 -4.243290901184082
v 1.259758472442627 -0.40252116322517395 -4.245903968811035
v 1.2527662515640259 -0.4266166090965271 -4.247062683105469
v 1.2431343793869019 -0.4498104155063629 -4.2467498779296875
v 1.2310147285461426 -0.4717368185520172 -4.244969367980957
v 1.216598391532898 -0.49205005168914795 -4.241749286651611
v 1.2001128196716309 -0.5104297399520874 -4.237141132354736
v 1.181817889213562 -0.5265859961509705 -4.231216907501221
v 1.1620022058486938 -0.5402640700340271 -4.2240705490112305
v 1.140978217124939 -0.5512482523918152 -4.215814113616943
v 1.119077444076538 -0.5593652725219727 -4.206578731536865
v 1.096645474433899 -0.5644871592521667 -4.19650936126709
v 1.074035882949829 -0.566533088684082 -4.185764789581299
v 1.7393485307693481 -6.575005054473877 2.1462388038635254
v 2.1430587768554688 -6.218897342681885 2.1605656147003174
v 2.1410746574401855 -6.218541145324707 2.185600996017456
v 2.1363070011138916 -6.216768741607666 2.2101967334747314
v 2.1288304328918457 -6.2136077880859375 2.2339651584625244
v 2.1187634468078613 -6.209108829498291 2.256531238555908
v 2.106264114379883 -6.203342437744141 2.2775394916534424
v 2.0915300846099854 -6.196399688720703 2.2966582775115967
v 2.074793577194214 -6.188389778137207 2.3135862350463867
v 2.056318521499634 -6.179439067840576 2.3280560970306396
v 2.0363962650299072 -6.169689178466797 2.3398401737213135
v 2.01534104347229 -6.159293174743652 2.34875226020813
v 1.9934847354888916 -6.148415565490723 2.354651927947998
v 1.9711723327636719 -6.137227535247803 2.3574459552764893
v 1.9487553834915161 -6.125905513763428 2.357090711593628
v 1.926587700843811 -6.114628791809082 2.3535914421081543
v 1.9050188064575195 -6.103574275970459 2.347003221511841
v 1.8843886852264404 -6.092916965484619 2.337430238723755
v 1.865022897720337 -6.082824230194092 2.3250234127044678
v 1.8472267389297485 -6.073455810546875 2.309978485107422
v 1.8312808275222778 -6.064959526062012 2.292532444000244
v 1.8174368143081665 -6.057468891143799 2.2729604244232178
v 1.8059128522872925 -6.051102161407471 2.2515714168548584
v 1.7968908548355103 -6.045959949493408 2.2287025451660156
v 1.7905129194259644 -6.042123317718506 2.20471453666687
v 1.7868796586990356 -6.0396528244018555 2.179985761642456
v 1.7860485315322876 -6.0385870933532715 2.1549057960510254
v 1.7880324125289917 -6.038943290710449 2.129870653152466
v 1.7928001880645752 -6.04071569442749 2.1052749156951904
v 1.8002766370773315 -6.043876647949219 2.0815064907073975
v 1.810343861579895 -6.048375606536865 2.0589401721954346
v 1.822843074798584 -6.054141998291016 2.0379321575164795
v 1.8375771045684814 -6.061084747314453 2.018813371658325
v 1.854313611984253 -6.069094657897949 2.001885414123535
v 1.872788667678833 -6.07804536819458 1.9874154329299927
v 1.8927109241485596 -6.087795734405518 1.9756313562393188
v 1.9137662649154663 -6.098191261291504 1.9667192697525024
v 1.9356224536895752 -6.109068870544434 1.9608197212219238
v 1.9579349756240845 -6.1202569007873535 1.9580254554748535
v 1.9803518056869507 -6.1315789222717285 1.958380937576294
v 2.0025196075439453 -6.142855644226074 1.9618802070617676
v 2.0240883827209473 -6.153910160064697 1.9684683084487915
v 2.0447185039520264 -6.164567947387695 1.9780412912368774
v 2.06408429145813 -6.1746602058410645 1.9904481172561646
v 2.081880569458008 -6.184028625488281 2.0054931640625
v 2.0978262424468994 -6.192525386810303 2.0229392051696777
v 2.11167049407959 -6.200015544891357 2.042510986328125
v 2.1231942176818848 -6.2063822746276855 2.0638999938964844
v 2.132216453552246 -6.211524486541748 2.086768865585327
v 2.138594388961792 -6.21536111831665 2.1107568740844727
v 2.1422276496887207 -6.217831611633301 2.135485887527466
v -2.0597543716430664 -6.261753559112549 -6.916356563568115
v -1.7214622497558594 -6.24920654296875 -6.497547626495361
v -1.7411338090896606 -6.252616882324219 -6.482308864593506
v -1.7617125511169434 -6.253128528594971 -6.467918395996094
v -1.7828737497329712 -6.250732421875 -6.454603672027588
v -1.804283857345581 -6.245466709136963 -6.442574501037598
v -1.8256051540374756 -6.237414836883545 -6.43202018737793
v -1.8465014696121216 -6.226703643798828 -6.423107624053955
v -1.8666430711746216 -6.213501453399658 -6.4159770011901855
v -1.8857123851776123 -6.198017120361328 -6.410740852355957
v -1.9034087657928467 -6.18049430847168 -6.407482147216797
v -1.9194531440734863 -6.161210060119629 -6.406251907348633
v -1.9335923194885254 -6.140467643737793 -6.407069683074951
v -1.9456034898757935 -6.118595123291016 -6.4099225997924805
v -1.9552971124649048 -6.0959367752075195 -6.41476583480835
v -1.9625203609466553 -6.072849750518799 -6.42152214050293
v -1.9671592712402344 -6.049698829650879 -6.430086135864258
v -1.9691407680511475 -6.026848793029785 -6.440321922302246
v -1.9684336185455322 -6.004660129547119 -6.452068328857422
v -1.965048909187317 -5.983482360839844 -6.465140342712402
v -1.9590399265289307 -5.963649749755859 -6.4793314933776855
v -1.950501561164856 -5.9454755783081055 -6.494418144226074
v -1.9395685195922852 -5.929245471954346 -6.510162353515625
v -1.9264131784439087 -5.915215969085693 -6.526315689086914
v -1.9112428426742554 -5.903608322143555 -6.542623519897461
v -1.8942970037460327 -5.8946051597595215 -6.558828830718994
v -1.8758426904678345 -5.8883490562438965 -6.574675559997559
v -1.8561711311340332 -5.884938716888428 -6.589914321899414
v -1.8355923891067505 -5.884427070617676 -6.604304790496826
v -1.814431071281433 -5.8868231773376465 -6.617619514465332
v -1.7930209636688232 -5.892088413238525 -6.629648685455322
v -1.7716996669769287 -5.900140762329102 -6.64020299911499
v -1.7508034706115723 -5.910851955413818 -6.649115562438965
v -1.7306618690490723 -5.924054145812988 -6.656246185302734
v -1.711592435836792 -5.939538478851318 -6.661482334136963
v -1.6938960552215576 -5.957061290740967 -6.664741039276123
v -1.6778517961502075 -5.976345539093018 -6.665971279144287
v -1.6637126207351685 -5.9970879554748535 -6.665153503417969
v -1.6517014503479004 -6.018960475921631 -6.6623005867004395
v -1.642007827758789 -6.041618824005127 -6.6574578285217285
v -1.6347845792770386 -6.064705848693848 -6.65070104598999
v -1.63014554977417 -6.087856769561768 -6.642137050628662
v -1.6281640529632568 -6.110706806182861 -6.631901264190674
v -1.6288713216781616 -6.132895469665527 -6.620154857635498
v -1.632256031036377 -6.154073238372803 -6.607082843780518
v -1.6382650136947632 -6.173905849456787 -6.592891693115234
v -1.6468032598495483 -6.192080020904541 -6.577805042266846
v -1.6577364206314087 -6.208310127258301 -6.562060832977295
v -1.6708917617797852 -6.222339630126953 -6.545907497406006
v -1.6860620975494385 -6.233947277069092 -6.529599666595459
v -1.7030079364776611 -6.242950439453125 -6.513394355773926
v -6.629810333251953 3.1117970943450928 1.6265000104904175
v -6.250942707061768 2.7299163341522217 1.6515265703201294
v -6.25168514251709 2.73164701461792 1.6765720844268799
v -6.25116491317749 2.736245632171631 1.7012583017349243
v -6.249390602111816 2.7436397075653076 1.7251957654953003
v -6.246389389038086 2.7537126541137695 1.74800705909729
v -6.242209434509277 2.766305685043335 1.7693324089050293
v -6.236916542053223 2.781219959259033 1.7888355255126953
v -6.230593204498291 2.798220157623291 1.8062087297439575
v -6.2233405113220215 2.8170387744903564 1.8211781978607178
v -6.215271949768066 2.83737850189209 1.833507776260376
v -6.206515312194824 2.8589186668395996 1.8430030345916748
v -6.197207927703857 2.881319761276245 1.8495142459869385
v -6.187497615814209 2.9042282104492188 1.8529386520385742
v -6.177536487579346 2.9272830486297607 1.8532222509384155
v -6.167482376098633 2.950120687484741 1.850360631942749
v -6.157493591308594 2.9723806381225586 1.8443989753723145
v -6.147727966308594 2.9937119483947754 1.8354312181472778
v -6.138338565826416 3.0137784481048584 1.8235987424850464
v -6.129474639892578 3.0322635173797607 1.8090882301330566
v -6.121275424957275 3.048875570297241 1.7921284437179565
v -6.113869667053223 3.063352584838867 1.7729870080947876
v -6.107375144958496 3.0754666328430176 1.7519656419754028
v -6.101893901824951 3.085026264190674 1.729395866394043
v -6.097512245178223 3.0918807983398438 1.7056336402893066
v -6.094299793243408 3.0959222316741943 1.681053876876831
v -6.092306137084961 3.0970866680145264 1.6560440063476562
v -6.091563701629639 3.095355987548828 1.6309984922409058
v -6.092083930969238 3.090757369995117 1.6063122749328613
v -6.09385871887207 3.0833632946014404 1.5823748111724854
v -6.096859455108643 3.0732903480529785 1.5595635175704956
v -6.101039409637451 3.060697317123413 1.5382381677627563
v -6.106332778930664 3.045783281326294 1.5187351703643799
v -6.1126556396484375 3.028782844543457 1.5013618469238281
v -6.119908809661865 3.0099642276763916 1.4863923788070679
v -6.127976894378662 2.989624500274658 1.4740628004074097
v -6.1367340087890625 2.9680843353271484 1.4645675420761108
v -6.146040916442871 2.945683240890503 1.4580563306808472
v -6.155751705169678 2.9227747917175293 1.4546319246292114
v -6.165712356567383 2.8997199535369873 1.4543483257293701
v -6.175766468048096 2.876882314682007 1.4572099447250366
v -6.185755252838135 2.8546223640441895 1.4631716012954712
v -6.195521354675293 2.8332910537719727 1.4721393585205078
v -6.2049102783203125 2.8132245540618896 1.4839718341827393
v -6.213774681091309 2.7947394847869873 1.498482346534729
v -6.221973896026611 2.778127431869507 1.515442132949829
v -6.229379177093506 2.763650417327881 1.534583568572998
v -6.235873699188232 2.7515366077423096 1.5556049346923828
v -6.241354942321777 2.7419769763946533 1.5781747102737427
v -6.245736598968506 2.7351222038269043 1.601936936378479
v -6.2489495277404785 2.7310807704925537 1.6265166997909546
v 1.0831726789474487 -6.712003707885742 -0.728270411491394
v 1.4708831310272217 -6.453023910522461 -0.45880791544914246
v 1.4584896564483643 -6.457854747772217 -0.43750330805778503
v 1.4438923597335815 -6.460695743560791 -0.4172629415988922
v 1.4273215532302856 -6.4615020751953125 -0.3984060287475586
v 1.4090386629104614 -6.46026086807251 -0.381229966878891
v 1.3893318176269531 -6.456992149353027 -0.3660055994987488
v 1.3685120344161987 -6.451747417449951 -0.3529730439186096
v 1.346907377243042 -6.444608688354492 -0.34233781695365906
v 1.3248589038848877 -6.4356889724731445 -0.33426767587661743
v 1.3027139902114868 -6.425129413604736 -0.3288898766040802
v 1.2808221578598022 -6.413095951080322 -0.32628923654556274
v 1.259528398513794 -6.399778366088867 -0.32650673389434814
v 1.2391687631607056 -6.385386943817139 -0.3295389413833618
v 1.2200642824172974 -6.370148658752441 -0.3353380858898163
v 1.2025160789489746 -6.354303359985352 -0.3438127040863037
v 1.1868010759353638 -6.338101387023926 -0.3548291027545929
v 1.1731669902801514 -6.321798324584961 -0.36821356415748596
v 1.1618289947509766 -6.3056511878967285 -0.38375502824783325
v 1.1529656648635864 -6.289914131164551 -0.40120840072631836
v 1.1467170715332031 -6.27483606338501 -0.42029839754104614
v 1.1431814432144165 -6.260654449462891 -0.4407239854335785
v 1.1424148082733154 -6.247592926025391 -0.4621630012989044
v 1.144429087638855 -6.2358574867248535 -0.4842773973941803
v 1.1491925716400146 -6.225633144378662 -0.5067183971405029
v 1.1566301584243774 -6.217081546783447 -0.529132068157196
v 1.1666245460510254 -6.210337162017822 -0.5511649250984192
v 1.1790181398391724 -6.205505847930908 -0.5724695324897766
v 1.1936153173446655 -6.202664852142334 -0.5927098989486694
v 1.2101861238479614 -6.2018585205078125 -0.6115668416023254
v 1.2284691333770752 -6.203099727630615 -0.6287428736686707
v 1.248175859451294 -6.206368446350098 -0.6439672708511353
v 1.268995761871338 -6.211613655090332 -0.6569998264312744
v 1.290600299835205 -6.218751907348633 -0.6676350235939026
v 1.312648892402649 -6.2276716232299805 -0.6757051944732666
v 1.3347936868667603 -6.238231182098389 -0.6810829639434814
v 1.3566856384277344 -6.250264644622803 -0.6836836338043213
v 1.3779792785644531 -6.263582229614258 -0.6834661364555359
v 1.3983389139175415 -6.277973651885986 -0.6804339289665222
v 1.4174435138702393 -6.293212413787842 -0.6746347546577454
v 1.4349915981292725 -6.309057235717773 -0.6661601662635803
v 1.4507067203521729 -6.325259208679199 -0.6551437377929688
v 1.4643406867980957 -6.341562271118164 -0.6417592763900757
v 1.47567880153656 -6.3577094078063965 -0.6262178421020508
v 1.4845420122146606 -6.373446464538574 -0.6087644696235657
v 1.4907907247543335 -6.388524532318115 -0.5896744728088379
v 1.4943262338638306 -6.402706146240234 -0.5692488551139832
v 1.4950929880142212 -6.415767669677734 -0.5478098392486572
v 1.493078589439392 -6.4275031089782715 -0.5256954431533813
v 1.4883151054382324 -6.437727451324463 -0.5032544732093811
v 1.4808775186538696 -6.446279048919678 -0.480840802192688
v 0.8733022809028625 4.664308071136475 3.679231643676758
v 1.0564433336257935 4.17130184173584 3.5634562969207764
v 1.064188003540039 4.18004035949707 3.5412192344665527
v 1.0688772201538086 4.189083099365234 3.518261432647705
v 1.070436954498291 4.198286533355713 3.4949443340301514
v 1.0688426494598389 4.20750617980957 3.4716358184814453
v 1.0641193389892578 4.216596603393555 3.4487037658691406
v 1.0563416481018066 4.225413799285889 3.4265096187591553
v 1.0456321239471436 4.233819484710693 3.4054033756256104
v 1.0321598052978516 4.24168062210083 3.3857176303863525
v 1.0161370038986206 4.248873710632324 3.3677635192871094
v 0.9978165030479431 4.255284786224365 3.351823568344116
v 0.9774872064590454 4.260812759399414 3.338149309158325
v 0.9554696679115295 4.265370845794678 3.3269565105438232
v 0.9321112036705017 4.268887042999268 3.3184218406677246
v 0.9077801704406738 4.271305561065674 3.3126795291900635
v 0.8828602433204651 4.272588729858398 3.3098204135894775
v 0.8577444553375244 4.272716045379639 3.309889316558838
v 0.8328288793563843 4.271685600280762 3.312885284423828
v 0.8085064888000488 4.2695136070251465 3.318761110305786
v 0.7851607799530029 4.266234397888184 3.3274242877960205
v 0.7631600499153137 4.261899471282959 3.338737964630127
v 0.7428511381149292 4.256577014923096 3.3525235652923584
v 0.7245543599128723 4.250351905822754 3.3685641288757324
v 0.7085583209991455 4.243321418762207 3.386606454849243
v 0.6951152682304382 4.235596656799316 3.4063658714294434
v 0.6844372153282166 4.227299213409424 3.4275307655334473
v 0.6766924858093262 4.218560695648193 3.449767827987671
v 0.6720033288002014 4.209517955780029 3.4727256298065186
v 0.670443594455719 4.200314521789551 3.4960427284240723
v 0.6720379590988159 4.191094875335693 3.519351005554199
v 0.6767612099647522 4.182004451751709 3.542283296585083
v 0.6845389604568481 4.173187255859375 3.5644774436950684
v 0.6952484250068665 4.16478157043457 3.5855836868286133
v 0.7087208032608032 4.156919956207275 3.605269193649292
v 0.7247435450553894 4.1497273445129395 3.6232235431671143
v 0.7430640459060669 4.143316268920898 3.6391634941101074
v 0.7633933424949646 4.137787818908691 3.6528377532958984
v 0.7854108810424805 4.133229732513428 3.6640303134918213
v 0.8087693452835083 4.129714012145996 3.672565221786499
v 0.8331003785133362 4.127295017242432 3.67830753326416
v 0.8580203056335449 4.126011848449707 3.681166648864746
v 0.8831360936164856 4.125884532928467 3.6810977458953857
v 0.9080516695976257 4.126914978027344 3.6781017780303955
v 0.9323740601539612 4.129086971282959 3.6722257137298584
v 0.9557197690010071 4.13236665725708 3.663562774658203
v 0.9777204990386963 4.136701583862305 3.6522490978240967
v 0.9980294108390808 4.14202356338501 3.638463258743286
v 1.0163261890411377 4.14824914932251 3.622422933578491
v 1.0323221683502197 4.155279636383057 3.6043806076049805
v 1.0457652807235718 4.163004398345947 3.5846211910247803
v 0.6207094788551331 -0.6999689340591431 -4.8210368156433105
v 0.460561066865921 -1.1855907440185547 -4.652146339416504
v 0.4491633474826813 -1.1744346618652344 -4.632743835449219
v 0.4406595528125763 -1.1625815629959106 -4.612298488616943
v 0.4351838231086731 -1.1502182483673096 -4.591132640838623
v 0.4328225553035736 -1.1375397443771362 -4.569580554962158
v 0.4336129426956177 -1.1247460842132568 -4.547981262207031
v 0.43754252791404724 -1.1120389699935913 -4.526676177978516
v 0.4445493519306183 -1.0996187925338745 -4.506000995635986
v 0.45452290773391724 -1.0876814126968384 -4.486281394958496
v 0.46730589866638184 -1.0764151811599731 -4.46782922744751
v 0.4826967418193817 -1.06599760055542 -4.450934886932373
v 0.5004526972770691 -1.0565931797027588 -4.4358649253845215
v 0.5202937722206116 -1.0483500957489014 -4.42285680770874
v 0.541907012462616 -1.041398286819458 -4.412116050720215
v 0.5649515986442566 -1.035847544670105 -4.403811931610107
v 0.5890641212463379 -1.031785249710083 -4.398075103759766
v 0.6138642430305481 -1.02927565574646 -4.394996643066406
v 0.6389609575271606 -1.0283582210540771 -4.394624710083008
v 0.6639583706855774 -1.0290473699569702 -4.396965026855469
v 0.6884623169898987 -1.0313323736190796 -4.401980876922607
v 0.7120863795280457 -1.0351769924163818 -4.409593105316162
v 0.7344579100608826 -1.0405207872390747 -4.419682025909424
v 0.7552241086959839 -1.0472794771194458 -4.4320878982543945
v 0.7740575671195984 -1.0553463697433472 -4.446615219116211
v 0.7906611561775208 -1.0645941495895386 -4.463035583496094
v 0.8047731518745422 -1.0748772621154785 -4.481089115142822
v 0.816170871257782 -1.0860333442687988 -4.500491619110107
v 0.824674665927887 -1.097886562347412 -4.520936965942383
v 0.8301504254341125 -1.1102497577667236 -4.542102813720703
v 0.8325116634368896 -1.122928261756897 -4.563655376434326
v 0.831721305847168 -1.1357219219207764 -4.585254192352295
v 0.827791690826416 -1.148429036140442 -4.6065592765808105
v 0.820784866809845 -1.1608492136001587 -4.627234935760498
v 0.8108113408088684 -1.1727865934371948 -4.64695405960083
v 0.7980283498764038 -1.18405282497406 -4.665406703948975
v 0.7826374769210815 -1.1944704055786133 -4.682301044464111
v 0.7648815512657166 -1.2038748264312744 -4.697371006011963
v 0.7450404763221741 -1.2121180295944214 -4.710378646850586
v 0.7234272360801697 -1.2190697193145752 -4.7211198806762695
v 0.700382649898529 -1.2246204614639282 -4.729423999786377
v 0.6762701272964478 -1.2286827564239502 -4.7351603507995605
v 0.6514699459075928 -1.2311923503875732 -4.738239288330078
v 0.626373291015625 -1.2321099042892456 -4.738611221313477
v 0.6013758778572083 -1.231420636177063 -4.736270904541016
v 0.576871931552887 -1.2291357517242432 -4.731255054473877
v 0.55324786901474 -1.2252910137176514 -4.723642349243164
v 0.5308763384819031 -1.2199472188949585 -4.7135539054870605
v 0.510110080242157 -1.213188648223877 -4.70114803314209
v 0.49127668142318726 -1.2051217555999756 -4.686620235443115
v 0.4746730327606201 -1.1958738565444946 -4.670199871063232
v 1.343727946281433 -7.121371746063232 1.5457878112792969
v 1.2428663969039917 -7.330360412597656 1.0598344802856445
v 1.267346978187561 -7.3284173011779785 1.054566740989685
v 1.2913844585418701 -7.3233513832092285 1.0493359565734863
v 1.3145997524261475 -7.315242767333984 1.0442246198654175
v 1.336626648902893 -7.3042192459106445 1.0393133163452148
v 1.3571178913116455 -7.290454864501953 1.0346795320510864
v 1.3757503032684326 -7.274166584014893 1.0303963422775269
v 1.3922299146652222 -7.255610942840576 1.0265312194824219
v 1.4062970876693726 -7.235081195831299 1.0231451988220215
v 1.4177296161651611 -7.212900638580322 1.0202915668487549
v 1.4263476133346558 -7.189419269561768 1.0180155038833618
v 1.4320148229599 -7.1650071144104 1.0163527727127075
v 1.4346420764923096 -7.140049934387207 1.0153297185897827
v 1.4341877698898315 -7.114940166473389 1.0149623155593872
v 1.430659294128418 -7.0900750160217285 1.0152565240859985
v 1.42411208152771 -7.065845966339111 1.0162075757980347
v 1.414649486541748 -7.042634963989258 1.0178004503250122
v 1.4024207592010498 -7.020808219909668 1.0200101137161255
v 1.3876186609268188 -7.000710487365723 1.0228017568588257
v 1.3704767227172852 -6.9826579093933105 1.026131272315979
v 1.3512651920318604 -6.966935634613037 1.0299460887908936
v 1.330287218093872 -6.953791618347168 1.0341862440109253
v 1.3078734874725342 -6.943432807922363 1.0387846231460571
v 1.2843774557113647 -6.936022758483887 1.0436689853668213
v 1.2601697444915771 -6.931678771972656 1.0487620830535889
v 1.2356321811676025 -6.930468559265137 1.0539835691452026
v 1.2111515998840332 -6.932412147521973 1.059251308441162
v 1.1871141195297241 -6.937478065490723 1.0644820928573608
v 1.1638988256454468 -6.945586681365967 1.0695934295654297
v 1.1418719291687012 -6.956610202789307 1.0745047330856323
v 1.1213806867599487 -6.970374584197998 1.0791385173797607
v 1.1027482748031616 -6.986662864685059 1.0834218263626099
v 1.0862685441970825 -7.005218505859375 1.0872868299484253
v 1.0722014904022217 -7.025748252868652 1.0906729698181152
v 1.0607688426971436 -7.047928810119629 1.0935264825820923
v 1.0521509647369385 -7.071410179138184 1.0958025455474854
v 1.0464837551116943 -7.095822334289551 1.0974652767181396
v 1.0438565015792847 -7.120779514312744 1.0984883308410645
v 1.0443108081817627 -7.145888805389404 1.09885573387146
v 1.0478392839431763 -7.170754432678223 1.0985615253448486
v 1.0543864965438843 -7.19498348236084 1.097610592842102
v 1.0638490915298462 -7.218194484710693 1.096017599105835
v 1.0760778188705444 -7.240021228790283 1.0938079357147217
v 1.0908799171447754 -7.2601189613342285 1.0910162925720215
v 1.108021855354309 -7.278171539306641 1.0876867771148682
v 1.1272332668304443 -7.293893814086914 1.0838719606399536
v 1.1482113599777222 -7.307037830352783 1.0796318054199219
v 1.17062509059906 -7.317396640777588 1.07503342628479
v 1.1941211223602295 -7.324806213378906 1.0701490640640259
v 1.218328833580017 -7.329150676727295 1.0650559663772583
v -2.1069302558898926 -6.549937725067139 -6.837897300720215
v -1.904012680053711 -6.795882701873779 -6.403920650482178
v -1.9262046813964844 -6.7928547859191895 -6.392555236816406
v -1.9477490186691284 -6.786740303039551 -6.381185054779053
v -1.968306064605713 -6.77763557434082 -6.36998987197876
v -1.9875515699386597 -6.765683650970459 -6.3591461181640625
v -2.0051820278167725 -6.751073360443115 -6.348824977874756
v -2.0209193229675293 -6.734035015106201 -6.339188575744629
v -2.034515142440796 -6.714837551116943 -6.330389499664307
v -2.045755624771118 -6.693783283233643 -6.322566032409668
v -2.0544629096984863 -6.671204566955566 -6.315842151641846
v -2.060499906539917 -6.647457599639893 -6.310323715209961
v -2.0637712478637695 -6.6229166984558105 -6.306097030639648
v -2.064225673675537 -6.597968578338623 -6.303229808807373
v -2.0618557929992676 -6.573007583618164 -6.301766872406006
v -2.05669903755188 -6.548426151275635 -6.301730632781982
v -2.0488367080688477 -6.524612903594971 -6.3031229972839355
v -2.0383927822113037 -6.501943111419678 -6.305920600891113
v -2.0255320072174072 -6.480774402618408 -6.310080528259277
v -2.0104572772979736 -6.461440086364746 -6.315536022186279
v -1.9934061765670776 -6.4442458152771 -6.322202205657959
v -1.9746476411819458 -6.429462432861328 -6.329973220825195
v -1.9544775485992432 -6.417322635650635 -6.33872652053833
v -1.9332139492034912 -6.408018589019775 -6.348324298858643
v -1.9111922979354858 -6.401696681976318 -6.358615398406982
v -1.888759732246399 -6.398456573486328 -6.369437217712402
v -1.8662701845169067 -6.398349285125732 -6.380618572235107
v -1.8440781831741333 -6.401377201080322 -6.391983985900879
v -1.8225338459014893 -6.407491683959961 -6.403354167938232
v -1.8019767999649048 -6.416596412658691 -6.414549350738525
v -1.782731294631958 -6.428548336029053 -6.425393104553223
v -1.7651009559631348 -6.4431586265563965 -6.4357147216796875
v -1.749363660812378 -6.4601969718933105 -6.445350646972656
v -1.7357676029205322 -6.479394912719727 -6.4541497230529785
v -1.724527359008789 -6.500448703765869 -6.461973190307617
v -1.715820074081421 -6.523027420043945 -6.4686970710754395
v -1.7097830772399902 -6.546774387359619 -6.474215984344482
v -1.7065116167068481 -6.571315288543701 -6.478442192077637
v -1.7060571908950806 -6.596263408660889 -6.481309413909912
v -1.70842707157135 -6.621224880218506 -6.4827728271484375
v -1.7135838270187378 -6.645805835723877 -6.482808589935303
v -1.72144615650177 -6.669619083404541 -6.481416702270508
v -1.731890082359314 -6.692288875579834 -6.478618621826172
v -1.7447508573532104 -6.7134575843811035 -6.474459171295166
v -1.7598257064819336 -6.732791900634766 -6.469003200531006
v -1.7768768072128296 -6.749986171722412 -6.462337017059326
v -1.7956353425979614 -6.764770030975342 -6.454566478729248
v -1.8158053159713745 -6.776909351348877 -6.445812702178955
v -1.8370689153671265 -6.786213397979736 -6.436214923858643
v -1.8590905666351318 -6.792535305023193 -6.425924301147461
v -1.8815231323242188 -6.795775413513184 -6.415102481842041
v -6.823760509490967 2.880695343017578 1.4782580137252808
v -6.683551788330078 2.3665382862091064 1.4009004831314087
v -6.677493572235107 2.365142583847046 1.4252351522445679
v -6.669065475463867 2.365712881088257 1.4488880634307861
v -6.65839958190918 2.3682405948638916 1.471486210823059
v -6.645664691925049 2.372685432434082 1.4926732778549194
v -6.631061553955078 2.3789772987365723 1.5121151208877563
v -6.61482048034668 2.3870174884796143 1.5295050144195557
v -6.597197532653809 2.3966786861419678 1.5445688962936401
v -6.578470706939697 2.407808542251587 1.5570690631866455
v -6.558935642242432 2.420231819152832 1.5668083429336548
v -6.5388994216918945 2.4337525367736816 1.5736333131790161
v -6.518679141998291 2.44815731048584 1.5774362087249756
v -6.498593330383301 2.463219165802002 1.5781570672988892
v -6.4789581298828125 2.4787001609802246 1.5757845640182495
v -6.460084438323975 2.494356632232666 1.570356011390686
v -6.4422688484191895 2.509941577911377 1.5619572401046753
v -6.425792217254639 2.5252089500427246 1.550720453262329
v -6.410915374755859 2.5399181842803955 1.536823034286499
v -6.397872447967529 2.553837299346924 1.5204840898513794
v -6.386868953704834 2.566746711730957 1.5019612312316895
v -6.378078460693359 2.5784428119659424 1.4815467596054077
v -6.371639728546143 2.5887410640716553 1.4595624208450317
v -6.367654323577881 2.5974793434143066 1.4363549947738647
v -6.366185188293457 2.604519844055176 1.4122905731201172
v -6.367255210876465 2.6097512245178223 1.3877484798431396
v -6.370847225189209 2.613090991973877 1.363115906715393
v -6.37690544128418 2.6144866943359375 1.3387813568115234
v -6.385334014892578 2.6139163970947266 1.3151284456253052
v -6.395999908447266 2.611388921737671 1.2925302982330322
v -6.4087347984313965 2.6069440841674805 1.2713432312011719
v -6.423337936401367 2.600651979446411 1.251901388168335
v -6.439579010009766 2.5926120281219482 1.2345114946365356
v -6.4572014808654785 2.5829508304595947 1.2194476127624512
v -6.47592830657959 2.5718207359313965 1.2069474458694458
v -6.495463848114014 2.5593974590301514 1.1972081661224365
v -6.515499591827393 2.5458767414093018 1.1903831958770752
v -6.535720348358154 2.5314719676971436 1.1865803003311157
v -6.5558061599731445 2.5164103507995605 1.1858594417572021
v -6.575440883636475 2.500929117202759 1.1882319450378418
v -6.594315052032471 2.4852726459503174 1.1936604976654053
v -6.612130641937256 2.4696879386901855 1.202059268951416
v -6.628606796264648 2.454420328140259 1.2132960557937622
v -6.643484115600586 2.439711093902588 1.2271934747695923
v -6.656527042388916 2.4257922172546387 1.243532419204712
v -6.667530536651611 2.4128828048706055 1.2620552778244019
v -6.676321029663086 2.40118670463562 1.2824697494506836
v -6.682759761810303 2.390888214111328 1.3044540882110596
v -6.6867451667785645 2.3821499347686768 1.3276615142822266
v -6.688214302062988 2.3751096725463867 1.3517259359359741
v -6.6871442794799805 2.3698782920837402 1.3762680292129517
v 3.968596935272217 -2.053762197494507 2.0065364837646484
v 3.8851449489593506 -2.5554287433624268 1.8294309377670288
v 3.895139455795288 -2.5486843585968018 1.8073980808258057
v 3.9025769233703613 -2.540132522583008 1.7849843502044678
v 3.9073405265808105 -2.5299081802368164 1.7625434398651123
v 3.9093546867370605 -2.5181727409362793 1.7404290437698364
v 3.908588171005249 -2.5051112174987793 1.7189899682998657
v 3.905052661895752 -2.49092960357666 1.6985644102096558
v 3.898803949356079 -2.475851535797119 1.6794743537902832
v 3.8899407386779785 -2.4601147174835205 1.6620210409164429
v 3.8786025047302246 -2.443967342376709 1.646479606628418
v 3.8649685382843018 -2.427664279937744 1.633095145225525
v 3.8492534160614014 -2.4114623069763184 1.6220786571502686
v 3.831705331802368 -2.3956172466278076 1.6136040687561035
v 3.81260085105896 -2.3803787231445312 1.6078048944473267
v 3.792241096496582 -2.3659873008728027 1.604772686958313
v 3.7709474563598633 -2.3526699542999268 1.6045552492141724
v 3.7490556240081787 -2.3406362533569336 1.6071559190750122
v 3.7269105911254883 -2.3300764560699463 1.612533688545227
v 3.704862117767334 -2.3211569786071777 1.6206037998199463
v 3.683257579803467 -2.314018487930298 1.6312390565872192
v 3.662437677383423 -2.3087735176086426 1.6442716121673584
v 3.642730951309204 -2.30550479888916 1.6594959497451782
v 3.62444806098938 -2.3042635917663574 1.6766719818115234
v 3.607877254486084 -2.305070161819458 1.6955289840698242
v 3.5932798385620117 -2.3079111576080322 1.7157692909240723
v 3.5808863639831543 -2.312741994857788 1.7370738983154297
v 3.570892095565796 -2.319486618041992 1.7591067552566528
v 3.5634543895721436 -2.328038215637207 1.7815204858779907
v 3.5586910247802734 -2.3382625579833984 1.8039613962173462
v 3.5566766262054443 -2.3499979972839355 1.826075792312622
v 3.557443380355835 -2.3630595207214355 1.8475148677825928
v 3.560978889465332 -2.3772411346435547 1.8679404258728027
v 3.567227602005005 -2.392319440841675 1.8870304822921753
v 3.5760908126831055 -2.4080560207366943 1.9044837951660156
v 3.5874288082122803 -2.424203395843506 1.9200252294540405
v 3.6010630130767822 -2.4405064582824707 1.9334096908569336
v 3.6167778968811035 -2.4567084312438965 1.94442617893219
v 3.6343259811401367 -2.4725534915924072 1.952900767326355
v 3.653430700302124 -2.4877920150756836 1.9586999416351318
v 3.673790216445923 -2.502183437347412 1.9617321491241455
v 3.6950840950012207 -2.515501022338867 1.9619495868682861
v 3.7169759273529053 -2.5275344848632812 1.9593489170074463
v 3.7391207218170166 -2.5380942821502686 1.9539711475372314
v 3.761169195175171 -2.547013759613037 1.9459010362625122
v 3.782773733139038 -2.554152250289917 1.9352657794952393
v 3.803593635559082 -2.5593972206115723 1.9222332239151
v 3.82330060005188 -2.562666177749634 1.9070088863372803
v 3.841583490371704 -2.5639071464538574 1.889832854270935
v 3.858154296875 -2.563100576400757 1.8709758520126343
v 3.872751474380493 -2.5602595806121826 1.8507355451583862
v 0.8533622622489929 4.871514320373535 3.1194026470184326
v 0.6266587972640991 0.33875226974487305 -4.448709011077881
v 0.8408466577529907 4.870838165283203 3.120182752609253
v 0.6141432523727417 0.3380756378173828 -4.4479289054870605
v 0.8285527229309082 4.868819236755371 3.121760129928589
v 0.6018493175506592 0.3360567092895508 -4.446351051330566
v 0.8166742920875549 4.8654890060424805 3.124110221862793
v 0.5899708271026611 0.33272695541381836 -4.444001197814941
v 0.80539870262146 4.860901832580566 3.1271955966949463
v 0.5786952972412109 0.3281393051147461 -4.440915584564209
v 0.7949038147926331 4.855128288269043 3.130967855453491
v 0.5682003498077393 0.32236576080322266 -4.437143325805664
v 0.7853550314903259 4.848259925842285 3.1353673934936523
v 0.5586516261100769 0.31549763679504395 -4.432744026184082
v 0.7769030928611755 4.840405464172363 3.1403250694274902
v 0.5501996278762817 0.30764317512512207 -4.427786350250244
v 0.7696811556816101 4.831688404083252 3.1457622051239014
v 0.5429777503013611 0.29892611503601074 -4.422348976135254
v 0.763803243637085 4.822246551513672 3.1515934467315674
v 0.5370997786521912 0.28948402404785156 -4.416517734527588
v 0.7593619227409363 4.812228202819824 3.157726526260376
v 0.5326585173606873 0.279465913772583 -4.410384654998779
v 0.7564273476600647 4.801792144775391 3.16406512260437
v 0.5297238826751709 0.2690296173095703 -4.404046058654785
v 0.7550457119941711 4.791101932525635 3.170509099960327
v 0.5283422470092773 0.25833964347839355 -4.397602558135986
v 0.7552388310432434 4.780326843261719 3.1769566535949707
v 0.5285354256629944 0.24756479263305664 -4.391154766082764
v 0.7570037245750427 4.769637107849121 3.1833062171936035
v 0.5303002595901489 0.23687481880187988 -4.384805202484131
v 0.7603124380111694 4.7592010498046875 3.189457654953003
v 0.5336090326309204 0.2264385223388672 -4.378653526306152
v 0.7651128768920898 4.74918270111084 3.1953141689300537
v 0.5384094715118408 0.21642041206359863 -4.372797012329102
v 0.7713293433189392 4.739740371704102 3.2007830142974854
v 0.5446258783340454 0.20697832107543945 -4.36732816696167
v 0.7788637280464172 4.731023788452148 3.2057783603668213
v 0.5521603226661682 0.19826126098632812 -4.362333297729492
v 0.7875972986221313 4.723169326782227 3.2102210521698
v 0.5608938932418823 0.19040679931640625 -4.357890605926514
v 0.7973922491073608 4.716300964355469 3.214040994644165
v 0.5706888437271118 0.18353867530822754 -4.35407018661499
v 0.8080941438674927 4.710527420043945 3.2171783447265625
v 0.5813907384872437 0.1777651309967041 -4.350933074951172
v 0.819534182548523 4.705939769744873 3.219583511352539
v 0.5928307771682739 0.17317748069763184 -4.348527908325195
v 0.8315320014953613 4.702610015869141 3.2212181091308594
v 0.6048285961151123 0.16984772682189941 -4.346893310546875
v 0.8438982963562012 4.700591087341309 3.2220571041107178
v 0.6171948909759521 0.16782879829406738 -4.346054553985596
v 0.856438159942627 4.699914455413818 3.2220866680145264
v 0.6297346949577332 0.16715216636657715 -4.346024990081787
v 0.8689537048339844 4.700591087341309 3.221306562423706
v 0.6422502994537354 0.16782879829406738 -4.346805095672607
v 0.8812476396560669 4.702610015869141 3.219728946685791
v 0.6545442342758179 0.16984772682189941 -4.348382472991943
v 0.8931261301040649 4.705939769744873 3.217378854751587
v 0.6664226651191711 0.17317748069763184 -4.350732326507568
v 0.9044016599655151 4.710527420043945 3.2142934799194336
v 0.6776982545852661 0.1777651309967041 -4.353817939758301
v 0.9148966073989868 4.716300964355469 3.2105212211608887
v 0.688193142414093 0.18353867530822754 -4.357590198516846
v 0.9244453310966492 4.723169326782227 3.2061216831207275
v 0.6977419257164001 0.19040679931640625 -4.361989498138428
v 0.9328973293304443 4.731023788452148 3.2011642456054688
v 0.7061938643455505 0.19826126098632812 -4.366947174072266
v 0.940119206905365 4.739740371704102 3.1957268714904785
v 0.713415801525116 0.20697832107543945 -4.372384548187256
v 0.9459971785545349 4.74918270111084 3.1898956298828125
v 0.7192937135696411 0.21642041206359863 -4.378215789794922
v 0.9504384398460388 4.7592010498046875 3.183762550354004
v 0.7237350344657898 0.2264385223388672 -4.3843488693237305
v 0.9533730745315552 4.769637107849121 3.1774239540100098
v 0.7266696095466614 0.23687481880187988 -4.390687465667725
v 0.9547547101974487 4.780326843261719 3.170980215072632
v 0.7280512452125549 0.24756479263305664 -4.397131443023682
v 0.9545615315437317 4.791101932525635 3.164532423019409
v 0.7278581261634827 0.25833964347839355 -4.403578758239746
v 0.9527966976165771 4.801792144775391 3.1581828594207764
v 0.7260932326316833 0.2690296173095703 -4.409928321838379
v 0.9494879245758057 4.812228202819824 3.152031421661377
v 0.7227845191955566 0.279465913772583 -4.416079998016357
v 0.9446874856948853 4.822246551513672 3.146174907684326
v 0.7179840803146362 0.28948402404785156 -4.421936511993408
v 0.9384710788726807 4.831688404083252 3.1407060623168945
v 0.7117676138877869 0.29892611503601074 -4.42740535736084
v 0.9309366345405579 4.840405464172363 3.1357109546661377
v 0.7042332291603088 0.30764317512512207 -4.432400703430176
v 0.9222030639648438 4.848259925842285 3.131268262863159
v 0.6954996585845947 0.31549763679504395 -4.436843395233154
v 0.9124081134796143 4.855128288269043 3.127448081970215
v 0.6857047080993652 0.32236576080322266 -4.4406633377075195
v 0.9017062187194824 4.860901832580566 3.1243107318878174
v 0.6750028133392334 0.3281393051147461 -4.443800449371338
v 0.8902661800384521 4.8654890060424805 3.12190580368042
v 0.6635627746582031 0.33272695541381836 -4.4462056159973145
v 0.8782683610916138 4.868819236755371 3.1202709674835205
v 0.6515649557113647 0.3360567092895508 -4.447840213775635
v 0.8659020662307739 4.870838165283203 3.119432210922241
v 0.6391986608505249 0.3380756378173828 -4.448679447174072
v 0.948529064655304 4.396805286407471 3.685530424118042
v 1.460157871246338 -6.255120754241943 2.1591272354125977
v 0.9363977313041687 4.3966875076293945 3.682286500930786
v 1.4480266571044922 -6.2552385330200195 2.155883312225342
v 0.9239621162414551 4.396336078643799 3.680572032928467
v 1.4355909824371338 -6.255590438842773 2.1541690826416016
v 0.9114184379577637 4.395756244659424 3.6804146766662598
v 1.4230473041534424 -6.256170272827148 2.1540114879608154
v 0.8989644050598145 4.394957065582275 3.6818161010742188
v 1.4105932712554932 -6.256968975067139 2.1554131507873535
v 0.8867964744567871 4.393951416015625 3.6847548484802246
v 1.3984253406524658 -6.257974624633789 2.1583518981933594
v 0.8751064538955688 4.392755031585693 3.6891841888427734
v 1.3867353200912476 -6.259171009063721 2.162781238555908
v 0.8640788793563843 4.391386985778809 3.6950345039367676
v 1.375707745552063 -6.2605390548706055 2.1686315536499023
v 0.8538874983787537 4.389869213104248 3.7022135257720947
v 1.3655164241790771 -6.262057304382324 2.1758103370666504
v 0.844693124294281 4.3882246017456055 3.7106080055236816
v 1.3563220500946045 -6.263701915740967 2.1842048168182373
v 0.8366407155990601 4.386479377746582 3.7200851440429688
v 1.3482695817947388 -6.265446662902832 2.1936821937561035
v 0.8298572897911072 4.38466215133667 3.7304961681365967
v 1.3414862155914307 -6.267264366149902 2.2040929794311523
v 0.8244497776031494 4.382800102233887 3.7416763305664062
v 1.3360786437988281 -6.269125938415527 2.215273380279541
v 0.8205035924911499 4.380923271179199 3.7534496784210205
v 1.3321324586868286 -6.271002769470215 2.2270467281341553
v 0.8180807828903198 4.379061698913574 3.7656304836273193
v 1.3297096490859985 -6.272864818572998 2.239227294921875
v 0.817219614982605 4.377243995666504 3.778026580810547
v 1.3288484811782837 -6.27468204498291 2.2516233921051025
v 0.8179337978363037 4.375499248504639 3.7904422283172607
v 1.3295626640319824 -6.276427268981934 2.2640390396118164
v 0.8202118873596191 4.373854637145996 3.8026819229125977
v 1.3318407535552979 -6.278071880340576 2.2762789726257324
v 0.824018120765686 4.372336387634277 3.8145527839660645
v 1.3356469869613647 -6.279589653015137 2.28814959526062
v 0.8292922973632812 4.370968341827393 3.825867176055908
v 1.34092116355896 -6.2809576988220215 2.299463987350464
v 0.8359514474868774 4.369771957397461 3.83644700050354
v 1.3475803136825562 -6.282154083251953 2.3100438117980957
v 0.8438903093338013 4.3687663078308105 3.8461251258850098
v 1.35551917552948 -6.2831597328186035 2.3197221755981445
v 0.8529838919639587 4.36796760559082 3.8547492027282715
v 1.3646128177642822 -6.283958911895752 2.3283462524414062
v 0.8630887269973755 4.367387771606445 3.862183094024658
v 1.3747175931930542 -6.284538745880127 2.335780143737793
v 0.8740453720092773 4.367035865783691 3.868309497833252
v 1.385674238204956 -6.284890174865723 2.3419065475463867
v 0.88568115234375 4.366918087005615 3.8730320930480957
v 1.3973100185394287 -6.285007953643799 2.3466289043426514
v 0.8978124260902405 4.367035865783691 3.8762760162353516
v 1.4094412326812744 -6.284890174865723 2.3498728275299072
v 0.9102480411529541 4.367387771606445 3.877990245819092
v 1.4218769073486328 -6.284538745880127 2.3515872955322266
v 0.9227917194366455 4.36796760559082 3.878147840499878
v 1.4344205856323242 -6.283958911895752 2.3517446517944336
v 0.9352457523345947 4.3687663078308105 3.87674617767334
v 1.4468746185302734 -6.2831597328186035 2.3503432273864746
v 0.9474136829376221 4.369771957397461 3.873807430267334
v 1.4590425491333008 -6.282154083251953 2.3474044799804688
v 0.9591037034988403 4.370968341827393 3.869378089904785
v 1.470732569694519 -6.2809576988220215 2.34297513961792
v 0.9701312780380249 4.372336387634277 3.863527774810791
v 1.4817601442337036 -6.279589653015137 2.337124824523926
v 0.9803226590156555 4.373854637145996 3.856348991394043
v 1.4919514656066895 -6.278071880340576 2.3299458026885986
v 0.9895170331001282 4.375499248504639 3.847954511642456
v 1.501145839691162 -6.276427268981934 2.3215513229370117
v 0.9975694417953491 4.377243995666504 3.83847713470459
v 1.5091983079910278 -6.27468204498291 2.3120741844177246
v 1.0043528079986572 4.379061698913574 3.828066349029541
v 1.515981674194336 -6.272864818572998 2.3016631603240967
v 1.0097603797912598 4.380923271179199 3.8168859481811523
v 1.5213892459869385 -6.271002769470215 2.290482997894287
v 1.0137065649032593 4.382800102233887 3.805112600326538
v 1.525335431098938 -6.269125938415527 2.278709650039673
v 1.0161293745040894 4.38466215133667 3.7929320335388184
v 1.527758240699768 -6.267264366149902 2.266528844833374
v 1.0169905424118042 4.386479377746582 3.780535936355591
v 1.528619408607483 -6.265446662902832 2.2541327476501465
v 1.0162763595581055 4.3882246017456055 3.768120288848877
v 1.5279052257537842 -6.263701915740967 2.2417171001434326
v 1.01399827003479 4.389869213104248 3.755880355834961
v 1.5256271362304688 -6.262057304382324 2.2294774055480957
v 1.0101920366287231 4.391386985778809 3.7440097332000732
v 1.5218209028244019 -6.2605390548706055 2.217606544494629
v 1.004917860031128 4.392755031585693 3.7326953411102295
v 1.5165467262268066 -6.259171009063721 2.206292152404785
v 0.9982587695121765 4.393951416015625 3.7221155166625977
v 1.5098875761032104 -6.257974624633789 2.1957123279571533
v 0.9903198480606079 4.394957065582275 3.712437152862549
v 1.5019487142562866 -6.256968975067139 2.1860342025756836
v 0.9812262654304504 4.395756244659424 3.703813076019287
v 1.4928550720214844 -6.256170272827148 2.177410125732422
v 0.9711214303970337 4.396336078643799 3.6963791847229004
v 1.4827502965927124 -6.255590438842773 2.169976234436035
v 0.9601647853851318 4.3966875076293945 3.6902527809143066
v 1.4717936515808105 -6.2552385330200195 2.1638498306274414
v 0.6905511617660522 4.692440986633301 3.253910779953003
v -2.226040840148926 -5.821930885314941 -6.862639427185059
v 0.6786627769470215 4.691883087158203 3.257918119430542
v -2.237929344177246 -5.822488784790039 -6.8586320877075195
v 0.6672704219818115 4.690217971801758 3.2629330158233643
v -2.249321460723877 -5.824153900146484 -6.853616714477539
v 0.6565539836883545 4.687472343444824 3.268876314163208
v -2.260037899017334 -5.826900005340576 -6.847673416137695
v 0.6466825008392334 4.683688640594482 3.2756545543670654
v -2.269909620285034 -5.83068323135376 -6.84089469909668
v 0.6378114223480225 4.678927421569824 3.283160448074341
v -2.278780460357666 -5.835444450378418 -6.8333892822265625
v 0.6300808191299438 4.6732635498046875 3.291276216506958
v -2.286511182785034 -5.841108798980713 -6.825273513793945
v 0.623612642288208 4.666785717010498 3.299873113632202
v -2.2929794788360596 -5.847586154937744 -6.816676139831543
v 0.6185088157653809 4.659596920013428 3.3088161945343018
v -2.2980833053588867 -5.8547749519348145 -6.807733535766602
v 0.6148498058319092 4.651810169219971 3.3179638385772705
v -2.3017423152923584 -5.8625617027282715 -6.798585891723633
v 0.6126933097839355 4.643548488616943 3.3271725177764893
v -2.303898811340332 -5.870823860168457 -6.789377212524414
v 0.612073540687561 4.634941577911377 3.336296319961548
v -2.304518699645996 -5.879430770874023 -6.7802534103393555
v 0.6130000352859497 4.626125812530518 3.345191717147827
v -2.3035922050476074 -5.888246536254883 -6.771357536315918
v 0.6154582500457764 4.617239952087402 3.3537185192108154
v -2.301133871078491 -5.897132396697998 -6.76283073425293
v 0.619409441947937 4.608424186706543 3.361741781234741
v -2.297182559967041 -5.905948162078857 -6.754807472229004
v 0.6247912645339966 4.599817276000977 3.369135618209839
v -2.2918009757995605 -5.914555072784424 -6.747414588928223
v 0.6315188407897949 4.591555118560791 3.3757827281951904
v -2.2850732803344727 -5.922816753387451 -6.740766525268555
v 0.6394861936569214 4.583768367767334 3.3815786838531494
v -2.2771058082580566 -5.930603504180908 -6.734971046447754
v 0.6485675573348999 4.576579570770264 3.386432409286499
v -2.268024444580078 -5.9377923011779785 -6.7301177978515625
v 0.6586196422576904 4.570102214813232 3.3902666568756104
v -2.257972240447998 -5.944270133972168 -6.726283073425293
v 0.6694841384887695 4.5644378662109375 3.3930208683013916
v -2.247107982635498 -5.949934005737305 -6.723528861999512
v 0.6809895038604736 4.559676647186279 3.3946526050567627
v -2.235602378845215 -5.954695224761963 -6.721897125244141
v 0.692954421043396 4.555893421173096 3.3951351642608643
v -2.223637580871582 -5.958478927612305 -6.721414566040039
v 0.7051900625228882 4.553147315979004 3.3944618701934814
v -2.21140193939209 -5.961224555969238 -6.722087860107422
v 0.7175036668777466 4.551482200622559 3.3926422595977783
v -2.1990885734558105 -5.962889671325684 -6.723907470703125
v 0.7297008037567139 4.550924301147461 3.3897058963775635
v -2.1868910789489746 -5.963447570800781 -6.72684383392334
v 0.7415893077850342 4.551482200622559 3.3856985569000244
v -2.1750028133392334 -5.962889671325684 -6.730851173400879
v 0.7529815435409546 4.553147315979004 3.380683660507202
v -2.1636104583740234 -5.961224555969238 -6.735866546630859
v 0.7636979818344116 4.555893421173096 3.3747398853302
v -2.1528940200805664 -5.958478927612305 -6.741809844970703
v 0.7735695838928223 4.559676647186279 3.3679616451263428
v -2.1430225372314453 -5.954695224761963 -6.748587608337402
v 0.7824405431747437 4.5644378662109375 3.3604557514190674
v -2.1341514587402344 -5.949934005737305 -6.756093978881836
v 0.7901711463928223 4.570102214813232 3.3523404598236084
v -2.1264209747314453 -5.944270133972168 -6.764209747314453
v 0.7966394424438477 4.576579570770264 3.343743085861206
v -2.11995267868042 -5.9377923011779785 -6.772806167602539
v 0.8017432689666748 4.583768367767334 3.3348000049591064
v -2.1148488521575928 -5.930603504180908 -6.781749725341797
v 0.8054022789001465 4.591555118560791 3.3256523609161377
v -2.111189842224121 -5.922816753387451 -6.790897369384766
v 0.8075586557388306 4.599817276000977 3.316443681716919
v -2.1090333461761475 -5.914555072784424 -6.800106048583984
v 0.8081785440444946 4.608424186706543 3.3073198795318604
v -2.1084136962890625 -5.905948162078857 -6.809229850769043
v 0.807252049446106 4.617239952087402 3.298424482345581
v -2.109340190887451 -5.897132396697998 -6.818124771118164
v 0.8047938346862793 4.626125812530518 3.2898976802825928
v -2.1117982864379883 -5.888246536254883 -6.826651573181152
v 0.8008426427841187 4.634941577911377 3.281874418258667
v -2.1157493591308594 -5.879430770874023 -6.834674835205078
v 0.7954608201980591 4.643548488616943 3.2744810581207275
v -2.121131420135498 -5.870823860168457 -6.842068672180176
v 0.7887331247329712 4.651810169219971 3.2678334712982178
v -2.127858877182007 -5.8625617027282715 -6.848715782165527
v 0.7807658910751343 4.659596920013428 3.262037515640259
v -2.1358261108398438 -5.8547749519348145 -6.8545122146606445
v 0.7716845273971558 4.666785717010498 3.2571842670440674
v -2.1449074745178223 -5.847586154937744 -6.859365463256836
v 0.7616323232650757 4.6732635498046875 3.253350019454956
v -2.1549596786499023 -5.841108798980713 -6.8632001876831055
v 0.7507679462432861 4.678927421569824 3.2505953311920166
v -2.1658241748809814 -5.835444450378418 -6.865954399108887
v 0.7392624616622925 4.683688640594482 3.2489635944366455
v -2.1773295402526855 -5.83068323135376 -6.867586135864258
v 0.7272976636886597 4.687472343444824 3.248481035232544
v -2.1892943382263184 -5.826900005340576 -6.868068695068359
v 0.7150619029998779 4.690217971801758 3.249154806137085
v -2.2015299797058105 -5.824153900146484 -6.867395401000977
v 0.7027484178543091 4.691883087158203 3.25097393989563
v -2.213843822479248 -5.822488784790039 -6.865575790405273
v 0.05825519561767578 5.1345415115356445 3.665444850921631
v -6.403084754943848 3.632713794708252 1.8160278797149658
v 0.05497169494628906 5.133771896362305 3.677541732788086
v -6.406368255615234 3.631944179534912 1.828124761581421
v 0.05207061767578125 5.131475448608398 3.689542293548584
v -6.409269332885742 3.629647731781006 1.840125322341919
v 0.04959750175476074 5.127688407897949 3.7012574672698975
v -6.411742210388184 3.6258604526519775 1.8518404960632324
v 0.0475916862487793 5.122469902038574 3.7125024795532227
v -6.413747787475586 3.6206421852111816 1.8630857467651367
v 0.04608488082885742 5.115902900695801 3.723100185394287
v -6.415254592895508 3.614075183868408 1.873683214187622
v 0.04510045051574707 5.108090877532959 3.7328832149505615
v -6.416239261627197 3.6062629222869873 1.8834662437438965
v 0.044654130935668945 5.099156856536865 3.741697311401367
v -6.416685581207275 3.5973289012908936 1.8922803401947021
v 0.044753074645996094 5.0892415046691895 3.749403476715088
v -6.416586875915527 3.587413787841797 1.8999865055084229
v 0.045395612716674805 5.0785017013549805 3.755880355834961
v -6.4159440994262695 3.576673746109009 1.906463384628296
v 0.04657149314880371 5.067106246948242 3.7610254287719727
v -6.414768218994141 3.5652785301208496 1.9116084575653076
v 0.04826235771179199 5.055235862731934 3.7647578716278076
v -6.413077354431152 3.553407669067383 1.9153409004211426
v 0.05044150352478027 5.043076515197754 3.7670187950134277
v -6.410898208618164 3.5412485599517822 1.9176018238067627
v 0.05307435989379883 5.030820369720459 3.7677724361419678
v -6.408265113830566 3.5289926528930664 1.9183554649353027
v 0.056119680404663086 5.0186614990234375 3.7670068740844727
v -6.405220031738281 3.516833543777466 1.9175899028778076
v 0.05952930450439453 5.006790637969971 3.7647342681884766
v -6.401810646057129 3.504962682723999 1.915317416191101
v 0.06324958801269531 4.995395183563232 3.760990619659424
v -6.398090362548828 3.49356746673584 1.9115736484527588
v 0.06722164154052734 4.984655380249023 3.7558345794677734
v -6.394118309020996 3.482827663421631 1.9064176082611084
v 0.07138299942016602 4.974740505218506 3.749347686767578
v -6.389956951141357 3.472912549972534 1.8999309539794922
v 0.0756678581237793 4.965806007385254 3.7416324615478516
v -6.385671615600586 3.4639782905578613 1.8922154903411865
v 0.08000874519348145 4.957993984222412 3.7328102588653564
v -6.381330966949463 3.4561662673950195 1.8833932876586914
v 0.08433747291564941 4.951426982879639 3.723020315170288
v -6.377002716064453 3.449599266052246 1.873603343963623
v 0.08858513832092285 4.946208953857422 3.712416887283325
v -6.3727545738220215 3.44438099861145 1.8629999160766602
v 0.09268546104431152 4.9424214363098145 3.701167345046997
v -6.368654251098633 3.440593719482422 1.851750373840332
v 0.0965733528137207 4.940124988555908 3.6894493103027344
v -6.3647661209106445 3.4382972717285156 1.8400322198867798
v 0.10018754005432129 4.939355373382568 3.6774470806121826
v -6.361152172088623 3.437527656555176 1.8280301094055176
v 0.10347104072570801 4.940124988555908 3.6653501987457275
v -6.357868671417236 3.4382972717285156 1.815933346748352
v 0.10637211799621582 4.9424214363098145 3.6533496379852295
v -6.3549675941467285 3.440593719482422 1.8039326667785645
v 0.10884523391723633 4.946208953857422 3.641634464263916
v -6.352494239807129 3.44438099861145 1.792217493057251
v 0.11085104942321777 4.951426982879639 3.6303892135620117
v -6.350488662719727 3.449599266052246 1.7809723615646362
v 0.11235785484313965 4.957993984222412 3.6197917461395264
v -6.348981857299805 3.4561662673950195 1.7703747749328613
v 0.11334228515625 4.965806007385254 3.610008716583252
v -6.347997665405273 3.4639782905578613 1.760591745376587
v 0.11378860473632812 4.974740505218506 3.6011946201324463
v -6.347551345825195 3.472912549972534 1.7517776489257812
v 0.11368966102600098 4.984655380249023 3.5934884548187256
v -6.347650051116943 3.482827663421631 1.7440714836120605
v 0.11304712295532227 4.995395183563232 3.5870115756988525
v -6.348292350769043 3.49356746673584 1.737594723701477
v 0.11187124252319336 5.006790637969971 3.581866502761841
v -6.349468231201172 3.504962682723999 1.7324495315551758
v 0.11018037796020508 5.0186614990234375 3.578134059906006
v -6.35115909576416 3.516833543777466 1.7287170886993408
v 0.1080012321472168 5.030820369720459 3.5758731365203857
v -6.353338241577148 3.5289926528930664 1.7264561653137207
v 0.10536837577819824 5.043076515197754 3.5751194953918457
v -6.355971336364746 3.5412485599517822 1.7257025241851807
v 0.10232305526733398 5.055235862731934 3.575885057449341
v -6.359016418457031 3.553407669067383 1.7264680862426758
v 0.09891343116760254 5.067106246948242 3.578157424926758
v -6.362426280975342 3.5652785301208496 1.7287405729293823
v 0.09519314765930176 5.0785017013549805 3.5819013118743896
v -6.366146564483643 3.576673746109009 1.7324843406677246
v 0.09122109413146973 5.0892415046691895 3.58705735206604
v -6.370118618011475 3.587413787841797 1.737640380859375
v 0.08705997467041016 5.099156856536865 3.5935440063476562
v -6.374279975891113 3.5973289012908936 1.7441271543502808
v 0.08277487754821777 5.108090877532959 3.601259469985962
v -6.378564834594727 3.6062629222869873 1.7518424987792969
v 0.07843399047851562 5.115902900695801 3.610081672668457
v -6.382905960083008 3.614075183868408 1.760664701461792
v 0.07410550117492676 5.122469902038574 3.6198716163635254
v -6.387234687805176 3.6206421852111816 1.7704546451568604
v 0.06985759735107422 5.127688407897949 3.6304750442504883
v -6.391482353210449 3.6258604526519775 1.7810580730438232
v 0.06575727462768555 5.131475448608398 3.6417245864868164
v -6.39558219909668 3.629647731781006 1.7923076152801514
v 0.06186938285827637 5.133771896362305 3.653442859649658
v -6.399470329284668 3.631944179534912 1.8040257692337036
v 1.324364185333252 4.525429725646973 3.6841325759887695
v 3.961604356765747 -0.8042068481445312 2.4139962196350098
v 1.318303108215332 4.525050163269043 3.673140525817871
v 3.955543279647827 -0.8045864105224609 2.4030041694641113
v 1.3110922574996948 4.523917198181152 3.662921667098999
v 3.9483323097229004 -0.8057193756103516 2.3927853107452393
v 1.3028453588485718 4.5220489501953125 3.653637170791626
v 3.9400854110717773 -0.8075873851776123 2.383500814437866
v 1.2936923503875732 4.519474983215332 3.645433187484741
v 3.9309325218200684 -0.8101613521575928 2.3752968311309814
v 1.2837777137756348 4.5162353515625 3.638439416885376
v 3.92101788520813 -0.8134007453918457 2.368303060531616
v 1.2732577323913574 4.5123820304870605 3.6327662467956543
v 3.9104979038238525 -0.8172543048858643 2.3626298904418945
v 1.262298345565796 4.507975101470947 3.628502607345581
v 3.899538516998291 -0.8216612339019775 2.3583662509918213
v 1.2510724067687988 4.503084182739258 3.625716209411621
v 3.888312578201294 -0.8265519142150879 2.3555798530578613
v 1.2397569417953491 4.497786521911621 3.624451160430908
v 3.8769969940185547 -0.8318495750427246 2.3543148040771484
v 1.2285304069519043 4.492165565490723 3.6247267723083496
v 3.8657705783843994 -0.837470531463623 2.35459041595459
v 1.2175698280334473 4.486310005187988 3.6265392303466797
v 3.8548099994659424 -0.8433260917663574 2.35640287399292
v 1.2070480585098267 4.480312347412109 3.629859685897827
v 3.8442883491516113 -0.8493237495422363 2.3597233295440674
v 1.1971310377120972 4.47426700592041 3.6346359252929688
v 3.8343710899353027 -0.8553693294525146 2.364499568939209
v 1.1879751682281494 4.468269348144531 3.6407923698425293
v 3.8252153396606445 -0.8613669872283936 2.3706560134887695
v 1.179724931716919 4.462413787841797 3.6482322216033936
v 3.816965103149414 -0.8672225475311279 2.378095865249634
v 1.1725102663040161 4.456792831420898 3.6568379402160645
v 3.809750556945801 -0.8728432655334473 2.3867015838623047
v 1.166445016860962 4.451495170593262 3.6664741039276123
v 3.803685188293457 -0.878140926361084 2.3963377475738525
v 1.1616249084472656 4.4466047286987305 3.6769886016845703
v 3.79886531829834 -0.8830318450927734 2.4068522453308105
v 1.1581259965896606 4.442197799682617 3.6882152557373047
v 3.7953662872314453 -0.8874387741088867 2.418078899383545
v 1.1560032367706299 4.4383440017700195 3.6999776363372803
v 3.793243408203125 -0.8912923336029053 2.4298412799835205
v 1.1552903652191162 4.4351043701171875 3.712089776992798
v 3.7925305366516113 -0.8945314884185791 2.441953420639038
v 1.1559983491897583 4.432530403137207 3.724360942840576
v 3.793238639831543 -0.8971056938171387 2.4542245864868164
v 1.158116340637207 4.430662631988525 3.7365972995758057
v 3.795356512069702 -0.8989737033843994 2.466460943222046
v 1.161610722541809 4.429529666900635 3.7486062049865723
v 3.7988510131835938 -0.90010666847229 2.4784698486328125
v 1.166426420211792 4.429150104522705 3.7601981163024902
v 3.803666591644287 -0.9004862308502197 2.4900617599487305
v 1.172487497329712 4.429529666900635 3.7711901664733887
v 3.809727668762207 -0.90010666847229 2.501053810119629
v 1.1796983480453491 4.430662631988525 3.7814090251922607
v 3.8169384002685547 -0.8989737033843994 2.511272668838501
v 1.1879452466964722 4.432530403137207 3.790693521499634
v 3.8251852989196777 -0.8971056938171387 2.520557165145874
v 1.1970982551574707 4.4351043701171875 3.7988975048065186
v 3.834338426589966 -0.8945314884185791 2.528761148452759
v 1.2070128917694092 4.4383440017700195 3.805891275405884
v 3.8442530632019043 -0.8912923336029053 2.535754919052124
v 1.2175328731536865 4.442197799682617 3.8115644454956055
v 3.8547730445861816 -0.8874387741088867 2.5414280891418457
v 1.228492259979248 4.4466047286987305 3.8158280849456787
v 3.865732431411743 -0.8830318450927734 2.545691728591919
v 1.2397181987762451 4.451495170593262 3.8186144828796387
v 3.8769583702087402 -0.878140926361084 2.548478126525879
v 1.2510336637496948 4.456792831420898 3.8198795318603516
v 3.8882737159729004 -0.8728432655334473 2.549743175506592
v 1.2622601985931396 4.462413787841797 3.81960391998291
v 3.8995003700256348 -0.8672225475311279 2.5494675636291504
v 1.2732207775115967 4.468269348144531 3.81779146194458
v 3.910460948944092 -0.8613669872283936 2.5476551055908203
v 1.2837425470352173 4.47426700592041 3.8144710063934326
v 3.920982837677002 -0.8553693294525146 2.544334650039673
v 1.2936595678329468 4.480312347412109 3.809694766998291
v 3.9308996200561523 -0.8493237495422363 2.5395584106445312
v 1.3028154373168945 4.486310005187988 3.8035383224487305
v 3.9400556087493896 -0.8433260917663574 2.5334019660949707
v 1.311065673828125 4.492165565490723 3.796098470687866
v 3.94830584526062 -0.837470531463623 2.5259621143341064
v 1.3182803392410278 4.497786521911621 3.7874927520751953
v 3.9555206298828125 -0.8318495750427246 2.5173563957214355
v 1.3243454694747925 4.503084182739258 3.7778565883636475
v 3.961585760116577 -0.8265519142150879 2.5077202320098877
v 1.3291655778884888 4.507975101470947 3.7673420906066895
v 3.9664058685302734 -0.8216612339019775 2.4972057342529297
v 1.3326646089553833 4.5123820304870605 3.756115436553955
v 3.969904899597168 -0.8172543048858643 2.4859790802001953
v 1.3347872495651245 4.5162353515625 3.7443530559539795
v 3.972027540206909 -0.8134007453918457 2.4742166996002197
v 1.3355002403259277 4.519474983215332 3.732240915298462
v 3.972740411758423 -0.8101613521575928 2.462104558944702
v 1.334792137145996 4.5220489501953125 3.7199697494506836
v 3.9720325469970703 -0.8075873851776123 2.449833393096924
v 1.332674264907837 4.523917198181152 3.707733392715454
v 3.969914436340332 -0.8057193756103516 2.4375970363616943
v 1.3291798830032349 4.525050163269043 3.6957244873046875
v 3.9664201736450195 -0.8045864105224609 2.4255881309509277
v 0.8704228401184082 4.468555927276611 3.4943723678588867
v 0.8038922548294067 -6.341126441955566 -0.7768467664718628
v 0.857902467250824 4.468266010284424 3.495300769805908
v 0.7913718819618225 -6.341416358947754 -0.7759181261062622
v 0.8456023335456848 4.467401504516602 3.497681140899658
v 0.7790718078613281 -6.342280864715576 -0.7735379934310913
v 0.8337165713310242 4.465975284576416 3.5014758110046387
v 0.7671859860420227 -6.343707084655762 -0.7697433233261108
v 0.8224324584007263 4.464010238647461 3.506624698638916
v 0.7559018731117249 -6.345672130584717 -0.7645941972732544
v 0.8119280338287354 4.461536884307861 3.513047218322754
v 0.7453975081443787 -6.348145484924316 -0.7581716775894165
v 0.8023689985275269 4.458595275878906 3.520641803741455
v 0.7358384132385254 -6.3510870933532715 -0.7505773305892944
v 0.793906033039093 4.455230712890625 3.5292882919311523
v 0.7273754477500916 -6.354451656341553 -0.7419306039810181
v 0.7866725921630859 4.451496601104736 3.538850784301758
v 0.7201420068740845 -6.358185768127441 -0.7323681116104126
v 0.7807828187942505 4.447452068328857 3.5491786003112793
v 0.714252233505249 -6.36223030090332 -0.7220405340194702
v 0.7763295769691467 4.4431610107421875 3.560108184814453
v 0.7097989916801453 -6.36652135848999 -0.7111107110977173
v 0.7733830809593201 4.438690662384033 3.571467876434326
v 0.7068524956703186 -6.3709917068481445 -0.6997512578964233
v 0.7719897627830505 4.434111595153809 3.583077907562256
v 0.7054591774940491 -6.375570774078369 -0.6881409883499146
v 0.772171676158905 4.4294962882995605 3.5947556495666504
v 0.7056410908699036 -6.380186080932617 -0.67646324634552
v 0.7739259004592896 4.424917221069336 3.6063170433044434
v 0.7073953151702881 -6.384765148162842 -0.664901852607727
v 0.7772247791290283 4.420446872711182 3.617579460144043
v 0.7106941938400269 -6.389235496520996 -0.6536396741867065
v 0.7820162773132324 4.416155815124512 3.6283650398254395
v 0.715485692024231 -6.393526554107666 -0.642853856086731
v 0.7882248759269714 4.412111282348633 3.6385040283203125
v 0.72169429063797 -6.397571086883545 -0.6327148675918579
v 0.7957525849342346 4.408377170562744 3.647836685180664
v 0.7292219996452332 -6.401305198669434 -0.6233822107315063
v 0.804480791091919 4.405012607574463 3.6562156677246094
v 0.7379502058029175 -6.404669761657715 -0.615003228187561
v 0.8142717480659485 4.402070999145508 3.663508415222168
v 0.747741162776947 -6.40761137008667 -0.6077102422714233
v 0.824971079826355 4.399597644805908 3.6696009635925293
v 0.7584404945373535 -6.4100847244262695 -0.6016181707382202
v 0.8364100456237793 4.397632598876953 3.67439603805542
v 0.7698794603347778 -6.412049770355225 -0.5968228578567505
v 0.8484082818031311 4.396206378936768 3.677818775177002
v 0.7818776965141296 -6.41347599029541 -0.5934003591537476
v 0.8607765436172485 4.395341873168945 3.6798148155212402
v 0.7942459583282471 -6.414340496063232 -0.5914043188095093
v 0.8733197450637817 4.395051956176758 3.6803526878356934
v 0.8067891597747803 -6.41463041305542 -0.590866208076477
v 0.885840117931366 4.395341873168945 3.679424285888672
v 0.8193095326423645 -6.414340496063232 -0.5917946100234985
v 0.8981401920318604 4.396206378936768 3.677043914794922
v 0.8316096663475037 -6.41347599029541 -0.5941749811172485
v 0.9100260138511658 4.397632598876953 3.6732492446899414
v 0.8434954285621643 -6.412049770355225 -0.597969651222229
v 0.9213101267814636 4.399597644805908 3.668100357055664
v 0.8547795414924622 -6.4100847244262695 -0.6031187772750854
v 0.9318144917488098 4.402070999145508 3.661677837371826
v 0.8652839660644531 -6.40761137008667 -0.6095412969589233
v 0.9413735866546631 4.405012607574463 3.654083251953125
v 0.8748430013656616 -6.404669761657715 -0.6171356439590454
v 0.9498365521430969 4.408377170562744 3.6454367637634277
v 0.8833059668540955 -6.401305198669434 -0.6257823705673218
v 0.957069993019104 4.412111282348633 3.6358742713928223
v 0.8905394077301025 -6.397571086883545 -0.6353448629379272
v 0.9629597663879395 4.416155815124512 3.625546455383301
v 0.896429181098938 -6.393526554107666 -0.6456724405288696
v 0.9674130082130432 4.420446872711182 3.614616870880127
v 0.9008824229240417 -6.389235496520996 -0.6566020250320435
v 0.9703595042228699 4.424917221069336 3.603257179260254
v 0.9038289189338684 -6.384765148162842 -0.6679617166519165
v 0.9717528223991394 4.4294962882995605 3.591647148132324
v 0.9052222371101379 -6.380186080932617 -0.6795719861984253
v 0.9715709090232849 4.434111595153809 3.5799694061279297
v 0.9050403237342834 -6.375570774078369 -0.6912497282028198
v 0.9698166847229004 4.438690662384033 3.5684080123901367
v 0.9032860994338989 -6.3709917068481445 -0.7028108835220337
v 0.9665178060531616 4.4431610107421875 3.557145595550537
v 0.8999872207641602 -6.36652135848999 -0.7140733003616333
v 0.9617263078689575 4.447452068328857 3.5463600158691406
v 0.895195722579956 -6.36223030090332 -0.7248588800430298
v 0.9555177092552185 4.451496601104736 3.5362210273742676
v 0.888987123966217 -6.358185768127441 -0.7349981069564819
v 0.9479900002479553 4.455230712890625 3.526888370513916
v 0.8814594149589539 -6.354451656341553 -0.7443307638168335
v 0.939261794090271 4.458595275878906 3.5185093879699707
v 0.8727312088012695 -6.3510870933532715 -0.7527095079421997
v 0.9294708371162415 4.461536884307861 3.511216163635254
v 0.86294025182724 -6.348145484924316 -0.7600024938583374
v 0.918771505355835 4.464010238647461 3.505124092102051
v 0.8522409200668335 -6.345672130584717 -0.7660948038101196
v 0.9073325395584106 4.465975284576416 3.50032901763916
v 0.8408019542694092 -6.343707084655762 -0.7708898782730103
v 0.8953343033790588 4.467401504516602 3.496906280517578
v 0.8288037180900574 -6.342280864715576 -0.7743126153945923
v 0.8829660415649414 4.468266010284424 3.49491024017334
v 0.8164354562759399 -6.341416358947754 -0.7763086557388306
v 0.6872979402542114 -0.6957240104675293 -4.445362091064453
v 1.4044010639190674 -6.453273773193359 1.588070273399353
v 0.6996796131134033 -0.6962964534759521 -4.4473795890808105
v 1.4167828559875488 -6.453845977783203 1.5860522985458374
v 0.711738109588623 -0.6980044841766357 -4.450442790985107
v 1.428841233253479 -6.455554008483887 1.5829890966415405
v 0.723283052444458 -0.7008213996887207 -4.454503059387207
v 1.440386176109314 -6.458371162414551 1.57892906665802
v 0.7341324090957642 -0.704702615737915 -4.45949649810791
v 1.4512356519699097 -6.462252616882324 1.573935627937317
v 0.7441152334213257 -0.7095868587493896 -4.465343952178955
v 1.4612183570861816 -6.467136383056641 1.568088173866272
v 0.7530739307403564 -0.7153973579406738 -4.471953392028809
v 1.470177173614502 -6.472947120666504 1.5614787340164185
v 0.7608672976493835 -0.7220423221588135 -4.479220867156982
v 1.4779704809188843 -6.479592323303223 1.5542112588882446
v 0.7673723697662354 -0.7294168472290039 -4.48703145980835
v 1.4844756126403809 -6.486966609954834 1.5464006662368774
v 0.772486686706543 -0.7374048233032227 -4.4952616691589355
v 1.489589810371399 -6.494954586029053 1.5381702184677124
v 0.7761293649673462 -0.7458803653717041 -4.503782749176025
v 1.4932324886322021 -6.503430366516113 1.5296493768692017
v 0.7782431840896606 -0.7547094821929932 -4.5124592781066895
v 1.4953463077545166 -6.512259483337402 1.5209726095199585
v 0.7787947058677673 -0.7637529373168945 -4.521154880523682
v 1.495897889137268 -6.521302700042725 1.5122770071029663
v 0.7777751684188843 -0.7728686332702637 -4.529732704162598
v 1.4948784112930298 -6.530418395996094 1.5036994218826294
v 0.7752008438110352 -0.781912088394165 -4.53805685043335
v 1.4923039674758911 -6.539462089538574 1.4953752756118774
v 0.7711120843887329 -0.7907412052154541 -4.545996189117432
v 1.4882152080535889 -6.548291206359863 1.4874359369277954
v 0.7655736207962036 -0.7992167472839355 -4.5534257888793945
v 1.4826767444610596 -6.556766510009766 1.4800063371658325
v 0.7586725950241089 -0.8072047233581543 -4.56022834777832
v 1.4757757186889648 -6.564754486083984 1.4732037782669067
v 0.7505179643630981 -0.8145792484283447 -4.566296577453613
v 1.467621088027954 -6.572129249572754 1.4671357870101929
v 0.7412382364273071 -0.8212242126464844 -4.571534633636475
v 1.458341360092163 -6.5787739753723145 1.4618974924087524
v 0.7309798002243042 -0.8270347118377686 -4.575860023498535
v 1.4480830430984497 -6.5845842361450195 1.457572102546692
v 0.7199045419692993 -0.8319189548492432 -4.579204559326172
v 1.4370076656341553 -6.589468955993652 1.454227328300476
v 0.7081869840621948 -0.8358001708984375 -4.581515789031982
v 1.4252901077270508 -6.593349933624268 1.4519163370132446
v 0.6960119009017944 -0.8386170864105225 -4.582756519317627
v 1.4131150245666504 -6.596166610717773 1.450675368309021
v 0.683571457862854 -0.840325117111206 -4.5829081535339355
v 1.40067458152771 -6.597874641418457 1.4505239725112915
v 0.6710616946220398 -0.8408975601196289 -4.581967353820801
v 1.3881648778915405 -6.598447322845459 1.4514647722244263
v 0.6586799621582031 -0.840325117111206 -4.579949378967285
v 1.3757832050323486 -6.597874641418457 1.4534825086593628
v 0.646621584892273 -0.8386170864105225 -4.576886177062988
v 1.363724708557129 -6.596166610717773 1.4565457105636597
v 0.635076642036438 -0.8358001708984375 -4.572826385498047
v 1.352179765701294 -6.593349933624268 1.4606059789657593
v 0.6242271661758423 -0.8319189548492432 -4.567832946777344
v 1.3413304090499878 -6.589468955993652 1.4655991792678833
v 0.6142444610595703 -0.8270347118377686 -4.561985492706299
v 1.3313475847244263 -6.5845842361450195 1.4714466333389282
v 0.6052857041358948 -0.8212242126464844 -4.555376052856445
v 1.3223888874053955 -6.5787739753723145 1.4780560731887817
v 0.5974923372268677 -0.8145792484283447 -4.5481085777282715
v 1.3145954608917236 -6.572129249572754 1.4853235483169556
v 0.5909872055053711 -0.8072047233581543 -4.540297985076904
v 1.3080904483795166 -6.564754486083984 1.4931341409683228
v 0.585873007774353 -0.7992167472839355 -4.53206729888916
v 1.302976131439209 -6.556766510009766 1.5013645887374878
v 0.582230269908905 -0.7907412052154541 -4.5235466957092285
v 1.2993334531784058 -6.548291206359863 1.5098854303359985
v 0.5801165103912354 -0.781912088394165 -4.514869689941406
v 1.2972196340560913 -6.539462089538574 1.5185621976852417
v 0.5795649290084839 -0.7728686332702637 -4.506174087524414
v 1.2966680526733398 -6.530418395996094 1.5272578001022339
v 0.5805844068527222 -0.7637529373168945 -4.497596740722656
v 1.2976876497268677 -6.521302700042725 1.5358353853225708
v 0.5831588506698608 -0.7547094821929932 -4.489272594451904
v 1.3002619743347168 -6.512259483337402 1.5441595315933228
v 0.5872475504875183 -0.7458803653717041 -4.481333255767822
v 1.304350733757019 -6.503430366516113 1.5520988702774048
v 0.5927860736846924 -0.7374048233032227 -4.473903656005859
v 1.3098891973495483 -6.494954586029053 1.5595284700393677
v 0.5996870994567871 -0.7294168472290039 -4.467101097106934
v 1.316790223121643 -6.486966609954834 1.5663310289382935
v 0.6078417301177979 -0.7220423221588135 -4.461032867431641
v 1.3249448537826538 -6.479592323303223 1.5723992586135864
v 0.6171214580535889 -0.7153973579406738 -4.455794811248779
v 1.3342245817184448 -6.472947120666504 1.5776373147964478
v 0.6273797750473022 -0.7095868587493896 -4.451469421386719
v 1.3444830179214478 -6.467136383056641 1.5819627046585083
v 0.6384551525115967 -0.704702615737915 -4.448124408721924
v 1.3555582761764526 -6.462252616882324 1.5853074789047241
v 0.6501727104187012 -0.7008213996887207 -4.4458136558532715
v 1.3672758340835571 -6.458371162414551 1.5876184701919556
v 0.6623477339744568 -0.6980044841766357 -4.444572448730469
v 1.3794509172439575 -6.455554008483887 1.5888594388961792
v 0.674788236618042 -0.6962964534759521 -4.444421291351318
v 1.391891360282898 -6.453845977783203 1.5890108346939087
v 0.19214874505996704 -0.8643884658813477 -5.438629150390625
v -2.096325397491455 -5.710782051086426 -7.163997173309326
v 0.1851455569267273 -0.8647897243499756 -5.428213119506836
v -2.1033284664154053 -5.711183071136475 -7.153580665588379
v 0.17933660745620728 -0.8659875392913818 -5.417143821716309
v -2.1091372966766357 -5.712380886077881 -7.142511367797852
v 0.17481368780136108 -0.8679630756378174 -5.4055962562561035
v -2.1136603355407715 -5.714356422424316 -7.1309638023376465
v 0.1716480851173401 -0.8706846237182617 -5.393752098083496
v -2.116825819015503 -5.71707820892334 -7.119120121002197
v 0.16988974809646606 -0.8741099834442139 -5.381799221038818
v -2.118584394454956 -5.720502853393555 -7.107166767120361
v 0.1695663332939148 -0.8781845569610596 -5.369924545288086
v -2.1189076900482178 -5.724577903747559 -7.095292568206787
v 0.17068296670913696 -0.8828444480895996 -5.358316898345947
v -2.117791175842285 -5.7292375564575195 -7.08368444442749
v 0.17322200536727905 -0.8880159854888916 -5.347157955169678
v -2.1152520179748535 -5.734409332275391 -7.072525978088379
v 0.177143394947052 -0.8936176300048828 -5.336625099182129
v -2.111330509185791 -5.740011215209961 -7.061992645263672
v 0.18238550424575806 -0.8995611667633057 -5.326883316040039
v -2.106088638305664 -5.745954513549805 -7.052250862121582
v 0.18886536359786987 -0.9057526588439941 -5.318086624145508
v -2.0996086597442627 -5.752145767211914 -7.043454170227051
v 0.19648092985153198 -0.9120945930480957 -5.310373783111572
v -2.0919930934906006 -5.758487701416016 -7.035741329193115
v 0.20511215925216675 -0.9184868335723877 -5.303866386413574
v -2.083361864089966 -5.764880180358887 -7.029233932495117
v 0.21462279558181763 -0.9248290061950684 -5.298666954040527
v -2.0738511085510254 -5.771222114562988 -7.02403450012207
v 0.2248629927635193 -0.9310204982757568 -5.294857501983643
v -2.0636110305786133 -5.777413368225098 -7.020225524902344
v 0.23567110300064087 -0.9369637966156006 -5.292498588562012
v -2.052802801132202 -5.7833571434021 -7.017866611480713
v 0.2468767762184143 -0.9425656795501709 -5.291626930236816
v -2.0415971279144287 -5.788958549499512 -7.016994476318359
v 0.25830334424972534 -0.9477372169494629 -5.2922563552856445
v -2.0301706790924072 -5.794130325317383 -7.0176239013671875
v 0.26977044343948364 -0.9523968696594238 -5.294376850128174
v -2.0187036991119385 -5.798789978027344 -7.019744873046875
v 0.2810973525047302 -0.9564716815948486 -5.297955513000488
v -2.0073766708374023 -5.802865028381348 -7.023323059082031
v 0.29210537672042847 -0.9598968029022217 -5.3029351234436035
v -1.996368646621704 -5.806290149688721 -7.0283026695251465
v 0.30262094736099243 -0.9626185894012451 -5.309237480163574
v -1.9858529567718506 -5.809011459350586 -7.034605026245117
v 0.312478244304657 -0.9645938873291016 -5.316763401031494
v -1.9759957790374756 -5.81098747253418 -7.042130947113037
v 0.3215218186378479 -0.9657917022705078 -5.3253936767578125
v -1.9669523239135742 -5.812185287475586 -7.050761699676514
v 0.3296089768409729 -0.9661929607391357 -5.3349928855896
v -1.9588651657104492 -5.812586307525635 -7.060360908508301
v 0.33661216497421265 -0.9657917022705078 -5.345409393310547
v -1.95186185836792 -5.812185287475586 -7.07077693939209
v 0.3424209952354431 -0.9645938873291016 -5.356478691101074
v -1.9460530281066895 -5.81098747253418 -7.081846237182617
v 0.3469439148902893 -0.9626185894012451 -5.368026256561279
v -1.9415299892425537 -5.809011459350586 -7.093393802642822
v 0.3501095175743103 -0.9598968029022217 -5.3798699378967285
v -1.9383645057678223 -5.806290149688721 -7.10523796081543
v 0.3518679738044739 -0.9564716815948486 -5.3918232917785645
v -1.9366061687469482 -5.802865028381348 -7.117190837860107
v 0.35219138860702515 -0.9523968696594238 -5.403697490692139
v -1.9362826347351074 -5.798789978027344 -7.12906551361084
v 0.351074755191803 -0.9477372169494629 -5.4153056144714355
v -1.9373993873596191 -5.794130325317383 -7.1406731605529785
v 0.3485357165336609 -0.9425656795501709 -5.426464080810547
v -1.9399383068084717 -5.788958549499512 -7.151832103729248
v 0.3446142077445984 -0.9369637966156006 -5.436997413635254
v -1.9438598155975342 -5.7833571434021 -7.162364959716797
v 0.3393722176551819 -0.9310204982757568 -5.446739196777344
v -1.9491019248962402 -5.777413368225098 -7.172106742858887
v 0.33289235830307007 -0.9248290061950684 -5.455535888671875
v -1.9555816650390625 -5.771222114562988 -7.180903434753418
v 0.3252766728401184 -0.9184868335723877 -5.4632487297058105
v -1.9631972312927246 -5.764880180358887 -7.1886162757873535
v 0.3166455626487732 -0.9120945930480957 -5.469756126403809
v -1.9718284606933594 -5.758487701416016 -7.195123672485352
v 0.30713480710983276 -0.9057526588439941 -5.4749555587768555
v -1.9813392162322998 -5.752145767211914 -7.200323104858398
v 0.29689472913742065 -0.8995611667633057 -5.478764533996582
v -1.991579294204712 -5.745954513549805 -7.204132556915283
v 0.2860864996910095 -0.8936176300048828 -5.481123447418213
v -2.002387523651123 -5.740011215209961 -7.206491470336914
v 0.2748808264732361 -0.8880159854888916 -5.481995582580566
v -2.0135931968688965 -5.734409332275391 -7.207363128662109
v 0.2634543776512146 -0.8828444480895996 -5.481366157531738
v -2.025019645690918 -5.7292375564575195 -7.206733703613281
v 0.2519872784614563 -0.8781845569610596 -5.479245185852051
v -2.036486864089966 -5.724577903747559 -7.204613208770752
v 0.24066036939620972 -0.8741099834442139 -5.4756669998168945
v -2.047813653945923 -5.720502853393555 -7.2010345458984375
v 0.22965234518051147 -0.8706846237182617 -5.470687389373779
v -2.058821678161621 -5.71707820892334 -7.196054935455322
v 0.21913665533065796 -0.8679630756378174 -5.464385032653809
v -2.0693373680114746 -5.714356422424316 -7.189752578735352
v 0.20927947759628296 -0.8659875392913818 -5.456859111785889
v -2.0791945457458496 -5.712380886077881 -7.182226657867432
v 0.20023590326309204 -0.8647897243499756 -5.448228359222412
v -2.08823823928833 -5.711183071136475 -7.173596382141113
v 0.022397994995117188 0.1870969533920288 -4.622321128845215
v -6.546478271484375 3.1681532859802246 1.04728102684021
v 0.030393362045288086 0.18635118007659912 -4.61266565322876
v -6.538483142852783 3.167407512664795 1.056936264038086
v 0.037874460220336914 0.18412566184997559 -4.602828025817871
v -6.531002044677734 3.165182113647461 1.0667743682861328
v 0.0447237491607666 0.18045556545257568 -4.592962265014648
v -6.524152755737305 3.1615118980407715 1.0766396522521973
v 0.05083274841308594 0.17539870738983154 -4.583225250244141
v -6.518043518066406 3.1564550399780273 1.086376667022705
v 0.056105852127075195 0.16903483867645264 -4.573770046234131
v -6.512770652770996 3.1500911712646484 1.095832109451294
v 0.060459136962890625 0.16146421432495117 -4.5647454261779785
v -6.508417129516602 3.1425206661224365 1.1048564910888672
v 0.06382441520690918 0.15280652046203613 -4.5562944412231445
v -6.505052089691162 3.1338629722595215 1.1133077144622803
v 0.06614851951599121 0.14319801330566406 -4.548549652099609
v -6.50272798538208 3.1242542266845703 1.1210525035858154
v 0.06739449501037598 0.13279032707214355 -4.541633605957031
v -6.501482009887695 3.113846778869629 1.1279687881469727
v 0.06754326820373535 0.12174761295318604 -4.5356550216674805
v -6.501333236694336 3.102803945541382 1.1339471340179443
v 0.06659197807312012 0.11024391651153564 -4.530708312988281
v -6.502284526824951 3.0913002490997314 1.1388936042785645
v 0.06455588340759277 0.09846079349517822 -4.526871681213379
v -6.5043206214904785 3.079517126083374 1.1427302360534668
v 0.06146717071533203 0.08658409118652344 -4.524206161499023
v -6.50740909576416 3.0676403045654297 1.1453959941864014
v 0.05737423896789551 0.07480096817016602 -4.52275276184082
v -6.511502265930176 3.0558571815490723 1.1468496322631836
v 0.05234169960021973 0.06329727172851562 -4.522534370422363
v -6.516534805297852 3.044353485107422 1.1470675468444824
v 0.04644918441772461 0.052254557609558105 -4.523555755615234
v -6.522427558898926 3.033310890197754 1.1460466384887695
v 0.039789676666259766 0.0418468713760376 -4.52579927444458
v -6.529087066650391 3.0229032039642334 1.1438028812408447
v 0.03246760368347168 0.03223836421966553 -4.529230117797852
v -6.5364089012146 3.0132946968078613 1.1403717994689941
v 0.024599075317382812 0.023580551147460938 -4.533794403076172
v -6.544277191162109 3.0046370029449463 1.1358072757720947
v 0.016307830810546875 0.016010046005249023 -4.539420127868652
v -6.552568435668945 2.9970664978027344 1.1301815509796143
v 0.007724761962890625 0.009646177291870117 -4.546018600463867
v -6.561151504516602 2.9907026290893555 1.1235833168029785
v -0.00101470947265625 0.0045893192291259766 -4.553485870361328
v -6.569890975952148 2.9856457710266113 1.1161165237426758
v -0.009773015975952148 0.0009191036224365234 -4.561703205108643
v -6.578649520874023 2.981975555419922 1.1078987121582031
v -0.018411636352539062 -0.001306295394897461 -4.570542335510254
v -6.587287902832031 2.979750156402588 1.09906005859375
v -0.0267946720123291 -0.0020520687103271484 -4.579862594604492
v -6.5956711769104 2.979004383087158 1.0897393226623535
v -0.0347900390625 -0.001306295394897461 -4.589518070220947
v -6.603666305541992 2.979750156402588 1.0800838470458984
v -0.04227113723754883 0.0009191036224365234 -4.599356174468994
v -6.611147880554199 2.981975555419922 1.0702459812164307
v -0.049120426177978516 0.0045893192291259766 -4.609221458435059
v -6.617997169494629 2.9856457710266113 1.0603806972503662
v -0.05522942543029785 0.009646177291870117 -4.618958473205566
v -6.624105930328369 2.9907026290893555 1.0506434440612793
v -0.06050252914428711 0.016010046005249023 -4.628414154052734
v -6.6293792724609375 2.9970664978027344 1.0411882400512695
v -0.06485581398010254 0.023580551147460938 -4.6374382972717285
v -6.633732318878174 3.0046370029449463 1.0321636199951172
v -0.0682210922241211 0.03223836421966553 -4.6458892822265625
v -6.637097358703613 3.0132946968078613 1.023712396621704
v -0.07054519653320312 0.0418468713760376 -4.653634071350098
v -6.639421463012695 3.0229032039642334 1.015967607498169
v -0.07179117202758789 0.052254557609558105 -4.660550594329834
v -6.640667915344238 3.033310890197754 1.0090515613555908
v -0.07193994522094727 0.06329727172851562 -4.666528701782227
v -6.640816688537598 3.044353485107422 1.0030732154846191
v -0.07098865509033203 0.07480096817016602 -4.671475410461426
v -6.639864921569824 3.0558571815490723 0.998126745223999
v -0.06895256042480469 0.08658409118652344 -4.675312042236328
v -6.637828826904297 3.0676403045654297 0.9942901134490967
v -0.06586384773254395 0.09846079349517822 -4.677977561950684
v -6.634740352630615 3.079517126083374 0.991624116897583
v -0.06177091598510742 0.11024391651153564 -4.679431438446045
v -6.630647659301758 3.0913002490997314 0.9901707172393799
v -0.05673837661743164 0.12174761295318604 -4.679649353027344
v -6.625615119934082 3.102803945541382 0.989952802658081
v -0.05084586143493652 0.13279032707214355 -4.678628444671631
v -6.619722366333008 3.113846778869629 0.990973711013794
v -0.04418635368347168 0.14319801330566406 -4.676384925842285
v -6.613062858581543 3.1242542266845703 0.9932174682617188
v -0.036864280700683594 0.15280652046203613 -4.6729536056518555
v -6.605740547180176 3.1338629722595215 0.9966485500335693
v -0.028995752334594727 0.16146421432495117 -4.668389320373535
v -6.597872257232666 3.1425206661224365 1.0012128353118896
v -0.02070450782775879 0.16903483867645264 -4.662763595581055
v -6.58958101272583 3.1500911712646484 1.0068385601043701
v -0.012121438980102539 0.17539870738983154 -4.65616512298584
v -6.580997943878174 3.1564550399780273 1.013437032699585
v -0.003381967544555664 0.18045556545257568 -4.648698329925537
v -6.572258472442627 3.1615118980407715 1.0209038257598877
v 0.005376338958740234 0.18412566184997559 -4.6404805183410645
v -6.56350040435791 3.165182113647461 1.0291213989257812
v 0.014014959335327148 0.18635118007659912 -4.631641864776611
v -6.554861545562744 3.167407512664795 1.0379602909088135
v 0.983979344367981 -0.2286563515663147 -4.359606742858887
v 3.8886003494262695 -1.3552422523498535 1.538049578666687
v 0.995164155960083 -0.2294335961341858 -4.365263938903809
v 3.899785280227661 -1.356019377708435 1.5323926210403442
v 1.0060548782348633 -0.2317529320716858 -4.371070861816406
v 3.9106760025024414 -1.358338713645935 1.5265859365463257
v 1.016479730606079 -0.23557782173156738 -4.3769354820251465
v 3.9211010932922363 -1.3621636629104614 1.5207208395004272
v 1.0262744426727295 -0.24084800481796265 -4.382766246795654
v 3.9308955669403076 -1.367433786392212 1.5148903131484985
v 1.035284399986267 -0.24748027324676514 -4.388470649719238
v 3.9399056434631348 -1.3740661144256592 1.5091859102249146
v 1.0433675050735474 -0.2553701400756836 -4.393959045410156
v 3.947988510131836 -1.381955862045288 1.5036977529525757
v 1.0503963232040405 -0.26439303159713745 -4.399144172668457
v 3.955017566680908 -1.3909788131713867 1.4985123872756958
v 1.056260108947754 -0.2744067907333374 -4.403944969177246
v 3.960881233215332 -1.4009926319122314 1.4937115907669067
v 1.0608662366867065 -0.2852534055709839 -4.408285617828369
v 3.965487480163574 -1.411839246749878 1.4893711805343628
v 1.064142107963562 -0.2967619299888611 -4.412096977233887
v 3.9687633514404297 -1.4233477115631104 1.485559344291687
v 1.0660361051559448 -0.3087506890296936 -4.415319919586182
v 3.9706573486328125 -1.4353365898132324 1.482336401939392
v 1.0665183067321777 -0.32103079557418823 -4.417903423309326
v 3.971139430999756 -1.4476165771484375 1.4797531366348267
v 1.065581202507019 -0.3334084749221802 -4.419806003570557
v 3.9702024459838867 -1.4599943161010742 1.477850317955017
v 1.063239336013794 -0.34568852186203003 -4.420998573303223
v 3.967860698699951 -1.4722743034362793 1.4766579866409302
v 1.0595299005508423 -0.3576773405075073 -4.421462059020996
v 3.96415114402771 -1.4842631816864014 1.4761947393417358
v 1.054511308670044 -0.36918580532073975 -4.4211883544921875
v 3.959132671356201 -1.4957716464996338 1.4764679670333862
v 1.0482627153396606 -0.380032479763031 -4.420183181762695
v 3.9528839588165283 -1.5066182613372803 1.4774736166000366
v 1.0408825874328613 -0.3900461792945862 -4.418461322784424
v 3.9455037117004395 -1.516632080078125 1.479195475578308
v 1.032487392425537 -0.3990691304206848 -4.416049957275391
v 3.9371085166931152 -1.525654911994934 1.481606364250183
v 1.023209571838379 -0.4069589674472809 -4.41298770904541
v 3.927830696105957 -1.5335447788238525 1.4846688508987427
v 1.013195276260376 -0.4135912358760834 -4.409322738647461
v 3.917816638946533 -1.5401771068572998 1.488333821296692
v 1.0026025772094727 -0.41886141896247864 -4.405112266540527
v 3.907223701477051 -1.5454472303390503 1.4925440549850464
v 0.9915984869003296 -0.42268630862236023 -4.400423526763916
v 3.8962197303771973 -1.549272060394287 1.4972330331802368
v 0.9803565740585327 -0.4250056743621826 -4.39532995223999
v 3.8849778175354004 -1.551591396331787 1.5023266077041626
v 0.969054102897644 -0.42578285932540894 -4.389911651611328
v 3.8736753463745117 -1.5523686408996582 1.5077446699142456
v 0.957869291305542 -0.4250056743621826 -4.3842549324035645
v 3.86249041557312 -1.551591396331787 1.5134018659591675
v 0.9469785690307617 -0.42268630862236023 -4.378448009490967
v 3.85159969329834 -1.549272060394287 1.519208550453186
v 0.9365535974502563 -0.41886141896247864 -4.372582912445068
v 3.841174840927124 -1.5454472303390503 1.5250734090805054
v 0.9267590045928955 -0.4135912358760834 -4.366752624511719
v 3.8313801288604736 -1.5401771068572998 1.5309041738510132
v 0.9177490472793579 -0.4069589674472809 -4.361048221588135
v 3.8223700523376465 -1.5335447788238525 1.5366085767745972
v 0.9096659421920776 -0.3990691304206848 -4.355559825897217
v 3.8142871856689453 -1.525654911994934 1.542096734046936
v 0.9026370048522949 -0.3900461792945862 -4.350374698638916
v 3.807258129119873 -1.516632080078125 1.5472818613052368
v 0.8967733383178711 -0.380032479763031 -4.345573902130127
v 3.801394462585449 -1.5066182613372803 1.5520826578140259
v 0.8921670913696289 -0.36918580532073975 -4.341233253479004
v 3.796788215637207 -1.4957716464996338 1.556423306465149
v 0.8888912200927734 -0.3576773405075073 -4.337421417236328
v 3.7935123443603516 -1.4842631816864014 1.5602349042892456
v 0.8869972229003906 -0.34568852186203003 -4.334198474884033
v 3.7916183471679688 -1.4722743034362793 1.5634578466415405
v 0.8865150213241577 -0.3334084749221802 -4.331615447998047
v 3.7911362648010254 -1.4599943161010742 1.566041111946106
v 0.887452244758606 -0.32103079557418823 -4.329712390899658
v 3.7920732498168945 -1.4476165771484375 1.5679439306259155
v 0.8897939920425415 -0.3087506890296936 -4.32852029800415
v 3.794415235519409 -1.4353365898132324 1.5691365003585815
v 0.8935034275054932 -0.2967619299888611 -4.328056812286377
v 3.7981247901916504 -1.4233477115631104 1.5695997476577759
v 0.8985220193862915 -0.2852534055709839 -4.328330039978027
v 3.803143262863159 -1.411839246749878 1.5693262815475464
v 0.9047706127166748 -0.2744067907333374 -4.329335689544678
v 3.809391975402832 -1.4009926319122314 1.568320870399475
v 0.9121507406234741 -0.26439303159713745 -4.331057548522949
v 3.816771984100342 -1.3909788131713867 1.5665990114212036
v 0.9205459356307983 -0.2553701400756836 -4.333468437194824
v 3.825167179107666 -1.381955862045288 1.5641878843307495
v 0.9298238754272461 -0.24748027324676514 -4.336531162261963
v 3.834444999694824 -1.3740661144256592 1.561125636100769
v 0.9398380517959595 -0.24084800481796265 -4.340196132659912
v 3.844459295272827 -1.367433786392212 1.5574604272842407
v 0.9504307508468628 -0.23557782173156738 -4.3444061279296875
v 3.8550519943237305 -1.3621636629104614 1.5532501935958862
v 0.9614348411560059 -0.2317529320716858 -4.349095344543457
v 3.866055965423584 -1.358338713645935 1.548561453819275
v 0.9726768732070923 -0.2294335961341858 -4.354188919067383
v 3.877297878265381 -1.356019377708435 1.54346764087677
v 0.6307283043861389 -0.864161491394043 -4.6078691482543945
v 0.784187376499176 -6.386000633239746 -1.3427650928497314
v 0.6432159543037415 -0.8645632266998291 -4.609135150909424
v 0.7966750264167786 -6.386402606964111 -1.3440313339233398
v 0.6554429531097412 -0.8657617568969727 -4.611737251281738
v 0.8089020252227783 -6.387600898742676 -1.3466331958770752
v 0.6672164797782898 -0.8677387237548828 -4.615633487701416
v 0.8206755518913269 -6.389577865600586 -1.350529670715332
v 0.6783508658409119 -0.8704624176025391 -4.620763301849365
v 0.8318098783493042 -6.392301559448242 -1.3556593656539917
v 0.6886704564094543 -0.8738901615142822 -4.627045154571533
v 0.8421295285224915 -6.3957295417785645 -1.3619412183761597
v 0.6980125904083252 -0.8779678344726562 -4.634380340576172
v 0.8514716625213623 -6.399806976318359 -1.3692762851715088
v 0.7062298655509949 -0.8826310634613037 -4.642652988433838
v 0.859688937664032 -6.404470443725586 -1.3775489330291748
v 0.7131927609443665 -0.8878064155578613 -4.651732444763184
v 0.8666517734527588 -6.409646034240723 -1.38662850856781
v 0.7187914252281189 -0.8934123516082764 -4.661476135253906
v 0.8722504377365112 -6.415251731872559 -1.3963720798492432
v 0.7229375243186951 -0.899360179901123 -4.671729564666748
v 0.8763965368270874 -6.421199798583984 -1.406625747680664
v 0.7255657315254211 -0.9055562019348145 -4.6823320388793945
v 0.8790248036384583 -6.427395820617676 -1.4172279834747314
v 0.7266346216201782 -0.911902904510498 -4.693115234375
v 0.8800936937332153 -6.433742523193359 -1.428011417388916
v 0.7261272668838501 -0.9182999134063721 -4.703909873962402
v 0.8795863389968872 -6.440139293670654 -1.438806176185608
v 0.7240517139434814 -0.9246466159820557 -4.714545726776123
v 0.8775107264518738 -6.446485996246338 -1.4494417905807495
v 0.720440685749054 -0.9308426380157471 -4.724854469299316
v 0.8738996982574463 -6.452682018280029 -1.459750771522522
v 0.7153511047363281 -0.9367907047271729 -4.734674453735352
v 0.8688101172447205 -6.458629608154297 -1.4695703983306885
v 0.7088632583618164 -0.9423964023590088 -4.743849754333496
v 0.8623223304748535 -6.464235782623291 -1.4787458181381226
v 0.7010794878005981 -0.9475717544555664 -4.752236366271973
v 0.8545385599136353 -6.4694108963012695 -1.4871324300765991
v 0.6921225190162659 -0.9522349834442139 -4.759701728820801
v 0.8455815315246582 -6.474074363708496 -1.4945977926254272
v 0.6821336150169373 -0.9563126564025879 -4.7661285400390625
v 0.8355926275253296 -6.478152275085449 -1.5010243654251099
v 0.6712702512741089 -0.959740400314331 -4.771414756774902
v 0.824729323387146 -6.481579780578613 -1.5063107013702393
v 0.6597038507461548 -0.9624640941619873 -4.775477409362793
v 0.8131629228591919 -6.4843034744262695 -1.5103733539581299
v 0.6476168036460876 -0.9644410610198975 -4.778252601623535
v 0.80107581615448 -6.48628044128418 -1.5131484270095825
v 0.6351996660232544 -0.965639591217041 -4.779695987701416
v 0.7886587381362915 -6.487479209899902 -1.5145920515060425
v 0.622648298740387 -0.9660413265228271 -4.77978515625
v 0.7761073708534241 -6.487880706787109 -1.514681339263916
v 0.6101606488227844 -0.965639591217041 -4.778519153594971
v 0.7636197209358215 -6.487479209899902 -1.5134152173995972
v 0.5979336500167847 -0.9644410610198975 -4.775917053222656
v 0.7513927221298218 -6.48628044128418 -1.5108133554458618
v 0.5861601233482361 -0.9624640941619873 -4.7720208168029785
v 0.7396191954612732 -6.4843034744262695 -1.506916880607605
v 0.5750257968902588 -0.959740400314331 -4.766891002655029
v 0.7284848093986511 -6.481579780578613 -1.5017871856689453
v 0.5647061467170715 -0.9563126564025879 -4.760609149932861
v 0.7181652188301086 -6.478152275085449 -1.4955053329467773
v 0.5553640127182007 -0.9522349834442139 -4.753273963928223
v 0.7088230848312378 -6.474074363708496 -1.4881702661514282
v 0.547146737575531 -0.9475717544555664 -4.745001792907715
v 0.7006058096885681 -6.4694108963012695 -1.4798976182937622
v 0.5401839017868042 -0.9423964023590088 -4.735921859741211
v 0.6936429142951965 -6.464235782623291 -1.470818042755127
v 0.5345852375030518 -0.9367907047271729 -4.726178169250488
v 0.6880442500114441 -6.458629608154297 -1.4610744714736938
v 0.5304391384124756 -0.9308426380157471 -4.7159247398376465
v 0.6838981509208679 -6.452682018280029 -1.450820803642273
v 0.5278108716011047 -0.9246466159820557 -4.705322265625
v 0.6812699437141418 -6.446485996246338 -1.4402185678482056
v 0.5267419815063477 -0.9182999134063721 -4.6945390701293945
v 0.6802010536193848 -6.440139293670654 -1.429435133934021
v 0.5272493362426758 -0.911902904510498 -4.683744430541992
v 0.6807084083557129 -6.433742523193359 -1.418640375137329
v 0.5293249487876892 -0.9055562019348145 -4.6731085777282715
v 0.6827839612960815 -6.427395820617676 -1.408004641532898
v 0.5329359769821167 -0.899360179901123 -4.662799835205078
v 0.686394989490509 -6.421199798583984 -1.397695779800415
v 0.5380255579948425 -0.8934123516082764 -4.652979850769043
v 0.6914845705032349 -6.415251731872559 -1.3878761529922485
v 0.5445133447647095 -0.8878064155578613 -4.643804550170898
v 0.6979724168777466 -6.409646034240723 -1.378700613975525
v 0.5522971153259277 -0.8826310634613037 -4.635417938232422
v 0.7057561874389648 -6.404470443725586 -1.370314121246338
v 0.5612541437149048 -0.8779678344726562 -4.627952575683594
v 0.7147131562232971 -6.399806976318359 -1.3628486394882202
v 0.5712430477142334 -0.8738901615142822 -4.62152624130249
v 0.7247020602226257 -6.3957295417785645 -1.3564221858978271
v 0.582106351852417 -0.8704624176025391 -4.616239547729492
v 0.7355654239654541 -6.392301559448242 -1.3511358499526978
v 0.5936727523803711 -0.8677387237548828 -4.612176895141602
v 0.7471318244934082 -6.389577865600586 -1.3470731973648071
v 0.605759859085083 -0.8657617568969727 -4.609402179718018
v 0.7592188715934753 -6.387600898742676 -1.3442981243133545
v 0.6181769371032715 -0.8645632266998291 -4.6079583168029785
v 0.7716360092163086 -6.386402606964111 -1.3428544998168945
v 1.1533809900283813 -6.959622859954834 1.3513853549957275
v -2.0528512001037598 -6.444582939147949 -6.580451011657715
v 1.1417433023452759 -6.960410118103027 1.3560383319854736
v -2.0644888877868652 -6.445370197296143 -6.575798034667969
v 1.1302536725997925 -6.962759017944336 1.360530138015747
v -2.0759785175323486 -6.447719097137451 -6.571306228637695
v 1.1190932989120483 -6.96663236618042 1.3647899627685547
v -2.0871388912200928 -6.451592922210693 -6.567046165466309
v 1.1084380149841309 -6.971970081329346 1.3687505722045898
v -2.0977940559387207 -6.456930160522461 -6.563085556030273
v 1.0984561443328857 -6.978686809539795 1.3723492622375488
v -2.107776165008545 -6.46364688873291 -6.5594868659973145
v 1.089304804801941 -6.986677169799805 1.3755295276641846
v -2.1169273853302 -6.47163724899292 -6.556306838989258
v 1.0811285972595215 -6.995814800262451 1.3782413005828857
v -2.12510347366333 -6.480775356292725 -6.553594589233398
v 1.0740562677383423 -7.005956172943115 1.380441427230835
v -2.132175922393799 -6.490916728973389 -6.551394462585449
v 1.0681993961334229 -7.016941070556641 1.3820955753326416
v -2.1380326747894287 -6.501901626586914 -6.549740314483643
v 1.0636504888534546 -7.0285964012146 1.3831775188446045
v -2.1425817012786865 -6.513556480407715 -6.54865837097168
v 1.060481071472168 -7.040738105773926 1.3836705684661865
v -2.1457509994506836 -6.525698184967041 -6.548165321350098
v 1.0587412118911743 -7.0531744956970215 1.38356614112854
v -2.147490978240967 -6.538134574890137 -6.548270225524902
v 1.0584584474563599 -7.065710067749023 1.382866621017456
v -2.1477737426757812 -6.550670146942139 -6.548969268798828
v 1.0596370697021484 -7.078146457672119 1.381582498550415
v -2.146595001220703 -6.563106536865234 -6.550253868103027
v 1.0622586011886597 -7.090288162231445 1.3797345161437988
v -2.1439735889434814 -6.5752482414245605 -6.5521016120910645
v 1.0662816762924194 -7.101943016052246 1.3773515224456787
v -2.1399505138397217 -6.5869035720825195 -6.5544843673706055
v 1.0716428756713867 -7.1129279136657715 1.3744711875915527
v -2.134589195251465 -6.597888469696045 -6.5573649406433105
v 1.0782575607299805 -7.1230692863464355 1.3711388111114502
v -2.127974510192871 -6.608029842376709 -6.560697555541992
v 1.0860215425491333 -7.13220739364624 1.3674070835113525
v -2.120210647583008 -6.6171674728393555 -6.56442928314209
v 1.094812273979187 -7.14019775390625 1.3633348941802979
v -2.111419916152954 -6.625157833099365 -6.5685014724731445
v 1.104491114616394 -7.146914482116699 1.3589861392974854
v -2.101741075515747 -6.6318745613098145 -6.572850227355957
v 1.1149054765701294 -7.152251720428467 1.3544299602508545
v -2.0913267135620117 -6.63721227645874 -6.57740592956543
v 1.125891089439392 -7.156125545501709 1.3497376441955566
v -2.080341100692749 -6.641085624694824 -6.582098007202148
v 1.1372747421264648 -7.158474445343018 1.3449835777282715
v -2.0689573287963867 -6.643434524536133 -6.586852073669434
v 1.1488769054412842 -7.159261703491211 1.340242624282837
v -2.0573554039001465 -6.644221782684326 -6.5915937423706055
v 1.1605145931243896 -7.158474445343018 1.3355896472930908
v -2.045717716217041 -6.643434524536133 -6.596246719360352
v 1.172004222869873 -7.156125545501709 1.3310978412628174
v -2.0342278480529785 -6.641085624694824 -6.600738525390625
v 1.1831645965576172 -7.152251720428467 1.3268380165100098
v -2.0230674743652344 -6.63721227645874 -6.6049981117248535
v 1.1938198804855347 -7.146914482116699 1.3228774070739746
v -2.0124123096466064 -6.6318745613098145 -6.608958721160889
v 1.2038017511367798 -7.14019775390625 1.3192787170410156
v -2.0024304389953613 -6.625157833099365 -6.612557411193848
v 1.2129530906677246 -7.13220739364624 1.3160984516143799
v -1.9932790994644165 -6.6171674728393555 -6.6157379150390625
v 1.221129298210144 -7.1230692863464355 1.3133866786956787
v -1.985102891921997 -6.608029842376709 -6.6184492111206055
v 1.2282016277313232 -7.1129279136657715 1.3111863136291504
v -1.9780305624008179 -6.597888469696045 -6.620649337768555
v 1.2340583801269531 -7.101943016052246 1.3095321655273438
v -1.9721736907958984 -6.5869035720825195 -6.6223039627075195
v 1.238607406616211 -7.090288162231445 1.3084502220153809
v -1.9676247835159302 -6.5752482414245605 -6.623385429382324
v 1.2417768239974976 -7.078146457672119 1.307957410812378
v -1.9644553661346436 -6.563106536865234 -6.623878479003906
v 1.2435166835784912 -7.065710067749023 1.3080618381500244
v -1.96271550655365 -6.550670146942139 -6.623774528503418
v 1.2437994480133057 -7.0531744956970215 1.3087613582611084
v -1.9624327421188354 -6.538134574890137 -6.623074531555176
v 1.242620825767517 -7.040738105773926 1.3100454807281494
v -1.963611364364624 -6.525698184967041 -6.621790885925293
v 1.2399992942810059 -7.0285964012146 1.3118934631347656
v -1.9662328958511353 -6.513556480407715 -6.619942665100098
v 1.235976219177246 -7.016941070556641 1.3142764568328857
v -1.970255970954895 -6.501901626586914 -6.617559432983398
v 1.2306150197982788 -7.005956172943115 1.3171567916870117
v -1.9756171703338623 -6.490916728973389 -6.614679336547852
v 1.224000334739685 -6.995814800262451 1.3204891681671143
v -1.982231855392456 -6.480775356292725 -6.611347198486328
v 1.2162363529205322 -6.986677169799805 1.324220895767212
v -1.9899958372116089 -6.47163724899292 -6.6076154708862305
v 1.2074456214904785 -6.978686809539795 1.3282930850982666
v -1.9987865686416626 -6.46364688873291 -6.603543281555176
v 1.1977667808532715 -6.971970081329346 1.332641839981079
v -2.00846529006958 -6.456930160522461 -6.599194526672363
v 1.1873524188995361 -6.96663236618042 1.33719801902771
v -2.0188798904418945 -6.451592922210693 -6.594637870788574
v 1.1763668060302734 -6.962759017944336 1.3418900966644287
v -2.029865264892578 -6.447719097137451 -6.5899457931518555
v 1.1649831533432007 -6.960410118103027 1.3466441631317139
v -2.0412490367889404 -6.445370197296143 -6.58519172668457
v 1.004753828048706 -6.392158508300781 2.103520393371582
v -6.561567306518555 2.758979558944702 1.6322537660598755
v 1.003368616104126 -6.392661094665527 2.1159915924072266
v -6.562952041625977 2.758476495742798 1.6447250843048096
v 1.0007929801940918 -6.394162178039551 2.1281909942626953
v -6.56552791595459 2.7569754123687744 1.6569242477416992
v 0.997067928314209 -6.396637916564941 2.139925479888916
v -6.569252967834473 2.754499673843384 1.6686588525772095
v 0.9922518730163574 -6.400049209594727 2.151010513305664
v -6.574069023132324 2.751088857650757 1.679743766784668
v 0.9864211082458496 -6.404341697692871 2.161271095275879
v -6.579899787902832 2.746795892715454 1.6900043487548828
v 0.9796671867370605 -6.409448623657227 2.1705453395843506
v -6.586653709411621 2.741689443588257 1.6992785930633545
v 0.9720966815948486 -6.415288925170898 2.17868709564209
v -6.594223976135254 2.735849142074585 1.7074203491210938
v 0.9638290405273438 -6.421770095825195 2.185567855834961
v -6.60249137878418 2.729367971420288 1.7143012285232544
v 0.9549949169158936 -6.428791046142578 2.1910791397094727
v -6.611325740814209 2.7223474979400635 1.7198126316070557
v 0.9457333087921143 -6.436239242553711 2.195134162902832
v -6.620587348937988 2.7148983478546143 1.723867654800415
v 0.9361903667449951 -6.443999290466309 2.19766902923584
v -6.630130290985107 2.707138776779175 1.7264024019241333
v 0.9265165328979492 -6.451947212219238 2.198643445968628
v -6.639803886413574 2.699190378189087 1.7273768186569214
v 0.9168646335601807 -6.459959030151367 2.198042392730713
v -6.649456024169922 2.691179037094116 1.7267756462097168
v 0.9073865413665771 -6.467906951904297 2.1958749294281006
v -6.658934593200684 2.6832306385040283 1.724608302116394
v 0.8982317447662354 -6.4756669998168945 2.1921756267547607
v -6.668088912963867 2.675471067428589 1.7209089994430542
v 0.8895449638366699 -6.483116149902344 2.187002658843994
v -6.676775932312012 2.668022394180298 1.7157360315322876
v 0.8814630508422852 -6.49013614654541 2.1804375648498535
v -6.6848578453063965 2.6610019207000732 1.7091710567474365
v 0.8741130828857422 -6.496617317199707 2.172584056854248
v -6.692207336425781 2.654520273208618 1.701317548751831
v 0.8676116466522217 -6.502457618713379 2.1635658740997314
v -6.698709487915039 2.6486804485321045 1.692299246788025
v 0.862060546875 -6.507564544677734 2.1535251140594482
v -6.704259872436523 2.643573522567749 1.6822586059570312
v 0.8575479984283447 -6.511857032775879 2.14262056350708
v -6.708772659301758 2.6392810344696045 1.671353816986084
v 0.8541445732116699 -6.515268325805664 2.131023406982422
v -6.712176322937012 2.6358697414398193 1.6597568988800049
v 0.8519043922424316 -6.517744064331055 2.118917465209961
v -6.71441650390625 2.6333940029144287 1.6476507186889648
v 0.8508627414703369 -6.519245147705078 2.1064929962158203
v -6.715457916259766 2.6318929195404053 1.6352262496948242
v 0.8510358333587646 -6.519747734069824 2.0939459800720215
v -6.715285301208496 2.631389856338501 1.6226794719696045
v 0.8524210453033447 -6.519245147705078 2.081474781036377
v -6.713899612426758 2.6318929195404053 1.6102081537246704
v 0.8549964427947998 -6.517744064331055 2.0692756175994873
v -6.711324214935303 2.6333940029144287 1.5980089902877808
v 0.8587214946746826 -6.515268325805664 2.0575408935546875
v -6.70759916305542 2.6358697414398193 1.5862743854522705
v 0.8635375499725342 -6.511857032775879 2.0464560985565186
v -6.702783107757568 2.6392810344696045 1.5751893520355225
v 0.8693685531616211 -6.507564544677734 2.0361955165863037
v -6.6969523429870605 2.643573522567749 1.5649288892745972
v 0.8761224746704102 -6.502457618713379 2.026921272277832
v -6.6901984214782715 2.6486804485321045 1.5556546449661255
v 0.883692741394043 -6.496617317199707 2.0187795162200928
v -6.6826276779174805 2.654520273208618 1.5475128889083862
v 0.8919603824615479 -6.49013614654541 2.0118987560272217
v -6.674360275268555 2.6610019207000732 1.5406320095062256
v 0.900794506072998 -6.483116149902344 2.006387233734131
v -6.665526390075684 2.668022394180298 1.5351206064224243
v 0.9100561141967773 -6.4756669998168945 2.0023322105407715
v -6.656264305114746 2.675471067428589 1.531065583229065
v 0.9195990562438965 -6.467906951904297 1.9997974634170532
v -6.646721839904785 2.6832306385040283 1.5285308361053467
v 0.9292728900909424 -6.459959030151367 1.9988230466842651
v -6.63704776763916 2.691179037094116 1.5275564193725586
v 0.93892502784729 -6.451947212219238 1.9994242191314697
v -6.6273956298828125 2.699190378189087 1.5281575918197632
v 0.9484031200408936 -6.443999290466309 2.001591444015503
v -6.617918014526367 2.707138776779175 1.530324935913086
v 0.9575576782226562 -6.436239242553711 2.0052907466888428
v -6.608762741088867 2.7148983478546143 1.5340242385864258
v 0.9662444591522217 -6.428791046142578 2.0104637145996094
v -6.600076198577881 2.7223474979400635 1.5391972064971924
v 0.9743266105651855 -6.421770095825195 2.01702880859375
v -6.591994285583496 2.729367971420288 1.5457621812820435
v 0.9816763401031494 -6.415288925170898 2.0248823165893555
v -6.584644317626953 2.735849142074585 1.5536158084869385
v 0.988178014755249 -6.409448623657227 2.033900499343872
v -6.578143119812012 2.741689443588257 1.562633991241455
v 0.9937288761138916 -6.404341697692871 2.0439412593841553
v -6.572591781616211 2.746795892715454 1.5726746320724487
v 0.998241662979126 -6.400049209594727 2.0548460483551025
v -6.568078994750977 2.751088857650757 1.583579421043396
v 1.0016448497772217 -6.396637916564941 2.0664429664611816
v -6.564675807952881 2.754499673843384 1.595176339149475
v 1.00388503074646 -6.394162178039551 2.0785491466522217
v -6.562435626983643 2.7569754123687744 1.6072825193405151
v 1.0049266815185547 -6.392661094665527 2.0909736156463623
v -6.561393737792969 2.758476495742798 1.6197068691253662
v 1.7628145217895508 -6.306773662567139 2.1474366188049316
v 3.779309034347534 -2.3109211921691895 2.2503817081451416
v 1.764156460762024 -6.307129383087158 2.134955644607544
v 3.7806508541107178 -2.311276912689209 2.237900495529175
v 1.7668828964233398 -6.30819034576416 2.1227431297302246
v 3.7833774089813232 -2.31233811378479 2.2256879806518555
v 1.7709509134292603 -6.309940814971924 2.1109917163848877
v 3.787445306777954 -2.3140883445739746 2.2139365673065186
v 1.7762963771820068 -6.312352180480957 2.099886894226074
v 3.7927908897399902 -2.316499710083008 2.202831745147705
v 1.7828350067138672 -6.315386772155762 2.0896036624908447
v 3.7993292808532715 -2.3195345401763916 2.1925487518310547
v 1.7904635667800903 -6.318997383117676 2.0803043842315674
v 3.806957960128784 -2.3231446743011475 2.1832492351531982
v 1.7990617752075195 -6.323125839233398 2.0721354484558105
v 3.815556287765503 -2.327273368835449 2.1750805377960205
v 1.8084940910339355 -6.327707767486572 2.0652260780334473
v 3.824988603591919 -2.331855297088623 2.168170928955078
v 1.8186118602752686 -6.332671165466309 2.0596847534179688
v 3.835106372833252 -2.3368184566497803 2.1626296043395996
v 1.8292553424835205 -6.337936878204346 2.0555992126464844
v 3.845749855041504 -2.3420844078063965 2.1585440635681152
v 1.840256690979004 -6.3434224128723145 2.0530335903167725
v 3.8567512035369873 -2.3475699424743652 2.1559784412384033
v 1.851442575454712 -6.34904146194458 2.0520286560058594
v 3.8679370880126953 -2.353188991546631 2.1549735069274902
v 1.8626364469528198 -6.354705333709717 2.052600145339966
v 3.8791308403015137 -2.3588528633117676 2.1555449962615967
v 1.873661756515503 -6.360324382781982 2.054738998413086
v 3.8901562690734863 -2.364471912384033 2.157683849334717
v 1.8843446969985962 -6.365809917449951 2.0584115982055664
v 3.90083909034729 -2.369957447052002 2.1613564491271973
v 1.8945167064666748 -6.371075630187988 2.0635597705841064
v 3.911011219024658 -2.375223398208618 2.1665046215057373
v 1.9040175676345825 -6.376039028167725 2.0701026916503906
v 3.9205119609832764 -2.3801865577697754 2.1730475425720215
v 1.9126973152160645 -6.380620956420898 2.077936887741089
v 3.9291915893554688 -2.384768486022949 2.1808817386627197
v 1.9204189777374268 -6.384749412536621 2.0869388580322266
v 3.93691349029541 -2.388897180557251 2.1898837089538574
v 1.927060842514038 -6.388360023498535 2.0969667434692383
v 3.9435553550720215 -2.392507314682007 2.199911594390869
v 1.9325182437896729 -6.39139461517334 2.1078622341156006
v 3.9490127563476562 -2.3955421447753906 2.2108070850372314
v 1.9367048740386963 -6.393805980682373 2.1194536685943604
v 3.9531993865966797 -2.397953510284424 2.222398519515991
v 1.9395551681518555 -6.395556449890137 2.1315581798553467
v 3.9560494422912598 -2.3997037410736084 2.2345030307769775
v 1.941023588180542 -6.396617412567139 2.1439850330352783
v 3.9575181007385254 -2.4007649421691895 2.246929883956909
v 1.9410874843597412 -6.396973133087158 2.1565377712249756
v 3.9575819969177246 -2.401120662689209 2.2594828605651855
v 1.9397456645965576 -6.396617412567139 2.1690189838409424
v 3.956240177154541 -2.4007649421691895 2.2719638347625732
v 1.9370191097259521 -6.395556449890137 2.1812314987182617
v 3.9535136222839355 -2.3997037410736084 2.2841763496398926
v 1.9329512119293213 -6.393805980682373 2.1929829120635986
v 3.9494457244873047 -2.397953510284424 2.2959277629852295
v 1.9276056289672852 -6.39139461517334 2.204087734222412
v 3.9441001415252686 -2.3955421447753906 2.307032585144043
v 1.9210671186447144 -6.388360023498535 2.2143707275390625
v 3.937561511993408 -2.392507314682007 2.3173158168792725
v 1.9134385585784912 -6.384749412536621 2.223670244216919
v 3.9299330711364746 -2.388897180557251 2.32661509513855
v 1.9048402309417725 -6.380620956420898 2.2318389415740967
v 3.921334743499756 -2.384768486022949 2.3347840309143066
v 1.8954079151153564 -6.376039028167725 2.238748550415039
v 3.91190242767334 -2.3801865577697754 2.34169340133667
v 1.885290265083313 -6.371075630187988 2.2442898750305176
v 3.901784658432007 -2.375223398208618 2.3472347259521484
v 1.874646782875061 -6.365809917449951 2.248375415802002
v 3.891141176223755 -2.369957447052002 2.351320266723633
v 1.863645315170288 -6.360324382781982 2.250941038131714
v 3.8801398277282715 -2.364471912384033 2.3538858890533447
v 1.8524595499038696 -6.354705333709717 2.251945972442627
v 3.8689539432525635 -2.3588528633117676 2.354890823364258
v 1.8412656784057617 -6.34904146194458 2.2513744831085205
v 3.857759952545166 -2.353188991546631 2.3543193340301514
v 1.8302403688430786 -6.3434224128723145 2.2492356300354004
v 3.8467347621917725 -2.3475699424743652 2.3521804809570312
v 1.8195574283599854 -6.337936878204346 2.24556303024292
v 3.8360519409179688 -2.3420844078063965 2.348507881164551
v 1.8093852996826172 -6.332671165466309 2.24041485786438
v 3.8258798122406006 -2.3368184566497803 2.3433597087860107
v 1.799884557723999 -6.327707767486572 2.2338719367980957
v 3.8163790702819824 -2.331855297088623 2.3368167877197266
v 1.791204810142517 -6.323125839233398 2.2260377407073975
v 3.807699203491211 -2.327273368835449 2.3289825916290283
v 1.7834831476211548 -6.318997383117676 2.2170357704162598
v 3.7999775409698486 -2.3231446743011475 2.3199806213378906
v 1.7768412828445435 -6.315386772155762 2.207007884979248
v 3.7933356761932373 -2.3195345401763916 2.309952735900879
v 1.7713838815689087 -6.312352180480957 2.1961123943328857
v 3.7878782749176025 -2.316499710083008 2.2990572452545166
v 1.7671971321105957 -6.309940814971924 2.184520959854126
v 3.783691644668579 -2.3140883445739746 2.287465810775757
v 1.764346957206726 -6.30819034576416 2.1724164485931396
v 3.78084135055542 -2.31233811378479 2.2753612995147705
v 1.76287841796875 -6.307129383087158 2.159989595413208
v 3.7793729305267334 -2.311276912689209 2.262934446334839
v 1.291110634803772 -7.025909423828125 1.2995798587799072
v 0.9777110815048218 -7.053034782409668 -0.16688591241836548
v 1.2788571119308472 -7.026697635650635 1.302213191986084
v 0.965457558631897 -7.053823471069336 -0.16425257921218872
v 1.2668027877807617 -7.029050827026367 1.3048328161239624
v 0.9534031748771667 -7.05617618560791 -0.1616329550743103
v 1.2551376819610596 -7.032930850982666 1.307397484779358
v 0.9417381286621094 -7.060056209564209 -0.15906822681427002
v 1.2440458536148071 -7.038276672363281 1.3098669052124023
v 0.9306463003158569 -7.065402030944824 -0.15659886598587036
v 1.233702301979065 -7.045004844665527 1.312201738357544
v 0.9203027486801147 -7.07213020324707 -0.1542639136314392
v 1.2242701053619385 -7.053008079528809 1.3143656253814697
v 0.9108704924583435 -7.080133438110352 -0.1521000862121582
v 1.2158979177474976 -7.062160968780518 1.316324234008789
v 0.9024983048439026 -7.0892863273620605 -0.15014159679412842
v 1.2087178230285645 -7.072319030761719 1.3180465698242188
v 0.8953182697296143 -7.099444389343262 -0.14841920137405396
v 1.2028430700302124 -7.083322048187256 1.3195054531097412
v 0.8894435167312622 -7.110447406768799 -0.14696019887924194
v 1.198366403579712 -7.094996452331543 1.3206782341003418
v 0.8849667906761169 -7.122121810913086 -0.1457875370979309
v 1.1953582763671875 -7.107158184051514 1.3215460777282715
v 0.8819586634635925 -7.134283542633057 -0.14491969347000122
v 1.1938661336898804 -7.119615077972412 1.3220953941345215
v 0.8804665803909302 -7.146740436553955 -0.144370436668396
v 1.1939135789871216 -7.132171154022217 1.322317361831665
v 0.8805140256881714 -7.15929651260376 -0.14414829015731812
v 1.1954998970031738 -7.144628047943115 1.3222088813781738
v 0.8821003437042236 -7.171753406524658 -0.14425688982009888
v 1.198599934577942 -7.156789779663086 1.321771264076233
v 0.8852003812789917 -7.183915138244629 -0.14469444751739502
v 1.2031649351119995 -7.168464183807373 1.3210115432739258
v 0.8897653818130493 -7.195589542388916 -0.14545410871505737
v 1.209122896194458 -7.17946720123291 1.3199418783187866
v 0.8957233428955078 -7.206592559814453 -0.1465238332748413
v 1.2163797616958618 -7.189625263214111 1.3185789585113525
v 0.9029802083969116 -7.216750621795654 -0.14788681268692017
v 1.2248210906982422 -7.19877815246582 1.3169441223144531
v 0.911421537399292 -7.225903511047363 -0.14952152967453003
v 1.23431396484375 -7.206781387329102 1.3150634765625
v 0.9209142923355103 -7.2339067459106445 -0.15140217542648315
v 1.2447082996368408 -7.213509559631348 1.3129665851593018
v 0.9313087463378906 -7.240634918212891 -0.15349918603897095
v 1.255840539932251 -7.218855381011963 1.3106863498687744
v 0.9424409866333008 -7.245980739593506 -0.15577936172485352
v 1.2675349712371826 -7.222735404968262 1.3082590103149414
v 0.9541353583335876 -7.249860763549805 -0.15820682048797607
v 1.2796070575714111 -7.225088119506836 1.3057224750518799
v 0.9662075042724609 -7.252213954925537 -0.16074323654174805
v 1.291866660118103 -7.225876808166504 1.303117036819458
v 0.9784670472145081 -7.253002166748047 -0.16334861516952515
v 1.3041201829910278 -7.225088119506836 1.3004837036132812
v 0.9907206296920776 -7.252213954925537 -0.1659819483757019
v 1.3161746263504028 -7.222735404968262 1.2978641986846924
v 1.002774953842163 -7.249860763549805 -0.1686016321182251
v 1.3278396129608154 -7.218855381011963 1.2952994108200073
v 1.0144400596618652 -7.245980739593506 -0.1711663007736206
v 1.3389314413070679 -7.213509559631348 1.292829990386963
v 1.0255318880081177 -7.240634918212891 -0.17363566160202026
v 1.34927499294281 -7.206781387329102 1.2904951572418213
v 1.0358754396438599 -7.2339067459106445 -0.17597061395645142
v 1.3587071895599365 -7.19877815246582 1.2883312702178955
v 1.0453076362609863 -7.225903511047363 -0.17813444137573242
v 1.3670793771743774 -7.189625263214111 1.2863727807998657
v 1.0536798238754272 -7.216750621795654 -0.18009299039840698
v 1.3742594718933105 -7.17946720123291 1.2846503257751465
v 1.0608599185943604 -7.206592559814453 -0.18181532621383667
v 1.3801342248916626 -7.168464183807373 1.283191442489624
v 1.0667346715927124 -7.195589542388916 -0.18327432870864868
v 1.384610891342163 -7.156789779663086 1.2820186614990234
v 1.071211338043213 -7.183915138244629 -0.18444699048995972
v 1.3876190185546875 -7.144628047943115 1.2811508178710938
v 1.0742194652557373 -7.171753406524658 -0.1853148341178894
v 1.3891111612319946 -7.132171154022217 1.2806016206741333
v 1.0757116079330444 -7.15929651260376 -0.1858641505241394
v 1.3890637159347534 -7.119615077972412 1.2803795337677002
v 1.0756641626358032 -7.146740436553955 -0.1860862374305725
v 1.3874773979187012 -7.107158184051514 1.2804880142211914
v 1.074077844619751 -7.134283542633057 -0.18597763776779175
v 1.384377360343933 -7.094996452331543 1.2809256315231323
v 1.070977807044983 -7.122121810913086 -0.1855400800704956
v 1.3798123598098755 -7.083322048187256 1.2816853523254395
v 1.0664128065109253 -7.110447406768799 -0.18478041887283325
v 1.373854398727417 -7.072319030761719 1.2827550172805786
v 1.0604548454284668 -7.099444389343262 -0.18371069431304932
v 1.3665975332260132 -7.062160968780518 1.2841179370880127
v 1.053197979927063 -7.0892863273620605 -0.18234771490097046
v 1.3581562042236328 -7.053008079528809 1.285752773284912
v 1.0447566509246826 -7.080133438110352 -0.1807129979133606
v 1.3486634492874146 -7.045004844665527 1.2876334190368652
v 1.0352637767791748 -7.07213020324707 -0.17883235216140747
v 1.3382689952850342 -7.038276672363281 1.2897303104400635
v 1.024869441986084 -7.065402030944824 -0.17673540115356445
v 1.327136754989624 -7.032930850982666 1.2920105457305908
v 1.0137372016906738 -7.060056209564209 -0.17445522546768188
v 1.3154423236846924 -7.029050827026367 1.2944380044937134
v 1.0020427703857422 -7.05617618560791 -0.17202776670455933
v 1.3033702373504639 -7.026697635650635 1.2969744205474854
v 0.9899706244468689 -7.053823471069336 -0.16949129104614258
v -2.628840208053589 -5.830416679382324 -6.895535469055176
v -6.858166217803955 2.830580711364746 0.994074821472168
v -2.6180529594421387 -5.8309831619262695 -6.88913106918335
v -6.847378730773926 2.830014228820801 1.0004794597625732
v -2.6079540252685547 -5.832674503326416 -6.881860733032227
v -6.8372802734375 2.8283228874206543 1.0077497959136963
v -2.5987024307250977 -5.835463523864746 -6.873839855194092
v -6.828028678894043 2.825533866882324 1.0157709121704102
v -2.590444326400757 -5.839306354522705 -6.865194320678711
v -6.819770336151123 2.8216910362243652 1.024416208267212
v -2.5833098888397217 -5.844141960144043 -6.856060981750488
v -6.812635898590088 2.8168554306030273 1.0335495471954346
v -2.577411413192749 -5.849895000457764 -6.846583843231201
v -6.806737422943115 2.8111023902893066 1.0430269241333008
v -2.5728423595428467 -5.85647439956665 -6.836912155151367
v -6.802167892456055 2.80452299118042 1.0526986122131348
v -2.569674253463745 -5.863775730133057 -6.827198028564453
v -6.799000263214111 2.7972216606140137 1.0624122619628906
v -2.5679574012756348 -5.871684551239014 -6.817595481872559
v -6.797283172607422 2.7893128395080566 1.0720148086547852
v -2.567718982696533 -5.880075931549072 -6.808256149291992
v -6.79704475402832 2.78092098236084 1.0813546180725098
v -2.568962335586548 -5.88881778717041 -6.799325942993164
v -6.798288345336914 2.77217960357666 1.0902845859527588
v -2.5716681480407715 -5.897771835327148 -6.790946960449219
v -6.800993919372559 2.763225555419922 1.098663568496704
v -2.575793743133545 -5.906797409057617 -6.78325080871582
v -6.805119514465332 2.754199981689453 1.1063597202301025
v -2.5812740325927734 -5.9157514572143555 -6.7763590812683105
v -6.810600280761719 2.745245933532715 1.1132514476776123
v -2.588022470474243 -5.924492835998535 -6.77038049697876
v -6.817348480224609 2.736504077911377 1.119230031967163
v -2.595932960510254 -5.932884693145752 -6.765408992767334
v -6.825258731842041 2.7281126976013184 1.1242015361785889
v -2.6048803329467773 -5.940793514251709 -6.761523246765137
v -6.8342061042785645 2.7202038764953613 1.1280877590179443
v -2.6147236824035645 -5.948094844818115 -6.758784294128418
v -6.844049453735352 2.712902545928955 1.1308262348175049
v -2.62530779838562 -5.954674243927002 -6.757235527038574
v -6.854633331298828 2.7063231468200684 1.1323750019073486
v -2.636465549468994 -5.960427284240723 -6.756901741027832
v -6.865791320800781 2.7005701065063477 1.132709264755249
v -2.6480212211608887 -5.9652628898620605 -6.757787227630615
v -6.877346992492676 2.6957345008850098 1.1318233013153076
v -2.65979266166687 -5.9691057205200195 -6.759879112243652
v -6.889118671417236 2.691891670227051 1.1297314167022705
v -2.6715939044952393 -5.97189474105835 -6.763143539428711
v -6.9009199142456055 2.6891026496887207 1.126466989517212
v -2.683238983154297 -5.973586082458496 -6.767529487609863
v -6.912565231323242 2.687411308288574 1.1220810413360596
v -2.6945443153381348 -5.974152565002441 -6.77296781539917
v -6.923870086669922 2.686844825744629 1.116642713546753
v -2.705331563949585 -5.973586082458496 -6.779372215270996
v -6.934657573699951 2.687411308288574 1.1102380752563477
v -2.715430498123169 -5.97189474105835 -6.786643028259277
v -6.944756507873535 2.6891026496887207 1.1029677391052246
v -2.724682092666626 -5.9691057205200195 -6.794663906097412
v -6.954008102416992 2.691891670227051 1.0949468612670898
v -2.732940196990967 -5.9652628898620605 -6.803309440612793
v -6.962265968322754 2.6957345008850098 1.086301326751709
v -2.740074634552002 -5.960427284240723 -6.812442779541016
v -6.969400405883789 2.7005701065063477 1.0771679878234863
v -2.7459731101989746 -5.954674243927002 -6.821919918060303
v -6.975298881530762 2.7063231468200684 1.0676908493041992
v -2.750542402267456 -5.948094844818115 -6.831591606140137
v -6.979867935180664 2.712902545928955 1.0580189228057861
v -2.7537102699279785 -5.940793514251709 -6.841305255889893
v -6.983036041259766 2.7202038764953613 1.0483052730560303
v -2.755427122116089 -5.932884693145752 -6.850907802581787
v -6.984753131866455 2.7281126976013184 1.0387027263641357
v -2.7556657791137695 -5.924492835998535 -6.860247611999512
v -6.984991550445557 2.736504077911377 1.0293629169464111
v -2.754422187805176 -5.9157514572143555 -6.86917781829834
v -6.983748435974121 2.745245933532715 1.0204331874847412
v -2.751716375350952 -5.906797409057617 -6.877556800842285
v -6.981042385101318 2.754199981689453 1.012054204940796
v -2.7475907802581787 -5.897771835327148 -6.885252952575684
v -6.976916790008545 2.763225555419922 1.0043580532073975
v -2.74211049079895 -5.88881778717041 -6.892144203186035
v -6.971436500549316 2.77217960357666 0.9974660873413086
v -2.7353620529174805 -5.880075931549072 -6.898122787475586
v -6.964688301086426 2.78092098236084 0.9914875030517578
v -2.727451801300049 -5.871684551239014 -6.903094291687012
v -6.956777572631836 2.7893128395080566 0.986515998840332
v -2.7185044288635254 -5.863775730133057 -6.906980514526367
v -6.9478302001953125 2.7972216606140137 0.9826300144195557
v -2.7086610794067383 -5.85647439956665 -6.909719467163086
v -6.937986850738525 2.80452299118042 0.979891300201416
v -2.6980769634246826 -5.849895000457764 -6.91126823425293
v -6.927402496337891 2.8111023902893066 0.9783425331115723
v -2.6869189739227295 -5.844141960144043 -6.911602020263672
v -6.916244983673096 2.8168554306030273 0.978008508682251
v -2.675363302230835 -5.839306354522705 -6.9107160568237305
v -6.904689311981201 2.8216910362243652 0.9788942337036133
v -2.6635918617248535 -5.835463523864746 -6.908624649047852
v -6.892917633056641 2.825533866882324 0.9809858798980713
v -2.6517906188964844 -5.832674503326416 -6.905360221862793
v -6.88111686706543 2.8283228874206543 0.984250545501709
v -2.6401455402374268 -5.8309831619262695 -6.900974273681641
v -6.869471549987793 2.830014228820801 0.9886364936828613
v -1.9510507583618164 -6.073013782501221 -6.758050441741943
v 3.785573959350586 -1.8331806659698486 1.5962448120117188
v -1.9405465126037598 -6.0737409591674805 -6.764894008636475
v 3.7960782051086426 -1.8339080810546875 1.5894007682800293
v -1.9298632144927979 -6.075911998748779 -6.771128177642822
v 3.8067612648010254 -1.8360788822174072 1.5831665992736816
v -1.9191696643829346 -6.07949161529541 -6.776654243469238
v 3.8174548149108887 -1.8396589756011963 1.5776405334472656
v -1.9086344242095947 -6.08442497253418 -6.78138542175293
v 3.8279900550842285 -1.8445916175842285 1.5729098320007324
v -1.898423433303833 -6.090632438659668 -6.7852463722229
v 3.8382010459899902 -1.850799322128296 1.5690484046936035
v -1.888697862625122 -6.098016738891602 -6.788177013397217
v 3.847926616668701 -1.8581838607788086 1.5661182403564453
v -1.8796112537384033 -6.106462001800537 -6.790130615234375
v 3.857013463973999 -1.8666291236877441 1.564164638519287
v -1.8713066577911377 -6.1158342361450195 -6.791076183319092
v 3.8653180599212646 -1.8760015964508057 1.563218593597412
v -1.863914966583252 -6.125986576080322 -6.790999889373779
v 3.8727095127105713 -1.8861536979675293 1.5632953643798828
v -1.8575530052185059 -6.136757850646973 -6.7899017333984375
v 3.8790714740753174 -1.8969252109527588 1.5643935203552246
v -1.8523211479187012 -6.147979259490967 -6.78779935836792
v 3.884303331375122 -1.9081463813781738 1.566495418548584
v -1.848301649093628 -6.159472942352295 -6.784726619720459
v 3.8883228302001953 -1.919640064239502 1.5695686340332031
v -1.8455581665039062 -6.171058177947998 -6.780730724334717
v 3.891066551208496 -1.931225299835205 1.573564052581787
v -1.8441336154937744 -6.182551860809326 -6.775876045227051
v 3.892490863800049 -1.9427189826965332 1.5784192085266113
v -1.844050645828247 -6.19377326965332 -6.770237922668457
v 3.892573833465576 -1.9539401531219482 1.5840568542480469
v -1.8453106880187988 -6.204544544219971 -6.763906002044678
v 3.8913137912750244 -1.9647116661071777 1.5903887748718262
v -1.8478939533233643 -6.214696884155273 -6.7569804191589355
v 3.888730764389038 -1.9748637676239014 1.5973148345947266
v -1.8517591953277588 -6.224069118499756 -6.749569416046143
v 3.8848652839660645 -1.984236240386963 1.6047253608703613
v -1.8568460941314697 -6.232514381408691 -6.741790771484375
v 3.8797786235809326 -1.9926815032958984 1.612504482269287
v -1.8630738258361816 -6.239898681640625 -6.733766555786133
v 3.8735506534576416 -2.000066041946411 1.6205286979675293
v -1.870344638824463 -6.2461066246032715 -6.725623607635498
v 3.8662800788879395 -2.0062735080718994 1.628671646118164
v -1.8785436153411865 -6.251039505004883 -6.717490196228027
v 3.8580808639526367 -2.0112063884735107 1.6368050575256348
v -1.8875415325164795 -6.254619598388672 -6.709494590759277
v 3.8490829467773438 -2.0147862434387207 1.6448001861572266
v -1.8971965312957764 -6.2567901611328125 -6.701763153076172
v 3.839428186416626 -2.0169570446014404 1.652531623840332
v -1.9073562622070312 -6.2575178146362305 -6.694417953491211
v 3.829268455505371 -2.0176844596862793 1.6598773002624512
v -1.917860507965088 -6.2567901611328125 -6.6875739097595215
v 3.8187642097473145 -2.0169570446014404 1.6667208671569824
v -1.9285435676574707 -6.254619598388672 -6.681339740753174
v 3.8080809116363525 -2.0147862434387207 1.67295503616333
v -1.939237117767334 -6.251039505004883 -6.675813674926758
v 3.7973873615264893 -2.0112063884735107 1.678481101989746
v -1.9497723579406738 -6.2461066246032715 -6.671082973480225
v 3.7868521213531494 -2.0062735080718994 1.6832122802734375
v -1.9599833488464355 -6.239898681640625 -6.667221546173096
v 3.7766411304473877 -2.000066041946411 1.6870732307434082
v -1.9697089195251465 -6.232514381408691 -6.6642913818359375
v 3.7669155597686768 -1.9926815032958984 1.6900038719177246
v -1.9787957668304443 -6.224069118499756 -6.662337779998779
v 3.757828950881958 -1.984236240386963 1.6919574737548828
v -1.98710036277771 -6.214696884155273 -6.661391735076904
v 3.7495243549346924 -1.9748637676239014 1.6929030418395996
v -1.9944918155670166 -6.204544544219971 -6.661468505859375
v 3.7421326637268066 -1.9647116661071777 1.692826747894287
v -2.0008537769317627 -6.19377326965332 -6.662566661834717
v 3.7357707023620605 -1.9539401531219482 1.6917285919189453
v -2.0060856342315674 -6.182551860809326 -6.664668560028076
v 3.730538845062256 -1.9427189826965332 1.6896262168884277
v -2.0101051330566406 -6.171058177947998 -6.667741775512695
v 3.7265193462371826 -1.931225299835205 1.6865534782409668
v -2.0128488540649414 -6.159472942352295 -6.671737194061279
v 3.723775863647461 -1.919640064239502 1.6825575828552246
v -2.014273166656494 -6.147979259490967 -6.6765923500061035
v 3.722351312637329 -1.9081463813781738 1.6777029037475586
v -2.0143561363220215 -6.136757850646973 -6.682229995727539
v 3.7222683429718018 -1.8969252109527588 1.6720647811889648
v -2.0130960941314697 -6.125986576080322 -6.688561916351318
v 3.7235283851623535 -1.8861536979675293 1.6657328605651855
v -2.0105130672454834 -6.1158342361450195 -6.695487976074219
v 3.726111650466919 -1.8760015964508057 1.6588072776794434
v -2.0066475868225098 -6.106462001800537 -6.7028985023498535
v 3.7299768924713135 -1.8666291236877441 1.6513962745666504
v -2.001560926437378 -6.098016738891602 -6.710677623748779
v 3.7350637912750244 -1.8581838607788086 1.6436176300048828
v -1.995332956314087 -6.090632438659668 -6.7187018394470215
v 3.7412915229797363 -1.850799322128296 1.6355934143066406
v -1.9880623817443848 -6.08442497253418 -6.726844787597656
v 3.7485623359680176 -1.8445916175842285 1.6274504661560059
v -1.979863166809082 -6.07949161529541 -6.734978199005127
v 3.756761312484741 -1.8396589756011963 1.6193170547485352
v -1.970865249633789 -6.075911998748779 -6.742973327636719
v 3.765759229660034 -1.8360788822174072 1.6113214492797852
v -1.9612104892730713 -6.0737409591674805 -6.750704765319824
v 3.775414228439331 -1.8339080810546875 1.6035900115966797
v -1.991831660270691 -6.473973274230957 -6.606636047363281
v 0.4276387691497803 -6.9886345863342285 -1.745330572128296
v -1.9806443452835083 -6.474758148193359 -6.612287521362305
v 0.43882596492767334 -6.989419937133789 -1.7509815692901611
v -1.969699740409851 -6.477100849151611 -6.617982387542725
v 0.44977056980133057 -6.991762638092041 -1.7566766738891602
v -1.9591705799102783 -6.480964183807373 -6.623631477355957
v 0.46029984951019287 -6.995625972747803 -1.7623260021209717
v -1.9492226839065552 -6.4862871170043945 -6.629146575927734
v 0.47024762630462646 -7.000948905944824 -1.7678406238555908
v -1.9400131702423096 -6.49298620223999 -6.634438991546631
v 0.4794572591781616 -7.00764799118042 -1.7731335163116455
v -1.9316871166229248 -6.500955104827881 -6.6394267082214355
v 0.4877833127975464 -7.0156168937683105 -1.778120994567871
v -1.9243758916854858 -6.510068893432617 -6.644030570983887
v 0.49509453773498535 -7.024730682373047 -1.7827246189117432
v -1.9181946516036987 -6.520183086395264 -6.648177146911621
v 0.5012756586074829 -7.034844875335693 -1.7868719100952148
v -1.9132411479949951 -6.531138896942139 -6.651803016662598
v 0.5062291622161865 -7.045800685882568 -1.790497064590454
v -1.9095933437347412 -6.5427632331848145 -6.654849052429199
v 0.5098769664764404 -7.057424545288086 -1.7935433387756348
v -1.90730881690979 -6.554872512817383 -6.6572675704956055
v 0.5121614933013916 -7.0695343017578125 -1.7959623336791992
v -1.906423568725586 -6.5672760009765625 -6.659021377563477
v 0.5130467414855957 -7.081937789916992 -1.7977159023284912
v -1.9069515466690063 -6.579777717590332 -6.6600823402404785
v 0.5125187635421753 -7.094439506530762 -1.7987768650054932
v -1.9088844060897827 -6.592181205749512 -6.660433769226074
v 0.5105859041213989 -7.106842994689941 -1.7991280555725098
v -1.9121917486190796 -6.604290962219238 -6.660069465637207
v 0.5072786808013916 -7.11895227432251 -1.7987639904022217
v -1.9168213605880737 -6.615914821624756 -6.658996105194092
v 0.5026490688323975 -7.1305766105651855 -1.7976903915405273
v -1.9227001667022705 -6.626870632171631 -6.657229900360107
v 0.4967702627182007 -7.1415324211120605 -1.795924425125122
v -1.929735541343689 -6.636984825134277 -6.654799461364746
v 0.4897347688674927 -7.151646614074707 -1.7934937477111816
v -1.9378165006637573 -6.646098613739014 -6.651741981506348
v 0.4816538095474243 -7.160760402679443 -1.7904367446899414
v -1.9468156099319458 -6.654067516326904 -6.648107051849365
v 0.47265470027923584 -7.168729305267334 -1.7868013381958008
v -1.956591010093689 -6.6607666015625 -6.643950939178467
v 0.4628793001174927 -7.17542839050293 -1.7826454639434814
v -1.966988444328308 -6.6660895347595215 -6.639339447021484
v 0.45248186588287354 -7.180751323699951 -1.7780342102050781
v -1.977843999862671 -6.669952869415283 -6.634346008300781
v 0.44162631034851074 -7.184614658355713 -1.773040533065796
v -1.9889863729476929 -6.672295570373535 -6.6290483474731445
v 0.43048393726348877 -7.186957359313965 -1.7677428722381592
v -2.0002400875091553 -6.673080921173096 -6.623530387878418
v 0.4192303419113159 -7.187742233276367 -1.7622251510620117
v -2.011427402496338 -6.672295570373535 -6.617879867553711
v 0.4080430269241333 -7.186957359313965 -1.7565739154815674
v -2.022371768951416 -6.669952869415283 -6.612184524536133
v 0.3970984220504761 -7.184614658355713 -1.7508788108825684
v -2.0329012870788574 -6.6660895347595215 -6.606534957885742
v 0.3865692615509033 -7.180751323699951 -1.7452294826507568
v -2.042849063873291 -6.6607666015625 -6.601020812988281
v 0.3766213655471802 -7.17542839050293 -1.7397148609161377
v -2.052058696746826 -6.654067516326904 -6.595727920532227
v 0.36741185188293457 -7.168729305267334 -1.734422206878662
v -2.060384750366211 -6.646098613739014 -6.590740203857422
v 0.3590857982635498 -7.160760402679443 -1.7294344902038574
v -2.0676958560943604 -6.636984825134277 -6.586136817932129
v 0.35177457332611084 -7.151646614074707 -1.7248308658599854
v -2.0738768577575684 -6.626870632171631 -6.581989288330078
v 0.34559333324432373 -7.1415324211120605 -1.7206838130950928
v -2.0788304805755615 -6.615914821624756 -6.578364372253418
v 0.3406398296356201 -7.1305766105651855 -1.7170584201812744
v -2.0824782848358154 -6.604290962219238 -6.575317859649658
v 0.3369920253753662 -7.11895227432251 -1.7140123844146729
v -2.0847628116607666 -6.592181205749512 -6.572898864746094
v 0.33470749855041504 -7.106842994689941 -1.7115933895111084
v -2.0856480598449707 -6.579777717590332 -6.571145057678223
v 0.33382225036621094 -7.094439506530762 -1.7098395824432373
v -2.08512020111084 -6.5672760009765625 -6.570084571838379
v 0.33435022830963135 -7.081937789916992 -1.7087788581848145
v -2.0831871032714844 -6.554872512817383 -6.569733142852783
v 0.3362830877304077 -7.0695343017578125 -1.7084276676177979
v -2.0798799991607666 -6.5427632331848145 -6.570096969604492
v 0.3395904302597046 -7.057424545288086 -1.708791732788086
v -2.0752503871917725 -6.531138896942139 -6.571170806884766
v 0.34422004222869873 -7.045800685882568 -1.7098650932312012
v -2.0693717002868652 -6.520183086395264 -6.57293701171875
v 0.3500988483428955 -7.034844875335693 -1.7116312980651855
v -2.062335968017578 -6.510068893432617 -6.575367450714111
v 0.35713422298431396 -7.024730682373047 -1.714061975479126
v -2.0542550086975098 -6.500955104827881 -6.578424453735352
v 0.3652151823043823 -7.0156168937683105 -1.7171189785003662
v -2.0452561378479004 -6.49298620223999 -6.582059860229492
v 0.3742142915725708 -7.00764799118042 -1.7207541465759277
v -2.035480499267578 -6.4862871170043945 -6.586215972900391
v 0.38398969173431396 -7.000948905944824 -1.7249102592468262
v -2.025083065032959 -6.480964183807373 -6.590826988220215
v 0.3943871259689331 -6.995625972747803 -1.7295215129852295
v -2.0142276287078857 -6.477100849151611 -6.595820426940918
v 0.4052426815032959 -6.991762638092041 -1.7345151901245117
v -2.003085136413574 -6.474758148193359 -6.601118087768555
v 0.41638505458831787 -6.989419937133789 -1.7398128509521484
v -6.361128330230713 3.1044487953186035 1.6425001621246338
v 3.511967658996582 -1.168472170829773 2.230449676513672
v -6.360695838928223 3.103724956512451 1.6299704313278198
v 3.5124006271362305 -1.1691960096359253 2.2179200649261475
v -6.360894203186035 3.101564884185791 1.6176011562347412
v 3.512202262878418 -1.1713560819625854 2.2055506706237793
v -6.361720085144043 3.0980024337768555 1.6055872440338135
v 3.511375904083252 -1.174918532371521 2.1935367584228516
v -6.363161563873291 3.0930938720703125 1.594118356704712
v 3.509934425354004 -1.179827094078064 2.18206787109375
v -6.365195274353027 3.086916923522949 1.5833754539489746
v 3.5079007148742676 -1.1860042810440063 2.1713249683380127
v -6.367789268493652 3.079568386077881 1.5735275745391846
v 3.505307197570801 -1.1933525800704956 2.1614770889282227
v -6.370902061462402 3.071164608001709 1.5647304058074951
v 3.5021939277648926 -1.2017563581466675 2.152679920196533
v -6.374485492706299 3.061838150024414 1.5571224689483643
v 3.498610496520996 -1.2110830545425415 2.1450719833374023
v -6.378482818603516 3.0517358779907227 1.5508238077163696
v 3.4946136474609375 -1.221185326576233 2.1387734413146973
v -6.3828301429748535 3.0410170555114746 1.545933723449707
v 3.4902658462524414 -1.231904149055481 2.133883237838745
v -6.387460231781006 3.029850959777832 1.5425293445587158
v 3.4856362342834473 -1.2430702447891235 2.130478858947754
v -6.392299175262451 3.018413543701172 1.540664553642273
v 3.480797290802002 -1.2545074224472046 2.1286139488220215
v -6.397270679473877 3.006885051727295 1.5403684377670288
v 3.475825786590576 -1.2660356760025024 2.1283180713653564
v -6.402296543121338 2.995448112487793 1.541645884513855
v 3.470799446105957 -1.2774730920791626 2.1295955181121826
v -6.407297611236572 2.9842820167541504 1.5444767475128174
v 3.4657983779907227 -1.2886391878128052 2.1324262619018555
v -6.412194728851318 2.9735631942749023 1.548816204071045
v 3.4609012603759766 -1.2993580102920532 2.136765718460083
v -6.4169111251831055 2.963460922241211 1.554595947265625
v 3.4561848640441895 -1.3094602823257446 2.142545461654663
v -6.421372413635254 2.954133987426758 1.5617249011993408
v 3.451724052429199 -1.3187869787216187 2.149674415588379
v -6.425507545471191 2.945730209350586 1.570090413093567
v 3.4475889205932617 -1.3271905183792114 2.1580400466918945
v -6.429251670837402 2.938382148742676 1.5795607566833496
v 3.4438443183898926 -1.3345390558242798 2.1675102710723877
v -6.4325456619262695 2.9322047233581543 1.5899865627288818
v 3.4405503273010254 -1.3407162427902222 2.17793607711792
v -6.435338020324707 2.9272961616516113 1.6012033224105835
v 3.437757968902588 -1.3456248044967651 2.189152956008911
v -6.437584400177002 2.923733711242676 1.6130341291427612
v 3.435511589050293 -1.3491870164871216 2.200983762741089
v -6.439249515533447 2.9215736389160156 1.6252925395965576
v 3.433846950531006 -1.3513473272323608 2.2132420539855957
v -6.440306663513184 2.9208498001098633 1.6377850770950317
v 3.4327893257141113 -1.3520711660385132 2.2257347106933594
v -6.440739631652832 2.9215736389160156 1.6503148078918457
v 3.432356834411621 -1.3513473272323608 2.238264322280884
v -6.4405412673950195 2.923733711242676 1.6626842021942139
v 3.4325551986694336 -1.3491870164871216 2.250633716583252
v -6.4397149085998535 2.9272961616516113 1.674697995185852
v 3.4333810806274414 -1.3456248044967651 2.2626476287841797
v -6.4382734298706055 2.9322047233581543 1.6861668825149536
v 3.4348225593566895 -1.3407162427902222 2.2741165161132812
v -6.436239719390869 2.938382148742676 1.6969099044799805
v 3.436856269836426 -1.3345390558242798 2.2848594188690186
v -6.433646202087402 2.945730209350586 1.7067577838897705
v 3.439450263977051 -1.3271905183792114 2.2947072982788086
v -6.430532932281494 2.954133987426758 1.71555495262146
v 3.442563056945801 -1.3187869787216187 2.303504467010498
v -6.426949501037598 2.963460922241211 1.7231628894805908
v 3.4461464881896973 -1.3094602823257446 2.311112403869629
v -6.422952651977539 2.9735631942749023 1.7294615507125854
v 3.450143814086914 -1.2993580102920532 2.317411184310913
v -6.418604850769043 2.9842820167541504 1.734351634979248
v 3.454491138458252 -1.2886391878128052 2.322301149368286
v -6.413975238800049 2.995448112487793 1.7377558946609497
v 3.4591212272644043 -1.2774730920791626 2.3257055282592773
v -6.4091362953186035 3.006885051727295 1.7396208047866821
v 3.4639601707458496 -1.2660356760025024 2.3275704383850098
v -6.404164791107178 3.018413543701172 1.7399169206619263
v 3.4689316749572754 -1.2545074224472046 2.327866315841675
v -6.399138450622559 3.029850959777832 1.7386394739151
v 3.4739575386047363 -1.2430702447891235 2.3265891075134277
v -6.394137382507324 3.0410170555114746 1.7358086109161377
v 3.4789586067199707 -1.231904149055481 2.323758125305176
v -6.389240264892578 3.0517358779907227 1.7314691543579102
v 3.483855724334717 -1.221185326576233 2.3194186687469482
v -6.384523868560791 3.061838150024414 1.72568941116333
v 3.488572120666504 -1.2110830545425415 2.313638925552368
v -6.380063056945801 3.071164608001709 1.7185604572296143
v 3.4930334091186523 -1.2017563581466675 2.3065099716186523
v -6.375927925109863 3.079568386077881 1.7101949453353882
v 3.49716854095459 -1.1933525800704956 2.2981443405151367
v -6.372183322906494 3.086916923522949 1.7007246017456055
v 3.500912666320801 -1.1860042810440063 2.2886741161346436
v -6.368889331817627 3.0930938720703125 1.6902987957000732
v 3.504206657409668 -1.179827094078064 2.2782483100891113
v -6.3660969734191895 3.0980024337768555 1.6790820360183716
v 3.5069990158081055 -1.174918532371521 2.267031669616699
v -6.3638505935668945 3.101564884185791 1.6672511100769043
v 3.5092453956604004 -1.1713560819625854 2.2552006244659424
v -6.362185955047607 3.103724956512451 1.6549928188323975
v 3.5109105110168457 -1.1691960096359253 2.2429423332214355
v -6.6011223793029785 2.747612953186035 1.406000018119812
v 0.3706796169281006 -6.441536903381348 -0.8567197322845459
v -6.60557746887207 2.7471208572387695 1.3942692279815674
v 0.3662242889404297 -6.442028522491455 -0.8684505224227905
v -6.611135482788086 2.7456536293029785 1.383103847503662
v 0.36066651344299316 -6.443496227264404 -0.8796159029006958
v -6.617708206176758 2.7432336807250977 1.3726803064346313
v 0.3540940284729004 -6.445915699005127 -0.8900394439697266
v -6.625191688537598 2.7398996353149414 1.3631627559661865
v 0.34661030769348145 -6.449250221252441 -0.8995569944381714
v -6.6334686279296875 2.735703468322754 1.3547013998031616
v 0.3383336067199707 -6.453446388244629 -0.9080183506011963
v -6.6424078941345215 2.7307119369506836 1.347429633140564
v 0.3293943405151367 -6.458437919616699 -0.915290117263794
v -6.65186882019043 2.725003242492676 1.3414621353149414
v 0.3199334144592285 -6.464146137237549 -0.9212576150894165
v -6.6617021560668945 2.718667984008789 1.3368929624557495
v 0.3101003170013428 -6.470481872558594 -0.9258267879486084
v -6.671752452850342 2.711805820465088 1.333794355392456
v 0.3000497817993164 -6.477344036102295 -0.9289253950119019
v -6.681861877441406 2.704524517059326 1.3322150707244873
v 0.28994035720825195 -6.484624862670898 -0.9305046796798706
v -6.69187068939209 2.696939468383789 1.3321799039840698
v 0.27993178367614746 -6.4922099113464355 -0.9305398464202881
v -6.701620578765869 2.6891703605651855 1.3336896896362305
v 0.27018141746520996 -6.499979019165039 -0.929030179977417
v -6.710958480834961 2.6813392639160156 1.33672034740448
v 0.26084351539611816 -6.507810115814209 -0.9259995222091675
v -6.7197370529174805 2.673570156097412 1.3412240743637085
v 0.25206518173217773 -6.5155792236328125 -0.9214956760406494
v -6.727817535400391 2.665985107421875 1.3471300601959229
v 0.24398469924926758 -6.52316427230835 -0.9155896902084351
v -6.735072612762451 2.6587042808532715 1.3543450832366943
v 0.23672962188720703 -6.530445575714111 -0.9083746671676636
v -6.741387844085693 2.6518421173095703 1.362755298614502
v 0.23041439056396484 -6.5373077392578125 -0.899964451789856
v -6.746663570404053 2.6455063819885254 1.3722281455993652
v 0.22513842582702637 -6.543642997741699 -0.8904916048049927
v -6.75081729888916 2.639798164367676 1.3826141357421875
v 0.22098517417907715 -6.549351692199707 -0.8801056146621704
v -6.753782272338867 2.6348066329956055 1.393749475479126
v 0.21801996231079102 -6.554343223571777 -0.8689702749252319
v -6.755512237548828 2.630610466003418 1.405458688735962
v 0.21628975868225098 -6.558539390563965 -0.857261061668396
v -6.755980491638184 2.6272759437561035 1.4175570011138916
v 0.2158215045928955 -6.561873435974121 -0.8451627492904663
v -6.755179405212402 2.624856472015381 1.4298536777496338
v 0.21662282943725586 -6.564293384552002 -0.8328660726547241
v -6.7531208992004395 2.6233887672424316 1.4421547651290894
v 0.21868109703063965 -6.565760612487793 -0.8205649852752686
v -6.749837875366211 2.622897148132324 1.4542663097381592
v 0.22196388244628906 -6.566252708435059 -0.8084534406661987
v -6.745382785797119 2.6233887672424316 1.4659970998764038
v 0.22641921043395996 -6.565760612487793 -0.7967226505279541
v -6.739825248718262 2.624856472015381 1.477162480354309
v 0.23197698593139648 -6.564293384552002 -0.7855572700500488
v -6.73325252532959 2.6272759437561035 1.4875860214233398
v 0.23854970932006836 -6.561873435974121 -0.7751337289810181
v -6.72576904296875 2.630610466003418 1.4971035718917847
v 0.2460331916809082 -6.558539390563965 -0.7656161785125732
v -6.71749210357666 2.6348066329956055 1.5055649280548096
v 0.25430989265441895 -6.554343223571777 -0.7571548223495483
v -6.708552837371826 2.639798164367676 1.5128366947174072
v 0.26324939727783203 -6.549351692199707 -0.7498830556869507
v -6.699091911315918 2.6455063819885254 1.5188041925430298
v 0.27271008491516113 -6.543642997741699 -0.7439155578613281
v -6.689258575439453 2.6518421173095703 1.5233733654022217
v 0.282543420791626 -6.5373077392578125 -0.7393463850021362
v -6.679208278656006 2.6587042808532715 1.5264719724655151
v 0.29259395599365234 -6.530445575714111 -0.7362477779388428
v -6.669098854064941 2.665985107421875 1.5280512571334839
v 0.3027031421661377 -6.52316427230835 -0.734668493270874
v -6.659090042114258 2.673570156097412 1.5280864238739014
v 0.3127119541168213 -6.5155792236328125 -0.7346333265304565
v -6.64933967590332 2.6813392639160156 1.5265767574310303
v 0.3224620819091797 -6.507810115814209 -0.7361431121826172
v -6.640002250671387 2.6891703605651855 1.5235460996627808
v 0.3317999839782715 -6.499979019165039 -0.7391737699508667
v -6.631223678588867 2.696939468383789 1.5190422534942627
v 0.3405783176422119 -6.4922099113464355 -0.7436774969100952
v -6.623143196105957 2.704524517059326 1.5131362676620483
v 0.34865880012512207 -6.484624862670898 -0.7495834827423096
v -6.6158881187438965 2.711805820465088 1.5059212446212769
v 0.3559141159057617 -6.477344036102295 -0.756798505783081
v -6.609572887420654 2.718667984008789 1.4975110292434692
v 0.3622293472290039 -6.470481872558594 -0.7652087211608887
v -6.604296684265137 2.725003242492676 1.488038182258606
v 0.3675050735473633 -6.464146137237549 -0.774681568145752
v -6.6001434326171875 2.7307119369506836 1.4776521921157837
v 0.3716585636138916 -6.458437919616699 -0.7850675582885742
v -6.5971784591674805 2.735703468322754 1.4665168523788452
v 0.37462353706359863 -6.453446388244629 -0.7962028980255127
v -6.5954484939575195 2.7398996353149414 1.4548076391220093
v 0.3763539791107178 -6.449250221252441 -0.8079121112823486
v -6.594980239868164 2.7432336807250977 1.4427093267440796
v 0.37682199478149414 -6.445915699005127 -0.8200104236602783
v -6.595781326293945 2.7456536293029785 1.4304126501083374
v 0.3760206699371338 -6.443496227264404 -0.8323071002960205
v -6.59783935546875 2.7471208572387695 1.4181115627288818
v 0.37396240234375 -6.442028522491455 -0.8446081876754761
v 3.7955989837646484 -2.1790072917938232 1.8425687551498413
v 1.1457558870315552 -6.456925392150879 -0.6689540147781372
v 3.787412643432617 -2.1795191764831543 1.8520779609680176
v 1.1375694274902344 -6.457437515258789 -0.6594448089599609
v 3.7802257537841797 -2.181046724319458 1.862262487411499
v 1.130382776260376 -6.458965301513672 -0.6492602825164795
v 3.7741522789001465 -2.183566093444824 1.8729615211486816
v 1.1243091821670532 -6.461483955383301 -0.6385612487792969
v 3.769287586212158 -2.1870369911193848 1.8840066194534302
v 1.1194443702697754 -6.4649553298950195 -0.6275162696838379
v 3.7657084465026855 -2.1914052963256836 1.8952232599258423
v 1.1158653497695923 -6.469323635101318 -0.6162995100021362
v 3.7634711265563965 -2.1966018676757812 1.9064347743988037
v 1.1136282682418823 -6.474519729614258 -0.6050879955291748
v 3.7626113891601562 -2.2025444507598877 1.917464256286621
v 1.1127684116363525 -6.480463027954102 -0.5940585136413574
v 3.7631425857543945 -2.209139823913574 1.9281378984451294
v 1.1132996082305908 -6.487058162689209 -0.5833848714828491
v 3.7650561332702637 -2.2162837982177734 1.9382871389389038
v 1.1152132749557495 -6.494202136993408 -0.5732356309890747
v 3.768322229385376 -2.2238636016845703 1.9477521181106567
v 1.1184792518615723 -6.501781940460205 -0.5637706518173218
v 3.7728891372680664 -2.231759786605835 1.9563835859298706
v 1.1230460405349731 -6.509677886962891 -0.5551393032073975
v 3.778684616088867 -2.2398478984832764 1.9640451669692993
v 1.1288416385650635 -6.517765998840332 -0.5474776029586792
v 3.7856175899505615 -2.248000144958496 1.970616340637207
v 1.1357746124267578 -6.525918006896973 -0.5409064292907715
v 3.793578624725342 -2.2560880184173584 1.975993275642395
v 1.143735647201538 -6.534006118774414 -0.535529613494873
v 3.8024423122406006 -2.263984203338623 1.9800912141799927
v 1.1525993347167969 -6.541902542114258 -0.5314315557479858
v 3.812068462371826 -2.27156400680542 1.9828455448150635
v 1.162225604057312 -6.549482345581055 -0.528677225112915
v 3.822305679321289 -2.278707981109619 1.984212875366211
v 1.172462821006775 -6.556626319885254 -0.5273100137710571
v 3.8329925537109375 -2.2853033542633057 1.9841715097427368
v 1.1831495761871338 -6.5632219314575195 -0.5273512601852417
v 3.8439602851867676 -2.291246175765991 1.982722282409668
v 1.1941171884536743 -6.569164276123047 -0.5288004875183105
v 3.8550357818603516 -2.2964425086975098 1.9798879623413086
v 1.2051928043365479 -6.5743608474731445 -0.5316349267959595
v 3.866044521331787 -2.3008108139038086 1.9757131338119507
v 1.216201663017273 -6.578729152679443 -0.5358096361160278
v 3.8768134117126465 -2.3042819499969482 1.9702638387680054
v 1.2269703149795532 -6.582200050354004 -0.5412589311599731
v 3.887171745300293 -2.3068010807037354 1.9636259078979492
v 1.2373287677764893 -6.584719657897949 -0.5478968620300293
v 3.8969566822052 -2.308328628540039 1.9559040069580078
v 1.2471137046813965 -6.586246967315674 -0.5556187629699707
v 3.9060139656066895 -2.30884051322937 1.947219967842102
v 1.2561707496643066 -6.586758613586426 -0.5643028020858765
v 3.9142003059387207 -2.308328628540039 1.9377107620239258
v 1.2643572092056274 -6.586246967315674 -0.5738120079040527
v 3.921386957168579 -2.3068010807037354 1.9275262355804443
v 1.2715439796447754 -6.584719657897949 -0.5839965343475342
v 3.9274606704711914 -2.3042819499969482 1.9168272018432617
v 1.2776175737380981 -6.582200050354004 -0.5946955680847168
v 3.9323253631591797 -2.3008108139038086 1.9057822227478027
v 1.2824822664260864 -6.578729152679443 -0.6057406663894653
v 3.9359045028686523 -2.2964425086975098 1.894565463066101
v 1.286061406135559 -6.5743608474731445 -0.6169573068618774
v 3.938141345977783 -2.291246175765991 1.8833539485931396
v 1.288298487663269 -6.569164276123047 -0.6281688213348389
v 3.9390013217926025 -2.2853033542633057 1.8723244667053223
v 1.2891582250595093 -6.5632219314575195 -0.6391983032226562
v 3.9384701251983643 -2.278707981109619 1.861650824546814
v 1.2886271476745605 -6.556626319885254 -0.6498719453811646
v 3.936556339263916 -2.27156400680542 1.8515015840530396
v 1.2867134809494019 -6.549482345581055 -0.660021185874939
v 3.933290481567383 -2.263984203338623 1.8420366048812866
v 1.283447504043579 -6.541902542114258 -0.6694861650466919
v 3.9287238121032715 -2.2560880184173584 1.8334052562713623
v 1.2788807153701782 -6.534006118774414 -0.6781176328659058
v 3.9229280948638916 -2.248000144958496 1.825743556022644
v 1.273085117340088 -6.525918006896973 -0.6857792139053345
v 3.9159951210021973 -2.2398478984832764 1.8191723823547363
v 1.2661521434783936 -6.517765998840332 -0.6923503875732422
v 3.908034086227417 -2.231759786605835 1.813795566558838
v 1.2581909894943237 -6.509677886962891 -0.6977273225784302
v 3.899170398712158 -2.2238636016845703 1.8096975088119507
v 1.2493274211883545 -6.501781940460205 -0.7018252611160278
v 3.8895440101623535 -2.2162837982177734 1.8069431781768799
v 1.2397011518478394 -6.494202136993408 -0.7045795917510986
v 3.8793067932128906 -2.209139823913574 1.805575966835022
v 1.2294639348983765 -6.487058162689209 -0.7059469223022461
v 3.8686201572418213 -2.2025444507598877 1.8056172132492065
v 1.2187771797180176 -6.480463027954102 -0.705905556678772
v 3.8576526641845703 -2.1966018676757812 1.8070664405822754
v 1.207809567451477 -6.474519729614258 -0.7044563293457031
v 3.8465769290924072 -2.1914052963256836 1.8099008798599243
v 1.1967339515686035 -6.469323635101318 -0.7016220092773438
v 3.8355679512023926 -2.1870369911193848 1.8140755891799927
v 1.1857250928878784 -6.4649553298950195 -0.6974471807479858
v 3.8247995376586914 -2.183566093444824 1.819524884223938
v 1.1749564409255981 -6.461483955383301 -0.6919978857040405
v 3.814440965652466 -2.181046724319458 1.8261628150939941
v 1.164597988128662 -6.458965301513672 -0.6853599548339844
v 3.8046560287475586 -2.1795191764831543 1.8338847160339355
v 1.1548130512237549 -6.457437515258789 -0.677638053894043
v 0.8767366409301758 5.222317218780518 4.4997172355651855
v 0.8767366409301758 5.222317218780518 3.2997169494628906
v 0.9416080713272095 5.222317218780518 4.496199607849121
v 1.0057189464569092 5.222317218780518 4.485689163208008
v 1.0683175325393677 5.222317218780518 4.468308925628662
v 1.1286700963974 5.222317218780518 4.444262504577637
v 1.1860690116882324 5.222317218780518 4.4138312339782715
v 1.2398412227630615 5.222317218780518 4.377372741699219
v 1.2893563508987427 5.222317218780518 4.3353142738342285
v 1.3340338468551636 5.222317218780518 4.288148880004883
v 1.3733500242233276 5.222317218780518 4.236429214477539
v 1.406843900680542 5.222317218780518 4.18076229095459
v 1.4341226816177368 5.222317218780518 4.121799945831299
v 1.454866647720337 5.222317218780518 4.060234069824219
v 1.4688324928283691 5.222317218780518 3.99678635597229
v 1.4758566617965698 5.222317218780518 3.9322004318237305
v 1.4758566617965698 5.222317218780518 3.8672337532043457
v 1.4688324928283691 5.222317218780518 3.802647829055786
v 1.454866647720337 5.222317218780518 3.7392001152038574
v 1.4341226816177368 5.222317218780518 3.6776342391967773
v 1.406843900680542 5.222317218780518 3.6186718940734863
v 1.3733500242233276 5.222317218780518 3.563004970550537
v 1.3340338468551636 5.222317218780518 3.5112853050231934
v 1.2893563508987427 5.222317218780518 3.4641199111938477
v 1.2398412227630615 5.222317218780518 3.4220612049102783
v 1.1860690116882324 5.222317218780518 3.3856027126312256
v 1.1286700963974 5.222317218780518 3.3551719188690186
v 1.0683175325393677 5.222317218780518 3.331125259399414
v 1.0057189464569092 5.222317218780518 3.3137447834014893
v 0.9416080713272095 5.222317218780518 3.303234338760376
v 0.9401904344558716 5.235804557800293 4.496199607849121
v 1.0029003620147705 5.249134063720703 4.485689163208008
v 1.0641310214996338 5.262149333953857 4.468308925628662
v 1.1231647729873657 5.274697303771973 4.444262504577637
v 1.179309368133545 5.286631107330322 4.4138312339782715
v 1.2319064140319824 5.297811031341553 4.377372741699219
v 1.2803395986557007 5.30810546875 4.3353142738342285
v 1.3240408897399902 5.317394733428955 4.288148880004883
v 1.3624978065490723 5.325569152832031 4.236429214477539
v 1.3952597379684448 5.33253288269043 4.18076229095459
v 1.4219424724578857 5.338204383850098 4.121799945831299
v 1.4422330856323242 5.342517375946045 4.060234069824219
v 1.4558937549591064 5.345420837402344 3.99678635597229
v 1.4627645015716553 5.34688138961792 3.9322004318237305
v 1.4627645015716553 5.34688138961792 3.8672337532043457
v 1.4558937549591064 5.345420837402344 3.802647829055786
v 1.4422330856323242 5.342517375946045 3.7392001152038574
v 1.4219424724578857 5.338204383850098 3.6776342391967773
v 1.3952597379684448 5.33253288269043 3.6186718940734863
v 1.3624978065490723 5.325569152832031 3.563004970550537
v 1.3240408897399902 5.317394733428955 3.5112853050231934
v 1.2803395986557007 5.30810546875 3.4641199111938477
v 1.2319064140319824 5.297811031341553 3.4220612049102783
v 1.179309368133545 5.286631107330322 3.3856027126312256
v 1.1231647729873657 5.274697303771973 3.3551719188690186
v 1.0641310214996338 5.262149333953857 3.331125259399414
v 1.0029003620147705 5.249134063720703 3.3137447834014893
v 0.9401904344558716 5.235804557800293 3.303234338760376
v 0.9359996318817139 5.2487030029296875 4.496199607849121
v 0.9945678114891052 5.274778842926025 4.485689163208008
v 1.0517544746398926 5.3002400398254395 4.468308925628662
v 1.106889247894287 5.324787616729736 4.444262504577637
v 1.1593258380889893 5.3481340408325195 4.4138312339782715
v 1.208449125289917 5.370005130767822 4.377372741699219
v 1.2536834478378296 5.3901448249816895 4.3353142738342285
v 1.2944984436035156 5.408316612243652 4.288148880004883
v 1.3304154872894287 5.4243083000183105 4.236429214477539
v 1.361013650894165 5.437931060791016 4.18076229095459
v 1.3859341144561768 5.449026584625244 4.121799945831299
v 1.404884696006775 5.45746374130249 4.060234069824219
v 1.4176431894302368 5.463144302368164 3.99678635597229
v 1.4240601062774658 5.466001510620117 3.9322004318237305
v 1.4240601062774658 5.466001510620117 3.8672337532043457
v 1.4176431894302368 5.463144302368164 3.802647829055786
v 1.404884696006775 5.45746374130249 3.7392001152038574
v 1.3859341144561768 5.449026584625244 3.6776342391967773
v 1.361013650894165 5.437931060791016 3.6186718940734863
v 1.3304154872894287 5.4243083000183105 3.563004970550537
v 1.2944984436035156 5.408316612243652 3.5112853050231934
v 1.2536834478378296 5.3901448249816895 3.4641199111938477
v 1.208449125289917 5.370005130767822 3.4220612049102783
v 1.1593258380889893 5.3481340408325195 3.3856027126312256
v 1.106889247894287 5.324787616729736 3.3551719188690186
v 1.0517544746398926 5.3002400398254395 3.331125259399414
v 0.9945678114891052 5.274778842926025 3.3137447834014893
v 0.9359996318817139 5.2487030029296875 3.303234338760376
v 0.9292187094688416 5.2604475021362305 4.496199607849121
v 0.981085479259491 5.298130989074707 4.485689163208008
v 1.0317288637161255 5.334925651550293 4.468308925628662
v 1.0805550813674927 5.3703999519348145 4.444262504577637
v 1.1269917488098145 5.404138088226318 4.4138312339782715
v 1.1704943180084229 5.435744762420654 4.377372741699219
v 1.2105529308319092 5.46484899520874 4.3353142738342285
v 1.2466979026794434 5.491109848022461 4.288148880004883
v 1.2785053253173828 5.514219284057617 4.236429214477539
v 1.3056024312973022 5.53390645980835 4.18076229095459
v 1.3276714086532593 5.549940586090088 4.121799945831299
v 1.3444535732269287 5.562133312225342 4.060234069824219
v 1.3557522296905518 5.570342540740967 3.99678635597229
v 1.3614349365234375 5.5744709968566895 3.9322004318237305
v 1.3614349365234375 5.5744709968566895 3.8672337532043457
v 1.3557522296905518 5.570342540740967 3.802647829055786
v 1.3444535732269287 5.562133312225342 3.7392001152038574
v 1.3276714086532593 5.549940586090088 3.6776342391967773
v 1.3056024312973022 5.53390645980835 3.6186718940734863
v 1.2785053253173828 5.514219284057617 3.563004970550537
v 1.2466979026794434 5.491109848022461 3.5112853050231934
v 1.2105529308319092 5.46484899520874 3.4641199111938477
v 1.1704943180084229 5.435744762420654 3.4220612049102783
v 1.1269917488098145 5.404138088226318 3.3856027126312256
v 1.0805550813674927 5.3703999519348145 3.3551719188690186
v 1.0317288637161255 5.334925651550293 3.331125259399414
v 0.981085479259491 5.298130989074707 3.3137447834014893
v 0.9292187094688416 5.2604475021362305 3.303234338760376
v 0.9201440811157227 5.270525932312012 4.496199607849121
v 0.9630426168441772 5.318169593811035 4.485689163208008
v 1.0049293041229248 5.364689826965332 4.468308925628662
v 1.0453130006790161 5.409540176391602 4.444262504577637
v 1.083720326423645 5.45219612121582 4.4138312339782715
v 1.1197010278701782 5.492156505584717 4.377372741699219
v 1.152833104133606 5.528953552246094 4.3353142738342285
v 1.1827281713485718 5.562155246734619 4.288148880004883
v 1.209035873413086 5.591372966766357 4.236429214477539
v 1.2314475774765015 5.6162638664245605 4.18076229095459
v 1.249700665473938 5.63653564453125 4.121799945831299
v 1.2635811567306519 5.651951313018799 4.060234069824219
v 1.2729260921478271 5.662330150604248 3.99678635597229
v 1.2776262760162354 5.667550086975098 3.9322004318237305
v 1.2776262760162354 5.667550086975098 3.8672337532043457
v 1.2729260921478271 5.662330150604248 3.802647829055786
v 1.2635811567306519 5.651951313018799 3.7392001152038574
v 1.249700665473938 5.63653564453125 3.6776342391967773
v 1.2314475774765015 5.6162638664245605 3.6186718940734863
v 1.209035873413086 5.591372966766357 3.563004970550537
v 1.1827281713485718 5.562155246734619 3.5112853050231934
v 1.152833104133606 5.528953552246094 3.4641199111938477
v 1.1197010278701782 5.492156505584717 3.4220612049102783
v 1.083720326423645 5.45219612121582 3.3856027126312256
v 1.0453130006790161 5.409540176391602 3.3551719188690186
v 1.0049293041229248 5.364689826965332 3.331125259399414
v 0.9630426168441772 5.318169593811035 3.3137447834014893
v 0.9201440811157227 5.270525932312012 3.303234338760376
v 0.9091723561286926 5.278497695922852 4.496199607849121
v 0.9412277936935425 5.334019184112549 4.485689163208008
v 0.9725270867347717 5.38823127746582 4.468308925628662
v 1.0027034282684326 5.440497875213623 4.444262504577637
v 1.031402826309204 5.490206718444824 4.4138312339782715
v 1.0582889318466187 5.5367751121521 4.377372741699219
v 1.0830464363098145 5.57965612411499 4.3353142738342285
v 1.1053853034973145 5.618348121643066 4.288148880004883
v 1.1250433921813965 5.652397155761719 4.236429214477539
v 1.1417902708053589 5.681403636932373 4.18076229095459
v 1.1554296016693115 5.7050275802612305 4.121799945831299
v 1.1658016443252563 5.722992420196533 4.060234069824219
v 1.1727845668792725 5.7350873947143555 3.99678635597229
v 1.1762967109680176 5.741170406341553 3.9322004318237305
v 1.1762967109680176 5.741170406341553 3.8672337532043457
v 1.1727845668792725 5.7350873947143555 3.802647829055786
v 1.1658016443252563 5.722992420196533 3.7392001152038574
v 1.1554296016693115 5.7050275802612305 3.6776342391967773
v 1.1417902708053589 5.681403636932373 3.6186718940734863
v 1.1250433921813965 5.652397155761719 3.563004970550537
v 1.1053853034973145 5.618348121643066 3.5112853050231934
v 1.0830464363098145 5.57965612411499 3.4641199111938477
v 1.0582889318466187 5.5367751121521 3.4220612049102783
v 1.031402826309204 5.490206718444824 3.3856027126312256
v 1.0027034282684326 5.440497875213623 3.3551719188690186
v 0.9725270867347717 5.38823127746582 3.331125259399414
v 0.9412277936935425 5.334019184112549 3.3137447834014893
v 0.9091723561286926 5.278497695922852 3.303234338760376
v 0.8967829942703247 5.284013748168945 4.496199607849121
v 0.9165943264961243 5.344986438751221 4.485689163208008
v 0.9359384179115295 5.404521465301514 4.468308925628662
v 0.9545883536338806 5.461920261383057 4.444262504577637
v 0.9723255634307861 5.516509532928467 4.4138312339782715
v 0.9889420866966248 5.567650318145752 4.377372741699219
v 1.0042431354522705 5.614741802215576 4.3353142738342285
v 1.0180492401123047 5.657232761383057 4.288148880004883
v 1.030198574066162 5.694624423980713 4.236429214477539
v 1.0405488014221191 5.7264790534973145 4.18076229095459
v 1.0489784479141235 5.75242280960083 4.121799945831299
v 1.0553886890411377 5.772151470184326 4.060234069824219
v 1.059704303741455 5.785433769226074 3.99678635597229
v 1.0618748664855957 5.7921142578125 3.9322004318237305
v 1.0618748664855957 5.7921142578125 3.8672337532043457
v 1.059704303741455 5.785433769226074 3.802647829055786
v 1.0553886890411377 5.772151470184326 3.7392001152038574
v 1.0489784479141235 5.75242280960083 3.6776342391967773
v 1.0405488014221191 5.7264790534973145 3.6186718940734863
v 1.030198574066162 5.694624423980713 3.563004970550537
v 1.0180492401123047 5.657232761383057 3.5112853050231934
v 1.0042431354522705 5.614741802215576 3.4641199111938477
v 0.9889420866966248 5.567650318145752 3.4220612049102783
v 0.9723255634307861 5.516509532928467 3.3856027126312256
v 0.9545883536338806 5.461920261383057 3.3551719188690186
v 0.9359384179115295 5.404521465301514 3.331125259399414
v 0.9165943264961243 5.344986438751221 3.3137447834014893
v 0.8967829942703247 5.284013748168945 3.303234338760376
v 0.8835175633430481 5.2868332862854 4.496199607849121
v 0.89021897315979 5.350593090057373 4.485689163208008
v 0.8967623114585876 5.412848472595215 4.468308925628662
v 0.903070867061615 5.472870349884033 4.444262504577637
v 0.9090706706047058 5.52995491027832 4.4138312339782715
v 0.9146913886070251 5.583432674407959 4.377372741699219
v 0.9198671579360962 5.632676601409912 4.3353142738342285
v 0.9245372414588928 5.677109241485596 4.288148880004883
v 0.9286468625068665 5.71621036529541 4.236429214477539
v 0.9321479201316833 5.749520301818848 4.18076229095459
v 0.9349993467330933 5.7766499519348145 4.121799945831299
v 0.9371677041053772 5.797280311584473 4.060234069824219
v 0.9386275410652161 5.811169624328613 3.99678635597229
v 0.9393617510795593 5.818155288696289 3.9322004318237305
v 0.9393617510795593 5.818155288696289 3.8672337532043457
v 0.9386275410652161 5.811169624328613 3.802647829055786
v 0.9371677041053772 5.797280311584473 3.7392001152038574
v 0.9349993467330933 5.7766499519348145 3.6776342391967773
v 0.9321479201316833 5.749520301818848 3.6186718940734863
v 0.9286468625068665 5.71621036529541 3.563004970550537
v 0.9245372414588928 5.677109241485596 3.5112853050231934
v 0.9198671579360962 5.632676601409912 3.4641199111938477
v 0.9146913886070251 5.583432674407959 3.4220612049102783
v 0.9090706706047058 5.52995491027832 3.3856027126312256
v 0.903070867061615 5.472870349884033 3.3551719188690186
v 0.8967623114585876 5.412848472595215 3.331125259399414
v 0.89021897315979 5.350593090057373 3.3137447834014893
v 0.8835175633430481 5.2868332862854 3.303234338760376
v 0.8699557185173035 5.2868332862854 4.496199607849121
v 0.8632543087005615 5.350593090057373 4.485689163208008
v 0.8567109704017639 5.412848472595215 4.468308925628662
v 0.8504024147987366 5.472870349884033 4.444262504577637
v 0.8444026112556458 5.52995491027832 4.4138312339782715
v 0.8387818932533264 5.583432674407959 4.377372741699219
v 0.8336061239242554 5.632676601409912 4.3353142738342285
v 0.8289360404014587 5.677109241485596 4.288148880004883
v 0.8248264193534851 5.71621036529541 4.236429214477539
v 0.8213253617286682 5.749520301818848 4.18076229095459
v 0.8184739351272583 5.7766499519348145 4.121799945831299
v 0.8163055777549744 5.797280311584473 4.060234069824219
v 0.8148457407951355 5.811169624328613 3.99678635597229
v 0.8141115307807922 5.818155288696289 3.9322004318237305
v 0.8141115307807922 5.818155288696289 3.8672337532043457
v 0.8148457407951355 5.811169624328613 3.802647829055786
v 0.8163055777549744 5.797280311584473 3.7392001152038574
v 0.8184739351272583 5.7766499519348145 3.6776342391967773
v 0.8213253617286682 5.749520301818848 3.6186718940734863
v 0.8248264193534851 5.71621036529541 3.563004970550537
v 0.8289360404014587 5.677109241485596 3.5112853050231934
v 0.8336061239242554 5.632676601409912 3.4641199111938477
v 0.8387818932533264 5.583432674407959 3.4220612049102783
v 0.8444026112556458 5.52995491027832 3.3856027126312256
v 0.8504024147987366 5.472870349884033 3.3551719188690186
v 0.8567109704017639 5.412848472595215 3.331125259399414
v 0.8632543087005615 5.350593090057373 3.3137447834014893
v 0.8699557185173035 5.2868332862854 3.303234338760376
v 0.8566902875900269 5.284013748168945 4.496199607849121
v 0.8368789553642273 5.344986438751221 4.485689163208008
v 0.817534863948822 5.404521465301514 4.468308925628662
v 0.798884928226471 5.461920261383057 4.444262504577637
v 0.7811477184295654 5.516509532928467 4.4138312339782715
v 0.7645311951637268 5.567650318145752 4.377372741699219
v 0.749230146408081 5.614741802215576 4.3353142738342285
v 0.7354240417480469 5.657232761383057 4.288148880004883
v 0.7232746481895447 5.694624423980713 4.236429214477539
v 0.7129244804382324 5.7264790534973145 4.18076229095459
v 0.7044948935508728 5.75242280960083 4.121799945831299
v 0.6980846524238586 5.772151470184326 4.060234069824219
v 0.6937689781188965 5.785433769226074 3.99678635597229
v 0.6915983557701111 5.7921142578125 3.9322004318237305
v 0.6915983557701111 5.7921142578125 3.8672337532043457
v 0.6937689781188965 5.785433769226074 3.802647829055786
v 0.6980846524238586 5.772151470184326 3.7392001152038574
v 0.7044948935508728 5.75242280960083 3.6776342391967773
v 0.7129244804382324 5.7264790534973145 3.6186718940734863
v 0.7232746481895447 5.694624423980713 3.563004970550537
v 0.7354240417480469 5.657232761383057 3.5112853050231934
v 0.749230146408081 5.614741802215576 3.4641199111938477
v 0.7645311951637268 5.567650318145752 3.4220612049102783
v 0.7811477184295654 5.516509532928467 3.3856027126312256
v 0.798884928226471 5.461920261383057 3.3551719188690186
v 0.817534863948822 5.404521465301514 3.331125259399414
v 0.8368789553642273 5.344986438751221 3.3137447834014893
v 0.8566902875900269 5.284013748168945 3.303234338760376
v 0.8443009257316589 5.278497695922852 4.496199607849121
v 0.8122454881668091 5.334019184112549 4.485689163208008
v 0.7809461951255798 5.38823127746582 4.468308925628662
v 0.7507699131965637 5.440497875213623 4.444262504577637
v 0.7220704555511475 5.490206718444824 4.4138312339782715
v 0.6951843500137329 5.5367751121521 4.377372741699219
v 0.6704267859458923 5.57965612411499 4.3353142738342285
v 0.6480880379676819 5.618348121643066 4.288148880004883
v 0.6284299492835999 5.652397155761719 4.236429214477539
v 0.6116830110549927 5.681403636932373 4.18076229095459
v 0.5980436205863953 5.7050275802612305 4.121799945831299
v 0.5876716375350952 5.722992420196533 4.060234069824219
v 0.5806887149810791 5.7350873947143555 3.99678635597229
v 0.5771766304969788 5.741170406341553 3.9322004318237305
v 0.5771766304969788 5.741170406341553 3.8672337532043457
v 0.5806887149810791 5.7350873947143555 3.802647829055786
v 0.5876716375350952 5.722992420196533 3.7392001152038574
v 0.5980436205863953 5.7050275802612305 3.6776342391967773
v 0.6116830110549927 5.681403636932373 3.6186718940734863
v 0.6284299492835999 5.652397155761719 3.563004970550537
v 0.6480880379676819 5.618348121643066 3.5112853050231934
v 0.6704267859458923 5.57965612411499 3.4641199111938477
v 0.6951843500137329 5.5367751121521 3.4220612049102783
v 0.7220704555511475 5.490206718444824 3.3856027126312256
v 0.7507699131965637 5.440497875213623 3.3551719188690186
v 0.7809461951255798 5.38823127746582 3.331125259399414
v 0.8122454881668091 5.334019184112549 3.3137447834014893
v 0.8443009257316589 5.278497695922852 3.303234338760376
v 0.8333292007446289 5.270525932312012 4.496199607849121
v 0.7904306650161743 5.318169593811035 4.485689163208008
v 0.7485439777374268 5.364689826965332 4.468308925628662
v 0.7081602811813354 5.409540176391602 4.444262504577637
v 0.6697529554367065 5.45219612121582 4.4138312339782715
v 0.6337722539901733 5.492156505584717 4.377372741699219
v 0.6006401777267456 5.528953552246094 4.3353142738342285
v 0.5707451105117798 5.562155246734619 4.288148880004883
v 0.5444374084472656 5.591372966766357 4.236429214477539
v 0.5220257043838501 5.6162638664245605 4.18076229095459
v 0.5037726163864136 5.63653564453125 4.121799945831299
v 0.4898921549320221 5.651951313018799 4.060234069824219
v 0.48054713010787964 5.662330150604248 3.99678635597229
v 0.475847065448761 5.667550086975098 3.9322004318237305
v 0.475847065448761 5.667550086975098 3.8672337532043457
v 0.48054713010787964 5.662330150604248 3.802647829055786
v 0.4898921549320221 5.651951313018799 3.7392001152038574
v 0.5037726163864136 5.63653564453125 3.6776342391967773
v 0.5220257043838501 5.6162638664245605 3.6186718940734863
v 0.5444374084472656 5.591372966766357 3.563004970550537
v 0.5707451105117798 5.562155246734619 3.5112853050231934
v 0.6006401777267456 5.528953552246094 3.4641199111938477
v 0.6337722539901733 5.492156505584717 3.4220612049102783
v 0.6697529554367065 5.45219612121582 3.3856027126312256
v 0.7081602811813354 5.409540176391602 3.3551719188690186
v 0.7485439777374268 5.364689826965332 3.331125259399414
v 0.7904306650161743 5.318169593811035 3.3137447834014893
v 0.8333292007446289 5.270525932312012 3.303234338760376
v 0.82425457239151 5.2604475021362305 4.496199607849121
v 0.7723878026008606 5.298130989074707 4.485689163208008
v 0.7217444181442261 5.334925651550293 4.468308925628662
v 0.6729182004928589 5.3703999519348145 4.444262504577637
v 0.6264815330505371 5.404138088226318 4.4138312339782715
v 0.5829789042472839 5.435744762420654 4.377372741699219
v 0.5429203510284424 5.46484899520874 4.3353142738342285
v 0.5067753791809082 5.491109848022461 4.288148880004883
v 0.47496795654296875 5.514219284057617 4.236429214477539
v 0.4478708803653717 5.53390645980835 4.18076229095459
v 0.4258018732070923 5.549940586090088 4.121799945831299
v 0.4090196490287781 5.562133312225342 4.060234069824219
v 0.39772099256515503 5.570342540740967 3.99678635597229
v 0.39203834533691406 5.5744709968566895 3.9322004318237305
v 0.39203834533691406 5.5744709968566895 3.8672337532043457
v 0.39772099256515503 5.570342540740967 3.802647829055786
v 0.4090196490287781 5.562133312225342 3.7392001152038574
v 0.4258018732070923 5.549940586090088 3.6776342391967773
v 0.4478708803653717 5.53390645980835 3.6186718940734863
v 0.47496795654296875 5.514219284057617 3.563004970550537
v 0.5067753791809082 5.491109848022461 3.5112853050231934
v 0.5429203510284424 5.46484899520874 3.4641199111938477
v 0.5829789042472839 5.435744762420654 3.4220612049102783
v 0.6264815330505371 5.404138088226318 3.3856027126312256
v 0.6729182004928589 5.3703999519348145 3.3551719188690186
v 0.7217444181442261 5.334925651550293 3.331125259399414
v 0.7723878026008606 5.298130989074707 3.3137447834014893
v 0.82425457239151 5.2604475021362305 3.303234338760376
v 0.8174736499786377 5.2487030029296875 4.496199607849121
v 0.7589054703712463 5.274778842926025 4.485689163208008
v 0.7017187476158142 5.3002400398254395 4.468308925628662
v 0.6465839743614197 5.324787616729736 4.444262504577637
v 0.5941475033760071 5.3481340408325195 4.4138312339782715
v 0.5450241565704346 5.370005130767822 4.377372741699219
v 0.4997898042201996 5.3901448249816895 4.3353142738342285
v 0.45897483825683594 5.408316612243652 4.288148880004883
v 0.4230577349662781 5.4243083000183105 4.236429214477539
v 0.39245960116386414 5.437931060791016 4.18076229095459
v 0.3675391674041748 5.449026584625244 4.121799945831299
v 0.34858858585357666 5.45746374130249 4.060234069824219
v 0.33583009243011475 5.463144302368164 3.99678635597229
v 0.3294132351875305 5.466001510620117 3.9322004318237305
v 0.3294132351875305 5.466001510620117 3.8672337532043457
v 0.33583009243011475 5.463144302368164 3.802647829055786
v 0.34858858585357666 5.45746374130249 3.7392001152038574
v 0.3675391674041748 5.449026584625244 3.6776342391967773
v 0.39245960116386414 5.437931060791016 3.6186718940734863
v 0.4230577349662781 5.4243083000183105 3.563004970550537
v 0.45897483825683594 5.408316612243652 3.5112853050231934
v 0.4997898042201996 5.3901448249816895 3.4641199111938477
v 0.5450241565704346 5.370005130767822 3.4220612049102783
v 0.5941475033760071 5.3481340408325195 3.3856027126312256
v 0.6465839743614197 5.324787616729736 3.3551719188690186
v 0.7017187476158142 5.3002400398254395 3.331125259399414
v 0.7589054703712463 5.274778842926025 3.3137447834014893
v 0.8174736499786377 5.2487030029296875 3.303234338760376
v 0.81328284740448 5.235804557800293 4.496199607849121
v 0.750572919845581 5.249134063720703 4.485689163208008
v 0.6893422603607178 5.262149333953857 4.468308925628662
v 0.6303085088729858 5.274697303771973 4.444262504577637
v 0.5741639733314514 5.286631107330322 4.4138312339782715
v 0.5215668082237244 5.297811031341553 4.377372741699219
v 0.4731336832046509 5.30810546875 4.3353142738342285
v 0.4294324517250061 5.317394733428955 4.288148880004883
v 0.3909754455089569 5.325569152832031 4.236429214477539
v 0.35821354389190674 5.33253288269043 4.18076229095459
v 0.3315308094024658 5.338204383850098 4.121799945831299
v 0.31124019622802734 5.342517375946045 4.060234069824219
v 0.29757946729660034 5.345420837402344 3.99678635597229
v 0.2907087802886963 5.34688138961792 3.9322004318237305
v 0.2907087802886963 5.34688138961792 3.8672337532043457
v 0.29757946729660034 5.345420837402344 3.802647829055786
v 0.31124019622802734 5.342517375946045 3.7392001152038574
v 0.3315308094024658 5.338204383850098 3.6776342391967773
v 0.35821354389190674 5.33253288269043 3.6186718940734863
v 0.3909754455089569 5.325569152832031 3.563004970550537
v 0.4294324517250061 5.317394733428955 3.5112853050231934
v 0.4731336832046509 5.30810546875 3.4641199111938477
v 0.5215668082237244 5.297811031341553 3.4220612049102783
v 0.5741639733314514 5.286631107330322 3.3856027126312256
v 0.6303085088729858 5.274697303771973 3.3551719188690186
v 0.6893422603607178 5.262149333953857 3.331125259399414
v 0.750572919845581 5.249134063720703 3.3137447834014893
v 0.81328284740448 5.235804557800293 3.303234338760376
v 0.8118652105331421 5.222317218780518 4.496199607849121
v 0.7477543950080872 5.222317218780518 4.485689163208008
v 0.6851557493209839 5.222317218780518 4.468308925628662
v 0.6248031854629517 5.222317218780518 4.444262504577637
v 0.5674043297767639 5.222317218780518 4.4138312339782715
v 0.5136321187019348 5.222317218780518 4.377372741699219
v 0.4641169607639313 5.222317218780518 4.3353142738342285
v 0.4194394052028656 5.222317218780518 4.288148880004883
v 0.38012322783470154 5.222317218780518 4.236429214477539
v 0.34662944078445435 5.222317218780518 4.18076229095459
v 0.31935060024261475 5.222317218780518 4.121799945831299
v 0.29860663414001465 5.222317218780518 4.060234069824219
v 0.28464072942733765 5.222317218780518 3.99678635597229
v 0.27761662006378174 5.222317218780518 3.9322004318237305
v 0.27761662006378174 5.222317218780518 3.8672337532043457
v 0.28464072942733765 5.222317218780518 3.802647829055786
v 0.29860663414001465 5.222317218780518 3.7392001152038574
v 0.31935060024261475 5.222317218780518 3.6776342391967773
v 0.34662944078445435 5.222317218780518 3.6186718940734863
v 0.38012322783470154 5.222317218780518 3.563004970550537
v 0.4194394052028656 5.222317218780518 3.5112853050231934
v 0.4641169607639313 5.222317218780518 3.4641199111938477
v 0.5136321187019348 5.222317218780518 3.4220612049102783
v 0.5674043297767639 5.222317218780518 3.3856027126312256
v 0.6248031854629517 5.222317218780518 3.3551719188690186
v 0.6851557493209839 5.222317218780518 3.331125259399414
v 0.7477543950080872 5.222317218780518 3.3137447834014893
v 0.8118652105331421 5.222317218780518 3.303234338760376
v 0.81328284740448 5.208829879760742 4.496199607849121
v 0.750572919845581 5.195500373840332 4.485689163208008
v 0.6893422603607178 5.182485103607178 4.468308925628662
v 0.6303085088729858 5.1699371337890625 4.444262504577637
v 0.5741639733314514 5.158003330230713 4.4138312339782715
v 0.5215668082237244 5.146823406219482 4.377372741699219
v 0.4731336832046509 5.136528968811035 4.3353142738342285
v 0.4294324517250061 5.12723970413208 4.288148880004883
v 0.3909754455089569 5.119065284729004 4.236429214477539
v 0.35821354389190674 5.1121015548706055 4.18076229095459
v 0.3315308094024658 5.1064300537109375 4.121799945831299
v 0.31124019622802734 5.10211706161499 4.060234069824219
v 0.29757946729660034 5.099213600158691 3.99678635597229
v 0.2907087802886963 5.097753047943115 3.9322004318237305
v 0.2907087802886963 5.097753047943115 3.8672337532043457
v 0.29757946729660034 5.099213600158691 3.802647829055786
v 0.31124019622802734 5.10211706161499 3.7392001152038574
v 0.3315308094024658 5.1064300537109375 3.6776342391967773
v 0.35821354389190674 5.1121015548706055 3.6186718940734863
v 0.3909754455089569 5.119065284729004 3.563004970550537
v 0.4294324517250061 5.12723970413208 3.5112853050231934
v 0.4731336832046509 5.136528968811035 3.4641199111938477
v 0.5215668082237244 5.146823406219482 3.4220612049102783
v 0.5741639733314514 5.158003330230713 3.3856027126312256
v 0.6303085088729858 5.1699371337890625 3.3551719188690186
v 0.6893422603607178 5.182485103607178 3.331125259399414
v 0.750572919845581 5.195500373840332 3.3137447834014893
v 0.81328284740448 5.208829879760742 3.303234338760376
v 0.8174736499786377 5.195931434631348 4.496199607849121
v 0.7589054703712463 5.16985559463501 4.485689163208008
v 0.7017187476158142 5.144394397735596 4.468308925628662
v 0.6465839743614197 5.119846820831299 4.444262504577637
v 0.5941475033760071 5.096500396728516 4.4138312339782715
v 0.5450241565704346 5.074629306793213 4.377372741699219
v 0.4997898042201996 5.054489612579346 4.3353142738342285
v 0.45897483825683594 5.036317825317383 4.288148880004883
v 0.4230577349662781 5.020326137542725 4.236429214477539
v 0.39245960116386414 5.0067033767700195 4.18076229095459
v 0.3675391674041748 4.995607852935791 4.121799945831299
v 0.34858858585357666 4.987170696258545 4.060234069824219
v 0.33583009243011475 4.981490135192871 3.99678635597229
v 0.3294132351875305 4.978632926940918 3.9322004318237305
v 0.3294132351875305 4.978632926940918 3.8672337532043457
v 0.33583009243011475 4.981490135192871 3.802647829055786
v 0.34858858585357666 4.987170696258545 3.7392001152038574
v 0.3675391674041748 4.995607852935791 3.6776342391967773
v 0.39245960116386414 5.0067033767700195 3.6186718940734863
v 0.4230577349662781 5.020326137542725 3.563004970550537
v 0.45897483825683594 5.036317825317383 3.5112853050231934
v 0.4997898042201996 5.054489612579346 3.4641199111938477
v 0.5450241565704346 5.074629306793213 3.4220612049102783
v 0.5941475033760071 5.096500396728516 3.3856027126312256
v 0.6465839743614197 5.119846820831299 3.3551719188690186
v 0.7017187476158142 5.144394397735596 3.331125259399414
v 0.7589054703712463 5.16985559463501 3.3137447834014893
v 0.8174736499786377 5.195931434631348 3.303234338760376
v 0.82425457239151 5.184186935424805 4.496199607849121
v 0.7723878026008606 5.146503448486328 4.485689163208008
v 0.7217444181442261 5.109708786010742 4.468308925628662
v 0.6729182004928589 5.074234485626221 4.444262504577637
v 0.6264815330505371 5.040496349334717 4.4138312339782715
v 0.5829789042472839 5.008889675140381 4.377372741699219
v 0.5429203510284424 4.979785442352295 4.3353142738342285
v 0.5067753791809082 4.953524589538574 4.288148880004883
v 0.47496795654296875 4.930415153503418 4.236429214477539
v 0.4478708803653717 4.9107279777526855 4.18076229095459
v 0.4258018732070923 4.894693851470947 4.121799945831299
v 0.4090196490287781 4.882501125335693 4.060234069824219
v 0.39772099256515503 4.874291896820068 3.99678635597229
v 0.39203834533691406 4.870163440704346 3.9322004318237305
v 0.39203834533691406 4.870163440704346 3.8672337532043457
v 0.39772099256515503 4.874291896820068 3.802647829055786
v 0.4090196490287781 4.882501125335693 3.7392001152038574
v 0.4258018732070923 4.894693851470947 3.6776342391967773
v 0.4478708803653717 4.9107279777526855 3.6186718940734863
v 0.47496795654296875 4.930415153503418 3.563004970550537
v 0.5067753791809082 4.953524589538574 3.5112853050231934
v 0.5429203510284424 4.979785442352295 3.4641199111938477
v 0.5829789042472839 5.008889675140381 3.4220612049102783
v 0.6264815330505371 5.040496349334717 3.3856027126312256
v 0.6729182004928589 5.074234485626221 3.3551719188690186
v 0.7217444181442261 5.109708786010742 3.331125259399414
v 0.7723878026008606 5.146503448486328 3.3137447834014893
v 0.82425457239151 5.184186935424805 3.303234338760376
v 0.8333292007446289 5.174108505249023 4.496199607849121
v 0.7904306650161743 5.12646484375 4.485689163208008
v 0.7485439777374268 5.079944610595703 4.468308925628662
v 0.7081602811813354 5.035094261169434 4.444262504577637
v 0.6697529554367065 4.992438316345215 4.4138312339782715
v 0.6337722539901733 4.952477931976318 4.377372741699219
v 0.6006401777267456 4.915680885314941 4.3353142738342285
v 0.5707451105117798 4.882479190826416 4.288148880004883
v 0.5444374084472656 4.853261470794678 4.236429214477539
v 0.5220257043838501 4.828370571136475 4.18076229095459
v 0.5037726163864136 4.808098793029785 4.121799945831299
v 0.4898921549320221 4.792683124542236 4.060234069824219
v 0.48054713010787964 4.782304286956787 3.99678635597229
v 0.475847065448761 4.7770843505859375 3.9322004318237305
v 0.475847065448761 4.7770843505859375 3.8672337532043457
v 0.48054713010787964 4.782304286956787 3.802647829055786
v 0.4898921549320221 4.792683124542236 3.7392001152038574
v 0.5037726163864136 4.808098793029785 3.6776342391967773
v 0.5220257043838501 4.828370571136475 3.6186718940734863
v 0.5444374084472656 4.853261470794678 3.563004970550537
v 0.5707451105117798 4.882479190826416 3.5112853050231934
v 0.6006401777267456 4.915680885314941 3.4641199111938477
v 0.6337722539901733 4.952477931976318 3.4220612049102783
v 0.6697529554367065 4.992438316345215 3.3856027126312256
v 0.7081602811813354 5.035094261169434 3.3551719188690186
v 0.7485439777374268 5.079944610595703 3.331125259399414
v 0.7904306650161743 5.12646484375 3.3137447834014893
v 0.8333292007446289 5.174108505249023 3.303234338760376
v 0.8443009257316589 5.166136741638184 4.496199607849121
v 0.8122454881668091 5.110615253448486 4.485689163208008
v 0.7809461951255798 5.056403160095215 4.468308925628662
v 0.7507699131965637 5.004136562347412 4.444262504577637
v 0.7220704555511475 4.954427719116211 4.4138312339782715
v 0.6951843500137329 4.9078593254089355 4.377372741699219
v 0.6704267859458923 4.864978313446045 4.3353142738342285
v 0.6480880379676819 4.826286315917969 4.288148880004883
v 0.6284299492835999 4.792237281799316 4.236429214477539
v 0.6116830110549927 4.763230800628662 4.18076229095459
v 0.5980436205863953 4.739606857299805 4.121799945831299
v 0.5876716375350952 4.721642017364502 4.060234069824219
v 0.5806887149810791 4.70954704284668 3.99678635597229
v 0.5771766304969788 4.703464031219482 3.9322004318237305
v 0.5771766304969788 4.703464031219482 3.8672337532043457
v 0.5806887149810791 4.70954704284668 3.802647829055786
v 0.5876716375350952 4.721642017364502 3.7392001152038574
v 0.5980436205863953 4.739606857299805 3.6776342391967773
v 0.6116830110549927 4.763230800628662 3.6186718940734863
v 0.6284299492835999 4.792237281799316 3.563004970550537
v 0.6480880379676819 4.826286315917969 3.5112853050231934
v 0.6704267859458923 4.864978313446045 3.4641199111938477
v 0.6951843500137329 4.9078593254089355 3.4220612049102783
v 0.7220704555511475 4.954427719116211 3.3856027126312256
v 0.7507699131965637 5.004136562347412 3.3551719188690186
v 0.7809461951255798 5.056403160095215 3.331125259399414
v 0.8122454881668091 5.110615253448486 3.3137447834014893
v 0.8443009257316589 5.166136741638184 3.303234338760376
v 0.8566902875900269 5.16062068939209 4.496199607849121
v 0.8368789553642273 5.0996479988098145 4.485689163208008
v 0.817534863948822 5.0401129722595215 4.468308925628662
v 0.798884928226471 4.9827141761779785 4.444262504577637
v 0.7811477184295654 4.928124904632568 4.4138312339782715
v 0.7645311951637268 4.876984119415283 4.377372741699219
v 0.749230146408081 4.829892635345459 4.3353142738342285
v 0.7354240417480469 4.7874016761779785 4.288148880004883
v 0.7232746481895447 4.750010013580322 4.236429214477539
v 0.7129244804382324 4.718155384063721 4.18076229095459
v 0.7044948935508728 4.692211627960205 4.121799945831299
v 0.6980846524238586 4.672482967376709 4.060234069824219
v 0.6937689781188965 4.659200668334961 3.99678635597229
v 0.6915983557701111 4.652520179748535 3.9322004318237305
v 0.6915983557701111 4.652520179748535 3.8672337532043457
v 0.6937689781188965 4.659200668334961 3.802647829055786
v 0.6980846524238586 4.672482967376709 3.7392001152038574
v 0.7044948935508728 4.692211627960205 3.6776342391967773
v 0.7129244804382324 4.718155384063721 3.6186718940734863
v 0.7232746481895447 4.750010013580322 3.563004970550537
v 0.7354240417480469 4.7874016761779785 3.5112853050231934
v 0.749230146408081 4.829892635345459 3.4641199111938477
v 0.7645311951637268 4.876984119415283 3.4220612049102783
v 0.7811477184295654 4.928124904632568 3.3856027126312256
v 0.798884928226471 4.9827141761779785 3.3551719188690186
v 0.817534863948822 5.0401129722595215 3.331125259399414
v 0.8368789553642273 5.0996479988098145 3.3137447834014893
v 0.8566902875900269 5.16062068939209 3.303234338760376
v 0.8699557185173035 5.157801151275635 4.496199607849121
v 0.8632543087005615 5.094041347503662 4.485689163208008
v 0.8567109704017639 5.03178596496582 4.468308925628662
v 0.8504024147987366 4.971764087677002 4.444262504577637
v 0.8444026112556458 4.914679527282715 4.4138312339782715
v 0.8387818932533264 4.861201763153076 4.377372741699219
v 0.8336061239242554 4.811957836151123 4.3353142738342285
v 0.8289360404014587 4.7675251960754395 4.288148880004883
v 0.8248264193534851 4.728424072265625 4.236429214477539
v 0.8213253617286682 4.6951141357421875 4.18076229095459
v 0.8184739351272583 4.667984485626221 4.121799945831299
v 0.8163055777549744 4.6473541259765625 4.060234069824219
v 0.8148457407951355 4.633464813232422 3.99678635597229
v 0.8141115307807922 4.626479148864746 3.9322004318237305
v 0.8141115307807922 4.626479148864746 3.8672337532043457
v 0.8148457407951355 4.633464813232422 3.802647829055786
v 0.8163055777549744 4.6473541259765625 3.7392001152038574
v 0.8184739351272583 4.667984485626221 3.6776342391967773
v 0.8213253617286682 4.6951141357421875 3.6186718940734863
v 0.8248264193534851 4.728424072265625 3.563004970550537
v 0.8289360404014587 4.7675251960754395 3.5112853050231934
v 0.8336061239242554 4.811957836151123 3.4641199111938477
v 0.8387818932533264 4.861201763153076 3.4220612049102783
v 0.8444026112556458 4.914679527282715 3.3856027126312256
v 0.8504024147987366 4.971764087677002 3.3551719188690186
v 0.8567109704017639 5.03178596496582 3.331125259399414
v 0.8632543087005615 5.094041347503662 3.3137447834014893
v 0.8699557185173035 5.157801151275635 3.303234338760376
v 0.8835175633430481 5.157801151275635 4.496199607849121
v 0.89021897315979 5.094041347503662 4.485689163208008
v 0.8967623114585876 5.03178596496582 4.468308925628662
v 0.903070867061615 4.971764087677002 4.444262504577637
v 0.9090706706047058 4.914679527282715 4.4138312339782715
v 0.9146913886070251 4.861201763153076 4.377372741699219
v 0.9198671579360962 4.811957836151123 4.3353142738342285
v 0.9245372414588928 4.7675251960754395 4.288148880004883
v 0.9286468625068665 4.728424072265625 4.236429214477539
v 0.9321479201316833 4.6951141357421875 4.18076229095459
v 0.9349993467330933 4.667984485626221 4.121799945831299
v 0.9371677041053772 4.6473541259765625 4.060234069824219
v 0.9386275410652161 4.633464813232422 3.99678635597229
v 0.9393617510795593 4.626479148864746 3.9322004318237305
v 0.9393617510795593 4.626479148864746 3.8672337532043457
v 0.9386275410652161 4.633464813232422 3.802647829055786
v 0.9371677041053772 4.6473541259765625 3.7392001152038574
v 0.9349993467330933 4.667984485626221 3.6776342391967773
v 0.9321479201316833 4.6951141357421875 3.6186718940734863
v 0.9286468625068665 4.728424072265625 3.563004970550537
v 0.9245372414588928 4.7675251960754395 3.5112853050231934
v 0.9198671579360962 4.811957836151123 3.4641199111938477
v 0.9146913886070251 4.861201763153076 3.4220612049102783
v 0.9090706706047058 4.914679527282715 3.3856027126312256
v 0.903070867061615 4.971764087677002 3.3551719188690186
v 0.8967623114585876 5.03178596496582 3.331125259399414
v 0.89021897315979 5.094041347503662 3.3137447834014893
v 0.8835175633430481 5.157801151275635 3.303234338760376
v 0.8967829942703247 5.16062068939209 4.496199607849121
v 0.9165943264961243 5.0996479988098145 4.485689163208008
v 0.9359384179115295 5.0401129722595215 4.468308925628662
v 0.9545883536338806 4.9827141761779785 4.444262504577637
v 0.9723255634307861 4.928124904632568 4.4138312339782715
v 0.9889420866966248 4.876984119415283 4.377372741699219
v 1.0042431354522705 4.829892635345459 4.3353142738342285
v 1.0180492401123047 4.7874016761779785 4.288148880004883
v 1.030198574066162 4.750010013580322 4.236429214477539
v 1.0405488014221191 4.718155384063721 4.18076229095459
v 1.0489784479141235 4.692211627960205 4.121799945831299
v 1.0553886890411377 4.672482967376709 4.060234069824219
v 1.059704303741455 4.659200668334961 3.99678635597229
v 1.0618748664855957 4.652520179748535 3.9322004318237305
v 1.0618748664855957 4.652520179748535 3.8672337532043457
v 1.059704303741455 4.659200668334961 3.802647829055786
v 1.0553886890411377 4.672482967376709 3.7392001152038574
v 1.0489784479141235 4.692211627960205 3.6776342391967773
v 1.0405488014221191 4.718155384063721 3.6186718940734863
v 1.030198574066162 4.750010013580322 3.563004970550537
v 1.0180492401123047 4.7874016761779785 3.5112853050231934
v 1.0042431354522705 4.829892635345459 3.4641199111938477
v 0.9889420866966248 4.876984119415283 3.4220612049102783
v 0.9723255634307861 4.928124904632568 3.3856027126312256
v 0.9545883536338806 4.9827141761779785 3.3551719188690186
v 0.9359384179115295 5.0401129722595215 3.331125259399414
v 0.9165943264961243 5.0996479988098145 3.3137447834014893
v 0.8967829942703247 5.16062068939209 3.303234338760376
v 0.9091723561286926 5.166136741638184 4.496199607849121
v 0.9412277936935425 5.110615253448486 4.485689163208008
v 0.9725270867347717 5.056403160095215 4.468308925628662
v 1.0027034282684326 5.004136562347412 4.444262504577637
v 1.031402826309204 4.954427719116211 4.4138312339782715
v 1.0582889318466187 4.9078593254089355 4.377372741699219
v 1.0830464363098145 4.864978313446045 4.3353142738342285
v 1.1053853034973145 4.826286315917969 4.288148880004883
v 1.1250433921813965 4.792237281799316 4.236429214477539
v 1.1417902708053589 4.763230800628662 4.18076229095459
v 1.1554296016693115 4.739606857299805 4.121799945831299
v 1.1658016443252563 4.721642017364502 4.060234069824219
v 1.1727845668792725 4.70954704284668 3.99678635597229
v 1.1762967109680176 4.703464031219482 3.9322004318237305
v 1.1762967109680176 4.703464031219482 3.8672337532043457
v 1.1727845668792725 4.70954704284668 3.802647829055786
v 1.1658016443252563 4.721642017364502 3.7392001152038574
v 1.1554296016693115 4.739606857299805 3.6776342391967773
v 1.1417902708053589 4.763230800628662 3.6186718940734863
v 1.1250433921813965 4.792237281799316 3.563004970550537
v 1.1053853034973145 4.826286315917969 3.5112853050231934
v 1.0830464363098145 4.864978313446045 3.4641199111938477
v 1.0582889318466187 4.9078593254089355 3.4220612049102783
v 1.031402826309204 4.954427719116211 3.3856027126312256
v 1.0027034282684326 5.004136562347412 3.3551719188690186
v 0.9725270867347717 5.056403160095215 3.331125259399414
v 0.9412277936935425 5.110615253448486 3.3137447834014893
v 0.9091723561286926 5.166136741638184 3.303234338760376
v 0.9201440811157227 5.174108505249023 4.496199607849121
v 0.9630426168441772 5.12646484375 4.485689163208008
v 1.0049293041229248 5.079944610595703 4.468308925628662
v 1.0453130006790161 5.035094261169434 4.444262504577637
v 1.083720326423645 4.992438316345215 4.4138312339782715
v 1.1197010278701782 4.952477931976318 4.377372741699219
v 1.152833104133606 4.915680885314941 4.3353142738342285
v 1.1827281713485718 4.882479190826416 4.288148880004883
v 1.209035873413086 4.853261470794678 4.236429214477539
v 1.2314475774765015 4.828370571136475 4.18076229095459
v 1.249700665473938 4.808098793029785 4.121799945831299
v 1.2635811567306519 4.792683124542236 4.060234069824219
v 1.2729260921478271 4.782304286956787 3.99678635597229
v 1.2776262760162354 4.7770843505859375 3.9322004318237305
v 1.2776262760162354 4.7770843505859375 3.8672337532043457
v 1.2729260921478271 4.782304286956787 3.802647829055786
v 1.2635811567306519 4.792683124542236 3.7392001152038574
v 1.249700665473938 4.808098793029785 3.6776342391967773
v 1.2314475774765015 4.828370571136475 3.6186718940734863
v 1.209035873413086 4.853261470794678 3.563004970550537
v 1.1827281713485718 4.882479190826416 3.5112853050231934
v 1.152833104133606 4.915680885314941 3.4641199111938477
v 1.1197010278701782 4.952477931976318 3.4220612049102783
v 1.083720326423645 4.992438316345215 3.3856027126312256
v 1.0453130006790161 5.035094261169434 3.3551719188690186
v 1.0049293041229248 5.079944610595703 3.331125259399414
v 0.9630426168441772 5.12646484375 3.3137447834014893
v 0.9201440811157227 5.174108505249023 3.303234338760376
v 0.9292187094688416 5.184186935424805 4.496199607849121
v 0.981085479259491 5.146503448486328 4.485689163208008
v 1.0317288637161255 5.109708786010742 4.468308925628662
v 1.0805550813674927 5.074234485626221 4.444262504577637
v 1.1269917488098145 5.040496349334717 4.4138312339782715
v 1.1704943180084229 5.008889675140381 4.377372741699219
v 1.2105529308319092 4.979785442352295 4.3353142738342285
v 1.2466979026794434 4.953524589538574 4.288148880004883
v 1.2785053253173828 4.930415153503418 4.236429214477539
v 1.3056024312973022 4.9107279777526855 4.18076229095459
v 1.3276714086532593 4.894693851470947 4.121799945831299
v 1.3444535732269287 4.882501125335693 4.060234069824219
v 1.3557522296905518 4.874291896820068 3.99678635597229
v 1.3614349365234375 4.870163440704346 3.9322004318237305
v 1.3614349365234375 4.870163440704346 3.8672337532043457
v 1.3557522296905518 4.874291896820068 3.802647829055786
v 1.3444535732269287 4.882501125335693 3.7392001152038574
v 1.3276714086532593 4.894693851470947 3.6776342391967773
v 1.3056024312973022 4.9107279777526855 3.6186718940734863
v 1.2785053253173828 4.930415153503418 3.563004970550537
v 1.2466979026794434 4.953524589538574 3.5112853050231934
v 1.2105529308319092 4.979785442352295 3.4641199111938477
v 1.1704943180084229 5.008889675140381 3.4220612049102783
v 1.1269917488098145 5.040496349334717 3.3856027126312256
v 1.0805550813674927 5.074234485626221 3.3551719188690186
v 1.0317288637161255 5.109708786010742 3.331125259399414
v 0.981085479259491 5.146503448486328 3.3137447834014893
v 0.9292187094688416 5.184186935424805 3.303234338760376
v 0.9359996318817139 5.195931434631348 4.496199607849121
v 0.9945678114891052 5.16985559463501 4.485689163208008
v 1.0517544746398926 5.144394397735596 4.468308925628662
v 1.106889247894287 5.119846820831299 4.444262504577637
v 1.1593258380889893 5.096500396728516 4.4138312339782715
v 1.208449125289917 5.074629306793213 4.377372741699219
v 1.2536834478378296 5.054489612579346 4.3353142738342285
v 1.2944984436035156 5.036317825317383 4.288148880004883
v 1.3304154872894287 5.020326137542725 4.236429214477539
v 1.361013650894165 5.0067033767700195 4.18076229095459
v 1.3859341144561768 4.995607852935791 4.121799945831299
v 1.404884696006775 4.987170696258545 4.060234069824219
v 1.4176431894302368 4.981490135192871 3.99678635597229
v 1.4240601062774658 4.978632926940918 3.9322004318237305
v 1.4240601062774658 4.978632926940918 3.8672337532043457
v 1.4176431894302368 4.981490135192871 3.802647829055786
v 1.404884696006775 4.987170696258545 3.7392001152038574
v 1.3859341144561768 4.995607852935791 3.6776342391967773
v 1.361013650894165 5.0067033767700195 3.6186718940734863
v 1.3304154872894287 5.020326137542725 3.563004970550537
v 1.2944984436035156 5.036317825317383 3.5112853050231934
v 1.2536834478378296 5.054489612579346 3.4641199111938477
v 1.208449125289917 5.074629306793213 3.4220612049102783
v 1.1593258380889893 5.096500396728516 3.3856027126312256
v 1.106889247894287 5.119846820831299 3.3551719188690186
v 1.0517544746398926 5.144394397735596 3.331125259399414
v 0.9945678114891052 5.16985559463501 3.3137447834014893
v 0.9359996318817139 5.195931434631348 3.303234338760376
v 0.9401904344558716 5.208829879760742 4.496199607849121
v 1.0029003620147705 5.195500373840332 4.485689163208008
v 1.0641310214996338 5.182485103607178 4.468308925628662
v 1.1231647729873657 5.1699371337890625 4.444262504577637
v 1.179309368133545 5.158003330230713 4.4138312339782715
v 1.2319064140319824 5.146823406219482 4.377372741699219
v 1.2803395986557007 5.136528968811035 4.3353142738342285
v 1.3240408897399902 5.12723970413208 4.288148880004883
v 1.3624978065490723 5.119065284729004 4.236429214477539
v 1.3952597379684448 5.1121015548706055 4.18076229095459
v 1.4219424724578857 5.1064300537109375 4.121799945831299
v 1.4422330856323242 5.10211706161499 4.060234069824219
v 1.4558937549591064 5.099213600158691 3.99678635597229
v 1.4627645015716553 5.097753047943115 3.9322004318237305
v 1.4627645015716553 5.097753047943115 3.8672337532043457
v 1.4558937549591064 5.099213600158691 3.802647829055786
v 1.4422330856323242 5.10211706161499 3.7392001152038574
v 1.4219424724578857 5.1064300537109375 3.6776342391967773
v 1.3952597379684448 5.1121015548706055 3.6186718940734863
v 1.3624978065490723 5.119065284729004 3.563004970550537
v 1.3240408897399902 5.12723970413208 3.5112853050231934
v 1.2803395986557007 5.136528968811035 3.4641199111938477
v 1.2319064140319824 5.146823406219482 3.4220612049102783
v 1.179309368133545 5.158003330230713 3.3856027126312256
v 1.1231647729873657 5.1699371337890625 3.3551719188690186
v 1.0641310214996338 5.182485103607178 3.331125259399414
v 1.0029003620147705 5.195500373840332 3.3137447834014893
v 0.9401904344558716 5.208829879760742 3.303234338760376
v 0.6063603758811951 -0.18365083634853363 -4.526339530944824
v 0.6063603758811951 -0.18365083634853363 -5.726339340209961
v 0.6712318062782288 -0.18365083634853363 -4.5298566818237305
v 0.7353426218032837 -0.18365083634853363 -4.540367126464844
v 0.7979413270950317 -0.18365083634853363 -4.5577473640441895
v 0.8582938313484192 -0.18365083634853363 -4.581794261932373
v 0.9156926870346069 -0.18365083634853363 -4.61222505569458
v 0.969464898109436 -0.18365083634853363 -4.648683547973633
v 1.0189800262451172 -0.18365083634853363 -4.690742015838623
v 1.0636576414108276 -0.18365083634853363 -4.737907886505127
v 1.1029738187789917 -0.18365083634853363 -4.7896270751953125
v 1.1364675760269165 -0.18365083634853363 -4.84529447555542
v 1.1637463569641113 -0.18365083634853363 -4.904256343841553
v 1.184490442276001 -0.18365083634853363 -4.965822219848633
v 1.1984562873840332 -0.18365083634853363 -5.029270172119141
v 1.2054803371429443 -0.18365083634853363 -5.093855857849121
v 1.2054803371429443 -0.18365083634853363 -5.158823013305664
v 1.1984562873840332 -0.18365083634853363 -5.2234086990356445
v 1.184490442276001 -0.18365083634853363 -5.286856651306152
v 1.1637463569641113 -0.18365083634853363 -5.348422527313232
v 1.1364675760269165 -0.18365083634853363 -5.407384395599365
v 1.1029738187789917 -0.18365083634853363 -5.463051795959473
v 1.0636576414108276 -0.18365083634853363 -5.514770984649658
v 1.0189800262451172 -0.18365083634853363 -5.561936855316162
v 0.969464898109436 -0.18365083634853363 -5.603995323181152
v 0.9156926870346069 -0.18365083634853363 -5.640453815460205
v 0.8582938313484192 -0.18365083634853363 -5.670884609222412
v 0.7979413270950317 -0.18365083634853363 -5.694931507110596
v 0.7353426218032837 -0.18365083634853363 -5.712311744689941
v 0.6712318062782288 -0.18365083634853363 -5.722822189331055
v 0.6698141694068909 -0.1701633185148239 -4.5298566818237305
v 0.732524037361145 -0.15683391690254211 -4.540367126464844
v 0.7937548160552979 -0.1438189148902893 -4.5577473640441895
v 0.852788507938385 -0.13127091526985168 -4.581794261932373
v 0.9089330434799194 -0.11933702975511551 -4.61222505569458
v 0.9615302085876465 -0.10815715789794922 -4.648683547973633
v 1.0099632740020752 -0.09786238521337509 -4.690742015838623
v 1.0536645650863647 -0.0885733962059021 -4.737907886505127
v 1.0921216011047363 -0.08039910346269608 -4.7896270751953125
v 1.1248834133148193 -0.07343534380197525 -4.84529447555542
v 1.1515662670135498 -0.06776376068592072 -4.904256343841553
v 1.1718568801879883 -0.06345085054636002 -4.965822219848633
v 1.1855175495147705 -0.06054717302322388 -5.029270172119141
v 1.1923882961273193 -0.05908677726984024 -5.093855857849121
v 1.1923882961273193 -0.05908677726984024 -5.158823013305664
v 1.1855175495147705 -0.06054717302322388 -5.2234086990356445
v 1.1718568801879883 -0.06345085054636002 -5.286856651306152
v 1.1515662670135498 -0.06776376068592072 -5.348422527313232
v 1.1248834133148193 -0.07343534380197525 -5.407384395599365
v 1.0921216011047363 -0.08039910346269608 -5.463051795959473
v 1.0536645650863647 -0.0885733962059021 -5.514770984649658
v 1.0099632740020752 -0.09786238521337509 -5.561936855316162
v 0.9615302085876465 -0.10815715789794922 -5.603995323181152
v 0.9089330434799194 -0.11933702975511551 -5.640453815460205
v 0.852788507938385 -0.13127091526985168 -5.670884609222412
v 0.7937548160552979 -0.1438189148902893 -5.694931507110596
v 0.732524037361145 -0.15683391690254211 -5.712311744689941
v 0.6698141694068909 -0.1701633185148239 -5.722822189331055
v 0.6656233668327332 -0.15726526081562042 -4.5298566818237305
v 0.7241915464401245 -0.1311890184879303 -4.540367126464844
v 0.7813782691955566 -0.10572785884141922 -4.5577473640441895
v 0.8365130424499512 -0.08118026703596115 -4.581794261932373
v 0.8889495134353638 -0.057834044098854065 -4.61222505569458
v 0.9380728602409363 -0.03596292436122894 -4.648683547973633
v 0.9833072423934937 -0.01582328975200653 -4.690742015838623
v 1.0241222381591797 0.0023487061262130737 -4.737907886505127
v 1.0600392818450928 0.018340036273002625 -4.7896270751953125
v 1.090637445449829 0.031963199377059937 -4.84529447555542
v 1.1155579090118408 0.04305848479270935 -4.904256343841553
v 1.1345083713531494 0.05149582028388977 -4.965822219848633
v 1.1472668647766113 0.05717626214027405 -5.029270172119141
v 1.1536837816238403 0.060033246874809265 -5.093855857849121
v 1.1536837816238403 0.060033246874809265 -5.158823013305664
v 1.1472668647766113 0.05717626214027405 -5.2234086990356445
v 1.1345083713531494 0.05149582028388977 -5.286856651306152
v 1.1155579090118408 0.04305848479270935 -5.348422527313232
v 1.090637445449829 0.031963199377059937 -5.407384395599365
v 1.0600392818450928 0.018340036273002625 -5.463051795959473
v 1.0241222381591797 0.0023487061262130737 -5.514770984649658
v 0.9833072423934937 -0.01582328975200653 -5.561936855316162
v 0.9380728602409363 -0.03596292436122894 -5.603995323181152
v 0.8889495134353638 -0.057834044098854065 -5.640453815460205
v 0.8365130424499512 -0.08118026703596115 -5.670884609222412
v 0.7813782691955566 -0.10572785884141922 -5.694931507110596
v 0.7241915464401245 -0.1311890184879303 -5.712311744689941
v 0.6656233668327332 -0.15726526081562042 -5.722822189331055
v 0.6588424444198608 -0.1455203741788864 -4.5298566818237305
v 0.7107092142105103 -0.10783696174621582 -4.540367126464844
v 0.7613525986671448 -0.07104239612817764 -4.5577473640441895
v 0.810178816318512 -0.035568058490753174 -4.581794261932373
v 0.8566154837608337 -0.0018298625946044922 -4.61222505569458
v 0.9001181125640869 0.029776647686958313 -4.648683547973633
v 0.9401767253875732 0.05888092517852783 -4.690742015838623
v 0.9763215780258179 0.08514173328876495 -4.737907886505127
v 1.0081291198730469 0.10825119912624359 -4.7896270751953125
v 1.0352261066436768 0.127938374876976 -4.84529447555542
v 1.0572950839996338 0.14397244155406952 -4.904256343841553
v 1.0740773677825928 0.15616543591022491 -4.965822219848633
v 1.0853760242462158 0.16437439620494843 -5.029270172119141
v 1.0910587310791016 0.16850309073925018 -5.093855857849121
v 1.0910587310791016 0.16850309073925018 -5.158823013305664
v 1.0853760242462158 0.16437439620494843 -5.2234086990356445
v 1.0740773677825928 0.15616543591022491 -5.286856651306152
v 1.0572950839996338 0.14397244155406952 -5.348422527313232
v 1.0352261066436768 0.127938374876976 -5.407384395599365
v 1.0081291198730469 0.10825119912624359 -5.463051795959473
v 0.9763215780258179 0.08514173328876495 -5.514770984649658
v 0.9401767253875732 0.05888092517852783 -5.561936855316162
v 0.9001181125640869 0.029776647686958313 -5.603995323181152
v 0.8566154837608337 -0.0018298625946044922 -5.640453815460205
v 0.810178816318512 -0.035568058490753174 -5.670884609222412
v 0.7613525986671448 -0.07104239612817764 -5.694931507110596
v 0.7107092142105103 -0.10783696174621582 -5.712311744689941
v 0.6588424444198608 -0.1455203741788864 -5.722822189331055
v 0.6497678160667419 -0.13544198870658875 -4.5298566818237305
v 0.6926663517951965 -0.0877983346581459 -4.540367126464844
v 0.7345530390739441 -0.04127846658229828 -4.5577473640441895
v 0.7749367952346802 0.003572210669517517 -4.581794261932373
v 0.8133441209793091 0.046227872371673584 -4.61222505569458
v 0.8493247032165527 0.0861884206533432 -4.648683547973633
v 0.8824568390846252 0.1229853481054306 -4.690742015838623
v 0.9123519659042358 0.15618722140789032 -4.737907886505127
v 0.9386596083641052 0.18540485203266144 -4.7896270751953125
v 0.9610713720321655 0.21029560267925262 -4.84529447555542
v 0.979324460029602 0.23056770861148834 -4.904256343841553
v 0.9932048320770264 0.24598346650600433 -4.965822219848633
v 1.0025498867034912 0.2563621997833252 -5.029270172119141
v 1.0072499513626099 0.2615821361541748 -5.093855857849121
v 1.0072499513626099 0.2615821361541748 -5.158823013305664
v 1.0025498867034912 0.2563621997833252 -5.2234086990356445
v 0.9932048320770264 0.24598346650600433 -5.286856651306152
v 0.979324460029602 0.23056770861148834 -5.348422527313232
v 0.9610713720321655 0.21029560267925262 -5.407384395599365
v 0.9386596083641052 0.18540485203266144 -5.463051795959473
v 0.9123519659042358 0.15618722140789032 -5.514770984649658
v 0.8824568390846252 0.1229853481054306 -5.561936855316162
v 0.8493247032165527 0.0861884206533432 -5.603995323181152
v 0.8133441209793091 0.046227872371673584 -5.640453815460205
v 0.7749367952346802 0.003572210669517517 -5.670884609222412
v 0.7345530390739441 -0.04127846658229828 -5.694931507110596
v 0.6926663517951965 -0.0877983346581459 -5.712311744689941
v 0.6497678160667419 -0.13544198870658875 -5.722822189331055
v 0.6387960910797119 -0.12747055292129517 -4.5298566818237305
v 0.6708515286445618 -0.07194891571998596 -4.540367126464844
v 0.702150821685791 -0.017736896872520447 -4.5577473640441895
v 0.7323271036148071 0.03452993929386139 -4.581794261932373
v 0.7610265016555786 0.08423881232738495 -4.61222505569458
v 0.7879126071929932 0.13080690801143646 -4.648683547973633
v 0.8126702308654785 0.17368827760219574 -4.690742015838623
v 0.835008978843689 0.21238018572330475 -4.737907886505127
v 0.854667067527771 0.246428981423378 -4.7896270751953125
v 0.8714139461517334 0.27543550729751587 -4.84529447555542
v 0.8850533962249756 0.2990596294403076 -4.904256343841553
v 0.8954253792762756 0.3170244097709656 -4.965822219848633
v 0.9024083614349365 0.3291192650794983 -5.029270172119141
v 0.9059203863143921 0.33520233631134033 -5.093855857849121
v 0.9059203863143921 0.33520233631134033 -5.158823013305664
v 0.9024083614349365 0.3291192650794983 -5.2234086990356445
v 0.8954253792762756 0.3170244097709656 -5.286856651306152
v 0.8850533962249756 0.2990596294403076 -5.348422527313232
v 0.8714139461517334 0.27543550729751587 -5.407384395599365
v 0.854667067527771 0.246428981423378 -5.463051795959473
v 0.835008978843689 0.21238018572330475 -5.514770984649658
v 0.8126702308654785 0.17368827760219574 -5.561936855316162
v 0.7879126071929932 0.13080690801143646 -5.603995323181152
v 0.7610265016555786 0.08423881232738495 -5.640453815460205
v 0.7323271036148071 0.03452993929386139 -5.670884609222412
v 0.702150821685791 -0.017736896872520447 -5.694931507110596
v 0.6708515286445618 -0.07194891571998596 -5.712311744689941
v 0.6387960910797119 -0.12747055292129517 -5.722822189331055
v 0.626406729221344 -0.12195445597171783 -4.5298566818237305
v 0.6462180614471436 -0.06098141521215439 -4.540367126464844
v 0.6655621528625488 -0.001446560025215149 -4.5577473640441895
v 0.6842120885848999 0.05595211684703827 -4.581794261932373
v 0.7019492983818054 0.1105416864156723 -4.61222505569458
v 0.718565821647644 0.16168208420276642 -4.648683547973633
v 0.7338668704032898 0.20877380669116974 -4.690742015838623
v 0.747672975063324 0.25126469135284424 -4.737907886505127
v 0.7598223686218262 0.2886565923690796 -4.7896270751953125
v 0.7701725363731384 0.3205111026763916 -4.84529447555542
v 0.778602123260498 0.3464547395706177 -4.904256343841553
v 0.7850123643875122 0.36618345975875854 -4.965822219848633
v 0.7893280982971191 0.37946581840515137 -5.029270172119141
v 0.7914986610412598 0.3861461877822876 -5.093855857849121
v 0.7914986610412598 0.3861461877822876 -5.158823013305664
v 0.7893280982971191 0.37946581840515137 -5.2234086990356445
v 0.7850123643875122 0.36618345975875854 -5.286856651306152
v 0.778602123260498 0.3464547395706177 -5.348422527313232
v 0.7701725363731384 0.3205111026763916 -5.407384395599365
v 0.7598223686218262 0.2886565923690796 -5.463051795959473
v 0.747672975063324 0.25126469135284424 -5.514770984649658
v 0.7338668704032898 0.20877380669116974 -5.561936855316162
v 0.718565821647644 0.16168208420276642 -5.603995323181152
v 0.7019492983818054 0.1105416864156723 -5.640453815460205
v 0.6842120885848999 0.05595211684703827 -5.670884609222412
v 0.6655621528625488 -0.001446560025215149 -5.694931507110596
v 0.6462180614471436 -0.06098141521215439 -5.712311744689941
v 0.626406729221344 -0.12195445597171783 -5.722822189331055
v 0.6131412982940674 -0.1191347986459732 -4.5298566818237305
v 0.6198427081108093 -0.05537514388561249 -4.540367126464844
v 0.6263860464096069 0.006880581378936768 -4.5577473640441895
v 0.6326946020126343 0.06690250337123871 -4.581794261932373
v 0.6386944055557251 0.12398691475391388 -4.61222505569458
v 0.6443151235580444 0.177464559674263 -4.648683547973633
v 0.6494908928871155 0.22670845687389374 -4.690742015838623
v 0.6541609764099121 0.27114129066467285 -4.737907886505127
v 0.6582705974578857 0.31024205684661865 -4.7896270751953125
v 0.6617716550827026 0.3435524106025696 -4.84529447555542
v 0.6646230816841125 0.3706817626953125 -4.904256343841553
v 0.6667914390563965 0.3913120627403259 -4.965822219848633
v 0.6682512760162354 0.4052014946937561 -5.029270172119141
v 0.6689854860305786 0.4121871590614319 -5.093855857849121
v 0.6689854860305786 0.4121871590614319 -5.158823013305664
v 0.6682512760162354 0.4052014946937561 -5.2234086990356445
v 0.6667914390563965 0.3913120627403259 -5.286856651306152
v 0.6646230816841125 0.3706817626953125 -5.348422527313232
v 0.6617716550827026 0.3435524106025696 -5.407384395599365
v 0.6582705974578857 0.31024205684661865 -5.463051795959473
v 0.6541609764099121 0.27114129066467285 -5.514770984649658
v 0.6494908928871155 0.22670845687389374 -5.561936855316162
v 0.6443151235580444 0.177464559674263 -5.603995323181152
v 0.6386944055557251 0.12398691475391388 -5.640453815460205
v 0.6326946020126343 0.06690250337123871 -5.670884609222412
v 0.6263860464096069 0.006880581378936768 -5.694931507110596
v 0.6198427081108093 -0.05537514388561249 -5.712311744689941
v 0.6131412982940674 -0.1191347986459732 -5.722822189331055
v 0.5995794534683228 -0.1191347986459732 -4.5298566818237305
v 0.5928780436515808 -0.05537514388561249 -4.540367126464844
v 0.5863347053527832 0.006880581378936768 -4.5577473640441895
v 0.5800261497497559 0.06690250337123871 -4.581794261932373
v 0.574026346206665 0.12398691475391388 -4.61222505569458
v 0.5684056282043457 0.177464559674263 -4.648683547973633
v 0.5632298588752747 0.22670845687389374 -4.690742015838623
v 0.558559775352478 0.27114129066467285 -4.737907886505127
v 0.5544501543045044 0.31024205684661865 -4.7896270751953125
v 0.5509490966796875 0.3435524106025696 -4.84529447555542
v 0.5480976700782776 0.3706817626953125 -4.904256343841553
v 0.5459293127059937 0.3913120627403259 -4.965822219848633
v 0.5444694757461548 0.4052014946937561 -5.029270172119141
v 0.5437352657318115 0.4121871590614319 -5.093855857849121
v 0.5437352657318115 0.4121871590614319 -5.158823013305664
v 0.5444694757461548 0.4052014946937561 -5.2234086990356445
v 0.5459293127059937 0.3913120627403259 -5.286856651306152
v 0.5480976700782776 0.3706817626953125 -5.348422527313232
v 0.5509490966796875 0.3435524106025696 -5.407384395599365
v 0.5544501543045044 0.31024205684661865 -5.463051795959473
v 0.558559775352478 0.27114129066467285 -5.514770984649658
v 0.5632298588752747 0.22670845687389374 -5.561936855316162
v 0.5684056282043457 0.177464559674263 -5.603995323181152
v 0.574026346206665 0.12398691475391388 -5.640453815460205
v 0.5800261497497559 0.06690250337123871 -5.670884609222412
v 0.5863347053527832 0.006880581378936768 -5.694931507110596
v 0.5928780436515808 -0.05537514388561249 -5.712311744689941
v 0.5995794534683228 -0.1191347986459732 -5.722822189331055
v 0.5863140225410461 -0.12195445597171783 -4.5298566818237305
v 0.5665026903152466 -0.06098141521215439 -4.540367126464844
v 0.5471585988998413 -0.001446560025215149 -4.5577473640441895
v 0.5285086631774902 0.05595211684703827 -4.581794261932373
v 0.5107714533805847 0.1105416864156723 -4.61222505569458
v 0.4941549003124237 0.16168208420276642 -4.648683547973633
v 0.47885388135910034 0.20877380669116974 -4.690742015838623
v 0.46504777669906616 0.25126469135284424 -4.737907886505127
v 0.45289838314056396 0.2886565923690796 -4.7896270751953125
v 0.4425482153892517 0.3205111026763916 -4.84529447555542
v 0.4341186285018921 0.3464547395706177 -4.904256343841553
v 0.42770838737487793 0.36618345975875854 -4.965822219848633
v 0.4233926832675934 0.37946581840515137 -5.029270172119141
v 0.42122209072113037 0.3861461877822876 -5.093855857849121
v 0.42122209072113037 0.3861461877822876 -5.158823013305664
v 0.4233926832675934 0.37946581840515137 -5.2234086990356445
v 0.42770838737487793 0.36618345975875854 -5.286856651306152
v 0.4341186285018921 0.3464547395706177 -5.348422527313232
v 0.4425482153892517 0.3205111026763916 -5.407384395599365
v 0.45289838314056396 0.2886565923690796 -5.463051795959473
v 0.46504777669906616 0.25126469135284424 -5.514770984649658
v 0.47885388135910034 0.20877380669116974 -5.561936855316162
v 0.4941549003124237 0.16168208420276642 -5.603995323181152
v 0.5107714533805847 0.1105416864156723 -5.640453815460205
v 0.5285086631774902 0.05595211684703827 -5.670884609222412
v 0.5471585988998413 -0.001446560025215149 -5.694931507110596
v 0.5665026903152466 -0.06098141521215439 -5.712311744689941
v 0.5863140225410461 -0.12195445597171783 -5.722822189331055
v 0.5739246606826782 -0.12747055292129517 -4.5298566818237305
v 0.5418692231178284 -0.07194891571998596 -4.540367126464844
v 0.5105699300765991 -0.017736896872520447 -4.5577473640441895
v 0.480393648147583 0.03452993929386139 -4.581794261932373
v 0.45169422030448914 0.08423881232738495 -4.61222505569458
v 0.4248081147670746 0.13080690801143646 -4.648683547973633
v 0.4000505208969116 0.17368827760219574 -4.690742015838623
v 0.37771177291870117 0.21238018572330475 -4.737907886505127
v 0.35805368423461914 0.246428981423378 -4.7896270751953125
v 0.34130677580833435 0.27543550729751587 -4.84529447555542
v 0.32766735553741455 0.2990596294403076 -4.904256343841553
v 0.3172953724861145 0.3170244097709656 -4.965822219848633
v 0.310312420129776 0.3291192650794983 -5.029270172119141
v 0.30680036544799805 0.33520233631134033 -5.093855857849121
v 0.30680036544799805 0.33520233631134033 -5.158823013305664
v 0.310312420129776 0.3291192650794983 -5.2234086990356445
v 0.3172953724861145 0.3170244097709656 -5.286856651306152
v 0.32766735553741455 0.2990596294403076 -5.348422527313232
v 0.34130677580833435 0.27543550729751587 -5.407384395599365
v 0.35805368423461914 0.246428981423378 -5.463051795959473
v 0.37771177291870117 0.21238018572330475 -5.514770984649658
v 0.4000505208969116 0.17368827760219574 -5.561936855316162
v 0.4248081147670746 0.13080690801143646 -5.603995323181152
v 0.45169422030448914 0.08423881232738495 -5.640453815460205
v 0.480393648147583 0.03452993929386139 -5.670884609222412
v 0.5105699300765991 -0.017736896872520447 -5.694931507110596
v 0.5418692231178284 -0.07194891571998596 -5.712311744689941
v 0.5739246606826782 -0.12747055292129517 -5.722822189331055
v 0.5629529356956482 -0.13544198870658875 -4.5298566818237305
v 0.5200543999671936 -0.0877983346581459 -4.540367126464844
v 0.47816771268844604 -0.04127846658229828 -4.5577473640441895
v 0.43778398633003235 0.003572210669517517 -4.581794261932373
v 0.39937666058540344 0.046227872371673584 -4.61222505569458
v 0.363396018743515 0.0861884206533432 -4.648683547973633
v 0.3302639126777649 0.1229853481054306 -4.690742015838623
v 0.3003688156604767 0.15618722140789032 -4.737907886505127
v 0.2740611433982849 0.18540485203266144 -4.7896270751953125
v 0.251649409532547 0.21029560267925262 -4.84529447555542
v 0.23339632153511047 0.23056770861148834 -4.904256343841553
v 0.21951588988304138 0.24598346650600433 -4.965822219848633
v 0.21017086505889893 0.2563621997833252 -5.029270172119141
v 0.20547080039978027 0.2615821361541748 -5.093855857849121
v 0.20547080039978027 0.2615821361541748 -5.158823013305664
v 0.21017086505889893 0.2563621997833252 -5.2234086990356445
v 0.21951588988304138 0.24598346650600433 -5.286856651306152
v 0.23339632153511047 0.23056770861148834 -5.348422527313232
v 0.251649409532547 0.21029560267925262 -5.407384395599365
v 0.2740611433982849 0.18540485203266144 -5.463051795959473
v 0.3003688156604767 0.15618722140789032 -5.514770984649658
v 0.3302639126777649 0.1229853481054306 -5.561936855316162
v 0.363396018743515 0.0861884206533432 -5.603995323181152
v 0.39937666058540344 0.046227872371673584 -5.640453815460205
v 0.43778398633003235 0.003572210669517517 -5.670884609222412
v 0.47816771268844604 -0.04127846658229828 -5.694931507110596
v 0.5200543999671936 -0.0877983346581459 -5.712311744689941
v 0.5629529356956482 -0.13544198870658875 -5.722822189331055
v 0.5538783073425293 -0.1455203741788864 -4.5298566818237305
v 0.5020115375518799 -0.10783696174621582 -4.540367126464844
v 0.45136815309524536 -0.07104239612817764 -4.5577473640441895
v 0.4025419354438782 -0.035568058490753174 -4.581794261932373
v 0.3561052680015564 -0.0018298625946044922 -4.61222505569458
v 0.3126026391983032 0.029776647686958313 -4.648683547973633
v 0.2725440561771393 0.05888092517852783 -4.690742015838623
v 0.23639914393424988 0.08514173328876495 -4.737907886505127
v 0.20459169149398804 0.10825119912624359 -4.7896270751953125
v 0.177494615316391 0.127938374876976 -4.84529447555542
v 0.15542560815811157 0.14397244155406952 -4.904256343841553
v 0.13864338397979736 0.15616543591022491 -4.965822219848633
v 0.12734472751617432 0.16437439620494843 -5.029270172119141
v 0.12166208028793335 0.16850309073925018 -5.093855857849121
v 0.12166208028793335 0.16850309073925018 -5.158823013305664
v 0.12734472751617432 0.16437439620494843 -5.2234086990356445
v 0.13864338397979736 0.15616543591022491 -5.286856651306152
v 0.15542560815811157 0.14397244155406952 -5.348422527313232
v 0.177494615316391 0.127938374876976 -5.407384395599365
v 0.20459169149398804 0.10825119912624359 -5.463051795959473
v 0.23639914393424988 0.08514173328876495 -5.514770984649658
v 0.2725440561771393 0.05888092517852783 -5.561936855316162
v 0.3126026391983032 0.029776647686958313 -5.603995323181152
v 0.3561052680015564 -0.0018298625946044922 -5.640453815460205
v 0.4025419354438782 -0.035568058490753174 -5.670884609222412
v 0.45136815309524536 -0.07104239612817764 -5.694931507110596
v 0.5020115375518799 -0.10783696174621582 -5.712311744689941
v 0.5538783073425293 -0.1455203741788864 -5.722822189331055
v 0.547097384929657 -0.15726526081562042 -4.5298566818237305
v 0.4885292053222656 -0.1311890184879303 -4.540367126464844
v 0.4313424825668335 -0.10572785884141922 -4.5577473640441895
v 0.37620770931243896 -0.08118026703596115 -4.581794261932373
v 0.32377123832702637 -0.057834044098854065 -4.61222505569458
v 0.27464789152145386 -0.03596292436122894 -4.648683547973633
v 0.22941353917121887 -0.01582328975200653 -4.690742015838623
v 0.18859857320785522 0.0023487061262130737 -4.737907886505127
v 0.15268146991729736 0.018340036273002625 -4.7896270751953125
v 0.12208333611488342 0.031963199377059937 -4.84529447555542
v 0.09716290235519409 0.04305848479270935 -4.904256343841553
v 0.07821232080459595 0.05149582028388977 -4.965822219848633
v 0.06545382738113403 0.05717626214027405 -5.029270172119141
v 0.059036970138549805 0.060033246874809265 -5.093855857849121
v 0.059036970138549805 0.060033246874809265 -5.158823013305664
v 0.06545382738113403 0.05717626214027405 -5.2234086990356445
v 0.07821232080459595 0.05149582028388977 -5.286856651306152
v 0.09716290235519409 0.04305848479270935 -5.348422527313232
v 0.12208333611488342 0.031963199377059937 -5.407384395599365
v 0.15268146991729736 0.018340036273002625 -5.463051795959473
v 0.18859857320785522 0.0023487061262130737 -5.514770984649658
v 0.22941353917121887 -0.01582328975200653 -5.561936855316162
v 0.27464789152145386 -0.03596292436122894 -5.603995323181152
v 0.32377123832702637 -0.057834044098854065 -5.640453815460205
v 0.37620770931243896 -0.08118026703596115 -5.670884609222412
v 0.4313424825668335 -0.10572785884141922 -5.694931507110596
v 0.4885292053222656 -0.1311890184879303 -5.712311744689941
v 0.547097384929657 -0.15726526081562042 -5.722822189331055
v 0.5429065823554993 -0.1701633185148239 -4.5298566818237305
v 0.48019668459892273 -0.15683391690254211 -4.540367126464844
v 0.4189659655094147 -0.1438189148902893 -4.5577473640441895
v 0.3599322438240051 -0.13127091526985168 -4.581794261932373
v 0.3037877082824707 -0.11933702975511551 -4.61222505569458
v 0.25119054317474365 -0.10815715789794922 -4.648683547973633
v 0.20275741815567017 -0.09786238521337509 -4.690742015838623
v 0.1590561866760254 -0.0885733962059021 -4.737907886505127
v 0.1205991804599762 -0.08039910346269608 -4.7896270751953125
v 0.08783727884292603 -0.07343534380197525 -4.84529447555542
v 0.06115454435348511 -0.06776376068592072 -4.904256343841553
v 0.04086393117904663 -0.06345085054636002 -4.965822219848633
v 0.02720320224761963 -0.06054717302322388 -5.029270172119141
v 0.020332515239715576 -0.05908677726984024 -5.093855857849121
v 0.020332515239715576 -0.05908677726984024 -5.158823013305664
v 0.02720320224761963 -0.06054717302322388 -5.2234086990356445
v 0.04086393117904663 -0.06345085054636002 -5.286856651306152
v 0.06115454435348511 -0.06776376068592072 -5.348422527313232
v 0.08783727884292603 -0.07343534380197525 -5.407384395599365
v 0.1205991804599762 -0.08039910346269608 -5.463051795959473
v 0.1590561866760254 -0.0885733962059021 -5.514770984649658
v 0.20275741815567017 -0.09786238521337509 -5.561936855316162
v 0.25119054317474365 -0.10815715789794922 -5.603995323181152
v 0.3037877082824707 -0.11933702975511551 -5.640453815460205
v 0.3599322438240051 -0.13127091526985168 -5.670884609222412
v 0.4189659655094147 -0.1438189148902893 -5.694931507110596
v 0.48019668459892273 -0.15683391690254211 -5.712311744689941
v 0.5429065823554993 -0.1701633185148239 -5.722822189331055
v 0.5414889454841614 -0.18365083634853363 -4.5298566818237305
v 0.47737812995910645 -0.18365083634853363 -4.540367126464844
v 0.4147794544696808 -0.18365083634853363 -4.5577473640441895
v 0.35442692041397095 -0.18365083634853363 -4.581794261932373
v 0.2970280647277832 -0.18365083634853363 -4.61222505569458
v 0.2432558536529541 -0.18365083634853363 -4.648683547973633
v 0.19374069571495056 -0.18365083634853363 -4.690742015838623
v 0.1490631401538849 -0.18365083634853363 -4.737907886505127
v 0.10974696278572083 -0.18365083634853363 -4.7896270751953125
v 0.07625317573547363 -0.18365083634853363 -4.84529447555542
v 0.04897433519363403 -0.18365083634853363 -4.904256343841553
v 0.028230369091033936 -0.18365083634853363 -4.965822219848633
v 0.014264464378356934 -0.18365083634853363 -5.029270172119141
v 0.007240355014801025 -0.18365083634853363 -5.093855857849121
v 0.007240355014801025 -0.18365083634853363 -5.158823013305664
v 0.014264464378356934 -0.18365083634853363 -5.2234086990356445
v 0.028230369091033936 -0.18365083634853363 -5.286856651306152
v 0.04897433519363403 -0.18365083634853363 -5.348422527313232
v 0.07625317573547363 -0.18365083634853363 -5.407384395599365
v 0.10974696278572083 -0.18365083634853363 -5.463051795959473
v 0.1490631401538849 -0.18365083634853363 -5.514770984649658
v 0.19374069571495056 -0.18365083634853363 -5.561936855316162
v 0.2432558536529541 -0.18365083634853363 -5.603995323181152
v 0.2970280647277832 -0.18365083634853363 -5.640453815460205
v 0.35442692041397095 -0.18365083634853363 -5.670884609222412
v 0.4147794544696808 -0.18365083634853363 -5.694931507110596
v 0.47737812995910645 -0.18365083634853363 -5.712311744689941
v 0.5414889454841614 -0.18365083634853363 -5.722822189331055
v 0.5429065823554993 -0.19713835418224335 -4.5298566818237305
v 0.48019668459892273 -0.21046775579452515 -4.540367126464844
v 0.4189659655094147 -0.22348275780677795 -4.5577473640441895
v 0.3599322438240051 -0.23603075742721558 -4.581794261932373
v 0.3037877082824707 -0.24796465039253235 -4.61222505569458
v 0.25119054317474365 -0.25914451479911804 -4.648683547973633
v 0.20275741815567017 -0.2694392800331116 -4.690742015838623
v 0.1590561866760254 -0.27872827649116516 -4.737907886505127
v 0.1205991804599762 -0.2869025766849518 -4.7896270751953125
v 0.08783727884292603 -0.2938663363456726 -4.84529447555542
v 0.06115454435348511 -0.29953789710998535 -4.904256343841553
v 0.04086393117904663 -0.30385082960128784 -4.965822219848633
v 0.02720320224761963 -0.3067544996738434 -5.029270172119141
v 0.020332515239715576 -0.3082149028778076 -5.093855857849121
v 0.020332515239715576 -0.3082149028778076 -5.158823013305664
v 0.02720320224761963 -0.3067544996738434 -5.2234086990356445
v 0.04086393117904663 -0.30385082960128784 -5.286856651306152
v 0.06115454435348511 -0.29953789710998535 -5.348422527313232
v 0.08783727884292603 -0.2938663363456726 -5.407384395599365
v 0.1205991804599762 -0.2869025766849518 -5.463051795959473
v 0.1590561866760254 -0.27872827649116516 -5.514770984649658
v 0.20275741815567017 -0.2694392800331116 -5.561936855316162
v 0.25119054317474365 -0.25914451479911804 -5.603995323181152
v 0.3037877082824707 -0.24796465039253235 -5.640453815460205
v 0.3599322438240051 -0.23603075742721558 -5.670884609222412
v 0.4189659655094147 -0.22348275780677795 -5.694931507110596
v 0.48019668459892273 -0.21046775579452515 -5.712311744689941
v 0.5429065823554993 -0.19713835418224335 -5.722822189331055
v 0.547097384929657 -0.21003641188144684 -4.5298566818237305
v 0.4885292053222656 -0.23611265420913696 -4.540367126464844
v 0.4313424825668335 -0.26157382130622864 -4.5577473640441895
v 0.37620770931243896 -0.2861213982105255 -4.581794261932373
v 0.32377123832702637 -0.309467613697052 -4.61222505569458
v 0.27464789152145386 -0.3313387632369995 -4.648683547973633
v 0.22941353917121887 -0.3514783978462219 -4.690742015838623
v 0.18859857320785522 -0.36965036392211914 -4.737907886505127
v 0.15268146991729736 -0.3856416940689087 -4.7896270751953125
v 0.12208333611488342 -0.3992648720741272 -4.84529447555542
v 0.09716290235519409 -0.4103601574897766 -4.904256343841553
v 0.07821232080459595 -0.41879749298095703 -4.965822219848633
v 0.06545382738113403 -0.4244779348373413 -5.029270172119141
v 0.059036970138549805 -0.42733490467071533 -5.093855857849121
v 0.059036970138549805 -0.42733490467071533 -5.158823013305664
v 0.06545382738113403 -0.4244779348373413 -5.2234086990356445
v 0.07821232080459595 -0.41879749298095703 -5.286856651306152
v 0.09716290235519409 -0.4103601574897766 -5.348422527313232
v 0.12208333611488342 -0.3992648720741272 -5.407384395599365
v 0.15268146991729736 -0.3856416940689087 -5.463051795959473
v 0.18859857320785522 -0.36965036392211914 -5.514770984649658
v 0.22941353917121887 -0.3514783978462219 -5.561936855316162
v 0.27464789152145386 -0.3313387632369995 -5.603995323181152
v 0.32377123832702637 -0.309467613697052 -5.640453815460205
v 0.37620770931243896 -0.2861213982105255 -5.670884609222412
v 0.4313424825668335 -0.26157382130622864 -5.694931507110596
v 0.4885292053222656 -0.23611265420913696 -5.712311744689941
v 0.547097384929657 -0.21003641188144684 -5.722822189331055
v 0.5538783073425293 -0.22178129851818085 -4.5298566818237305
v 0.5020115375518799 -0.25946471095085144 -4.540367126464844
v 0.45136815309524536 -0.2962592840194702 -4.5577473640441895
v 0.4025419354438782 -0.3317336142063141 -4.581794261932373
v 0.3561052680015564 -0.36547181010246277 -4.61222505569458
v 0.3126026391983032 -0.39707833528518677 -4.648683547973633
v 0.2725440561771393 -0.4261825978755951 -4.690742015838623
v 0.23639914393424988 -0.4524434208869934 -4.737907886505127
v 0.20459169149398804 -0.47555285692214966 -4.7896270751953125
v 0.177494615316391 -0.4952400326728821 -4.84529447555542
v 0.15542560815811157 -0.5112740993499756 -4.904256343841553
v 0.13864338397979736 -0.5234671235084534 -4.965822219848633
v 0.12734472751617432 -0.5316760540008545 -5.029270172119141
v 0.12166208028793335 -0.5358047485351562 -5.093855857849121
v 0.12166208028793335 -0.5358047485351562 -5.158823013305664
v 0.12734472751617432 -0.5316760540008545 -5.2234086990356445
v 0.13864338397979736 -0.5234671235084534 -5.286856651306152
v 0.15542560815811157 -0.5112740993499756 -5.348422527313232
v 0.177494615316391 -0.4952400326728821 -5.407384395599365
v 0.20459169149398804 -0.47555285692214966 -5.463051795959473
v 0.23639914393424988 -0.4524434208869934 -5.514770984649658
v 0.2725440561771393 -0.4261825978755951 -5.561936855316162
v 0.3126026391983032 -0.39707833528518677 -5.603995323181152
v 0.3561052680015564 -0.36547181010246277 -5.640453815460205
v 0.4025419354438782 -0.3317336142063141 -5.670884609222412
v 0.45136815309524536 -0.2962592840194702 -5.694931507110596
v 0.5020115375518799 -0.25946471095085144 -5.712311744689941
v 0.5538783073425293 -0.22178129851818085 -5.722822189331055
v 0.5629529356956482 -0.23185968399047852 -4.5298566818237305
v 0.5200543999671936 -0.27950334548950195 -4.540367126464844
v 0.47816771268844604 -0.3260232210159302 -4.5577473640441895
v 0.43778398633003235 -0.3708738684654236 -4.581794261932373
v 0.39937666058540344 -0.41352954506874084 -4.61222505569458
v 0.363396018743515 -0.45349007844924927 -4.648683547973633
v 0.3302639126777649 -0.49028700590133667 -4.690742015838623
v 0.3003688156604767 -0.5234888792037964 -4.737907886505127
v 0.2740611433982849 -0.5527065396308899 -4.7896270751953125
v 0.251649409532547 -0.5775972604751587 -4.84529447555542
v 0.23339632153511047 -0.5978693962097168 -4.904256343841553
v 0.21951588988304138 -0.6132851243019104 -4.965822219848633
v 0.21017086505889893 -0.6236638426780701 -5.029270172119141
v 0.20547080039978027 -0.6288837790489197 -5.093855857849121
v 0.20547080039978027 -0.6288837790489197 -5.158823013305664
v 0.21017086505889893 -0.6236638426780701 -5.2234086990356445
v 0.21951588988304138 -0.6132851243019104 -5.286856651306152
v 0.23339632153511047 -0.5978693962097168 -5.348422527313232
v 0.251649409532547 -0.5775972604751587 -5.407384395599365
v 0.2740611433982849 -0.5527065396308899 -5.463051795959473
v 0.3003688156604767 -0.5234888792037964 -5.514770984649658
v 0.3302639126777649 -0.49028700590133667 -5.561936855316162
v 0.363396018743515 -0.45349007844924927 -5.603995323181152
v 0.39937666058540344 -0.41352954506874084 -5.640453815460205
v 0.43778398633003235 -0.3708738684654236 -5.670884609222412
v 0.47816771268844604 -0.3260232210159302 -5.694931507110596
v 0.5200543999671936 -0.27950334548950195 -5.712311744689941
v 0.5629529356956482 -0.23185968399047852 -5.722822189331055
v 0.5739246606826782 -0.2398311197757721 -4.5298566818237305
v 0.5418692231178284 -0.2953527569770813 -4.540367126464844
v 0.5105699300765991 -0.349564790725708 -4.5577473640441895
v 0.480393648147583 -0.40183162689208984 -4.581794261932373
v 0.45169422030448914 -0.451540470123291 -4.61222505569458
v 0.4248081147670746 -0.49810856580734253 -4.648683547973633
v 0.4000505208969116 -0.5409899353981018 -4.690742015838623
v 0.37771177291870117 -0.5796818733215332 -4.737907886505127
v 0.35805368423461914 -0.6137306690216064 -4.7896270751953125
v 0.34130677580833435 -0.6427371501922607 -4.84529447555542
v 0.32766735553741455 -0.6663612723350525 -4.904256343841553
v 0.3172953724861145 -0.6843261122703552 -4.965822219848633
v 0.310312420129776 -0.6964209675788879 -5.029270172119141
v 0.30680036544799805 -0.70250403881073 -5.093855857849121
v 0.30680036544799805 -0.70250403881073 -5.158823013305664
v 0.310312420129776 -0.6964209675788879 -5.2234086990356445
v 0.3172953724861145 -0.6843261122703552 -5.286856651306152
v 0.32766735553741455 -0.6663612723350525 -5.348422527313232
v 0.34130677580833435 -0.6427371501922607 -5.407384395599365
v 0.35805368423461914 -0.6137306690216064 -5.463051795959473
v 0.37771177291870117 -0.5796818733215332 -5.514770984649658
v 0.4000505208969116 -0.5409899353981018 -5.561936855316162
v 0.4248081147670746 -0.49810856580734253 -5.603995323181152
v 0.45169422030448914 -0.451540470123291 -5.640453815460205
v 0.480393648147583 -0.40183162689208984 -5.670884609222412
v 0.5105699300765991 -0.349564790725708 -5.694931507110596
v 0.5418692231178284 -0.2953527569770813 -5.712311744689941
v 0.5739246606826782 -0.2398311197757721 -5.722822189331055
v 0.5863140225410461 -0.24534721672534943 -4.5298566818237305
v 0.5665026903152466 -0.3063202500343323 -4.540367126464844
v 0.5471585988998413 -0.3658550977706909 -4.5577473640441895
v 0.5285086631774902 -0.42325377464294434 -4.581794261932373
v 0.5107714533805847 -0.47784334421157837 -4.61222505569458
v 0.4941549003124237 -0.5289837718009949 -4.648683547973633
v 0.47885388135910034 -0.5760754942893982 -4.690742015838623
v 0.46504777669906616 -0.6185663342475891 -4.737907886505127
v 0.45289838314056396 -0.6559582352638245 -4.7896270751953125
v 0.4425482153892517 -0.6878128051757812 -4.84529447555542
v 0.4341186285018921 -0.7137564420700073 -4.904256343841553
v 0.42770838737487793 -0.7334851622581482 -4.965822219848633
v 0.4233926832675934 -0.746767520904541 -5.029270172119141
v 0.42122209072113037 -0.7534478902816772 -5.093855857849121
v 0.42122209072113037 -0.7534478902816772 -5.158823013305664
v 0.4233926832675934 -0.746767520904541 -5.2234086990356445
v 0.42770838737487793 -0.7334851622581482 -5.286856651306152
v 0.4341186285018921 -0.7137564420700073 -5.348422527313232
v 0.4425482153892517 -0.6878128051757812 -5.407384395599365
v 0.45289838314056396 -0.6559582352638245 -5.463051795959473
v 0.46504777669906616 -0.6185663342475891 -5.514770984649658
v 0.47885388135910034 -0.5760754942893982 -5.561936855316162
v 0.4941549003124237 -0.5289837718009949 -5.603995323181152
v 0.5107714533805847 -0.47784334421157837 -5.640453815460205
v 0.5285086631774902 -0.42325377464294434 -5.670884609222412
v 0.5471585988998413 -0.3658550977706909 -5.694931507110596
v 0.5665026903152466 -0.3063202500343323 -5.712311744689941
v 0.5863140225410461 -0.24534721672534943 -5.722822189331055
v 0.5995794534683228 -0.24816687405109406 -4.5298566818237305
v 0.5928780436515808 -0.31192654371261597 -4.540367126464844
v 0.5863347053527832 -0.37418225407600403 -4.5577473640441895
v 0.5800261497497559 -0.4342041611671448 -4.581794261932373
v 0.574026346206665 -0.49128860235214233 -4.61222505569458
v 0.5684056282043457 -0.5447662472724915 -4.648683547973633
v 0.5632298588752747 -0.5940101146697998 -4.690742015838623
v 0.558559775352478 -0.6384429335594177 -4.737907886505127
v 0.5544501543045044 -0.6775437593460083 -4.7896270751953125
v 0.5509490966796875 -0.7108541131019592 -4.84529447555542
v 0.5480976700782776 -0.7379834651947021 -4.904256343841553
v 0.5459293127059937 -0.7586137652397156 -4.965822219848633
v 0.5444694757461548 -0.7725031971931458 -5.029270172119141
v 0.5437352657318115 -0.7794888615608215 -5.093855857849121
v 0.5437352657318115 -0.7794888615608215 -5.158823013305664
v 0.5444694757461548 -0.7725031971931458 -5.2234086990356445
v 0.5459293127059937 -0.7586137652397156 -5.286856651306152
v 0.5480976700782776 -0.7379834651947021 -5.348422527313232
v 0.5509490966796875 -0.7108541131019592 -5.407384395599365
v 0.5544501543045044 -0.6775437593460083 -5.463051795959473
v 0.558559775352478 -0.6384429335594177 -5.514770984649658
v 0.5632298588752747 -0.5940101146697998 -5.561936855316162
v 0.5684056282043457 -0.5447662472724915 -5.603995323181152
v 0.574026346206665 -0.49128860235214233 -5.640453815460205
v 0.5800261497497559 -0.4342041611671448 -5.670884609222412
v 0.5863347053527832 -0.37418225407600403 -5.694931507110596
v 0.5928780436515808 -0.31192654371261597 -5.712311744689941
v 0.5995794534683228 -0.24816687405109406 -5.722822189331055
v 0.6131412982940674 -0.24816687405109406 -4.5298566818237305
v 0.6198427081108093 -0.31192654371261597 -4.540367126464844
v 0.6263860464096069 -0.37418225407600403 -4.5577473640441895
v 0.6326946020126343 -0.4342041611671448 -4.581794261932373
v 0.6386944055557251 -0.49128860235214233 -4.61222505569458
v 0.6443151235580444 -0.5447662472724915 -4.648683547973633
v 0.6494908928871155 -0.5940101146697998 -4.690742015838623
v 0.6541609764099121 -0.6384429335594177 -4.737907886505127
v 0.6582705974578857 -0.6775437593460083 -4.7896270751953125
v 0.6617716550827026 -0.7108541131019592 -4.84529447555542
v 0.6646230816841125 -0.7379834651947021 -4.904256343841553
v 0.6667914390563965 -0.7586137652397156 -4.965822219848633
v 0.6682512760162354 -0.7725031971931458 -5.029270172119141
v 0.6689854860305786 -0.7794888615608215 -5.093855857849121
v 0.6689854860305786 -0.7794888615608215 -5.158823013305664
v 0.6682512760162354 -0.7725031971931458 -5.2234086990356445
v 0.6667914390563965 -0.7586137652397156 -5.286856651306152
v 0.6646230816841125 -0.7379834651947021 -5.348422527313232
v 0.6617716550827026 -0.7108541131019592 -5.407384395599365
v 0.6582705974578857 -0.6775437593460083 -5.463051795959473
v 0.6541609764099121 -0.6384429335594177 -5.514770984649658
v 0.6494908928871155 -0.5940101146697998 -5.561936855316162
v 0.6443151235580444 -0.5447662472724915 -5.603995323181152
v 0.6386944055557251 -0.49128860235214233 -5.640453815460205
v 0.6326946020126343 -0.4342041611671448 -5.670884609222412
v 0.6263860464096069 -0.37418225407600403 -5.694931507110596
v 0.6198427081108093 -0.31192654371261597 -5.712311744689941
v 0.6131412982940674 -0.24816687405109406 -5.722822189331055
v 0.626406729221344 -0.24534721672534943 -4.5298566818237305
v 0.6462180614471436 -0.3063202500343323 -4.540367126464844
v 0.6655621528625488 -0.3658550977706909 -4.5577473640441895
v 0.6842120885848999 -0.42325377464294434 -4.581794261932373
v 0.7019492983818054 -0.47784334421157837 -4.61222505569458
v 0.718565821647644 -0.5289837718009949 -4.648683547973633
v 0.7338668704032898 -0.5760754942893982 -4.690742015838623
v 0.747672975063324 -0.6185663342475891 -4.737907886505127
v 0.7598223686218262 -0.6559582352638245 -4.7896270751953125
v 0.7701725363731384 -0.6878128051757812 -4.84529447555542
v 0.778602123260498 -0.7137564420700073 -4.904256343841553
v 0.7850123643875122 -0.7334851622581482 -4.965822219848633
v 0.7893280982971191 -0.746767520904541 -5.029270172119141
v 0.7914986610412598 -0.7534478902816772 -5.093855857849121
v 0.7914986610412598 -0.7534478902816772 -5.158823013305664
v 0.7893280982971191 -0.746767520904541 -5.2234086990356445
v 0.7850123643875122 -0.7334851622581482 -5.286856651306152
v 0.778602123260498 -0.7137564420700073 -5.348422527313232
v 0.7701725363731384 -0.6878128051757812 -5.407384395599365
v 0.7598223686218262 -0.6559582352638245 -5.463051795959473
v 0.747672975063324 -0.6185663342475891 -5.514770984649658
v 0.7338668704032898 -0.5760754942893982 -5.561936855316162
v 0.718565821647644 -0.5289837718009949 -5.603995323181152
v 0.7019492983818054 -0.47784334421157837 -5.640453815460205
v 0.6842120885848999 -0.42325377464294434 -5.670884609222412
v 0.6655621528625488 -0.3658550977706909 -5.694931507110596
v 0.6462180614471436 -0.3063202500343323 -5.712311744689941
v 0.626406729221344 -0.24534721672534943 -5.722822189331055
v 0.6387960910797119 -0.2398311197757721 -4.5298566818237305
v 0.6708515286445618 -0.2953527569770813 -4.540367126464844
v 0.702150821685791 -0.349564790725708 -4.5577473640441895
v 0.7323271036148071 -0.40183162689208984 -4.581794261932373
v 0.7610265016555786 -0.451540470123291 -4.61222505569458
v 0.7879126071929932 -0.49810856580734253 -4.648683547973633
v 0.8126702308654785 -0.5409899353981018 -4.690742015838623
v 0.835008978843689 -0.5796818733215332 -4.737907886505127
v 0.854667067527771 -0.6137306690216064 -4.7896270751953125
v 0.8714139461517334 -0.6427371501922607 -4.84529447555542
v 0.8850533962249756 -0.6663612723350525 -4.904256343841553
v 0.8954253792762756 -0.6843261122703552 -4.965822219848633
v 0.9024083614349365 -0.6964209675788879 -5.029270172119141
v 0.9059203863143921 -0.70250403881073 -5.093855857849121
v 0.9059203863143921 -0.70250403881073 -5.158823013305664
v 0.9024083614349365 -0.6964209675788879 -5.2234086990356445
v 0.8954253792762756 -0.6843261122703552 -5.286856651306152
v 0.8850533962249756 -0.6663612723350525 -5.348422527313232
v 0.8714139461517334 -0.6427371501922607 -5.407384395599365
v 0.854667067527771 -0.6137306690216064 -5.463051795959473
v 0.835008978843689 -0.5796818733215332 -5.514770984649658
v 0.8126702308654785 -0.5409899353981018 -5.561936855316162
v 0.7879126071929932 -0.49810856580734253 -5.603995323181152
v 0.7610265016555786 -0.451540470123291 -5.640453815460205
v 0.7323271036148071 -0.40183162689208984 -5.670884609222412
v 0.702150821685791 -0.349564790725708 -5.694931507110596
v 0.6708515286445618 -0.2953527569770813 -5.712311744689941
v 0.6387960910797119 -0.2398311197757721 -5.722822189331055
v 0.6497678160667419 -0.23185968399047852 -4.5298566818237305
v 0.6926663517951965 -0.27950334548950195 -4.540367126464844
v 0.7345530390739441 -0.3260232210159302 -4.5577473640441895
v 0.7749367952346802 -0.3708738684654236 -4.581794261932373
v 0.8133441209793091 -0.41352954506874084 -4.61222505569458
v 0.8493247032165527 -0.45349007844924927 -4.648683547973633
v 0.8824568390846252 -0.49028700590133667 -4.690742015838623
v 0.9123519659042358 -0.5234888792037964 -4.737907886505127
v 0.9386596083641052 -0.5527065396308899 -4.7896270751953125
v 0.9610713720321655 -0.5775972604751587 -4.84529447555542
v 0.979324460029602 -0.5978693962097168 -4.904256343841553
v 0.9932048320770264 -0.6132851243019104 -4.965822219848633
v 1.0025498867034912 -0.6236638426780701 -5.029270172119141
v 1.0072499513626099 -0.6288837790489197 -5.093855857849121
v 1.0072499513626099 -0.6288837790489197 -5.158823013305664
v 1.0025498867034912 -0.6236638426780701 -5.2234086990356445
v 0.9932048320770264 -0.6132851243019104 -5.286856651306152
v 0.979324460029602 -0.5978693962097168 -5.348422527313232
v 0.9610713720321655 -0.5775972604751587 -5.407384395599365
v 0.9386596083641052 -0.5527065396308899 -5.463051795959473
v 0.9123519659042358 -0.5234888792037964 -5.514770984649658
v 0.8824568390846252 -0.49028700590133667 -5.561936855316162
v 0.8493247032165527 -0.45349007844924927 -5.603995323181152
v 0.8133441209793091 -0.41352954506874084 -5.640453815460205
v 0.7749367952346802 -0.3708738684654236 -5.670884609222412
v 0.7345530390739441 -0.3260232210159302 -5.694931507110596
v 0.6926663517951965 -0.27950334548950195 -5.712311744689941
v 0.6497678160667419 -0.23185968399047852 -5.722822189331055
v 0.6588424444198608 -0.22178129851818085 -4.5298566818237305
v 0.7107092142105103 -0.25946471095085144 -4.540367126464844
v 0.7613525986671448 -0.2962592840194702 -4.5577473640441895
v 0.810178816318512 -0.3317336142063141 -4.581794261932373
v 0.8566154837608337 -0.36547181010246277 -4.61222505569458
v 0.9001181125640869 -0.39707833528518677 -4.648683547973633
v 0.9401767253875732 -0.4261825978755951 -4.690742015838623
v 0.9763215780258179 -0.4524434208869934 -4.737907886505127
v 1.0081291198730469 -0.47555285692214966 -4.7896270751953125
v 1.0352261066436768 -0.4952400326728821 -4.84529447555542
v 1.0572950839996338 -0.5112740993499756 -4.904256343841553
v 1.0740773677825928 -0.5234671235084534 -4.965822219848633
v 1.0853760242462158 -0.5316760540008545 -5.029270172119141
v 1.0910587310791016 -0.5358047485351562 -5.093855857849121
v 1.0910587310791016 -0.5358047485351562 -5.158823013305664
v 1.0853760242462158 -0.5316760540008545 -5.2234086990356445
v 1.0740773677825928 -0.5234671235084534 -5.286856651306152
v 1.0572950839996338 -0.5112740993499756 -5.348422527313232
v 1.0352261066436768 -0.4952400326728821 -5.407384395599365
v 1.0081291198730469 -0.47555285692214966 -5.463051795959473
v 0.9763215780258179 -0.4524434208869934 -5.514770984649658
v 0.9401767253875732 -0.4261825978755951 -5.561936855316162
v 0.9001181125640869 -0.39707833528518677 -5.603995323181152
v 0.8566154837608337 -0.36547181010246277 -5.640453815460205
v 0.810178816318512 -0.3317336142063141 -5.670884609222412
v 0.7613525986671448 -0.2962592840194702 -5.694931507110596
v 0.7107092142105103 -0.25946471095085144 -5.712311744689941
v 0.6588424444198608 -0.22178129851818085 -5.722822189331055
v 0.6656233668327332 -0.21003641188144684 -4.5298566818237305
v 0.7241915464401245 -0.23611265420913696 -4.540367126464844
v 0.7813782691955566 -0.26157382130622864 -4.5577473640441895
v 0.8365130424499512 -0.2861213982105255 -4.581794261932373
v 0.8889495134353638 -0.309467613697052 -4.61222505569458
v 0.9380728602409363 -0.3313387632369995 -4.648683547973633
v 0.9833072423934937 -0.3514783978462219 -4.690742015838623
v 1.0241222381591797 -0.36965036392211914 -4.737907886505127
v 1.0600392818450928 -0.3856416940689087 -4.7896270751953125
v 1.090637445449829 -0.3992648720741272 -4.84529447555542
v 1.1155579090118408 -0.4103601574897766 -4.904256343841553
v 1.1345083713531494 -0.41879749298095703 -4.965822219848633
v 1.1472668647766113 -0.4244779348373413 -5.029270172119141
v 1.1536837816238403 -0.42733490467071533 -5.093855857849121
v 1.1536837816238403 -0.42733490467071533 -5.158823013305664
v 1.1472668647766113 -0.4244779348373413 -5.2234086990356445
v 1.1345083713531494 -0.41879749298095703 -5.286856651306152
v 1.1155579090118408 -0.4103601574897766 -5.348422527313232
v 1.090637445449829 -0.3992648720741272 -5.407384395599365
v 1.0600392818450928 -0.3856416940689087 -5.463051795959473
v 1.0241222381591797 -0.36965036392211914 -5.514770984649658
v 0.9833072423934937 -0.3514783978462219 -5.561936855316162
v 0.9380728602409363 -0.3313387632369995 -5.603995323181152
v 0.8889495134353638 -0.309467613697052 -5.640453815460205
v 0.8365130424499512 -0.2861213982105255 -5.670884609222412
v 0.7813782691955566 -0.26157382130622864 -5.694931507110596
v 0.7241915464401245 -0.23611265420913696 -5.712311744689941
v 0.6656233668327332 -0.21003641188144684 -5.722822189331055
v 0.6698141694068909 -0.19713835418224335 -4.5298566818237305
v 0.732524037361145 -0.21046775579452515 -4.540367126464844
v 0.7937548160552979 -0.22348275780677795 -4.5577473640441895
v 0.852788507938385 -0.23603075742721558 -4.581794261932373
v 0.9089330434799194 -0.24796465039253235 -4.61222505569458
v 0.9615302085876465 -0.25914451479911804 -4.648683547973633
v 1.0099632740020752 -0.2694392800331116 -4.690742015838623
v 1.0536645650863647 -0.27872827649116516 -4.737907886505127
v 1.0921216011047363 -0.2869025766849518 -4.7896270751953125
v 1.1248834133148193 -0.2938663363456726 -4.84529447555542
v 1.1515662670135498 -0.29953789710998535 -4.904256343841553
v 1.1718568801879883 -0.30385082960128784 -4.965822219848633
v 1.1855175495147705 -0.3067544996738434 -5.029270172119141
v 1.1923882961273193 -0.3082149028778076 -5.093855857849121
v 1.1923882961273193 -0.3082149028778076 -5.158823013305664
v 1.1855175495147705 -0.3067544996738434 -5.2234086990356445
v 1.1718568801879883 -0.30385082960128784 -5.286856651306152
v 1.1515662670135498 -0.29953789710998535 -5.348422527313232
v 1.1248834133148193 -0.2938663363456726 -5.407384395599365
v 1.0921216011047363 -0.2869025766849518 -5.463051795959473
v 1.0536645650863647 -0.27872827649116516 -5.514770984649658
v 1.0099632740020752 -0.2694392800331116 -5.561936855316162
v 0.9615302085876465 -0.25914451479911804 -5.603995323181152
v 0.9089330434799194 -0.24796465039253235 -5.640453815460205
v 0.852788507938385 -0.23603075742721558 -5.670884609222412
v 0.7937548160552979 -0.22348275780677795 -5.694931507110596
v 0.732524037361145 -0.21046775579452515 -5.712311744689941
v 0.6698141694068909 -0.19713835418224335 -5.722822189331055
v 1.469102382659912 -7.110520362854004 2.7324423789978027
v 1.469102382659912 -7.110520362854004 1.5324422121047974
v 1.5339738130569458 -7.110520362854004 2.7289249897003174
v 1.5980846881866455 -7.110520362854004 2.718414545059204
v 1.660683274269104 -7.110520362854004 2.7010340690612793
v 1.7210358381271362 -7.110520362854004 2.676987409591675
v 1.7784347534179688 -7.110520362854004 2.6465566158294678
v 1.8322069644927979 -7.110520362854004 2.610098123550415
v 1.881722092628479 -7.110520362854004 2.5680394172668457
v 1.9263995885849 -7.110520362854004 2.5208740234375
v 1.965715765953064 -7.110520362854004 2.4691543579101562
v 1.9992096424102783 -7.110520362854004 2.413487434387207
v 2.0264883041381836 -7.110520362854004 2.354525089263916
v 2.0472323894500732 -7.110520362854004 2.292959213256836
v 2.0611982345581055 -7.110520362854004 2.2295114994049072
v 2.0682225227355957 -7.110520362854004 2.1649255752563477
v 2.0682225227355957 -7.110520362854004 2.099958896636963
v 2.0611982345581055 -7.110520362854004 2.0353729724884033
v 2.0472323894500732 -7.110520362854004 1.9719252586364746
v 2.0264883041381836 -7.110520362854004 1.9103593826293945
v 1.9992096424102783 -7.110520362854004 1.851397156715393
v 1.965715765953064 -7.110520362854004 1.7957299947738647
v 1.9263995885849 -7.110520362854004 1.7440104484558105
v 1.881722092628479 -7.110520362854004 1.6968449354171753
v 1.8322069644927979 -7.110520362854004 1.6547863483428955
v 1.7784347534179688 -7.110520362854004 1.6183278560638428
v 1.7210358381271362 -7.110520362854004 1.5878970623016357
v 1.660683274269104 -7.110520362854004 1.5638504028320312
v 1.5980846881866455 -7.110520362854004 1.5464699268341064
v 1.5339738130569458 -7.110520362854004 1.5359594821929932
v 1.532556176185608 -7.0970330238342285 2.7289249897003174
v 1.5952661037445068 -7.083703517913818 2.718414545059204
v 1.6564967632293701 -7.070688247680664 2.7010340690612793
v 1.715530514717102 -7.058140277862549 2.676987409591675
v 1.7716751098632812 -7.046206474304199 2.6465566158294678
v 1.8242721557617188 -7.035026550292969 2.610098123550415
v 1.872705340385437 -7.0247321128845215 2.5680394172668457
v 1.9164066314697266 -7.015442848205566 2.5208740234375
v 1.9548635482788086 -7.00726842880249 2.4691543579101562
v 1.9876254796981812 -7.000304698944092 2.413487434387207
v 2.014308214187622 -6.994633197784424 2.354525089263916
v 2.0345988273620605 -6.990320205688477 2.292959213256836
v 2.0482594966888428 -6.987416744232178 2.2295114994049072
v 2.0551302433013916 -6.985956192016602 2.1649255752563477
v 2.0551302433013916 -6.985956192016602 2.099958896636963
v 2.0482594966888428 -6.987416744232178 2.0353729724884033
v 2.0345988273620605 -6.990320205688477 1.9719252586364746
v 2.014308214187622 -6.994633197784424 1.9103593826293945
v 1.9876254796981812 -7.000304698944092 1.851397156715393
v 1.9548635482788086 -7.00726842880249 1.7957299947738647
v 1.9164066314697266 -7.015442848205566 1.7440104484558105
v 1.872705340385437 -7.0247321128845215 1.6968449354171753
v 1.8242721557617188 -7.035026550292969 1.6547863483428955
v 1.7716751098632812 -7.046206474304199 1.6183278560638428
v 1.715530514717102 -7.058140277862549 1.5878970623016357
v 1.6564967632293701 -7.070688247680664 1.5638504028320312
v 1.5952661037445068 -7.083703517913818 1.5464699268341064
v 1.532556176185608 -7.0970330238342285 1.5359594821929932
v 1.5283653736114502 -7.084134578704834 2.7289249897003174
v 1.5869334936141968 -7.058058738708496 2.718414545059204
v 1.644120216369629 -7.032597541809082 2.7010340690612793
v 1.6992549896240234 -7.008049964904785 2.676987409591675
v 1.7516915798187256 -6.984703540802002 2.6465566158294678
v 1.8008148670196533 -6.962832450866699 2.610098123550415
v 1.846049189567566 -6.942692756652832 2.5680394172668457
v 1.886864185333252 -6.924520969390869 2.5208740234375
v 1.922781229019165 -6.908529281616211 2.4691543579101562
v 1.9533793926239014 -6.894906520843506 2.413487434387207
v 1.978299856185913 -6.883810997009277 2.354525089263916
v 1.9972504377365112 -6.875373840332031 2.292959213256836
v 2.0100088119506836 -6.869693279266357 2.2295114994049072
v 2.016425848007202 -6.866836071014404 2.1649255752563477
v 2.016425848007202 -6.866836071014404 2.099958896636963
v 2.0100088119506836 -6.869693279266357 2.0353729724884033
v 1.9972504377365112 -6.875373840332031 1.9719252586364746
v 1.978299856185913 -6.883810997009277 1.9103593826293945
v 1.9533793926239014 -6.894906520843506 1.851397156715393
v 1.922781229019165 -6.908529281616211 1.7957299947738647
v 1.886864185333252 -6.924520969390869 1.7440104484558105
v 1.846049189567566 -6.942692756652832 1.6968449354171753
v 1.8008148670196533 -6.962832450866699 1.6547863483428955
v 1.7516915798187256 -6.984703540802002 1.6183278560638428
v 1.6992549896240234 -7.008049964904785 1.5878970623016357
v 1.644120216369629 -7.032597541809082 1.5638504028320312
v 1.5869334936141968 -7.058058738708496 1.5464699268341064
v 1.5283653736114502 -7.084134578704834 1.5359594821929932
v 1.5215845108032227 -7.072390079498291 2.7289249897003174
v 1.573451280593872 -7.0347065925598145 2.718414545059204
v 1.6240946054458618 -6.9979119300842285 2.7010340690612793
v 1.672920823097229 -6.962437629699707 2.676987409591675
v 1.7193574905395508 -6.928699493408203 2.6465566158294678
v 1.7628600597381592 -6.897092819213867 2.610098123550415
v 1.8029186725616455 -6.867988586425781 2.5680394172668457
v 1.8390636444091797 -6.8417277336120605 2.5208740234375
v 1.8708710670471191 -6.818618297576904 2.4691543579101562
v 1.8979681730270386 -6.798931121826172 2.413487434387207
v 1.9200371503829956 -6.782896995544434 2.354525089263916
v 1.936819314956665 -6.77070426940918 2.292959213256836
v 1.948117971420288 -6.762495040893555 2.2295114994049072
v 1.9538006782531738 -6.758366584777832 2.1649255752563477
v 1.9538006782531738 -6.758366584777832 2.099958896636963
v 1.948117971420288 -6.762495040893555 2.0353729724884033
v 1.936819314956665 -6.77070426940918 1.9719252586364746
v 1.9200371503829956 -6.782896995544434 1.9103593826293945
v 1.8979681730270386 -6.798931121826172 1.851397156715393
v 1.8708710670471191 -6.818618297576904 1.7957299947738647
v 1.8390636444091797 -6.8417277336120605 1.7440104484558105
v 1.8029186725616455 -6.867988586425781 1.6968449354171753
v 1.7628600597381592 -6.897092819213867 1.6547863483428955
v 1.7193574905395508 -6.928699493408203 1.6183278560638428
v 1.672920823097229 -6.962437629699707 1.5878970623016357
v 1.6240946054458618 -6.9979119300842285 1.5638504028320312
v 1.573451280593872 -7.0347065925598145 1.5464699268341064
v 1.5215845108032227 -7.072390079498291 1.5359594821929932
v 1.512509822845459 -7.06231164932251 2.7289249897003174
v 1.5554083585739136 -7.014667987823486 2.718414545059204
v 1.5972950458526611 -6.968148231506348 2.7010340690612793
v 1.6376787424087524 -6.92329740524292 2.676987409591675
v 1.6760860681533813 -6.880641460418701 2.6465566158294678
v 1.7120667695999146 -6.840681076049805 2.610098123550415
v 1.7451988458633423 -6.803884029388428 2.5680394172668457
v 1.775093913078308 -6.770682334899902 2.5208740234375
v 1.8014016151428223 -6.741464614868164 2.4691543579101562
v 1.8238133192062378 -6.716573715209961 2.413487434387207
v 1.8420664072036743 -6.6963019371032715 2.354525089263916
v 1.8559468984603882 -6.680886268615723 2.292959213256836
v 1.8652918338775635 -6.670507431030273 2.2295114994049072
v 1.8699920177459717 -6.665287494659424 2.1649255752563477
v 1.8699920177459717 -6.665287494659424 2.099958896636963
v 1.8652918338775635 -6.670507431030273 2.0353729724884033
v 1.8559468984603882 -6.680886268615723 1.9719252586364746
v 1.8420664072036743 -6.6963019371032715 1.9103593826293945
v 1.8238133192062378 -6.716573715209961 1.851397156715393
v 1.8014016151428223 -6.741464614868164 1.7957299947738647
v 1.775093913078308 -6.770682334899902 1.7440104484558105
v 1.7451988458633423 -6.803884029388428 1.6968449354171753
v 1.7120667695999146 -6.840681076049805 1.6547863483428955
v 1.6760860681533813 -6.880641460418701 1.6183278560638428
v 1.6376787424087524 -6.92329740524292 1.5878970623016357
v 1.5972950458526611 -6.968148231506348 1.5638504028320312
v 1.5554083585739136 -7.014667987823486 1.5464699268341064
v 1.512509822845459 -7.06231164932251 1.5359594821929932
v 1.5015380382537842 -7.05433988571167 2.7289249897003174
v 1.5335935354232788 -6.998818397521973 2.718414545059204
v 1.5648928880691528 -6.944606304168701 2.7010340690612793
v 1.595069169998169 -6.892339706420898 2.676987409591675
v 1.6237685680389404 -6.842630863189697 2.6465566158294678
v 1.650654673576355 -6.796062469482422 2.610098123550415
v 1.6754121780395508 -6.753181457519531 2.5680394172668457
v 1.6977510452270508 -6.714489459991455 2.5208740234375
v 1.7174091339111328 -6.680440425872803 2.4691543579101562
v 1.7341560125350952 -6.651433944702148 2.413487434387207
v 1.7477953433990479 -6.627810001373291 2.354525089263916
v 1.7581673860549927 -6.609845161437988 2.292959213256836
v 1.7651503086090088 -6.597750186920166 2.2295114994049072
v 1.768662452697754 -6.591667175292969 2.1649255752563477
v 1.768662452697754 -6.591667175292969 2.099958896636963
v 1.7651503086090088 -6.597750186920166 2.0353729724884033
v 1.7581673860549927 -6.609845161437988 1.9719252586364746
v 1.7477953433990479 -6.627810001373291 1.9103593826293945
v 1.7341560125350952 -6.651433944702148 1.851397156715393
v 1.7174091339111328 -6.680440425872803 1.7957299947738647
v 1.6977510452270508 -6.714489459991455 1.7440104484558105
v 1.6754121780395508 -6.753181457519531 1.6968449354171753
v 1.650654673576355 -6.796062469482422 1.6547863483428955
v 1.6237685680389404 -6.842630863189697 1.6183278560638428
v 1.595069169998169 -6.892339706420898 1.5878970623016357
v 1.5648928880691528 -6.944606304168701 1.5638504028320312
v 1.5335935354232788 -6.998818397521973 1.5464699268341064
v 1.5015380382537842 -7.05433988571167 1.5359594821929932
v 1.489148736000061 -7.048823833465576 2.7289249897003174
v 1.5089601278305054 -6.987851142883301 2.718414545059204
v 1.528304100036621 -6.928316116333008 2.7010340690612793
v 1.5469541549682617 -6.870917320251465 2.676987409591675
v 1.5646913051605225 -6.816328048706055 2.6465566158294678
v 1.5813078880310059 -6.7651872634887695 2.610098123550415
v 1.5966088771820068 -6.718095779418945 2.5680394172668457
v 1.610414981842041 -6.675604820251465 2.5208740234375
v 1.6225643157958984 -6.638213157653809 2.4691543579101562
v 1.6329145431518555 -6.606358528137207 2.413487434387207
v 1.6413441896438599 -6.580414772033691 2.354525089263916
v 1.647754430770874 -6.560686111450195 2.292959213256836
v 1.6520700454711914 -6.547403812408447 2.2295114994049072
v 1.654240608215332 -6.5407233238220215 2.1649255752563477
v 1.654240608215332 -6.5407233238220215 2.099958896636963
v 1.6520700454711914 -6.547403812408447 2.0353729724884033
v 1.647754430770874 -6.560686111450195 1.9719252586364746
v 1.6413441896438599 -6.580414772033691 1.9103593826293945
v 1.6329145431518555 -6.606358528137207 1.851397156715393
v 1.6225643157958984 -6.638213157653809 1.7957299947738647
v 1.610414981842041 -6.675604820251465 1.7440104484558105
v 1.5966088771820068 -6.718095779418945 1.6968449354171753
v 1.5813078880310059 -6.7651872634887695 1.6547863483428955
v 1.5646913051605225 -6.816328048706055 1.6183278560638428
v 1.5469541549682617 -6.870917320251465 1.5878970623016357
v 1.528304100036621 -6.928316116333008 1.5638504028320312
v 1.5089601278305054 -6.987851142883301 1.5464699268341064
v 1.489148736000061 -7.048823833465576 1.5359594821929932
v 1.4758832454681396 -7.046004295349121 2.7289249897003174
v 1.4825847148895264 -6.982244491577148 2.718414545059204
v 1.4891279935836792 -6.919989109039307 2.7010340690612793
v 1.4954365491867065 -6.859967231750488 2.676987409591675
v 1.501436471939087 -6.802882671356201 2.6465566158294678
v 1.5070571899414062 -6.7494049072265625 2.610098123550415
v 1.5122328996658325 -6.700160980224609 2.5680394172668457
v 1.5169029235839844 -6.655728340148926 2.5208740234375
v 1.5210126638412476 -6.6166276931762695 2.4691543579101562
v 1.5245137214660645 -6.583317279815674 2.413487434387207
v 1.5273650884628296 -6.556187629699707 2.354525089263916
v 1.5295333862304688 -6.535557270050049 2.292959213256836
v 1.5309932231903076 -6.521667957305908 2.2295114994049072
v 1.5317274332046509 -6.514682292938232 2.1649255752563477
v 1.5317274332046509 -6.514682292938232 2.099958896636963
v 1.5309932231903076 -6.521667957305908 2.0353729724884033
v 1.5295333862304688 -6.535557270050049 1.9719252586364746
v 1.5273650884628296 -6.556187629699707 1.9103593826293945
v 1.5245137214660645 -6.583317279815674 1.851397156715393
v 1.5210126638412476 -6.6166276931762695 1.7957299947738647
v 1.5169029235839844 -6.655728340148926 1.7440104484558105
v 1.5122328996658325 -6.700160980224609 1.6968449354171753
v 1.5070571899414062 -6.7494049072265625 1.6547863483428955
v 1.501436471939087 -6.802882671356201 1.6183278560638428
v 1.4954365491867065 -6.859967231750488 1.5878970623016357
v 1.4891279935836792 -6.919989109039307 1.5638504028320312
v 1.4825847148895264 -6.982244491577148 1.5464699268341064
v 1.4758832454681396 -7.046004295349121 1.5359594821929932
v 1.4623215198516846 -7.046004295349121 2.7289249897003174
v 1.4556200504302979 -6.982244491577148 2.718414545059204
v 1.449076771736145 -6.919989109039307 2.7010340690612793
v 1.4427682161331177 -6.859967231750488 2.676987409591675
v 1.4367682933807373 -6.802882671356201 2.6465566158294678
v 1.431147575378418 -6.7494049072265625 2.610098123550415
v 1.4259718656539917 -6.700160980224609 2.5680394172668457
v 1.4213018417358398 -6.655728340148926 2.5208740234375
v 1.4171921014785767 -6.6166276931762695 2.4691543579101562
v 1.4136910438537598 -6.583317279815674 2.413487434387207
v 1.4108396768569946 -6.556187629699707 2.354525089263916
v 1.4086713790893555 -6.535557270050049 2.292959213256836
v 1.4072115421295166 -6.521667957305908 2.2295114994049072
v 1.4064773321151733 -6.514682292938232 2.1649255752563477
v 1.4064773321151733 -6.514682292938232 2.099958896636963
v 1.4072115421295166 -6.521667957305908 2.0353729724884033
v 1.4086713790893555 -6.535557270050049 1.9719252586364746
v 1.4108396768569946 -6.556187629699707 1.9103593826293945
v 1.4136910438537598 -6.583317279815674 1.851397156715393
v 1.4171921014785767 -6.6166276931762695 1.7957299947738647
v 1.4213018417358398 -6.655728340148926 1.7440104484558105
v 1.4259718656539917 -6.700160980224609 1.6968449354171753
v 1.431147575378418 -6.7494049072265625 1.6547863483428955
v 1.4367682933807373 -6.802882671356201 1.6183278560638428
v 1.4427682161331177 -6.859967231750488 1.5878970623016357
v 1.449076771736145 -6.919989109039307 1.5638504028320312
v 1.4556200504302979 -6.982244491577148 1.5464699268341064
v 1.4623215198516846 -7.046004295349121 1.5359594821929932
v 1.4490560293197632 -7.048823833465576 2.7289249897003174
v 1.4292446374893188 -6.987851142883301 2.718414545059204
v 1.4099006652832031 -6.928316116333008 2.7010340690612793
v 1.3912506103515625 -6.870917320251465 2.676987409591675
v 1.3735134601593018 -6.816328048706055 2.6465566158294678
v 1.3568968772888184 -6.7651872634887695 2.610098123550415
v 1.3415958881378174 -6.718095779418945 2.5680394172668457
v 1.3277897834777832 -6.675604820251465 2.5208740234375
v 1.3156404495239258 -6.638213157653809 2.4691543579101562
v 1.3052902221679688 -6.606358528137207 2.413487434387207
v 1.2968605756759644 -6.580414772033691 2.354525089263916
v 1.2904503345489502 -6.560686111450195 2.292959213256836
v 1.2861347198486328 -6.547403812408447 2.2295114994049072
v 1.2839641571044922 -6.5407233238220215 2.1649255752563477
v 1.2839641571044922 -6.5407233238220215 2.099958896636963
v 1.2861347198486328 -6.547403812408447 2.0353729724884033
v 1.2904503345489502 -6.560686111450195 1.9719252586364746
v 1.2968605756759644 -6.580414772033691 1.9103593826293945
v 1.3052902221679688 -6.606358528137207 1.851397156715393
v 1.3156404495239258 -6.638213157653809 1.7957299947738647
v 1.3277897834777832 -6.675604820251465 1.7440104484558105
v 1.3415958881378174 -6.718095779418945 1.6968449354171753
v 1.3568968772888184 -6.7651872634887695 1.6547863483428955
v 1.3735134601593018 -6.816328048706055 1.6183278560638428
v 1.3912506103515625 -6.870917320251465 1.5878970623016357
v 1.4099006652832031 -6.928316116333008 1.5638504028320312
v 1.4292446374893188 -6.987851142883301 1.5464699268341064
v 1.4490560293197632 -7.048823833465576 1.5359594821929932
v 1.43666672706604 -7.05433988571167 2.7289249897003174
v 1.4046112298965454 -6.998818397521973 2.718414545059204
v 1.3733118772506714 -6.944606304168701 2.7010340690612793
v 1.3431355953216553 -6.892339706420898 2.676987409591675
v 1.3144361972808838 -6.842630863189697 2.6465566158294678
v 1.2875500917434692 -6.796062469482422 2.610098123550415
v 1.2627925872802734 -6.753181457519531 2.5680394172668457
v 1.2404537200927734 -6.714489459991455 2.5208740234375
v 1.2207956314086914 -6.680440425872803 2.4691543579101562
v 1.204048752784729 -6.651433944702148 2.413487434387207
v 1.1904094219207764 -6.627810001373291 2.354525089263916
v 1.1800373792648315 -6.609845161437988 2.292959213256836
v 1.1730544567108154 -6.597750186920166 2.2295114994049072
v 1.1695423126220703 -6.591667175292969 2.1649255752563477
v 1.1695423126220703 -6.591667175292969 2.099958896636963
v 1.1730544567108154 -6.597750186920166 2.0353729724884033
v 1.1800373792648315 -6.609845161437988 1.9719252586364746
v 1.1904094219207764 -6.627810001373291 1.9103593826293945
v 1.204048752784729 -6.651433944702148 1.851397156715393
v 1.2207956314086914 -6.680440425872803 1.7957299947738647
v 1.2404537200927734 -6.714489459991455 1.7440104484558105
v 1.2627925872802734 -6.753181457519531 1.6968449354171753
v 1.2875500917434692 -6.796062469482422 1.6547863483428955
v 1.3144361972808838 -6.842630863189697 1.6183278560638428
v 1.3431355953216553 -6.892339706420898 1.5878970623016357
v 1.3733118772506714 -6.944606304168701 1.5638504028320312
v 1.4046112298965454 -6.998818397521973 1.5464699268341064
v 1.43666672706604 -7.05433988571167 1.5359594821929932
v 1.4256949424743652 -7.06231164932251 2.7289249897003174
v 1.3827964067459106 -7.014667987823486 2.718414545059204
v 1.340909719467163 -6.968148231506348 2.7010340690612793
v 1.3005260229110718 -6.92329740524292 2.676987409591675
v 1.2621186971664429 -6.880641460418701 2.6465566158294678
v 1.2261379957199097 -6.840681076049805 2.610098123550415
v 1.193005919456482 -6.803884029388428 2.5680394172668457
v 1.1631108522415161 -6.770682334899902 2.5208740234375
v 1.136803150177002 -6.741464614868164 2.4691543579101562
v 1.1143914461135864 -6.716573715209961 2.413487434387207
v 1.09613835811615 -6.6963019371032715 2.354525089263916
v 1.082257866859436 -6.680886268615723 2.292959213256836
v 1.0729129314422607 -6.670507431030273 2.2295114994049072
v 1.0682127475738525 -6.665287494659424 2.1649255752563477
v 1.0682127475738525 -6.665287494659424 2.099958896636963
v 1.0729129314422607 -6.670507431030273 2.0353729724884033
v 1.082257866859436 -6.680886268615723 1.9719252586364746
v 1.09613835811615 -6.6963019371032715 1.9103593826293945
v 1.1143914461135864 -6.716573715209961 1.851397156715393
v 1.136803150177002 -6.741464614868164 1.7957299947738647
v 1.1631108522415161 -6.770682334899902 1.7440104484558105
v 1.193005919456482 -6.803884029388428 1.6968449354171753
v 1.2261379957199097 -6.840681076049805 1.6547863483428955
v 1.2621186971664429 -6.880641460418701 1.6183278560638428
v 1.3005260229110718 -6.92329740524292 1.5878970623016357
v 1.340909719467163 -6.968148231506348 1.5638504028320312
v 1.3827964067459106 -7.014667987823486 1.5464699268341064
v 1.4256949424743652 -7.06231164932251 1.5359594821929932
v 1.4166202545166016 -7.072390079498291 2.7289249897003174
v 1.3647534847259521 -7.0347065925598145 2.718414545059204
v 1.3141101598739624 -6.9979119300842285 2.7010340690612793
v 1.2652839422225952 -6.962437629699707 2.676987409591675
v 1.2188472747802734 -6.928699493408203 2.6465566158294678
v 1.175344705581665 -6.897092819213867 2.610098123550415
v 1.1352860927581787 -6.867988586425781 2.5680394172668457
v 1.0991411209106445 -6.8417277336120605 2.5208740234375
v 1.067333698272705 -6.818618297576904 2.4691543579101562
v 1.0402365922927856 -6.798931121826172 2.413487434387207
v 1.0181676149368286 -6.782896995544434 2.354525089263916
v 1.0013854503631592 -6.77070426940918 2.292959213256836
v 0.9900867342948914 -6.762495040893555 2.2295114994049072
v 0.9844040870666504 -6.758366584777832 2.1649255752563477
v 0.9844040870666504 -6.758366584777832 2.099958896636963
v 0.9900867342948914 -6.762495040893555 2.0353729724884033
v 1.0013854503631592 -6.77070426940918 1.9719252586364746
v 1.0181676149368286 -6.782896995544434 1.9103593826293945
v 1.0402365922927856 -6.798931121826172 1.851397156715393
v 1.067333698272705 -6.818618297576904 1.7957299947738647
v 1.0991411209106445 -6.8417277336120605 1.7440104484558105
v 1.1352860927581787 -6.867988586425781 1.6968449354171753
v 1.175344705581665 -6.897092819213867 1.6547863483428955
v 1.2188472747802734 -6.928699493408203 1.6183278560638428
v 1.2652839422225952 -6.962437629699707 1.5878970623016357
v 1.3141101598739624 -6.9979119300842285 1.5638504028320312
v 1.3647534847259521 -7.0347065925598145 1.5464699268341064
v 1.4166202545166016 -7.072390079498291 1.5359594821929932
v 1.409839391708374 -7.084134578704834 2.7289249897003174
v 1.3512712717056274 -7.058058738708496 2.718414545059204
v 1.2940845489501953 -7.032597541809082 2.7010340690612793
v 1.2389497756958008 -7.008049964904785 2.676987409591675
v 1.1865131855010986 -6.984703540802002 2.6465566158294678
v 1.137389898300171 -6.962832450866699 2.610098123550415
v 1.0921555757522583 -6.942692756652832 2.5680394172668457
v 1.0513405799865723 -6.924520969390869 2.5208740234375
v 1.0154235363006592 -6.908529281616211 2.4691543579101562
v 0.9848253726959229 -6.894906520843506 2.413487434387207
v 0.9599049091339111 -6.883810997009277 2.354525089263916
v 0.940954327583313 -6.875373840332031 2.292959213256836
v 0.9281958341598511 -6.869693279266357 2.2295114994049072
v 0.9217789769172668 -6.866836071014404 2.1649255752563477
v 0.9217789769172668 -6.866836071014404 2.099958896636963
v 0.9281958341598511 -6.869693279266357 2.0353729724884033
v 0.940954327583313 -6.875373840332031 1.9719252586364746
v 0.9599049091339111 -6.883810997009277 1.9103593826293945
v 0.9848253726959229 -6.894906520843506 1.851397156715393
v 1.0154235363006592 -6.908529281616211 1.7957299947738647
v 1.0513405799865723 -6.924520969390869 1.7440104484558105
v 1.0921555757522583 -6.942692756652832 1.6968449354171753
v 1.137389898300171 -6.962832450866699 1.6547863483428955
v 1.1865131855010986 -6.984703540802002 1.6183278560638428
v 1.2389497756958008 -7.008049964904785 1.5878970623016357
v 1.2940845489501953 -7.032597541809082 1.5638504028320312
v 1.3512712717056274 -7.058058738708496 1.5464699268341064
v 1.409839391708374 -7.084134578704834 1.5359594821929932
v 1.4056485891342163 -7.0970330238342285 2.7289249897003174
v 1.3429386615753174 -7.083703517913818 2.718414545059204
v 1.281708002090454 -7.070688247680664 2.7010340690612793
v 1.2226742506027222 -7.058140277862549 2.676987409591675
v 1.166529655456543 -7.046206474304199 2.6465566158294678
v 1.1139326095581055 -7.035026550292969 2.610098123550415
v 1.0654994249343872 -7.0247321128845215 2.5680394172668457
v 1.0217981338500977 -7.015442848205566 2.5208740234375
v 0.9833412170410156 -7.00726842880249 2.4691543579101562
v 0.9505792856216431 -7.000304698944092 2.413487434387207
v 0.9238965511322021 -6.994633197784424 2.354525089263916
v 0.9036059379577637 -6.990320205688477 2.292959213256836
v 0.8899452090263367 -6.987416744232178 2.2295114994049072
v 0.8830745220184326 -6.985956192016602 2.1649255752563477
v 0.8830745220184326 -6.985956192016602 2.099958896636963
v 0.8899452090263367 -6.987416744232178 2.0353729724884033
v 0.9036059379577637 -6.990320205688477 1.9719252586364746
v 0.9238965511322021 -6.994633197784424 1.9103593826293945
v 0.9505792856216431 -7.000304698944092 1.851397156715393
v 0.9833412170410156 -7.00726842880249 1.7957299947738647
v 1.0217981338500977 -7.015442848205566 1.7440104484558105
v 1.0654994249343872 -7.0247321128845215 1.6968449354171753
v 1.1139326095581055 -7.035026550292969 1.6547863483428955
v 1.166529655456543 -7.046206474304199 1.6183278560638428
v 1.2226742506027222 -7.058140277862549 1.5878970623016357
v 1.281708002090454 -7.070688247680664 1.5638504028320312
v 1.3429386615753174 -7.083703517913818 1.5464699268341064
v 1.4056485891342163 -7.0970330238342285 1.5359594821929932
v 1.4042309522628784 -7.110520362854004 2.7289249897003174
v 1.3401200771331787 -7.110520362854004 2.718414545059204
v 1.2775214910507202 -7.110520362854004 2.7010340690612793
v 1.217168927192688 -7.110520362854004 2.676987409591675
v 1.1597700119018555 -7.110520362854004 2.6465566158294678
v 1.1059978008270264 -7.110520362854004 2.610098123550415
v 1.0564826726913452 -7.110520362854004 2.5680394172668457
v 1.0118051767349243 -7.110520362854004 2.5208740234375
v 0.9724889993667603 -7.110520362854004 2.4691543579101562
v 0.9389951825141907 -7.110520362854004 2.413487434387207
v 0.9117163419723511 -7.110520362854004 2.354525089263916
v 0.890972375869751 -7.110520362854004 2.292959213256836
v 0.877006471157074 -7.110520362854004 2.2295114994049072
v 0.8699823617935181 -7.110520362854004 2.1649255752563477
v 0.8699823617935181 -7.110520362854004 2.099958896636963
v 0.877006471157074 -7.110520362854004 2.0353729724884033
v 0.890972375869751 -7.110520362854004 1.9719252586364746
v 0.9117163419723511 -7.110520362854004 1.9103593826293945
v 0.9389951825141907 -7.110520362854004 1.851397156715393
v 0.9724889993667603 -7.110520362854004 1.7957299947738647
v 1.0118051767349243 -7.110520362854004 1.7440104484558105
v 1.0564826726913452 -7.110520362854004 1.6968449354171753
v 1.1059978008270264 -7.110520362854004 1.6547863483428955
v 1.1597700119018555 -7.110520362854004 1.6183278560638428
v 1.217168927192688 -7.110520362854004 1.5878970623016357
v 1.2775214910507202 -7.110520362854004 1.5638504028320312
v 1.3401200771331787 -7.110520362854004 1.5464699268341064
v 1.4042309522628784 -7.110520362854004 1.5359594821929932
v 1.4056485891342163 -7.124007701873779 2.7289249897003174
v 1.3429386615753174 -7.1373372077941895 2.718414545059204
v 1.281708002090454 -7.150352478027344 2.7010340690612793
v 1.2226742506027222 -7.162900447845459 2.676987409591675
v 1.166529655456543 -7.174834251403809 2.6465566158294678
v 1.1139326095581055 -7.186014175415039 2.610098123550415
v 1.0654994249343872 -7.196308612823486 2.5680394172668457
v 1.0217981338500977 -7.205597877502441 2.5208740234375
v 0.9833412170410156 -7.213772296905518 2.4691543579101562
v 0.9505792856216431 -7.220736026763916 2.413487434387207
v 0.9238965511322021 -7.226407527923584 2.354525089263916
v 0.9036059379577637 -7.230720520019531 2.292959213256836
v 0.8899452090263367 -7.23362398147583 2.2295114994049072
v 0.8830745220184326 -7.235084533691406 2.1649255752563477
v 0.8830745220184326 -7.235084533691406 2.099958896636963
v 0.8899452090263367 -7.23362398147583 2.0353729724884033
v 0.9036059379577637 -7.230720520019531 1.9719252586364746
v 0.9238965511322021 -7.226407527923584 1.9103593826293945
v 0.9505792856216431 -7.220736026763916 1.851397156715393
v 0.9833412170410156 -7.213772296905518 1.7957299947738647
v 1.0217981338500977 -7.205597877502441 1.7440104484558105
v 1.0654994249343872 -7.196308612823486 1.6968449354171753
v 1.1139326095581055 -7.186014175415039 1.6547863483428955
v 1.166529655456543 -7.174834251403809 1.6183278560638428
v 1.2226742506027222 -7.162900447845459 1.5878970623016357
v 1.281708002090454 -7.150352478027344 1.5638504028320312
v 1.3429386615753174 -7.1373372077941895 1.5464699268341064
v 1.4056485891342163 -7.124007701873779 1.5359594821929932
v 1.409839391708374 -7.136906147003174 2.7289249897003174
v 1.3512712717056274 -7.162981986999512 2.718414545059204
v 1.2940845489501953 -7.188443183898926 2.7010340690612793
v 1.2389497756958008 -7.212990760803223 2.676987409591675
v 1.1865131855010986 -7.236337184906006 2.6465566158294678
v 1.137389898300171 -7.258208274841309 2.610098123550415
v 1.0921555757522583 -7.278347969055176 2.5680394172668457
v 1.0513405799865723 -7.296519756317139 2.5208740234375
v 1.0154235363006592 -7.312511444091797 2.4691543579101562
v 0.9848253726959229 -7.326134204864502 2.413487434387207
v 0.9599049091339111 -7.3372297286987305 2.354525089263916
v 0.940954327583313 -7.345666885375977 2.292959213256836
v 0.9281958341598511 -7.35134744644165 2.2295114994049072
v 0.9217789769172668 -7.3542046546936035 2.1649255752563477
v 0.9217789769172668 -7.3542046546936035 2.099958896636963
v 0.9281958341598511 -7.35134744644165 2.0353729724884033
v 0.940954327583313 -7.345666885375977 1.9719252586364746
v 0.9599049091339111 -7.3372297286987305 1.9103593826293945
v 0.9848253726959229 -7.326134204864502 1.851397156715393
v 1.0154235363006592 -7.312511444091797 1.7957299947738647
v 1.0513405799865723 -7.296519756317139 1.7440104484558105
v 1.0921555757522583 -7.278347969055176 1.6968449354171753
v 1.137389898300171 -7.258208274841309 1.6547863483428955
v 1.1865131855010986 -7.236337184906006 1.6183278560638428
v 1.2389497756958008 -7.212990760803223 1.5878970623016357
v 1.2940845489501953 -7.188443183898926 1.5638504028320312
v 1.3512712717056274 -7.162981986999512 1.5464699268341064
v 1.409839391708374 -7.136906147003174 1.5359594821929932
v 1.4166202545166016 -7.148650646209717 2.7289249897003174
v 1.3647534847259521 -7.186334133148193 2.718414545059204
v 1.3141101598739624 -7.223128795623779 2.7010340690612793
v 1.2652839422225952 -7.258603096008301 2.676987409591675
v 1.2188472747802734 -7.292341232299805 2.6465566158294678
v 1.175344705581665 -7.323947906494141 2.610098123550415
v 1.1352860927581787 -7.353052139282227 2.5680394172668457
v 1.0991411209106445 -7.379312992095947 2.5208740234375
v 1.067333698272705 -7.4024224281311035 2.4691543579101562
v 1.0402365922927856 -7.422109603881836 2.413487434387207
v 1.0181676149368286 -7.438143730163574 2.354525089263916
v 1.0013854503631592 -7.450336456298828 2.292959213256836
v 0.9900867342948914 -7.458545684814453 2.2295114994049072
v 0.9844040870666504 -7.462674140930176 2.1649255752563477
v 0.9844040870666504 -7.462674140930176 2.099958896636963
v 0.9900867342948914 -7.458545684814453 2.0353729724884033
v 1.0013854503631592 -7.450336456298828 1.9719252586364746
v 1.0181676149368286 -7.438143730163574 1.9103593826293945
v 1.0402365922927856 -7.422109603881836 1.851397156715393
v 1.067333698272705 -7.4024224281311035 1.7957299947738647
v 1.0991411209106445 -7.379312992095947 1.7440104484558105
v 1.1352860927581787 -7.353052139282227 1.6968449354171753
v 1.175344705581665 -7.323947906494141 1.6547863483428955
v 1.2188472747802734 -7.292341232299805 1.6183278560638428
v 1.2652839422225952 -7.258603096008301 1.5878970623016357
v 1.3141101598739624 -7.223128795623779 1.5638504028320312
v 1.3647534847259521 -7.186334133148193 1.5464699268341064
v 1.4166202545166016 -7.148650646209717 1.5359594821929932
v 1.4256949424743652 -7.158729076385498 2.7289249897003174
v 1.3827964067459106 -7.2063727378845215 2.718414545059204
v 1.340909719467163 -7.25289249420166 2.7010340690612793
v 1.3005260229110718 -7.297743320465088 2.676987409591675
v 1.2621186971664429 -7.340399265289307 2.6465566158294678
v 1.2261379957199097 -7.380359649658203 2.610098123550415
v 1.193005919456482 -7.41715669631958 2.5680394172668457
v 1.1631108522415161 -7.4503583908081055 2.5208740234375
v 1.136803150177002 -7.479576110839844 2.4691543579101562
v 1.1143914461135864 -7.504467010498047 2.413487434387207
v 1.09613835811615 -7.524738788604736 2.354525089263916
v 1.082257866859436 -7.540154457092285 2.292959213256836
v 1.0729129314422607 -7.550533294677734 2.2295114994049072
v 1.0682127475738525 -7.555753231048584 2.1649255752563477
v 1.0682127475738525 -7.555753231048584 2.099958896636963
v 1.0729129314422607 -7.550533294677734 2.0353729724884033
v 1.082257866859436 -7.540154457092285 1.9719252586364746
v 1.09613835811615 -7.524738788604736 1.9103593826293945
v 1.1143914461135864 -7.504467010498047 1.851397156715393
v 1.136803150177002 -7.479576110839844 1.7957299947738647
v 1.1631108522415161 -7.4503583908081055 1.7440104484558105
v 1.193005919456482 -7.41715669631958 1.6968449354171753
v 1.2261379957199097 -7.380359649658203 1.6547863483428955
v 1.2621186971664429 -7.340399265289307 1.6183278560638428
v 1.3005260229110718 -7.297743320465088 1.5878970623016357
v 1.340909719467163 -7.25289249420166 1.5638504028320312
v 1.3827964067459106 -7.2063727378845215 1.5464699268341064
v 1.4256949424743652 -7.158729076385498 1.5359594821929932
v 1.43666672706604 -7.166700839996338 2.7289249897003174
v 1.4046112298965454 -7.222222328186035 2.718414545059204
v 1.3733118772506714 -7.276434421539307 2.7010340690612793
v 1.3431355953216553 -7.328701019287109 2.676987409591675
v 1.3144361972808838 -7.3784098625183105 2.6465566158294678
v 1.2875500917434692 -7.424978256225586 2.610098123550415
v 1.2627925872802734 -7.467859268188477 2.5680394172668457
v 1.2404537200927734 -7.506551265716553 2.5208740234375
v 1.2207956314086914 -7.540600299835205 2.4691543579101562
v 1.204048752784729 -7.569606781005859 2.413487434387207
v 1.1904094219207764 -7.593230724334717 2.354525089263916
v 1.1800373792648315 -7.6111955642700195 2.292959213256836
v 1.1730544567108154 -7.623290538787842 2.2295114994049072
v 1.1695423126220703 -7.629373550415039 2.1649255752563477
v 1.1695423126220703 -7.629373550415039 2.099958896636963
v 1.1730544567108154 -7.623290538787842 2.0353729724884033
v 1.1800373792648315 -7.6111955642700195 1.9719252586364746
v 1.1904094219207764 -7.593230724334717 1.9103593826293945
v 1.204048752784729 -7.569606781005859 1.851397156715393
v 1.2207956314086914 -7.540600299835205 1.7957299947738647
v 1.2404537200927734 -7.506551265716553 1.7440104484558105
v 1.2627925872802734 -7.467859268188477 1.6968449354171753
v 1.2875500917434692 -7.424978256225586 1.6547863483428955
v 1.3144361972808838 -7.3784098625183105 1.6183278560638428
v 1.3431355953216553 -7.328701019287109 1.5878970623016357
v 1.3733118772506714 -7.276434421539307 1.5638504028320312
v 1.4046112298965454 -7.222222328186035 1.5464699268341064
v 1.43666672706604 -7.166700839996338 1.5359594821929932
v 1.4490560293197632 -7.172216892242432 2.7289249897003174
v 1.4292446374893188 -7.233189582824707 2.718414545059204
v 1.4099006652832031 -7.292724609375 2.7010340690612793
v 1.3912506103515625 -7.350123405456543 2.676987409591675
v 1.3735134601593018 -7.404712677001953 2.6465566158294678
v 1.3568968772888184 -7.455853462219238 2.610098123550415
v 1.3415958881378174 -7.5029449462890625 2.5680394172668457
v 1.3277897834777832 -7.545435905456543 2.5208740234375
v 1.3156404495239258 -7.582827568054199 2.4691543579101562
v 1.3052902221679688 -7.614682197570801 2.413487434387207
v 1.2968605756759644 -7.640625953674316 2.354525089263916
v 1.2904503345489502 -7.6603546142578125 2.292959213256836
v 1.2861347198486328 -7.6736369132995605 2.2295114994049072
v 1.2839641571044922 -7.680317401885986 2.1649255752563477
v 1.2839641571044922 -7.680317401885986 2.099958896636963
v 1.2861347198486328 -7.6736369132995605 2.0353729724884033
v 1.2904503345489502 -7.6603546142578125 1.9719252586364746
v 1.2968605756759644 -7.640625953674316 1.9103593826293945
v 1.3052902221679688 -7.614682197570801 1.851397156715393
v 1.3156404495239258 -7.582827568054199 1.7957299947738647
v 1.3277897834777832 -7.545435905456543 1.7440104484558105
v 1.3415958881378174 -7.5029449462890625 1.6968449354171753
v 1.3568968772888184 -7.455853462219238 1.6547863483428955
v 1.3735134601593018 -7.404712677001953 1.6183278560638428
v 1.3912506103515625 -7.350123405456543 1.5878970623016357
v 1.4099006652832031 -7.292724609375 1.5638504028320312
v 1.4292446374893188 -7.233189582824707 1.5464699268341064
v 1.4490560293197632 -7.172216892242432 1.5359594821929932
v 1.4623215198516846 -7.175036430358887 2.7289249897003174
v 1.4556200504302979 -7.238796234130859 2.718414545059204
v 1.449076771736145 -7.301051616668701 2.7010340690612793
v 1.4427682161331177 -7.3610734939575195 2.676987409591675
v 1.4367682933807373 -7.418158054351807 2.6465566158294678
v 1.431147575378418 -7.471635818481445 2.610098123550415
v 1.4259718656539917 -7.520879745483398 2.5680394172668457
v 1.4213018417358398 -7.565312385559082 2.5208740234375
v 1.4171921014785767 -7.604413032531738 2.4691543579101562
v 1.4136910438537598 -7.637723445892334 2.413487434387207
v 1.4108396768569946 -7.664853096008301 2.354525089263916
v 1.4086713790893555 -7.685483455657959 2.292959213256836
v 1.4072115421295166 -7.6993727684021 2.2295114994049072
v 1.4064773321151733 -7.706358432769775 2.1649255752563477
v 1.4064773321151733 -7.706358432769775 2.099958896636963
v 1.4072115421295166 -7.6993727684021 2.0353729724884033
v 1.4086713790893555 -7.685483455657959 1.9719252586364746
v 1.4108396768569946 -7.664853096008301 1.9103593826293945
v 1.4136910438537598 -7.637723445892334 1.851397156715393
v 1.4171921014785767 -7.604413032531738 1.7957299947738647
v 1.4213018417358398 -7.565312385559082 1.7440104484558105
v 1.4259718656539917 -7.520879745483398 1.6968449354171753
v 1.431147575378418 -7.471635818481445 1.6547863483428955
v 1.4367682933807373 -7.418158054351807 1.6183278560638428
v 1.4427682161331177 -7.3610734939575195 1.5878970623016357
v 1.449076771736145 -7.301051616668701 1.5638504028320312
v 1.4556200504302979 -7.238796234130859 1.5464699268341064
v 1.4623215198516846 -7.175036430358887 1.5359594821929932
v 1.4758832454681396 -7.175036430358887 2.7289249897003174
v 1.4825847148895264 -7.238796234130859 2.718414545059204
v 1.4891279935836792 -7.301051616668701 2.7010340690612793
v 1.4954365491867065 -7.3610734939575195 2.676987409591675
v 1.501436471939087 -7.418158054351807 2.6465566158294678
v 1.5070571899414062 -7.471635818481445 2.610098123550415
v 1.5122328996658325 -7.520879745483398 2.5680394172668457
v 1.5169029235839844 -7.565312385559082 2.5208740234375
v 1.5210126638412476 -7.604413032531738 2.4691543579101562
v 1.5245137214660645 -7.637723445892334 2.413487434387207
v 1.5273650884628296 -7.664853096008301 2.354525089263916
v 1.5295333862304688 -7.685483455657959 2.292959213256836
v 1.5309932231903076 -7.6993727684021 2.2295114994049072
v 1.5317274332046509 -7.706358432769775 2.1649255752563477
v 1.5317274332046509 -7.706358432769775 2.099958896636963
v 1.5309932231903076 -7.6993727684021 2.0353729724884033
v 1.5295333862304688 -7.685483455657959 1.9719252586364746
v 1.5273650884628296 -7.664853096008301 1.9103593826293945
v 1.5245137214660645 -7.637723445892334 1.851397156715393
v 1.5210126638412476 -7.604413032531738 1.7957299947738647
v 1.5169029235839844 -7.565312385559082 1.7440104484558105
v 1.5122328996658325 -7.520879745483398 1.6968449354171753
v 1.5070571899414062 -7.471635818481445 1.6547863483428955
v 1.501436471939087 -7.418158054351807 1.6183278560638428
v 1.4954365491867065 -7.3610734939575195 1.5878970623016357
v 1.4891279935836792 -7.301051616668701 1.5638504028320312
v 1.4825847148895264 -7.238796234130859 1.5464699268341064
v 1.4758832454681396 -7.175036430358887 1.5359594821929932
v 1.489148736000061 -7.172216892242432 2.7289249897003174
v 1.5089601278305054 -7.233189582824707 2.718414545059204
v 1.528304100036621 -7.292724609375 2.7010340690612793
v 1.5469541549682617 -7.350123405456543 2.676987409591675
v 1.5646913051605225 -7.404712677001953 2.6465566158294678
v 1.5813078880310059 -7.455853462219238 2.610098123550415
v 1.5966088771820068 -7.5029449462890625 2.5680394172668457
v 1.610414981842041 -7.545435905456543 2.5208740234375
v 1.6225643157958984 -7.582827568054199 2.4691543579101562
v 1.6329145431518555 -7.614682197570801 2.413487434387207
v 1.6413441896438599 -7.640625953674316 2.354525089263916
v 1.647754430770874 -7.6603546142578125 2.292959213256836
v 1.6520700454711914 -7.6736369132995605 2.2295114994049072
v 1.654240608215332 -7.680317401885986 2.1649255752563477
v 1.654240608215332 -7.680317401885986 2.099958896636963
v 1.6520700454711914 -7.6736369132995605 2.0353729724884033
v 1.647754430770874 -7.6603546142578125 1.9719252586364746
v 1.6413441896438599 -7.640625953674316 1.9103593826293945
v 1.6329145431518555 -7.614682197570801 1.851397156715393
v 1.6225643157958984 -7.582827568054199 1.7957299947738647
v 1.610414981842041 -7.545435905456543 1.7440104484558105
v 1.5966088771820068 -7.5029449462890625 1.6968449354171753
v 1.5813078880310059 -7.455853462219238 1.6547863483428955
v 1.5646913051605225 -7.404712677001953 1.6183278560638428
v 1.5469541549682617 -7.350123405456543 1.5878970623016357
v 1.528304100036621 -7.292724609375 1.5638504028320312
v 1.5089601278305054 -7.233189582824707 1.5464699268341064
v 1.489148736000061 -7.172216892242432 1.5359594821929932
v 1.5015380382537842 -7.166700839996338 2.7289249897003174
v 1.5335935354232788 -7.222222328186035 2.718414545059204
v 1.5648928880691528 -7.276434421539307 2.7010340690612793
v 1.595069169998169 -7.328701019287109 2.676987409591675
v 1.6237685680389404 -7.3784098625183105 2.6465566158294678
v 1.650654673576355 -7.424978256225586 2.610098123550415
v 1.6754121780395508 -7.467859268188477 2.5680394172668457
v 1.6977510452270508 -7.506551265716553 2.5208740234375
v 1.7174091339111328 -7.540600299835205 2.4691543579101562
v 1.7341560125350952 -7.569606781005859 2.413487434387207
v 1.7477953433990479 -7.593230724334717 2.354525089263916
v 1.7581673860549927 -7.6111955642700195 2.292959213256836
v 1.7651503086090088 -7.623290538787842 2.2295114994049072
v 1.768662452697754 -7.629373550415039 2.1649255752563477
v 1.768662452697754 -7.629373550415039 2.099958896636963
v 1.7651503086090088 -7.623290538787842 2.0353729724884033
v 1.7581673860549927 -7.6111955642700195 1.9719252586364746
v 1.7477953433990479 -7.593230724334717 1.9103593826293945
v 1.7341560125350952 -7.569606781005859 1.851397156715393
v 1.7174091339111328 -7.540600299835205 1.7957299947738647
v 1.6977510452270508 -7.506551265716553 1.7440104484558105
v 1.6754121780395508 -7.467859268188477 1.6968449354171753
v 1.650654673576355 -7.424978256225586 1.6547863483428955
v 1.6237685680389404 -7.3784098625183105 1.6183278560638428
v 1.595069169998169 -7.328701019287109 1.5878970623016357
v 1.5648928880691528 -7.276434421539307 1.5638504028320312
v 1.5335935354232788 -7.222222328186035 1.5464699268341064
v 1.5015380382537842 -7.166700839996338 1.5359594821929932
v 1.512509822845459 -7.158729076385498 2.7289249897003174
v 1.5554083585739136 -7.2063727378845215 2.718414545059204
v 1.5972950458526611 -7.25289249420166 2.7010340690612793
v 1.6376787424087524 -7.297743320465088 2.676987409591675
v 1.6760860681533813 -7.340399265289307 2.6465566158294678
v 1.7120667695999146 -7.380359649658203 2.610098123550415
v 1.7451988458633423 -7.41715669631958 2.5680394172668457
v 1.775093913078308 -7.4503583908081055 2.5208740234375
v 1.8014016151428223 -7.479576110839844 2.4691543579101562
v 1.8238133192062378 -7.504467010498047 2.413487434387207
v 1.8420664072036743 -7.524738788604736 2.354525089263916
v 1.8559468984603882 -7.540154457092285 2.292959213256836
v 1.8652918338775635 -7.550533294677734 2.2295114994049072
v 1.8699920177459717 -7.555753231048584 2.1649255752563477
v 1.8699920177459717 -7.555753231048584 2.099958896636963
v 1.8652918338775635 -7.550533294677734 2.0353729724884033
v 1.8559468984603882 -7.540154457092285 1.9719252586364746
v 1.8420664072036743 -7.524738788604736 1.9103593826293945
v 1.8238133192062378 -7.504467010498047 1.851397156715393
v 1.8014016151428223 -7.479576110839844 1.7957299947738647
v 1.775093913078308 -7.4503583908081055 1.7440104484558105
v 1.7451988458633423 -7.41715669631958 1.6968449354171753
v 1.7120667695999146 -7.380359649658203 1.6547863483428955
v 1.6760860681533813 -7.340399265289307 1.6183278560638428
v 1.6376787424087524 -7.297743320465088 1.5878970623016357
v 1.5972950458526611 -7.25289249420166 1.5638504028320312
v 1.5554083585739136 -7.2063727378845215 1.5464699268341064
v 1.512509822845459 -7.158729076385498 1.5359594821929932
v 1.5215845108032227 -7.148650646209717 2.7289249897003174
v 1.573451280593872 -7.186334133148193 2.718414545059204
v 1.6240946054458618 -7.223128795623779 2.7010340690612793
v 1.672920823097229 -7.258603096008301 2.676987409591675
v 1.7193574905395508 -7.292341232299805 2.6465566158294678
v 1.7628600597381592 -7.323947906494141 2.610098123550415
v 1.8029186725616455 -7.353052139282227 2.5680394172668457
v 1.8390636444091797 -7.379312992095947 2.5208740234375
v 1.8708710670471191 -7.4024224281311035 2.4691543579101562
v 1.8979681730270386 -7.422109603881836 2.413487434387207
v 1.9200371503829956 -7.438143730163574 2.354525089263916
v 1.936819314956665 -7.450336456298828 2.292959213256836
v 1.948117971420288 -7.458545684814453 2.2295114994049072
v 1.9538006782531738 -7.462674140930176 2.1649255752563477
v 1.9538006782531738 -7.462674140930176 2.099958896636963
v 1.948117971420288 -7.458545684814453 2.0353729724884033
v 1.936819314956665 -7.450336456298828 1.9719252586364746
v 1.9200371503829956 -7.438143730163574 1.9103593826293945
v 1.8979681730270386 -7.422109603881836 1.851397156715393
v 1.8708710670471191 -7.4024224281311035 1.7957299947738647
v 1.8390636444091797 -7.379312992095947 1.7440104484558105
v 1.8029186725616455 -7.353052139282227 1.6968449354171753
v 1.7628600597381592 -7.323947906494141 1.6547863483428955
v 1.7193574905395508 -7.292341232299805 1.6183278560638428
v 1.672920823097229 -7.258603096008301 1.5878970623016357
v 1.6240946054458618 -7.223128795623779 1.5638504028320312
v 1.573451280593872 -7.186334133148193 1.5464699268341064
v 1.5215845108032227 -7.148650646209717 1.5359594821929932
v 1.5283653736114502 -7.136906147003174 2.7289249897003174
v 1.5869334936141968 -7.162981986999512 2.718414545059204
v 1.644120216369629 -7.188443183898926 2.7010340690612793
v 1.6992549896240234 -7.212990760803223 2.676987409591675
v 1.7516915798187256 -7.236337184906006 2.6465566158294678
v 1.8008148670196533 -7.258208274841309 2.610098123550415
v 1.846049189567566 -7.278347969055176 2.5680394172668457
v 1.886864185333252 -7.296519756317139 2.5208740234375
v 1.922781229019165 -7.312511444091797 2.4691543579101562
v 1.9533793926239014 -7.326134204864502 2.413487434387207
v 1.978299856185913 -7.3372297286987305 2.354525089263916
v 1.9972504377365112 -7.345666885375977 2.292959213256836
v 2.0100088119506836 -7.35134744644165 2.2295114994049072
v 2.016425848007202 -7.3542046546936035 2.1649255752563477
v 2.016425848007202 -7.3542046546936035 2.099958896636963
v 2.0100088119506836 -7.35134744644165 2.0353729724884033
v 1.9972504377365112 -7.345666885375977 1.9719252586364746
v 1.978299856185913 -7.3372297286987305 1.9103593826293945
v 1.9533793926239014 -7.326134204864502 1.851397156715393
v 1.922781229019165 -7.312511444091797 1.7957299947738647
v 1.886864185333252 -7.296519756317139 1.7440104484558105
v 1.846049189567566 -7.278347969055176 1.6968449354171753
v 1.8008148670196533 -7.258208274841309 1.6547863483428955
v 1.7516915798187256 -7.236337184906006 1.6183278560638428
v 1.6992549896240234 -7.212990760803223 1.5878970623016357
v 1.644120216369629 -7.188443183898926 1.5638504028320312
v 1.5869334936141968 -7.162981986999512 1.5464699268341064
v 1.5283653736114502 -7.136906147003174 1.5359594821929932
v 1.532556176185608 -7.124007701873779 2.7289249897003174
v 1.5952661037445068 -7.1373372077941895 2.718414545059204
v 1.6564967632293701 -7.150352478027344 2.7010340690612793
v 1.715530514717102 -7.162900447845459 2.676987409591675
v 1.7716751098632812 -7.174834251403809 2.6465566158294678
v 1.8242721557617188 -7.186014175415039 2.610098123550415
v 1.872705340385437 -7.196308612823486 2.5680394172668457
v 1.9164066314697266 -7.205597877502441 2.5208740234375
v 1.9548635482788086 -7.213772296905518 2.4691543579101562
v 1.9876254796981812 -7.220736026763916 2.413487434387207
v 2.014308214187622 -7.226407527923584 2.354525089263916
v 2.0345988273620605 -7.230720520019531 2.292959213256836
v 2.0482594966888428 -7.23362398147583 2.2295114994049072
v 2.0551302433013916 -7.235084533691406 2.1649255752563477
v 2.0551302433013916 -7.235084533691406 2.099958896636963
v 2.0482594966888428 -7.23362398147583 2.0353729724884033
v 2.0345988273620605 -7.230720520019531 1.9719252586364746
v 2.014308214187622 -7.226407527923584 1.9103593826293945
v 1.9876254796981812 -7.220736026763916 1.851397156715393
v 1.9548635482788086 -7.213772296905518 1.7957299947738647
v 1.9164066314697266 -7.205597877502441 1.7440104484558105
v 1.872705340385437 -7.196308612823486 1.6968449354171753
v 1.8242721557617188 -7.186014175415039 1.6547863483428955
v 1.7716751098632812 -7.174834251403809 1.6183278560638428
v 1.715530514717102 -7.162900447845459 1.5878970623016357
v 1.6564967632293701 -7.150352478027344 1.5638504028320312
v 1.5952661037445068 -7.1373372077941895 1.5464699268341064
v 1.532556176185608 -7.124007701873779 1.5359594821929932
v -2.3730766773223877 -6.493324279785156 -6.772650718688965
v -2.3730766773223877 -6.493324279785156 -7.972650527954102
v -2.3082053661346436 -6.493324279785156 -6.776167869567871
v -2.2440943717956543 -6.493324279785156 -6.786678314208984
v -2.1814956665039062 -6.493324279785156 -6.80405855178833
v -2.121143341064453 -6.493324279785156 -6.828105449676514
v -2.063744306564331 -6.493324279785156 -6.858536243438721
v -2.009972095489502 -6.493324279785156 -6.894994735717773
v -1.9604569673538208 -6.493324279785156 -6.937053203582764
v -1.9157794713974 -6.493324279785156 -6.984219074249268
v -1.8764632940292358 -6.493324279785156 -7.035938262939453
v -1.8429694175720215 -6.493324279785156 -7.0916056632995605
v -1.8156906366348267 -6.493324279785156 -7.150567531585693
v -1.7949466705322266 -6.493324279785156 -7.212133407592773
v -1.7809808254241943 -6.493324279785156 -7.275581359863281
v -1.7739566564559937 -6.493324279785156 -7.340167045593262
v -1.7739566564559937 -6.493324279785156 -7.405134201049805
v -1.7809808254241943 -6.493324279785156 -7.469719886779785
v -1.7949466705322266 -6.493324279785156 -7.533167839050293
v -1.8156906366348267 -6.493324279785156 -7.594733715057373
v -1.8429694175720215 -6.493324279785156 -7.653695583343506
v -1.8764632940292358 -6.493324279785156 -7.709362983703613
v -1.9157794713974 -6.493324279785156 -7.761082172393799
v -1.9604569673538208 -6.493324279785156 -7.808248043060303
v -2.009972095489502 -6.493324279785156 -7.850306510925293
v -2.063744306564331 -6.493324279785156 -7.886765003204346
v -2.121143341064453 -6.493324279785156 -7.917195796966553
v -2.1814956665039062 -6.493324279785156 -7.941242694854736
v -2.2440943717956543 -6.493324279785156 -7.958622932434082
v -2.3082053661346436 -6.493324279785156 -7.969133377075195
v -2.3096227645874023 -6.479836940765381 -6.776167869567871
v -2.246912956237793 -6.466507434844971 -6.786678314208984
v -2.1856822967529297 -6.453492164611816 -6.80405855178833
v -2.1266486644744873 -6.440944194793701 -6.828105449676514
v -2.0705039501190186 -6.429010391235352 -6.858536243438721
v -2.017906904220581 -6.417830467224121 -6.894994735717773
v -1.9694737195968628 -6.407536029815674 -6.937053203582764
v -1.9257724285125732 -6.398246765136719 -6.984219074249268
v -1.8873155117034912 -6.390072345733643 -7.035938262939453
v -1.8545535802841187 -6.383108615875244 -7.0916056632995605
v -1.8278708457946777 -6.377437114715576 -7.150567531585693
v -1.8075802326202393 -6.373124122619629 -7.212133407592773
v -1.793919563293457 -6.37022066116333 -7.275581359863281
v -1.7870488166809082 -6.368760108947754 -7.340167045593262
v -1.7870488166809082 -6.368760108947754 -7.405134201049805
v -1.793919563293457 -6.37022066116333 -7.469719886779785
v -1.8075802326202393 -6.373124122619629 -7.533167839050293
v -1.8278708457946777 -6.377437114715576 -7.594733715057373
v -1.8545535802841187 -6.383108615875244 -7.653695583343506
v -1.8873155117034912 -6.390072345733643 -7.709362983703613
v -1.9257724285125732 -6.398246765136719 -7.761082172393799
v -1.9694737195968628 -6.407536029815674 -7.808248043060303
v -2.017906904220581 -6.417830467224121 -7.850306510925293
v -2.0705039501190186 -6.429010391235352 -7.886765003204346
v -2.1266486644744873 -6.440944194793701 -7.917195796966553
v -2.1856822967529297 -6.453492164611816 -7.941242694854736
v -2.246912956237793 -6.466507434844971 -7.958622932434082
v -2.3096227645874023 -6.479836940765381 -7.969133377075195
v -2.3138136863708496 -6.466938495635986 -6.776167869567871
v -2.2552454471588135 -6.440862655639648 -6.786678314208984
v -2.198058843612671 -6.415401458740234 -6.80405855178833
v -2.1429240703582764 -6.3908538818359375 -6.828105449676514
v -2.090487480163574 -6.367507457733154 -6.858536243438721
v -2.0413641929626465 -6.345636367797852 -6.894994735717773
v -1.9961298704147339 -6.325496673583984 -6.937053203582764
v -1.9553148746490479 -6.3073248863220215 -6.984219074249268
v -1.9193978309631348 -6.291333198547363 -7.035938262939453
v -1.8887996673583984 -6.277710437774658 -7.0916056632995605
v -1.8638792037963867 -6.26661491394043 -7.150567531585693
v -1.8449286222457886 -6.258177757263184 -7.212133407592773
v -1.8321701288223267 -6.25249719619751 -7.275581359863281
v -1.8257532119750977 -6.249639987945557 -7.340167045593262
v -1.8257532119750977 -6.249639987945557 -7.405134201049805
v -1.8321701288223267 -6.25249719619751 -7.469719886779785
v -1.8449286222457886 -6.258177757263184 -7.533167839050293
v -1.8638792037963867 -6.26661491394043 -7.594733715057373
v -1.8887996673583984 -6.277710437774658 -7.653695583343506
v -1.9193978309631348 -6.291333198547363 -7.709362983703613
v -1.9553148746490479 -6.3073248863220215 -7.761082172393799
v -1.9961298704147339 -6.325496673583984 -7.808248043060303
v -2.0413641929626465 -6.345636367797852 -7.850306510925293
v -2.090487480163574 -6.367507457733154 -7.886765003204346
v -2.1429240703582764 -6.3908538818359375 -7.917195796966553
v -2.198058843612671 -6.415401458740234 -7.941242694854736
v -2.2552454471588135 -6.440862655639648 -7.958622932434082
v -2.3138136863708496 -6.466938495635986 -7.969133377075195
v -2.320594549179077 -6.455193996429443 -6.776167869567871
v -2.2687277793884277 -6.417510509490967 -6.786678314208984
v -2.2180843353271484 -6.380715847015381 -6.80405855178833
v -2.1692581176757812 -6.345241546630859 -6.828105449676514
v -2.122821569442749 -6.3115034103393555 -6.858536243438721
v -2.0793190002441406 -6.2798967361450195 -6.894994735717773
v -2.0392603874206543 -6.250792503356934 -6.937053203582764
v -2.00311541557312 -6.224531650543213 -6.984219074249268
v -1.9713079929351807 -6.201422214508057 -7.035938262939453
v -1.9442108869552612 -6.181735038757324 -7.0916056632995605
v -1.9221419095993042 -6.165700912475586 -7.150567531585693
v -1.9053597450256348 -6.153508186340332 -7.212133407592773
v -1.8940610885620117 -6.145298957824707 -7.275581359863281
v -1.888378381729126 -6.141170501708984 -7.340167045593262
v -1.888378381729126 -6.141170501708984 -7.405134201049805
v -1.8940610885620117 -6.145298957824707 -7.469719886779785
v -1.9053597450256348 -6.153508186340332 -7.533167839050293
v -1.9221419095993042 -6.165700912475586 -7.594733715057373
v -1.9442108869552612 -6.181735038757324 -7.653695583343506
v -1.9713079929351807 -6.201422214508057 -7.709362983703613
v -2.00311541557312 -6.224531650543213 -7.761082172393799
v -2.0392603874206543 -6.250792503356934 -7.808248043060303
v -2.0793190002441406 -6.2798967361450195 -7.850306510925293
v -2.122821569442749 -6.3115034103393555 -7.886765003204346
v -2.1692581176757812 -6.345241546630859 -7.917195796966553
v -2.2180843353271484 -6.380715847015381 -7.941242694854736
v -2.2687277793884277 -6.417510509490967 -7.958622932434082
v -2.320594549179077 -6.455193996429443 -7.969133377075195
v -2.329669237136841 -6.445115566253662 -6.776167869567871
v -2.2867705821990967 -6.397471904754639 -6.786678314208984
v -2.2448840141296387 -6.3509521484375 -6.80405855178833
v -2.204500198364258 -6.306101322174072 -6.828105449676514
v -2.166092872619629 -6.2634453773498535 -6.858536243438721
v -2.130112409591675 -6.223484992980957 -6.894994735717773
v -2.096980094909668 -6.18668794631958 -6.937053203582764
v -2.067085027694702 -6.153486251831055 -6.984219074249268
v -2.0407774448394775 -6.124268531799316 -7.035938262939453
v -2.0183656215667725 -6.099377632141113 -7.0916056632995605
v -2.000112533569336 -6.079105854034424 -7.150567531585693
v -1.9862321615219116 -6.063690185546875 -7.212133407592773
v -1.9768872261047363 -6.053311347961426 -7.275581359863281
v -1.9721870422363281 -6.048091411590576 -7.340167045593262
v -1.9721870422363281 -6.048091411590576 -7.405134201049805
v -1.9768872261047363 -6.053311347961426 -7.469719886779785
v -1.9862321615219116 -6.063690185546875 -7.533167839050293
v -2.000112533569336 -6.079105854034424 -7.594733715057373
v -2.0183656215667725 -6.099377632141113 -7.653695583343506
v -2.0407774448394775 -6.124268531799316 -7.709362983703613
v -2.067085027694702 -6.153486251831055 -7.761082172393799
v -2.096980094909668 -6.18668794631958 -7.808248043060303
v -2.130112409591675 -6.223484992980957 -7.850306510925293
v -2.166092872619629 -6.2634453773498535 -7.886765003204346
v -2.204500198364258 -6.306101322174072 -7.917195796966553
v -2.2448840141296387 -6.3509521484375 -7.941242694854736
v -2.2867705821990967 -6.397471904754639 -7.958622932434082
v -2.329669237136841 -6.445115566253662 -7.969133377075195
v -2.3406410217285156 -6.437143802642822 -6.776167869567871
v -2.3085856437683105 -6.381622314453125 -6.786678314208984
v -2.2772862911224365 -6.3274102210998535 -6.80405855178833
v -2.247109889984131 -6.275143623352051 -6.828105449676514
v -2.2184104919433594 -6.22543478012085 -6.858536243438721
v -2.1915245056152344 -6.178866386413574 -6.894994735717773
v -2.166766881942749 -6.135985374450684 -6.937053203582764
v -2.144428014755249 -6.097293376922607 -6.984219074249268
v -2.124769926071167 -6.063244342803955 -7.035938262939453
v -2.108023166656494 -6.034237861633301 -7.0916056632995605
v -2.094383716583252 -6.010613918304443 -7.150567531585693
v -2.0840115547180176 -5.992649078369141 -7.212133407592773
v -2.077028751373291 -5.980554103851318 -7.275581359863281
v -2.073516607284546 -5.974471092224121 -7.340167045593262
v -2.073516607284546 -5.974471092224121 -7.405134201049805
v -2.077028751373291 -5.980554103851318 -7.469719886779785
v -2.0840115547180176 -5.992649078369141 -7.533167839050293
v -2.094383716583252 -6.010613918304443 -7.594733715057373
v -2.108023166656494 -6.034237861633301 -7.653695583343506
v -2.124769926071167 -6.063244342803955 -7.709362983703613
v -2.144428014755249 -6.097293376922607 -7.761082172393799
v -2.166766881942749 -6.135985374450684 -7.808248043060303
v -2.1915245056152344 -6.178866386413574 -7.850306510925293
v -2.2184104919433594 -6.22543478012085 -7.886765003204346
v -2.247109889984131 -6.275143623352051 -7.917195796966553
v -2.2772862911224365 -6.3274102210998535 -7.941242694854736
v -2.3085856437683105 -6.381622314453125 -7.958622932434082
v -2.3406410217285156 -6.437143802642822 -7.969133377075195
v -2.353030204772949 -6.4316277503967285 -6.776167869567871
v -2.333219051361084 -6.370655059814453 -6.786678314208984
v -2.3138749599456787 -6.31112003326416 -6.80405855178833
v -2.295224905014038 -6.253721237182617 -6.828105449676514
v -2.2774877548217773 -6.199131965637207 -6.858536243438721
v -2.260871171951294 -6.147991180419922 -6.894994735717773
v -2.245570182800293 -6.100899696350098 -6.937053203582764
v -2.231764078140259 -6.058408737182617 -6.984219074249268
v -2.2196147441864014 -6.021017074584961 -7.035938262939453
v -2.2092645168304443 -5.989162445068359 -7.0916056632995605
v -2.2008349895477295 -5.963218688964844 -7.150567531585693
v -2.194424629211426 -5.943490028381348 -7.212133407592773
v -2.1901090145111084 -5.9302077293396 -7.275581359863281
v -2.1879384517669678 -5.923527240753174 -7.340167045593262
v -2.1879384517669678 -5.923527240753174 -7.405134201049805
v -2.1901090145111084 -5.9302077293396 -7.469719886779785
v -2.194424629211426 -5.943490028381348 -7.533167839050293
v -2.2008349895477295 -5.963218688964844 -7.594733715057373
v -2.2092645168304443 -5.989162445068359 -7.653695583343506
v -2.2196147441864014 -6.021017074584961 -7.709362983703613
v -2.231764078140259 -6.058408737182617 -7.761082172393799
v -2.245570182800293 -6.100899696350098 -7.808248043060303
v -2.260871171951294 -6.147991180419922 -7.850306510925293
v -2.2774877548217773 -6.199131965637207 -7.886765003204346
v -2.295224905014038 -6.253721237182617 -7.917195796966553
v -2.3138749599456787 -6.31112003326416 -7.941242694854736
v -2.333219051361084 -6.370655059814453 -7.958622932434082
v -2.353030204772949 -6.4316277503967285 -7.969133377075195
v -2.36629581451416 -6.428808212280273 -6.776167869567871
v -2.3595943450927734 -6.365048408508301 -6.786678314208984
v -2.353050947189331 -6.302793025970459 -6.80405855178833
v -2.3467423915863037 -6.242771148681641 -6.828105449676514
v -2.340742588043213 -6.1856865882873535 -6.858536243438721
v -2.3351218700408936 -6.132208824157715 -6.894994735717773
v -2.329946279525757 -6.082964897155762 -6.937053203582764
v -2.3252761363983154 -6.038532257080078 -6.984219074249268
v -2.321166515350342 -5.999431610107422 -7.035938262939453
v -2.3176653385162354 -5.966121196746826 -7.0916056632995605
v -2.3148140907287598 -5.938991546630859 -7.150567531585693
v -2.312645673751831 -5.918361186981201 -7.212133407592773
v -2.311185836791992 -5.9044718742370605 -7.275581359863281
v -2.3104515075683594 -5.897486209869385 -7.340167045593262
v -2.3104515075683594 -5.897486209869385 -7.405134201049805
v -2.311185836791992 -5.9044718742370605 -7.469719886779785
v -2.312645673751831 -5.918361186981201 -7.533167839050293
v -2.3148140907287598 -5.938991546630859 -7.594733715057373
v -2.3176653385162354 -5.966121196746826 -7.653695583343506
v -2.321166515350342 -5.999431610107422 -7.709362983703613
v -2.3252761363983154 -6.038532257080078 -7.761082172393799
v -2.329946279525757 -6.082964897155762 -7.808248043060303
v -2.3351218700408936 -6.132208824157715 -7.850306510925293
v -2.340742588043213 -6.1856865882873535 -7.886765003204346
v -2.3467423915863037 -6.242771148681641 -7.917195796966553
v -2.353050947189331 -6.302793025970459 -7.941242694854736
v -2.3595943450927734 -6.365048408508301 -7.958622932434082
v -2.36629581451416 -6.428808212280273 -7.969133377075195
v -2.3798575401306152 -6.428808212280273 -6.776167869567871
v -2.386559009552002 -6.365048408508301 -6.786678314208984
v -2.3931024074554443 -6.302793025970459 -6.80405855178833
v -2.3994109630584717 -6.242771148681641 -6.828105449676514
v -2.4054107666015625 -6.1856865882873535 -6.858536243438721
v -2.411031484603882 -6.132208824157715 -6.894994735717773
v -2.4162070751190186 -6.082964897155762 -6.937053203582764
v -2.42087721824646 -6.038532257080078 -6.984219074249268
v -2.4249868392944336 -5.999431610107422 -7.035938262939453
v -2.42848801612854 -5.966121196746826 -7.0916056632995605
v -2.4313392639160156 -5.938991546630859 -7.150567531585693
v -2.4335076808929443 -5.918361186981201 -7.212133407592773
v -2.434967517852783 -5.9044718742370605 -7.275581359863281
v -2.435701847076416 -5.897486209869385 -7.340167045593262
v -2.435701847076416 -5.897486209869385 -7.405134201049805
v -2.434967517852783 -5.9044718742370605 -7.469719886779785
v -2.4335076808929443 -5.918361186981201 -7.533167839050293
v -2.4313392639160156 -5.938991546630859 -7.594733715057373
v -2.42848801612854 -5.966121196746826 -7.653695583343506
v -2.4249868392944336 -5.999431610107422 -7.709362983703613
v -2.42087721824646 -6.038532257080078 -7.761082172393799
v -2.4162070751190186 -6.082964897155762 -7.808248043060303
v -2.411031484603882 -6.132208824157715 -7.850306510925293
v -2.4054107666015625 -6.1856865882873535 -7.886765003204346
v -2.3994109630584717 -6.242771148681641 -7.917195796966553
v -2.3931024074554443 -6.302793025970459 -7.941242694854736
v -2.386559009552002 -6.365048408508301 -7.958622932434082
v -2.3798575401306152 -6.428808212280273 -7.969133377075195
v -2.393123149871826 -6.4316277503967285 -6.776167869567871
v -2.4129343032836914 -6.370655059814453 -6.786678314208984
v -2.4322783946990967 -6.31112003326416 -6.80405855178833
v -2.4509284496307373 -6.253721237182617 -6.828105449676514
v -2.468665599822998 -6.199131965637207 -6.858536243438721
v -2.4852821826934814 -6.147991180419922 -6.894994735717773
v -2.5005831718444824 -6.100899696350098 -6.937053203582764
v -2.5143892765045166 -6.058408737182617 -6.984219074249268
v -2.526538610458374 -6.021017074584961 -7.035938262939453
v -2.536888837814331 -5.989162445068359 -7.0916056632995605
v -2.545318365097046 -5.963218688964844 -7.150567531585693
v -2.5517287254333496 -5.943490028381348 -7.212133407592773
v -2.556044340133667 -5.9302077293396 -7.275581359863281
v -2.5582149028778076 -5.923527240753174 -7.340167045593262
v -2.5582149028778076 -5.923527240753174 -7.405134201049805
v -2.556044340133667 -5.9302077293396 -7.469719886779785
v -2.5517287254333496 -5.943490028381348 -7.533167839050293
v -2.545318365097046 -5.963218688964844 -7.594733715057373
v -2.536888837814331 -5.989162445068359 -7.653695583343506
v -2.526538610458374 -6.021017074584961 -7.709362983703613
v -2.5143892765045166 -6.058408737182617 -7.761082172393799
v -2.5005831718444824 -6.100899696350098 -7.808248043060303
v -2.4852821826934814 -6.147991180419922 -7.850306510925293
v -2.468665599822998 -6.199131965637207 -7.886765003204346
v -2.4509284496307373 -6.253721237182617 -7.917195796966553
v -2.4322783946990967 -6.31112003326416 -7.941242694854736
v -2.4129343032836914 -6.370655059814453 -7.958622932434082
v -2.393123149871826 -6.4316277503967285 -7.969133377075195
v -2.4055123329162598 -6.437143802642822 -6.776167869567871
v -2.437567710876465 -6.381622314453125 -6.786678314208984
v -2.468867063522339 -6.3274102210998535 -6.80405855178833
v -2.4990434646606445 -6.275143623352051 -6.828105449676514
v -2.527742862701416 -6.22543478012085 -6.858536243438721
v -2.554628849029541 -6.178866386413574 -6.894994735717773
v -2.5793864727020264 -6.135985374450684 -6.937053203582764
v -2.6017253398895264 -6.097293376922607 -6.984219074249268
v -2.6213834285736084 -6.063244342803955 -7.035938262939453
v -2.6381301879882812 -6.034237861633301 -7.0916056632995605
v -2.6517696380615234 -6.010613918304443 -7.150567531585693
v -2.662141799926758 -5.992649078369141 -7.212133407592773
v -2.6691246032714844 -5.980554103851318 -7.275581359863281
v -2.6726367473602295 -5.974471092224121 -7.340167045593262
v -2.6726367473602295 -5.974471092224121 -7.405134201049805
v -2.6691246032714844 -5.980554103851318 -7.469719886779785
v -2.662141799926758 -5.992649078369141 -7.533167839050293
v -2.6517696380615234 -6.010613918304443 -7.594733715057373
v -2.6381301879882812 -6.034237861633301 -7.653695583343506
v -2.6213834285736084 -6.063244342803955 -7.709362983703613
v -2.6017253398895264 -6.097293376922607 -7.761082172393799
v -2.5793864727020264 -6.135985374450684 -7.808248043060303
v -2.554628849029541 -6.178866386413574 -7.850306510925293
v -2.527742862701416 -6.22543478012085 -7.886765003204346
v -2.4990434646606445 -6.275143623352051 -7.917195796966553
v -2.468867063522339 -6.3274102210998535 -7.941242694854736
v -2.437567710876465 -6.381622314453125 -7.958622932434082
v -2.4055123329162598 -6.437143802642822 -7.969133377075195
v -2.4164841175079346 -6.445115566253662 -6.776167869567871
v -2.4593827724456787 -6.397471904754639 -6.786678314208984
v -2.5012693405151367 -6.3509521484375 -6.80405855178833
v -2.5416531562805176 -6.306101322174072 -6.828105449676514
v -2.5800604820251465 -6.2634453773498535 -6.858536243438721
v -2.6160409450531006 -6.223484992980957 -6.894994735717773
v -2.6491732597351074 -6.18668794631958 -6.937053203582764
v -2.6790683269500732 -6.153486251831055 -6.984219074249268
v -2.705375909805298 -6.124268531799316 -7.035938262939453
v -2.727787733078003 -6.099377632141113 -7.0916056632995605
v -2.7460408210754395 -6.079105854034424 -7.150567531585693
v -2.759921073913574 -6.063690185546875 -7.212133407592773
v -2.769266128540039 -6.053311347961426 -7.275581359863281
v -2.7739663124084473 -6.048091411590576 -7.340167045593262
v -2.7739663124084473 -6.048091411590576 -7.405134201049805
v -2.769266128540039 -6.053311347961426 -7.469719886779785
v -2.759921073913574 -6.063690185546875 -7.533167839050293
v -2.7460408210754395 -6.079105854034424 -7.594733715057373
v -2.727787733078003 -6.099377632141113 -7.653695583343506
v -2.705375909805298 -6.124268531799316 -7.709362983703613
v -2.6790683269500732 -6.153486251831055 -7.761082172393799
v -2.6491732597351074 -6.18668794631958 -7.808248043060303
v -2.6160409450531006 -6.223484992980957 -7.850306510925293
v -2.5800604820251465 -6.2634453773498535 -7.886765003204346
v -2.5416531562805176 -6.306101322174072 -7.917195796966553
v -2.5012693405151367 -6.3509521484375 -7.941242694854736
v -2.4593827724456787 -6.397471904754639 -7.958622932434082
v -2.4164841175079346 -6.445115566253662 -7.969133377075195
v -2.4255588054656982 -6.455193996429443 -6.776167869567871
v -2.4774255752563477 -6.417510509490967 -6.786678314208984
v -2.528069019317627 -6.380715847015381 -6.80405855178833
v -2.576895236968994 -6.345241546630859 -6.828105449676514
v -2.6233317852020264 -6.3115034103393555 -6.858536243438721
v -2.6668343544006348 -6.2798967361450195 -6.894994735717773
v -2.706892967224121 -6.250792503356934 -6.937053203582764
v -2.7430379390716553 -6.224531650543213 -6.984219074249268
v -2.7748453617095947 -6.201422214508057 -7.035938262939453
v -2.8019423484802246 -6.181735038757324 -7.0916056632995605
v -2.8240113258361816 -6.165700912475586 -7.150567531585693
v -2.8407936096191406 -6.153508186340332 -7.212133407592773
v -2.8520922660827637 -6.145298957824707 -7.275581359863281
v -2.8577749729156494 -6.141170501708984 -7.340167045593262
v -2.8577749729156494 -6.141170501708984 -7.405134201049805
v -2.8520922660827637 -6.145298957824707 -7.469719886779785
v -2.8407936096191406 -6.153508186340332 -7.533167839050293
v -2.8240113258361816 -6.165700912475586 -7.594733715057373
v -2.8019423484802246 -6.181735038757324 -7.653695583343506
v -2.7748453617095947 -6.201422214508057 -7.709362983703613
v -2.7430379390716553 -6.224531650543213 -7.761082172393799
v -2.706892967224121 -6.250792503356934 -7.808248043060303
v -2.6668343544006348 -6.2798967361450195 -7.850306510925293
v -2.6233317852020264 -6.3115034103393555 -7.886765003204346
v -2.576895236968994 -6.345241546630859 -7.917195796966553
v -2.528069019317627 -6.380715847015381 -7.941242694854736
v -2.4774255752563477 -6.417510509490967 -7.958622932434082
v -2.4255588054656982 -6.455193996429443 -7.969133377075195
v -2.432339668273926 -6.466938495635986 -6.776167869567871
v -2.490907907485962 -6.440862655639648 -6.786678314208984
v -2.5480945110321045 -6.415401458740234 -6.80405855178833
v -2.603229284286499 -6.3908538818359375 -6.828105449676514
v -2.655665874481201 -6.367507457733154 -6.858536243438721
v -2.704789161682129 -6.345636367797852 -6.894994735717773
v -2.750023603439331 -6.325496673583984 -6.937053203582764
v -2.7908384799957275 -6.3073248863220215 -6.984219074249268
v -2.8267555236816406 -6.291333198547363 -7.035938262939453
v -2.857353687286377 -6.277710437774658 -7.0916056632995605
v -2.8822741508483887 -6.26661491394043 -7.150567531585693
v -2.9012246131896973 -6.258177757263184 -7.212133407592773
v -2.9139833450317383 -6.25249719619751 -7.275581359863281
v -2.9204001426696777 -6.249639987945557 -7.340167045593262
v -2.9204001426696777 -6.249639987945557 -7.405134201049805
v -2.9139833450317383 -6.25249719619751 -7.469719886779785
v -2.9012246131896973 -6.258177757263184 -7.533167839050293
v -2.8822741508483887 -6.26661491394043 -7.594733715057373
v -2.857353687286377 -6.277710437774658 -7.653695583343506
v -2.8267555236816406 -6.291333198547363 -7.709362983703613
v -2.7908384799957275 -6.3073248863220215 -7.761082172393799
v -2.750023603439331 -6.325496673583984 -7.808248043060303
v -2.704789161682129 -6.345636367797852 -7.850306510925293
v -2.655665874481201 -6.367507457733154 -7.886765003204346
v -2.603229284286499 -6.3908538818359375 -7.917195796966553
v -2.5480945110321045 -6.415401458740234 -7.941242694854736
v -2.490907907485962 -6.440862655639648 -7.958622932434082
v -2.432339668273926 -6.466938495635986 -7.969133377075195
v -2.436530590057373 -6.479836940765381 -6.776167869567871
v -2.4992403984069824 -6.466507434844971 -6.786678314208984
v -2.5604710578918457 -6.453492164611816 -6.80405855178833
v -2.619504690170288 -6.440944194793701 -6.828105449676514
v -2.675649404525757 -6.429010391235352 -6.858536243438721
v -2.7282464504241943 -6.417830467224121 -6.894994735717773
v -2.776679515838623 -6.407536029815674 -6.937053203582764
v -2.820380926132202 -6.398246765136719 -6.984219074249268
v -2.858837842941284 -6.390072345733643 -7.035938262939453
v -2.891599655151367 -6.383108615875244 -7.0916056632995605
v -2.9182825088500977 -6.377437114715576 -7.150567531585693
v -2.938573122024536 -6.373124122619629 -7.212133407592773
v -2.9522337913513184 -6.37022066116333 -7.275581359863281
v -2.959104537963867 -6.368760108947754 -7.340167045593262
v -2.959104537963867 -6.368760108947754 -7.405134201049805
v -2.9522337913513184 -6.37022066116333 -7.469719886779785
v -2.938573122024536 -6.373124122619629 -7.533167839050293
v -2.9182825088500977 -6.377437114715576 -7.594733715057373
v -2.891599655151367 -6.383108615875244 -7.653695583343506
v -2.858837842941284 -6.390072345733643 -7.709362983703613
v -2.820380926132202 -6.398246765136719 -7.761082172393799
v -2.776679515838623 -6.407536029815674 -7.808248043060303
v -2.7282464504241943 -6.417830467224121 -7.850306510925293
v -2.675649404525757 -6.429010391235352 -7.886765003204346
v -2.619504690170288 -6.440944194793701 -7.917195796966553
v -2.5604710578918457 -6.453492164611816 -7.941242694854736
v -2.4992403984069824 -6.466507434844971 -7.958622932434082
v -2.436530590057373 -6.479836940765381 -7.969133377075195
v -2.437947988510132 -6.493324279785156 -6.776167869567871
v -2.502058982849121 -6.493324279785156 -6.786678314208984
v -2.564657688140869 -6.493324279785156 -6.80405855178833
v -2.6250100135803223 -6.493324279785156 -6.828105449676514
v -2.6824090480804443 -6.493324279785156 -6.858536243438721
v -2.7361812591552734 -6.493324279785156 -6.894994735717773
v -2.785696268081665 -6.493324279785156 -6.937053203582764
v -2.830374002456665 -6.493324279785156 -6.984219074249268
v -2.869690179824829 -6.493324279785156 -7.035938262939453
v -2.903183937072754 -6.493324279785156 -7.0916056632995605
v -2.9304628372192383 -6.493324279785156 -7.150567531585693
v -2.951206684112549 -6.493324279785156 -7.212133407592773
v -2.965172529220581 -6.493324279785156 -7.275581359863281
v -2.972196578979492 -6.493324279785156 -7.340167045593262
v -2.972196578979492 -6.493324279785156 -7.405134201049805
v -2.965172529220581 -6.493324279785156 -7.469719886779785
v -2.951206684112549 -6.493324279785156 -7.533167839050293
v -2.9304628372192383 -6.493324279785156 -7.594733715057373
v -2.903183937072754 -6.493324279785156 -7.653695583343506
v -2.869690179824829 -6.493324279785156 -7.709362983703613
v -2.830374002456665 -6.493324279785156 -7.761082172393799
v -2.785696268081665 -6.493324279785156 -7.808248043060303
v -2.7361812591552734 -6.493324279785156 -7.850306510925293
v -2.6824090480804443 -6.493324279785156 -7.886765003204346
v -2.6250100135803223 -6.493324279785156 -7.917195796966553
v -2.564657688140869 -6.493324279785156 -7.941242694854736
v -2.502058982849121 -6.493324279785156 -7.958622932434082
v -2.437947988510132 -6.493324279785156 -7.969133377075195
v -2.436530590057373 -6.506811618804932 -6.776167869567871
v -2.4992403984069824 -6.520141124725342 -6.786678314208984
v -2.5604710578918457 -6.533156394958496 -6.80405855178833
v -2.619504690170288 -6.545704364776611 -6.828105449676514
v -2.675649404525757 -6.557638168334961 -6.858536243438721
v -2.7282464504241943 -6.568818092346191 -6.894994735717773
v -2.776679515838623 -6.579112529754639 -6.937053203582764
v -2.820380926132202 -6.588401794433594 -6.984219074249268
v -2.858837842941284 -6.59657621383667 -7.035938262939453
v -2.891599655151367 -6.603539943695068 -7.0916056632995605
v -2.9182825088500977 -6.609211444854736 -7.150567531585693
v -2.938573122024536 -6.613524436950684 -7.212133407592773
v -2.9522337913513184 -6.616427898406982 -7.275581359863281
v -2.959104537963867 -6.617888450622559 -7.340167045593262
v -2.959104537963867 -6.617888450622559 -7.405134201049805
v -2.9522337913513184 -6.616427898406982 -7.469719886779785
v -2.938573122024536 -6.613524436950684 -7.533167839050293
v -2.9182825088500977 -6.609211444854736 -7.594733715057373
v -2.891599655151367 -6.603539943695068 -7.653695583343506
v -2.858837842941284 -6.59657621383667 -7.709362983703613
v -2.820380926132202 -6.588401794433594 -7.761082172393799
v -2.776679515838623 -6.579112529754639 -7.808248043060303
v -2.7282464504241943 -6.568818092346191 -7.850306510925293
v -2.675649404525757 -6.557638168334961 -7.886765003204346
v -2.619504690170288 -6.545704364776611 -7.917195796966553
v -2.5604710578918457 -6.533156394958496 -7.941242694854736
v -2.4992403984069824 -6.520141124725342 -7.958622932434082
v -2.436530590057373 -6.506811618804932 -7.969133377075195
v -2.432339668273926 -6.519710063934326 -6.776167869567871
v -2.490907907485962 -6.545785903930664 -6.786678314208984
v -2.5480945110321045 -6.571247100830078 -6.80405855178833
v -2.603229284286499 -6.595794677734375 -6.828105449676514
v -2.655665874481201 -6.619141101837158 -6.858536243438721
v -2.704789161682129 -6.641012191772461 -6.894994735717773
v -2.750023603439331 -6.661151885986328 -6.937053203582764
v -2.7908384799957275 -6.679323673248291 -6.984219074249268
v -2.8267555236816406 -6.695315361022949 -7.035938262939453
v -2.857353687286377 -6.708938121795654 -7.0916056632995605
v -2.8822741508483887 -6.720033645629883 -7.150567531585693
v -2.9012246131896973 -6.728470802307129 -7.212133407592773
v -2.9139833450317383 -6.734151363372803 -7.275581359863281
v -2.9204001426696777 -6.737008571624756 -7.340167045593262
v -2.9204001426696777 -6.737008571624756 -7.405134201049805
v -2.9139833450317383 -6.734151363372803 -7.469719886779785
v -2.9012246131896973 -6.728470802307129 -7.533167839050293
v -2.8822741508483887 -6.720033645629883 -7.594733715057373
v -2.857353687286377 -6.708938121795654 -7.653695583343506
v -2.8267555236816406 -6.695315361022949 -7.709362983703613
v -2.7908384799957275 -6.679323673248291 -7.761082172393799
v -2.750023603439331 -6.661151885986328 -7.808248043060303
v -2.704789161682129 -6.641012191772461 -7.850306510925293
v -2.655665874481201 -6.619141101837158 -7.886765003204346
v -2.603229284286499 -6.595794677734375 -7.917195796966553
v -2.5480945110321045 -6.571247100830078 -7.941242694854736
v -2.490907907485962 -6.545785903930664 -7.958622932434082
v -2.432339668273926 -6.519710063934326 -7.969133377075195
v -2.4255588054656982 -6.531454563140869 -6.776167869567871
v -2.4774255752563477 -6.569138050079346 -6.786678314208984
v -2.528069019317627 -6.605932712554932 -6.80405855178833
v -2.576895236968994 -6.641407012939453 -6.828105449676514
v -2.6233317852020264 -6.675145149230957 -6.858536243438721
v -2.6668343544006348 -6.706751823425293 -6.894994735717773
v -2.706892967224121 -6.735856056213379 -6.937053203582764
v -2.7430379390716553 -6.7621169090271 -6.984219074249268
v -2.7748453617095947 -6.785226345062256 -7.035938262939453
v -2.8019423484802246 -6.804913520812988 -7.0916056632995605
v -2.8240113258361816 -6.820947647094727 -7.150567531585693
v -2.8407936096191406 -6.8331403732299805 -7.212133407592773
v -2.8520922660827637 -6.8413496017456055 -7.275581359863281
v -2.8577749729156494 -6.845478057861328 -7.340167045593262
v -2.8577749729156494 -6.845478057861328 -7.405134201049805
v -2.8520922660827637 -6.8413496017456055 -7.469719886779785
v -2.8407936096191406 -6.8331403732299805 -7.533167839050293
v -2.8240113258361816 -6.820947647094727 -7.594733715057373
v -2.8019423484802246 -6.804913520812988 -7.653695583343506
v -2.7748453617095947 -6.785226345062256 -7.709362983703613
v -2.7430379390716553 -6.7621169090271 -7.761082172393799
v -2.706892967224121 -6.735856056213379 -7.808248043060303
v -2.6668343544006348 -6.706751823425293 -7.850306510925293
v -2.6233317852020264 -6.675145149230957 -7.886765003204346
v -2.576895236968994 -6.641407012939453 -7.917195796966553
v -2.528069019317627 -6.605932712554932 -7.941242694854736
v -2.4774255752563477 -6.569138050079346 -7.958622932434082
v -2.4255588054656982 -6.531454563140869 -7.969133377075195
v -2.4164841175079346 -6.54153299331665 -6.776167869567871
v -2.4593827724456787 -6.589176654815674 -6.786678314208984
v -2.5012693405151367 -6.6356964111328125 -6.80405855178833
v -2.5416531562805176 -6.68054723739624 -6.828105449676514
v -2.5800604820251465 -6.723203182220459 -6.858536243438721
v -2.6160409450531006 -6.7631635665893555 -6.894994735717773
v -2.6491732597351074 -6.799960613250732 -6.937053203582764
v -2.6790683269500732 -6.833162307739258 -6.984219074249268
v -2.705375909805298 -6.862380027770996 -7.035938262939453
v -2.727787733078003 -6.887270927429199 -7.0916056632995605
v -2.7460408210754395 -6.907542705535889 -7.150567531585693
v -2.759921073913574 -6.9229583740234375 -7.212133407592773
v -2.769266128540039 -6.933337211608887 -7.275581359863281
v -2.7739663124084473 -6.938557147979736 -7.340167045593262
v -2.7739663124084473 -6.938557147979736 -7.405134201049805
v -2.769266128540039 -6.933337211608887 -7.469719886779785
v -2.759921073913574 -6.9229583740234375 -7.533167839050293
v -2.7460408210754395 -6.907542705535889 -7.594733715057373
v -2.727787733078003 -6.887270927429199 -7.653695583343506
v -2.705375909805298 -6.862380027770996 -7.709362983703613
v -2.6790683269500732 -6.833162307739258 -7.761082172393799
v -2.6491732597351074 -6.799960613250732 -7.808248043060303
v -2.6160409450531006 -6.7631635665893555 -7.850306510925293
v -2.5800604820251465 -6.723203182220459 -7.886765003204346
v -2.5416531562805176 -6.68054723739624 -7.917195796966553
v -2.5012693405151367 -6.6356964111328125 -7.941242694854736
v -2.4593827724456787 -6.589176654815674 -7.958622932434082
v -2.4164841175079346 -6.54153299331665 -7.969133377075195
v -2.4055123329162598 -6.54950475692749 -6.776167869567871
v -2.437567710876465 -6.6050262451171875 -6.786678314208984
v -2.468867063522339 -6.659238338470459 -6.80405855178833
v -2.4990434646606445 -6.711504936218262 -6.828105449676514
v -2.527742862701416 -6.761213779449463 -6.858536243438721
v -2.554628849029541 -6.807782173156738 -6.894994735717773
v -2.5793864727020264 -6.850663185119629 -6.937053203582764
v -2.6017253398895264 -6.889355182647705 -6.984219074249268
v -2.6213834285736084 -6.923404216766357 -7.035938262939453
v -2.6381301879882812 -6.952410697937012 -7.0916056632995605
v -2.6517696380615234 -6.976034641265869 -7.150567531585693
v -2.662141799926758 -6.993999481201172 -7.212133407592773
v -2.6691246032714844 -7.006094455718994 -7.275581359863281
v -2.6726367473602295 -7.012177467346191 -7.340167045593262
v -2.6726367473602295 -7.012177467346191 -7.405134201049805
v -2.6691246032714844 -7.006094455718994 -7.469719886779785
v -2.662141799926758 -6.993999481201172 -7.533167839050293
v -2.6517696380615234 -6.976034641265869 -7.594733715057373
v -2.6381301879882812 -6.952410697937012 -7.653695583343506
v -2.6213834285736084 -6.923404216766357 -7.709362983703613
v -2.6017253398895264 -6.889355182647705 -7.761082172393799
v -2.5793864727020264 -6.850663185119629 -7.808248043060303
v -2.554628849029541 -6.807782173156738 -7.850306510925293
v -2.527742862701416 -6.761213779449463 -7.886765003204346
v -2.4990434646606445 -6.711504936218262 -7.917195796966553
v -2.468867063522339 -6.659238338470459 -7.941242694854736
v -2.437567710876465 -6.6050262451171875 -7.958622932434082
v -2.4055123329162598 -6.54950475692749 -7.969133377075195
v -2.393123149871826 -6.555020809173584 -6.776167869567871
v -2.4129343032836914 -6.615993499755859 -6.786678314208984
v -2.4322783946990967 -6.675528526306152 -6.80405855178833
v -2.4509284496307373 -6.732927322387695 -6.828105449676514
v -2.468665599822998 -6.7875165939331055 -6.858536243438721
v -2.4852821826934814 -6.838657379150391 -6.894994735717773
v -2.5005831718444824 -6.885748863220215 -6.937053203582764
v -2.5143892765045166 -6.928239822387695 -6.984219074249268
v -2.526538610458374 -6.965631484985352 -7.035938262939453
v -2.536888837814331 -6.997486114501953 -7.0916056632995605
v -2.545318365097046 -7.023429870605469 -7.150567531585693
v -2.5517287254333496 -7.043158531188965 -7.212133407592773
v -2.556044340133667 -7.056440830230713 -7.275581359863281
v -2.5582149028778076 -7.063121318817139 -7.340167045593262
v -2.5582149028778076 -7.063121318817139 -7.405134201049805
v -2.556044340133667 -7.056440830230713 -7.469719886779785
v -2.5517287254333496 -7.043158531188965 -7.533167839050293
v -2.545318365097046 -7.023429870605469 -7.594733715057373
v -2.536888837814331 -6.997486114501953 -7.653695583343506
v -2.526538610458374 -6.965631484985352 -7.709362983703613
v -2.5143892765045166 -6.928239822387695 -7.761082172393799
v -2.5005831718444824 -6.885748863220215 -7.808248043060303
v -2.4852821826934814 -6.838657379150391 -7.850306510925293
v -2.468665599822998 -6.7875165939331055 -7.886765003204346
v -2.4509284496307373 -6.732927322387695 -7.917195796966553
v -2.4322783946990967 -6.675528526306152 -7.941242694854736
v -2.4129343032836914 -6.615993499755859 -7.958622932434082
v -2.393123149871826 -6.555020809173584 -7.969133377075195
v -2.3798575401306152 -6.557840347290039 -6.776167869567871
v -2.386559009552002 -6.621600151062012 -6.786678314208984
v -2.3931024074554443 -6.6838555335998535 -6.80405855178833
v -2.3994109630584717 -6.743877410888672 -6.828105449676514
v -2.4054107666015625 -6.800961971282959 -6.858536243438721
v -2.411031484603882 -6.854439735412598 -6.894994735717773
v -2.4162070751190186 -6.903683662414551 -6.937053203582764
v -2.42087721824646 -6.948116302490234 -6.984219074249268
v -2.4249868392944336 -6.987216949462891 -7.035938262939453
v -2.42848801612854 -7.020527362823486 -7.0916056632995605
v -2.4313392639160156 -7.047657012939453 -7.150567531585693
v -2.4335076808929443 -7.068287372589111 -7.212133407592773
v -2.434967517852783 -7.082176685333252 -7.275581359863281
v -2.435701847076416 -7.089162349700928 -7.340167045593262
v -2.435701847076416 -7.089162349700928 -7.405134201049805
v -2.434967517852783 -7.082176685333252 -7.469719886779785
v -2.4335076808929443 -7.068287372589111 -7.533167839050293
v -2.4313392639160156 -7.047657012939453 -7.594733715057373
v -2.42848801612854 -7.020527362823486 -7.653695583343506
v -2.4249868392944336 -6.987216949462891 -7.709362983703613
v -2.42087721824646 -6.948116302490234 -7.761082172393799
v -2.4162070751190186 -6.903683662414551 -7.808248043060303
v -2.411031484603882 -6.854439735412598 -7.850306510925293
v -2.4054107666015625 -6.800961971282959 -7.886765003204346
v -2.3994109630584717 -6.743877410888672 -7.917195796966553
v -2.3931024074554443 -6.6838555335998535 -7.941242694854736
v -2.386559009552002 -6.621600151062012 -7.958622932434082
v -2.3798575401306152 -6.557840347290039 -7.969133377075195
v -2.36629581451416 -6.557840347290039 -6.776167869567871
v -2.3595943450927734 -6.621600151062012 -6.786678314208984
v -2.353050947189331 -6.6838555335998535 -6.80405855178833
v -2.3467423915863037 -6.743877410888672 -6.828105449676514
v -2.340742588043213 -6.800961971282959 -6.858536243438721
v -2.3351218700408936 -6.854439735412598 -6.894994735717773
v -2.329946279525757 -6.903683662414551 -6.937053203582764
v -2.3252761363983154 -6.948116302490234 -6.984219074249268
v -2.321166515350342 -6.987216949462891 -7.035938262939453
v -2.3176653385162354 -7.020527362823486 -7.0916056632995605
v -2.3148140907287598 -7.047657012939453 -7.150567531585693
v -2.312645673751831 -7.068287372589111 -7.212133407592773
v -2.311185836791992 -7.082176685333252 -7.275581359863281
v -2.3104515075683594 -7.089162349700928 -7.340167045593262
v -2.3104515075683594 -7.089162349700928 -7.405134201049805
v -2.311185836791992 -7.082176685333252 -7.469719886779785
v -2.312645673751831 -7.068287372589111 -7.533167839050293
v -2.3148140907287598 -7.047657012939453 -7.594733715057373
v -2.3176653385162354 -7.020527362823486 -7.653695583343506
v -2.321166515350342 -6.987216949462891 -7.709362983703613
v -2.3252761363983154 -6.948116302490234 -7.761082172393799
v -2.329946279525757 -6.903683662414551 -7.808248043060303
v -2.3351218700408936 -6.854439735412598 -7.850306510925293
v -2.340742588043213 -6.800961971282959 -7.886765003204346
v -2.3467423915863037 -6.743877410888672 -7.917195796966553
v -2.353050947189331 -6.6838555335998535 -7.941242694854736
v -2.3595943450927734 -6.621600151062012 -7.958622932434082
v -2.36629581451416 -6.557840347290039 -7.969133377075195
v -2.353030204772949 -6.555020809173584 -6.776167869567871
v -2.333219051361084 -6.615993499755859 -6.786678314208984
v -2.3138749599456787 -6.675528526306152 -6.80405855178833
v -2.295224905014038 -6.732927322387695 -6.828105449676514
v -2.2774877548217773 -6.7875165939331055 -6.858536243438721
v -2.260871171951294 -6.838657379150391 -6.894994735717773
v -2.245570182800293 -6.885748863220215 -6.937053203582764
v -2.231764078140259 -6.928239822387695 -6.984219074249268
v -2.2196147441864014 -6.965631484985352 -7.035938262939453
v -2.2092645168304443 -6.997486114501953 -7.0916056632995605
v -2.2008349895477295 -7.023429870605469 -7.150567531585693
v -2.194424629211426 -7.043158531188965 -7.212133407592773
v -2.1901090145111084 -7.056440830230713 -7.275581359863281
v -2.1879384517669678 -7.063121318817139 -7.340167045593262
v -2.1879384517669678 -7.063121318817139 -7.405134201049805
v -2.1901090145111084 -7.056440830230713 -7.469719886779785
v -2.194424629211426 -7.043158531188965 -7.533167839050293
v -2.2008349895477295 -7.023429870605469 -7.594733715057373
v -2.2092645168304443 -6.997486114501953 -7.653695583343506
v -2.2196147441864014 -6.965631484985352 -7.709362983703613
v -2.231764078140259 -6.928239822387695 -7.761082172393799
v -2.245570182800293 -6.885748863220215 -7.808248043060303
v -2.260871171951294 -6.838657379150391 -7.850306510925293
v -2.2774877548217773 -6.7875165939331055 -7.886765003204346
v -2.295224905014038 -6.732927322387695 -7.917195796966553
v -2.3138749599456787 -6.675528526306152 -7.941242694854736
v -2.333219051361084 -6.615993499755859 -7.958622932434082
v -2.353030204772949 -6.555020809173584 -7.969133377075195
v -2.3406410217285156 -6.54950475692749 -6.776167869567871
v -2.3085856437683105 -6.6050262451171875 -6.786678314208984
v -2.2772862911224365 -6.659238338470459 -6.80405855178833
v -2.247109889984131 -6.711504936218262 -6.828105449676514
v -2.2184104919433594 -6.761213779449463 -6.858536243438721
v -2.1915245056152344 -6.807782173156738 -6.894994735717773
v -2.166766881942749 -6.850663185119629 -6.937053203582764
v -2.144428014755249 -6.889355182647705 -6.984219074249268
v -2.124769926071167 -6.923404216766357 -7.035938262939453
v -2.108023166656494 -6.952410697937012 -7.0916056632995605
v -2.094383716583252 -6.976034641265869 -7.150567531585693
v -2.0840115547180176 -6.993999481201172 -7.212133407592773
v -2.077028751373291 -7.006094455718994 -7.275581359863281
v -2.073516607284546 -7.012177467346191 -7.340167045593262
v -2.073516607284546 -7.012177467346191 -7.405134201049805
v -2.077028751373291 -7.006094455718994 -7.469719886779785
v -2.0840115547180176 -6.993999481201172 -7.533167839050293
v -2.094383716583252 -6.976034641265869 -7.594733715057373
v -2.108023166656494 -6.952410697937012 -7.653695583343506
v -2.124769926071167 -6.923404216766357 -7.709362983703613
v -2.144428014755249 -6.889355182647705 -7.761082172393799
v -2.166766881942749 -6.850663185119629 -7.808248043060303
v -2.1915245056152344 -6.807782173156738 -7.850306510925293
v -2.2184104919433594 -6.761213779449463 -7.886765003204346
v -2.247109889984131 -6.711504936218262 -7.917195796966553
v -2.2772862911224365 -6.659238338470459 -7.941242694854736
v -2.3085856437683105 -6.6050262451171875 -7.958622932434082
v -2.3406410217285156 -6.54950475692749 -7.969133377075195
v -2.329669237136841 -6.54153299331665 -6.776167869567871
v -2.2867705821990967 -6.589176654815674 -6.786678314208984
v -2.2448840141296387 -6.6356964111328125 -6.80405855178833
v -2.204500198364258 -6.68054723739624 -6.828105449676514
v -2.166092872619629 -6.723203182220459 -6.858536243438721
v -2.130112409591675 -6.7631635665893555 -6.894994735717773
v -2.096980094909668 -6.799960613250732 -6.937053203582764
v -2.067085027694702 -6.833162307739258 -6.984219074249268
v -2.0407774448394775 -6.862380027770996 -7.035938262939453
v -2.0183656215667725 -6.887270927429199 -7.0916056632995605
v -2.000112533569336 -6.907542705535889 -7.150567531585693
v -1.9862321615219116 -6.9229583740234375 -7.212133407592773
v -1.9768872261047363 -6.933337211608887 -7.275581359863281
v -1.9721870422363281 -6.938557147979736 -7.340167045593262
v -1.9721870422363281 -6.938557147979736 -7.405134201049805
v -1.9768872261047363 -6.933337211608887 -7.469719886779785
v -1.9862321615219116 -6.9229583740234375 -7.533167839050293
v -2.000112533569336 -6.907542705535889 -7.594733715057373
v -2.0183656215667725 -6.887270927429199 -7.653695583343506
v -2.0407774448394775 -6.862380027770996 -7.709362983703613
v -2.067085027694702 -6.833162307739258 -7.761082172393799
v -2.096980094909668 -6.799960613250732 -7.808248043060303
v -2.130112409591675 -6.7631635665893555 -7.850306510925293
v -2.166092872619629 -6.723203182220459 -7.886765003204346
v -2.204500198364258 -6.68054723739624 -7.917195796966553
v -2.2448840141296387 -6.6356964111328125 -7.941242694854736
v -2.2867705821990967 -6.589176654815674 -7.958622932434082
v -2.329669237136841 -6.54153299331665 -7.969133377075195
v -2.320594549179077 -6.531454563140869 -6.776167869567871
v -2.2687277793884277 -6.569138050079346 -6.786678314208984
v -2.2180843353271484 -6.605932712554932 -6.80405855178833
v -2.1692581176757812 -6.641407012939453 -6.828105449676514
v -2.122821569442749 -6.675145149230957 -6.858536243438721
v -2.0793190002441406 -6.706751823425293 -6.894994735717773
v -2.0392603874206543 -6.735856056213379 -6.937053203582764
v -2.00311541557312 -6.7621169090271 -6.984219074249268
v -1.9713079929351807 -6.785226345062256 -7.035938262939453
v -1.9442108869552612 -6.804913520812988 -7.0916056632995605
v -1.9221419095993042 -6.820947647094727 -7.150567531585693
v -1.9053597450256348 -6.8331403732299805 -7.212133407592773
v -1.8940610885620117 -6.8413496017456055 -7.275581359863281
v -1.888378381729126 -6.845478057861328 -7.340167045593262
v -1.888378381729126 -6.845478057861328 -7.405134201049805
v -1.8940610885620117 -6.8413496017456055 -7.469719886779785
v -1.9053597450256348 -6.8331403732299805 -7.533167839050293
v -1.9221419095993042 -6.820947647094727 -7.594733715057373
v -1.9442108869552612 -6.804913520812988 -7.653695583343506
v -1.9713079929351807 -6.785226345062256 -7.709362983703613
v -2.00311541557312 -6.7621169090271 -7.761082172393799
v -2.0392603874206543 -6.735856056213379 -7.808248043060303
v -2.0793190002441406 -6.706751823425293 -7.850306510925293
v -2.122821569442749 -6.675145149230957 -7.886765003204346
v -2.1692581176757812 -6.641407012939453 -7.917195796966553
v -2.2180843353271484 -6.605932712554932 -7.941242694854736
v -2.2687277793884277 -6.569138050079346 -7.958622932434082
v -2.320594549179077 -6.531454563140869 -7.969133377075195
v -2.3138136863708496 -6.519710063934326 -6.776167869567871
v -2.2552454471588135 -6.545785903930664 -6.786678314208984
v -2.198058843612671 -6.571247100830078 -6.80405855178833
v -2.1429240703582764 -6.595794677734375 -6.828105449676514
v -2.090487480163574 -6.619141101837158 -6.858536243438721
v -2.0413641929626465 -6.641012191772461 -6.894994735717773
v -1.9961298704147339 -6.661151885986328 -6.937053203582764
v -1.9553148746490479 -6.679323673248291 -6.984219074249268
v -1.9193978309631348 -6.695315361022949 -7.035938262939453
v -1.8887996673583984 -6.708938121795654 -7.0916056632995605
v -1.8638792037963867 -6.720033645629883 -7.150567531585693
v -1.8449286222457886 -6.728470802307129 -7.212133407592773
v -1.8321701288223267 -6.734151363372803 -7.275581359863281
v -1.8257532119750977 -6.737008571624756 -7.340167045593262
v -1.8257532119750977 -6.737008571624756 -7.405134201049805
v -1.8321701288223267 -6.734151363372803 -7.469719886779785
v -1.8449286222457886 -6.728470802307129 -7.533167839050293
v -1.8638792037963867 -6.720033645629883 -7.594733715057373
v -1.8887996673583984 -6.708938121795654 -7.653695583343506
v -1.9193978309631348 -6.695315361022949 -7.709362983703613
v -1.9553148746490479 -6.679323673248291 -7.761082172393799
v -1.9961298704147339 -6.661151885986328 -7.808248043060303
v -2.0413641929626465 -6.641012191772461 -7.850306510925293
v -2.090487480163574 -6.619141101837158 -7.886765003204346
v -2.1429240703582764 -6.595794677734375 -7.917195796966553
v -2.198058843612671 -6.571247100830078 -7.941242694854736
v -2.2552454471588135 -6.545785903930664 -7.958622932434082
v -2.3138136863708496 -6.519710063934326 -7.969133377075195
v -2.3096227645874023 -6.506811618804932 -6.776167869567871
v -2.246912956237793 -6.520141124725342 -6.786678314208984
v -2.1856822967529297 -6.533156394958496 -6.80405855178833
v -2.1266486644744873 -6.545704364776611 -6.828105449676514
v -2.0705039501190186 -6.557638168334961 -6.858536243438721
v -2.017906904220581 -6.568818092346191 -6.894994735717773
v -1.9694737195968628 -6.579112529754639 -6.937053203582764
v -1.9257724285125732 -6.588401794433594 -6.984219074249268
v -1.8873155117034912 -6.59657621383667 -7.035938262939453
v -1.8545535802841187 -6.603539943695068 -7.0916056632995605
v -1.8278708457946777 -6.609211444854736 -7.150567531585693
v -1.8075802326202393 -6.613524436950684 -7.212133407592773
v -1.793919563293457 -6.616427898406982 -7.275581359863281
v -1.7870488166809082 -6.617888450622559 -7.340167045593262
v -1.7870488166809082 -6.617888450622559 -7.405134201049805
v -1.793919563293457 -6.616427898406982 -7.469719886779785
v -1.8075802326202393 -6.613524436950684 -7.533167839050293
v -1.8278708457946777 -6.609211444854736 -7.594733715057373
v -1.8545535802841187 -6.603539943695068 -7.653695583343506
v -1.8873155117034912 -6.59657621383667 -7.709362983703613
v -1.9257724285125732 -6.588401794433594 -7.761082172393799
v -1.9694737195968628 -6.579112529754639 -7.808248043060303
v -2.017906904220581 -6.568818092346191 -7.850306510925293
v -2.0705039501190186 -6.557638168334961 -7.886765003204346
v -2.1266486644744873 -6.545704364776611 -7.917195796966553
v -2.1856822967529297 -6.533156394958496 -7.941242694854736
v -2.246912956237793 -6.520141124725342 -7.958622932434082
v -2.3096227645874023 -6.506811618804932 -7.969133377075195
v -7.179633617401123 3.3497519493103027 2.1937575340270996
v -7.179633617401123 3.3497519493103027 0.9937576055526733
v -7.114762306213379 3.3497519493103027 2.1902403831481934
v -7.050651550292969 3.3497519493103027 2.17972993850708
v -6.988052845001221 3.3497519493103027 2.1623494625091553
v -6.927700042724609 3.3497519493103027 2.138302803039551
v -6.870301246643066 3.3497519493103027 2.1078720092773438
v -6.816529273986816 3.3497519493103027 2.071413516998291
v -6.767014026641846 3.3497519493103027 2.029355049133301
v -6.722336292266846 3.3497519493103027 1.982189416885376
v -6.683020114898682 3.3497519493103027 1.9304698705673218
v -6.649526596069336 3.3497519493103027 1.8748027086257935
v -6.622247695922852 3.3497519493103027 1.815840482711792
v -6.601503372192383 3.3497519493103027 1.754274606704712
v -6.58753776550293 3.3497519493103027 1.6908267736434937
v -6.5805134773254395 3.3497519493103027 1.6262409687042236
v -6.5805134773254395 3.3497519493103027 1.5612742900848389
v -6.58753776550293 3.3497519493103027 1.4966884851455688
v -6.601503372192383 3.3497519493103027 1.4332406520843506
v -6.622247695922852 3.3497519493103027 1.3716747760772705
v -6.649526596069336 3.3497519493103027 1.312712550163269
v -6.683020114898682 3.3497519493103027 1.2570453882217407
v -6.722336292266846 3.3497519493103027 1.2053258419036865
v -6.767014026641846 3.3497519493103027 1.1581603288650513
v -6.816529273986816 3.3497519493103027 1.1161017417907715
v -6.870301246643066 3.3497519493103027 1.0796432495117188
v -6.927700042724609 3.3497519493103027 1.0492124557495117
v -6.988052845001221 3.3497519493103027 1.0251657962799072
v -7.050651550292969 3.3497519493103027 1.0077853202819824
v -7.114762306213379 3.3497519493103027 0.9972748756408691
v -7.116179943084717 3.3632395267486572 2.1902403831481934
v -7.053470134735107 3.3765687942504883 2.17972993850708
v -6.992238998413086 3.3895838260650635 2.1623494625091553
v -6.933205604553223 3.4021317958831787 2.138302803039551
v -6.877060890197754 3.4140658378601074 2.1078720092773438
v -6.824463844299316 3.425245523452759 2.071413516998291
v -6.776030540466309 3.4355404376983643 2.029355049133301
v -6.732329368591309 3.4448294639587402 1.982189416885376
v -6.693872451782227 3.4530036449432373 1.9304698705673218
v -6.6611104011535645 3.4599673748016357 1.8748027086257935
v -6.634428024291992 3.465639114379883 1.815840482711792
v -6.614137172698975 3.469951868057251 1.754274606704712
v -6.600476264953613 3.472855567932129 1.6908267736434937
v -6.593605995178223 3.474316120147705 1.6262409687042236
v -6.593605995178223 3.474316120147705 1.5612742900848389
v -6.600476264953613 3.472855567932129 1.4966884851455688
v -6.614137172698975 3.469951868057251 1.4332406520843506
v -6.634428024291992 3.465639114379883 1.3716747760772705
v -6.6611104011535645 3.4599673748016357 1.312712550163269
v -6.693872451782227 3.4530036449432373 1.2570453882217407
v -6.732329368591309 3.4448294639587402 1.2053258419036865
v -6.776030540466309 3.4355404376983643 1.1581603288650513
v -6.824463844299316 3.425245523452759 1.1161017417907715
v -6.877060890197754 3.4140658378601074 1.0796432495117188
v -6.933205604553223 3.4021317958831787 1.0492124557495117
v -6.992238998413086 3.3895838260650635 1.0251657962799072
v -7.053470134735107 3.3765687942504883 1.0077853202819824
v -7.116179943084717 3.3632395267486572 0.9972748756408691
v -7.120370864868164 3.3761374950408936 2.1902403831481934
v -7.061802387237549 3.4022138118743896 2.17972993850708
v -7.004615783691406 3.4276750087738037 2.1623494625091553
v -6.949481010437012 3.4522225856781006 2.138302803039551
v -6.897044658660889 3.4755687713623047 2.1078720092773438
v -6.847921371459961 3.4974398612976074 2.071413516998291
v -6.80268669128418 3.5175795555114746 2.029355049133301
v -6.761871814727783 3.5357515811920166 1.982189416885376
v -6.725954532623291 3.5517427921295166 1.9304698705673218
v -6.695356369018555 3.56536602973938 1.8748027086257935
v -6.670435905456543 3.5764613151550293 1.815840482711792
v -6.651485443115234 3.5848987102508545 1.754274606704712
v -6.638727188110352 3.590579032897949 1.6908267736434937
v -6.632310390472412 3.5934360027313232 1.6262409687042236
v -6.632310390472412 3.5934360027313232 1.5612742900848389
v -6.638727188110352 3.590579032897949 1.4966884851455688
v -6.651485443115234 3.5848987102508545 1.4332406520843506
v -6.670435905456543 3.5764613151550293 1.3716747760772705
v -6.695356369018555 3.56536602973938 1.312712550163269
v -6.725954532623291 3.5517427921295166 1.2570453882217407
v -6.761871814727783 3.5357515811920166 1.2053258419036865
v -6.80268669128418 3.5175795555114746 1.1581603288650513
v -6.847921371459961 3.4974398612976074 1.1161017417907715
v -6.897044658660889 3.4755687713623047 1.0796432495117188
v -6.949481010437012 3.4522225856781006 1.0492124557495117
v -7.004615783691406 3.4276750087738037 1.0251657962799072
v -7.061802387237549 3.4022138118743896 1.0077853202819824
v -7.120370864868164 3.3761374950408936 0.9972748756408691
v -7.1271514892578125 3.3878824710845947 2.1902403831481934
v -7.075284957885742 3.425565719604492 2.17972993850708
v -7.024641513824463 3.462360382080078 2.1623494625091553
v -6.975815296173096 3.4978346824645996 2.138302803039551
v -6.929378509521484 3.5315728187561035 2.1078720092773438
v -6.885875701904297 3.5631794929504395 2.071413516998291
v -6.8458170890808105 3.5922837257385254 2.029355049133301
v -6.8096723556518555 3.618544578552246 1.982189416885376
v -6.777864933013916 3.6416540145874023 1.9304698705673218
v -6.750767707824707 3.6613411903381348 1.8748027086257935
v -6.72869873046875 3.677375316619873 1.815840482711792
v -6.711916446685791 3.689568281173706 1.754274606704712
v -6.700617790222168 3.697777271270752 1.6908267736434937
v -6.694935321807861 3.7019059658050537 1.6262409687042236
v -6.694935321807861 3.7019059658050537 1.5612742900848389
v -6.700617790222168 3.697777271270752 1.4966884851455688
v -6.711916446685791 3.689568281173706 1.4332406520843506
v -6.72869873046875 3.677375316619873 1.3716747760772705
v -6.750767707824707 3.6613411903381348 1.312712550163269
v -6.777864933013916 3.6416540145874023 1.2570453882217407
v -6.8096723556518555 3.618544578552246 1.2053258419036865
v -6.8458170890808105 3.5922837257385254 1.1581603288650513
v -6.885875701904297 3.5631794929504395 1.1161017417907715
v -6.929378509521484 3.5315728187561035 1.0796432495117188
v -6.975815296173096 3.4978346824645996 1.0492124557495117
v -7.024641513824463 3.462360382080078 1.0251657962799072
v -7.075284957885742 3.425565719604492 1.0077853202819824
v -7.1271514892578125 3.3878824710845947 0.9972748756408691
v -7.136226177215576 3.397960901260376 2.1902403831481934
v -7.093327522277832 3.4456045627593994 2.17972993850708
v -7.051441192626953 3.492124319076538 2.1623494625091553
v -7.011057376861572 3.5369749069213867 2.138302803039551
v -6.972650051116943 3.5796306133270264 2.1078720092773438
v -6.93666934967041 3.619591236114502 2.071413516998291
v -6.903537273406982 3.6563880443573 2.029355049133301
v -6.8736419677734375 3.6895899772644043 1.982189416885376
v -6.847334384918213 3.7188076972961426 1.9304698705673218
v -6.824922561645508 3.7436983585357666 1.8748027086257935
v -6.80666971206665 3.763970375061035 1.815840482711792
v -6.792788982391357 3.779386281967163 1.754274606704712
v -6.783443927764893 3.789764881134033 1.6908267736434937
v -6.778744220733643 3.794984817504883 1.6262409687042236
v -6.778744220733643 3.794984817504883 1.5612742900848389
v -6.783443927764893 3.789764881134033 1.4966884851455688
v -6.792788982391357 3.779386281967163 1.4332406520843506
v -6.80666971206665 3.763970375061035 1.3716747760772705
v -6.824922561645508 3.7436983585357666 1.312712550163269
v -6.847334384918213 3.7188076972961426 1.2570453882217407
v -6.8736419677734375 3.6895899772644043 1.2053258419036865
v -6.903537273406982 3.6563880443573 1.1581603288650513
v -6.93666934967041 3.619591236114502 1.1161017417907715
v -6.972650051116943 3.5796306133270264 1.0796432495117188
v -7.011057376861572 3.5369749069213867 1.0492124557495117
v -7.051441192626953 3.492124319076538 1.0251657962799072
v -7.093327522277832 3.4456045627593994 1.0077853202819824
v -7.136226177215576 3.397960901260376 0.9972748756408691
v -7.147197723388672 3.4059321880340576 2.1902403831481934
v -7.115142345428467 3.461453914642334 2.17972993850708
v -7.083843231201172 3.5156660079956055 2.1623494625091553
v -7.053667068481445 3.567932605743408 2.138302803039551
v -7.024967670440674 3.6176416873931885 2.1078720092773438
v -6.998081207275391 3.6642096042633057 2.071413516998291
v -6.973323822021484 3.7070910930633545 2.029355049133301
v -6.950984954833984 3.7457828521728516 1.982189416885376
v -6.931326866149902 3.779831886291504 1.9304698705673218
v -6.91457986831665 3.808838367462158 1.8748027086257935
v -6.900940418243408 3.8324623107910156 1.815840482711792
v -6.890568733215332 3.8504271507263184 1.754274606704712
v -6.883585453033447 3.8625221252441406 1.6908267736434937
v -6.880073547363281 3.868605136871338 1.6262409687042236
v -6.880073547363281 3.868605136871338 1.5612742900848389
v -6.883585453033447 3.8625221252441406 1.4966884851455688
v -6.890568733215332 3.8504271507263184 1.4332406520843506
v -6.900940418243408 3.8324623107910156 1.3716747760772705
v -6.91457986831665 3.808838367462158 1.312712550163269
v -6.931326866149902 3.779831886291504 1.2570453882217407
v -6.950984954833984 3.7457828521728516 1.2053258419036865
v -6.973323822021484 3.7070910930633545 1.1581603288650513
v -6.998081207275391 3.6642096042633057 1.1161017417907715
v -7.024967670440674 3.6176416873931885 1.0796432495117188
v -7.053667068481445 3.567932605743408 1.0492124557495117
v -7.083843231201172 3.5156660079956055 1.0251657962799072
v -7.115142345428467 3.461453914642334 1.0077853202819824
v -7.147197723388672 3.4059321880340576 0.9972748756408691
v -7.159587383270264 3.4114482402801514 2.1902403831481934
v -7.13977575302124 3.472421407699585 2.17972993850708
v -7.120431900024414 3.531956195831299 2.1623494625091553
v -7.101781845092773 3.589354991912842 2.138302803039551
v -7.084044456481934 3.643944501876831 2.1078720092773438
v -7.067428112030029 3.695084810256958 2.071413516998291
v -7.052126884460449 3.7421765327453613 2.029355049133301
v -7.038321018218994 3.784667491912842 1.982189416885376
v -7.026171684265137 3.822059392929077 1.9304698705673218
v -7.01582145690918 3.8539137840270996 1.8748027086257935
v -7.007391929626465 3.8798575401306152 1.815840482711792
v -7.00098180770874 3.8995862007141113 1.754274606704712
v -6.996665954589844 3.9128684997558594 1.6908267736434937
v -6.994495391845703 3.919548988342285 1.6262409687042236
v -6.994495391845703 3.919548988342285 1.5612742900848389
v -6.996665954589844 3.9128684997558594 1.4966884851455688
v -7.00098180770874 3.8995862007141113 1.4332406520843506
v -7.007391929626465 3.8798575401306152 1.3716747760772705
v -7.01582145690918 3.8539137840270996 1.312712550163269
v -7.026171684265137 3.822059392929077 1.2570453882217407
v -7.038321018218994 3.784667491912842 1.2053258419036865
v -7.052126884460449 3.7421765327453613 1.1581603288650513
v -7.067428112030029 3.695084810256958 1.1161017417907715
v -7.084044456481934 3.643944501876831 1.0796432495117188
v -7.101781845092773 3.589354991912842 1.0492124557495117
v -7.120431900024414 3.531956195831299 1.0251657962799072
v -7.13977575302124 3.472421407699585 1.0077853202819824
v -7.159587383270264 3.4114482402801514 0.9972748756408691
v -7.172852516174316 3.4142680168151855 2.1902403831481934
v -7.166151523590088 3.478027582168579 2.17972993850708
v -7.159607887268066 3.540283441543579 2.1623494625091553
v -7.153299331665039 3.6003053188323975 2.138302803039551
v -7.147299766540527 3.6573896408081055 2.1078720092773438
v -7.141678810119629 3.710867404937744 2.071413516998291
v -7.136503219604492 3.7601113319396973 2.029355049133301
v -7.131833076477051 3.804543972015381 1.982189416885376
v -7.127723217010498 3.843644857406616 1.9304698705673218
v -7.124222278594971 3.876955270767212 1.8748027086257935
v -7.121370792388916 3.9040846824645996 1.815840482711792
v -7.119202613830566 3.9247148036956787 1.754274606704712
v -7.117742538452148 3.9386043548583984 1.6908267736434937
v -7.117008686065674 3.945590019226074 1.6262409687042236
v -7.117008686065674 3.945590019226074 1.5612742900848389
v -7.117742538452148 3.9386043548583984 1.4966884851455688
v -7.119202613830566 3.9247148036956787 1.4332406520843506
v -7.121370792388916 3.9040846824645996 1.3716747760772705
v -7.124222278594971 3.876955270767212 1.312712550163269
v -7.127723217010498 3.843644857406616 1.2570453882217407
v -7.131833076477051 3.804543972015381 1.2053258419036865
v -7.136503219604492 3.7601113319396973 1.1581603288650513
v -7.141678810119629 3.710867404937744 1.1161017417907715
v -7.147299766540527 3.6573896408081055 1.0796432495117188
v -7.153299331665039 3.6003053188323975 1.0492124557495117
v -7.159607887268066 3.540283441543579 1.0251657962799072
v -7.166151523590088 3.478027582168579 1.0077853202819824
v -7.172852516174316 3.4142680168151855 0.9972748756408691
v -7.18641471862793 3.4142680168151855 2.1902403831481934
v -7.193115711212158 3.478027582168579 2.17972993850708
v -7.19965934753418 3.540283441543579 2.1623494625091553
v -7.205967903137207 3.6003053188323975 2.138302803039551
v -7.211967468261719 3.6573896408081055 2.1078720092773438
v -7.217588424682617 3.710867404937744 2.071413516998291
v -7.222764015197754 3.7601113319396973 2.029355049133301
v -7.227434158325195 3.804543972015381 1.982189416885376
v -7.231544017791748 3.843644857406616 1.9304698705673218
v -7.235044956207275 3.876955270767212 1.8748027086257935
v -7.23789644241333 3.9040846824645996 1.815840482711792
v -7.24006462097168 3.9247148036956787 1.754274606704712
v -7.241524696350098 3.9386043548583984 1.6908267736434937
v -7.242258548736572 3.945590019226074 1.6262409687042236
v -7.242258548736572 3.945590019226074 1.5612742900848389
v -7.241524696350098 3.9386043548583984 1.4966884851455688
v -7.24006462097168 3.9247148036956787 1.4332406520843506
v -7.23789644241333 3.9040846824645996 1.3716747760772705
v -7.235044956207275 3.876955270767212 1.312712550163269
v -7.231544017791748 3.843644857406616 1.2570453882217407
v -7.227434158325195 3.804543972015381 1.2053258419036865
v -7.222764015197754 3.7601113319396973 1.1581603288650513
v -7.217588424682617 3.710867404937744 1.1161017417907715
v -7.211967468261719 3.6573896408081055 1.0796432495117188
v -7.205967903137207 3.6003053188323975 1.0492124557495117
v -7.19965934753418 3.540283441543579 1.0251657962799072
v -7.193115711212158 3.478027582168579 1.0077853202819824
v -7.18641471862793 3.4142680168151855 0.9972748756408691
v -7.199679851531982 3.4114482402801514 2.1902403831481934
v -7.219491481781006 3.472421407699585 2.17972993850708
v -7.238835334777832 3.531956195831299 2.1623494625091553
v -7.257485389709473 3.589354991912842 2.138302803039551
v -7.2752227783203125 3.643944501876831 2.1078720092773438
v -7.291839122772217 3.695084810256958 2.071413516998291
v -7.307140350341797 3.7421765327453613 2.029355049133301
v -7.320946216583252 3.784667491912842 1.982189416885376
v -7.333095550537109 3.822059392929077 1.9304698705673218
v -7.343445777893066 3.8539137840270996 1.8748027086257935
v -7.351875305175781 3.8798575401306152 1.815840482711792
v -7.358285427093506 3.8995862007141113 1.754274606704712
v -7.362601280212402 3.9128684997558594 1.6908267736434937
v -7.364771842956543 3.919548988342285 1.6262409687042236
v -7.364771842956543 3.919548988342285 1.5612742900848389
v -7.362601280212402 3.9128684997558594 1.4966884851455688
v -7.358285427093506 3.8995862007141113 1.4332406520843506
v -7.351875305175781 3.8798575401306152 1.3716747760772705
v -7.343445777893066 3.8539137840270996 1.312712550163269
v -7.333095550537109 3.822059392929077 1.2570453882217407
v -7.320946216583252 3.784667491912842 1.2053258419036865
v -7.307140350341797 3.7421765327453613 1.1581603288650513
v -7.291839122772217 3.695084810256958 1.1161017417907715
v -7.2752227783203125 3.643944501876831 1.0796432495117188
v -7.257485389709473 3.589354991912842 1.0492124557495117
v -7.238835334777832 3.531956195831299 1.0251657962799072
v -7.219491481781006 3.472421407699585 1.0077853202819824
v -7.199679851531982 3.4114482402801514 0.9972748756408691
v -7.212069511413574 3.4059321880340576 2.1902403831481934
v -7.244124889373779 3.461453914642334 2.17972993850708
v -7.275424003601074 3.5156660079956055 2.1623494625091553
v -7.305600166320801 3.567932605743408 2.138302803039551
v -7.334299564361572 3.6176416873931885 2.1078720092773438
v -7.3611860275268555 3.6642096042633057 2.071413516998291
v -7.385943412780762 3.7070910930633545 2.029355049133301
v -7.408282279968262 3.7457828521728516 1.982189416885376
v -7.427940368652344 3.779831886291504 1.9304698705673218
v -7.444687366485596 3.808838367462158 1.8748027086257935
v -7.458326816558838 3.8324623107910156 1.815840482711792
v -7.468698501586914 3.8504271507263184 1.754274606704712
v -7.475681781768799 3.8625221252441406 1.6908267736434937
v -7.479193687438965 3.868605136871338 1.6262409687042236
v -7.479193687438965 3.868605136871338 1.5612742900848389
v -7.475681781768799 3.8625221252441406 1.4966884851455688
v -7.468698501586914 3.8504271507263184 1.4332406520843506
v -7.458326816558838 3.8324623107910156 1.3716747760772705
v -7.444687366485596 3.808838367462158 1.312712550163269
v -7.427940368652344 3.779831886291504 1.2570453882217407
v -7.408282279968262 3.7457828521728516 1.2053258419036865
v -7.385943412780762 3.7070910930633545 1.1581603288650513
v -7.3611860275268555 3.6642096042633057 1.1161017417907715
v -7.334299564361572 3.6176416873931885 1.0796432495117188
v -7.305600166320801 3.567932605743408 1.0492124557495117
v -7.275424003601074 3.5156660079956055 1.0251657962799072
v -7.244124889373779 3.461453914642334 1.0077853202819824
v -7.212069511413574 3.4059321880340576 0.9972748756408691
v -7.22304105758667 3.397960901260376 2.1902403831481934
v -7.265939712524414 3.4456045627593994 2.17972993850708
v -7.307826042175293 3.492124319076538 2.1623494625091553
v -7.348209857940674 3.5369749069213867 2.138302803039551
v -7.386617183685303 3.5796306133270264 2.1078720092773438
v -7.422597885131836 3.619591236114502 2.071413516998291
v -7.455729961395264 3.6563880443573 2.029355049133301
v -7.485625267028809 3.6895899772644043 1.982189416885376
v -7.511932849884033 3.7188076972961426 1.9304698705673218
v -7.534344673156738 3.7436983585357666 1.8748027086257935
v -7.552597522735596 3.763970375061035 1.815840482711792
v -7.566478252410889 3.779386281967163 1.754274606704712
v -7.5758233070373535 3.789764881134033 1.6908267736434937
v -7.5805230140686035 3.794984817504883 1.6262409687042236
v -7.5805230140686035 3.794984817504883 1.5612742900848389
v -7.5758233070373535 3.789764881134033 1.4966884851455688
v -7.566478252410889 3.779386281967163 1.4332406520843506
v -7.552597522735596 3.763970375061035 1.3716747760772705
v -7.534344673156738 3.7436983585357666 1.312712550163269
v -7.511932849884033 3.7188076972961426 1.2570453882217407
v -7.485625267028809 3.6895899772644043 1.2053258419036865
v -7.455729961395264 3.6563880443573 1.1581603288650513
v -7.422597885131836 3.619591236114502 1.1161017417907715
v -7.386617183685303 3.5796306133270264 1.0796432495117188
v -7.348209857940674 3.5369749069213867 1.0492124557495117
v -7.307826042175293 3.492124319076538 1.0251657962799072
v -7.265939712524414 3.4456045627593994 1.0077853202819824
v -7.22304105758667 3.397960901260376 0.9972748756408691
v -7.232115745544434 3.3878824710845947 2.1902403831481934
v -7.283982276916504 3.425565719604492 2.17972993850708
v -7.334625720977783 3.462360382080078 2.1623494625091553
v -7.38345193862915 3.4978346824645996 2.138302803039551
v -7.429888725280762 3.5315728187561035 2.1078720092773438
v -7.473391532897949 3.5631794929504395 2.071413516998291
v -7.5134501457214355 3.5922837257385254 2.029355049133301
v -7.549594879150391 3.618544578552246 1.982189416885376
v -7.58140230178833 3.6416540145874023 1.9304698705673218
v -7.608499526977539 3.6613411903381348 1.8748027086257935
v -7.630568504333496 3.677375316619873 1.815840482711792
v -7.647350788116455 3.689568281173706 1.754274606704712
v -7.658649444580078 3.697777271270752 1.6908267736434937
v -7.664331912994385 3.7019059658050537 1.6262409687042236
v -7.664331912994385 3.7019059658050537 1.5612742900848389
v -7.658649444580078 3.697777271270752 1.4966884851455688
v -7.647350788116455 3.689568281173706 1.4332406520843506
v -7.630568504333496 3.677375316619873 1.3716747760772705
v -7.608499526977539 3.6613411903381348 1.312712550163269
v -7.58140230178833 3.6416540145874023 1.2570453882217407
v -7.549594879150391 3.618544578552246 1.2053258419036865
v -7.5134501457214355 3.5922837257385254 1.1581603288650513
v -7.473391532897949 3.5631794929504395 1.1161017417907715
v -7.429888725280762 3.5315728187561035 1.0796432495117188
v -7.38345193862915 3.4978346824645996 1.0492124557495117
v -7.334625720977783 3.462360382080078 1.0251657962799072
v -7.283982276916504 3.425565719604492 1.0077853202819824
v -7.232115745544434 3.3878824710845947 0.9972748756408691
v -7.238896369934082 3.3761374950408936 2.1902403831481934
v -7.297464847564697 3.4022138118743896 2.17972993850708
v -7.35465145111084 3.4276750087738037 2.1623494625091553
v -7.409786224365234 3.4522225856781006 2.138302803039551
v -7.462222576141357 3.4755687713623047 2.1078720092773438
v -7.511345863342285 3.4974398612976074 2.071413516998291
v -7.556580543518066 3.5175795555114746 2.029355049133301
v -7.597395420074463 3.5357515811920166 1.982189416885376
v -7.633312702178955 3.5517427921295166 1.9304698705673218
v -7.663910865783691 3.56536602973938 1.8748027086257935
v -7.688831329345703 3.5764613151550293 1.815840482711792
v -7.707781791687012 3.5848987102508545 1.754274606704712
v -7.7205400466918945 3.590579032897949 1.6908267736434937
v -7.726956844329834 3.5934360027313232 1.6262409687042236
v -7.726956844329834 3.5934360027313232 1.5612742900848389
v -7.7205400466918945 3.590579032897949 1.4966884851455688
v -7.707781791687012 3.5848987102508545 1.4332406520843506
v -7.688831329345703 3.5764613151550293 1.3716747760772705
v -7.663910865783691 3.56536602973938 1.312712550163269
v -7.633312702178955 3.5517427921295166 1.2570453882217407
v -7.597395420074463 3.5357515811920166 1.2053258419036865
v -7.556580543518066 3.5175795555114746 1.1581603288650513
v -7.511345863342285 3.4974398612976074 1.1161017417907715
v -7.462222576141357 3.4755687713623047 1.0796432495117188
v -7.409786224365234 3.4522225856781006 1.0492124557495117
v -7.35465145111084 3.4276750087738037 1.0251657962799072
v -7.297464847564697 3.4022138118743896 1.0077853202819824
v -7.238896369934082 3.3761374950408936 0.9972748756408691
v -7.243087291717529 3.3632395267486572 2.1902403831481934
v -7.305797100067139 3.3765687942504883 2.17972993850708
v -7.36702823638916 3.3895838260650635 2.1623494625091553
v -7.426061630249023 3.4021317958831787 2.138302803039551
v -7.482206344604492 3.4140658378601074 2.1078720092773438
v -7.53480339050293 3.425245523452759 2.071413516998291
v -7.5832366943359375 3.4355404376983643 2.029355049133301
v -7.6269378662109375 3.4448294639587402 1.982189416885376
v -7.6653947830200195 3.4530036449432373 1.9304698705673218
v -7.698156833648682 3.4599673748016357 1.8748027086257935
v -7.724839210510254 3.465639114379883 1.815840482711792
v -7.7451300621032715 3.469951868057251 1.754274606704712
v -7.758790969848633 3.472855567932129 1.6908267736434937
v -7.765661239624023 3.474316120147705 1.6262409687042236
v -7.765661239624023 3.474316120147705 1.5612742900848389
v -7.758790969848633 3.472855567932129 1.4966884851455688
v -7.7451300621032715 3.469951868057251 1.4332406520843506
v -7.724839210510254 3.465639114379883 1.3716747760772705
v -7.698156833648682 3.4599673748016357 1.312712550163269
v -7.6653947830200195 3.4530036449432373 1.2570453882217407
v -7.6269378662109375 3.4448294639587402 1.2053258419036865
v -7.5832366943359375 3.4355404376983643 1.1581603288650513
v -7.53480339050293 3.425245523452759 1.1161017417907715
v -7.482206344604492 3.4140658378601074 1.0796432495117188
v -7.426061630249023 3.4021317958831787 1.0492124557495117
v -7.36702823638916 3.3895838260650635 1.0251657962799072
v -7.305797100067139 3.3765687942504883 1.0077853202819824
v -7.243087291717529 3.3632395267486572 0.9972748756408691
v -7.244504928588867 3.3497519493103027 2.1902403831481934
v -7.308615684509277 3.3497519493103027 2.17972993850708
v -7.371214389801025 3.3497519493103027 2.1623494625091553
v -7.431567192077637 3.3497519493103027 2.138302803039551
v -7.48896598815918 3.3497519493103027 2.1078720092773438
v -7.54273796081543 3.3497519493103027 2.071413516998291
v -7.5922532081604 3.3497519493103027 2.029355049133301
v -7.6369309425354 3.3497519493103027 1.982189416885376
v -7.6762471199035645 3.3497519493103027 1.9304698705673218
v -7.70974063873291 3.3497519493103027 1.8748027086257935
v -7.7370195388793945 3.3497519493103027 1.815840482711792
v -7.757763862609863 3.3497519493103027 1.754274606704712
v -7.771729469299316 3.3497519493103027 1.6908267736434937
v -7.778753757476807 3.3497519493103027 1.6262409687042236
v -7.778753757476807 3.3497519493103027 1.5612742900848389
v -7.771729469299316 3.3497519493103027 1.4966884851455688
v -7.757763862609863 3.3497519493103027 1.4332406520843506
v -7.7370195388793945 3.3497519493103027 1.3716747760772705
v -7.70974063873291 3.3497519493103027 1.312712550163269
v -7.6762471199035645 3.3497519493103027 1.2570453882217407
v -7.6369309425354 3.3497519493103027 1.2053258419036865
v -7.5922532081604 3.3497519493103027 1.1581603288650513
v -7.54273796081543 3.3497519493103027 1.1161017417907715
v -7.48896598815918 3.3497519493103027 1.0796432495117188
v -7.431567192077637 3.3497519493103027 1.0492124557495117
v -7.371214389801025 3.3497519493103027 1.0251657962799072
v -7.308615684509277 3.3497519493103027 1.0077853202819824
v -7.244504928588867 3.3497519493103027 0.9972748756408691
v -7.243087291717529 3.3362643718719482 2.1902403831481934
v -7.305797100067139 3.322935104370117 2.17972993850708
v -7.36702823638916 3.309920072555542 2.1623494625091553
v -7.426061630249023 3.2973721027374268 2.138302803039551
v -7.482206344604492 3.285438060760498 2.1078720092773438
v -7.53480339050293 3.2742583751678467 2.071413516998291
v -7.5832366943359375 3.263963460922241 2.029355049133301
v -7.6269378662109375 3.2546744346618652 1.982189416885376
v -7.6653947830200195 3.246500253677368 1.9304698705673218
v -7.698156833648682 3.2395365238189697 1.8748027086257935
v -7.724839210510254 3.2338647842407227 1.815840482711792
v -7.7451300621032715 3.2295520305633545 1.754274606704712
v -7.758790969848633 3.2266483306884766 1.6908267736434937
v -7.765661239624023 3.2251877784729004 1.6262409687042236
v -7.765661239624023 3.2251877784729004 1.5612742900848389
v -7.758790969848633 3.2266483306884766 1.4966884851455688
v -7.7451300621032715 3.2295520305633545 1.4332406520843506
v -7.724839210510254 3.2338647842407227 1.3716747760772705
v -7.698156833648682 3.2395365238189697 1.312712550163269
v -7.6653947830200195 3.246500253677368 1.2570453882217407
v -7.6269378662109375 3.2546744346618652 1.2053258419036865
v -7.5832366943359375 3.263963460922241 1.1581603288650513
v -7.53480339050293 3.2742583751678467 1.1161017417907715
v -7.482206344604492 3.285438060760498 1.0796432495117188
v -7.426061630249023 3.2973721027374268 1.0492124557495117
v -7.36702823638916 3.309920072555542 1.0251657962799072
v -7.305797100067139 3.322935104370117 1.0077853202819824
v -7.243087291717529 3.3362643718719482 0.9972748756408691
v -7.238896369934082 3.323366403579712 2.1902403831481934
v -7.297464847564697 3.297290086746216 2.17972993850708
v -7.35465145111084 3.2718288898468018 2.1623494625091553
v -7.409786224365234 3.247281312942505 2.138302803039551
v -7.462222576141357 3.223935127258301 2.1078720092773438
v -7.511345863342285 3.202064037322998 2.071413516998291
v -7.556580543518066 3.181924343109131 2.029355049133301
v -7.597395420074463 3.163752317428589 1.982189416885376
v -7.633312702178955 3.147761106491089 1.9304698705673218
v -7.663910865783691 3.1341378688812256 1.8748027086257935
v -7.688831329345703 3.123042583465576 1.815840482711792
v -7.707781791687012 3.114605188369751 1.754274606704712
v -7.7205400466918945 3.1089248657226562 1.6908267736434937
v -7.726956844329834 3.1060678958892822 1.6262409687042236
v -7.726956844329834 3.1060678958892822 1.5612742900848389
v -7.7205400466918945 3.1089248657226562 1.4966884851455688
v -7.707781791687012 3.114605188369751 1.4332406520843506
v -7.688831329345703 3.123042583465576 1.3716747760772705
v -7.663910865783691 3.1341378688812256 1.312712550163269
v -7.633312702178955 3.147761106491089 1.2570453882217407
v -7.597395420074463 3.163752317428589 1.2053258419036865
v -7.556580543518066 3.181924343109131 1.1581603288650513
v -7.511345863342285 3.202064037322998 1.1161017417907715
v -7.462222576141357 3.223935127258301 1.0796432495117188
v -7.409786224365234 3.247281312942505 1.0492124557495117
v -7.35465145111084 3.2718288898468018 1.0251657962799072
v -7.297464847564697 3.297290086746216 1.0077853202819824
v -7.238896369934082 3.323366403579712 0.9972748756408691
v -7.232115745544434 3.3116214275360107 2.1902403831481934
v -7.283982276916504 3.2739381790161133 2.17972993850708
v -7.334625720977783 3.2371435165405273 2.1623494625091553
v -7.38345193862915 3.201669216156006 2.138302803039551
v -7.429888725280762 3.167931079864502 2.1078720092773438
v -7.473391532897949 3.136324405670166 2.071413516998291
v -7.5134501457214355 3.10722017288208 2.029355049133301
v -7.549594879150391 3.0809593200683594 1.982189416885376
v -7.58140230178833 3.057849884033203 1.9304698705673218
v -7.608499526977539 3.0381627082824707 1.8748027086257935
v -7.630568504333496 3.0221285820007324 1.815840482711792
v -7.647350788116455 3.0099356174468994 1.754274606704712
v -7.658649444580078 3.0017266273498535 1.6908267736434937
v -7.664331912994385 2.9975979328155518 1.6262409687042236
v -7.664331912994385 2.9975979328155518 1.5612742900848389
v -7.658649444580078 3.0017266273498535 1.4966884851455688
v -7.647350788116455 3.0099356174468994 1.4332406520843506
v -7.630568504333496 3.0221285820007324 1.3716747760772705
v -7.608499526977539 3.0381627082824707 1.312712550163269
v -7.58140230178833 3.057849884033203 1.2570453882217407
v -7.549594879150391 3.0809593200683594 1.2053258419036865
v -7.5134501457214355 3.10722017288208 1.1581603288650513
v -7.473391532897949 3.136324405670166 1.1161017417907715
v -7.429888725280762 3.167931079864502 1.0796432495117188
v -7.38345193862915 3.201669216156006 1.0492124557495117
v -7.334625720977783 3.2371435165405273 1.0251657962799072
v -7.283982276916504 3.2739381790161133 1.0077853202819824
v -7.232115745544434 3.3116214275360107 0.9972748756408691
v -7.22304105758667 3.3015429973602295 2.1902403831481934
v -7.265939712524414 3.253899335861206 2.17972993850708
v -7.307826042175293 3.2073795795440674 2.1623494625091553
v -7.348209857940674 3.1625289916992188 2.138302803039551
v -7.386617183685303 3.119873285293579 2.1078720092773438
v -7.422597885131836 3.0799126625061035 2.071413516998291
v -7.455729961395264 3.0431158542633057 2.029355049133301
v -7.485625267028809 3.009913921356201 1.982189416885376
v -7.511932849884033 2.980696201324463 1.9304698705673218
v -7.534344673156738 2.955805540084839 1.8748027086257935
v -7.552597522735596 2.9355335235595703 1.815840482711792
v -7.566478252410889 2.9201176166534424 1.754274606704712
v -7.5758233070373535 2.9097390174865723 1.6908267736434937
v -7.5805230140686035 2.9045190811157227 1.6262409687042236
v -7.5805230140686035 2.9045190811157227 1.5612742900848389
v -7.5758233070373535 2.9097390174865723 1.4966884851455688
v -7.566478252410889 2.9201176166534424 1.4332406520843506
v -7.552597522735596 2.9355335235595703 1.3716747760772705
v -7.534344673156738 2.955805540084839 1.312712550163269
v -7.511932849884033 2.980696201324463 1.2570453882217407
v -7.485625267028809 3.009913921356201 1.2053258419036865
v -7.455729961395264 3.0431158542633057 1.1581603288650513
v -7.422597885131836 3.0799126625061035 1.1161017417907715
v -7.386617183685303 3.119873285293579 1.0796432495117188
v -7.348209857940674 3.1625289916992188 1.0492124557495117
v -7.307826042175293 3.2073795795440674 1.0251657962799072
v -7.265939712524414 3.253899335861206 1.0077853202819824
v -7.22304105758667 3.3015429973602295 0.9972748756408691
v -7.212069511413574 3.293571710586548 2.1902403831481934
v -7.244124889373779 3.2380499839782715 2.17972993850708
v -7.275424003601074 3.183837890625 2.1623494625091553
v -7.305600166320801 3.1315712928771973 2.138302803039551
v -7.334299564361572 3.081862211227417 2.1078720092773438
v -7.3611860275268555 3.0352942943573 2.071413516998291
v -7.385943412780762 2.992412805557251 2.029355049133301
v -7.408282279968262 2.953721046447754 1.982189416885376
v -7.427940368652344 2.9196720123291016 1.9304698705673218
v -7.444687366485596 2.8906655311584473 1.8748027086257935
v -7.458326816558838 2.86704158782959 1.815840482711792
v -7.468698501586914 2.849076747894287 1.754274606704712
v -7.475681781768799 2.836981773376465 1.6908267736434937
v -7.479193687438965 2.8308987617492676 1.6262409687042236
v -7.479193687438965 2.8308987617492676 1.5612742900848389
v -7.475681781768799 2.836981773376465 1.4966884851455688
v -7.468698501586914 2.849076747894287 1.4332406520843506
v -7.458326816558838 2.86704158782959 1.3716747760772705
v -7.444687366485596 2.8906655311584473 1.312712550163269
v -7.427940368652344 2.9196720123291016 1.2570453882217407
v -7.408282279968262 2.953721046447754 1.2053258419036865
v -7.385943412780762 2.992412805557251 1.1581603288650513
v -7.3611860275268555 3.0352942943573 1.1161017417907715
v -7.334299564361572 3.081862211227417 1.0796432495117188
v -7.305600166320801 3.1315712928771973 1.0492124557495117
v -7.275424003601074 3.183837890625 1.0251657962799072
v -7.244124889373779 3.2380499839782715 1.0077853202819824
v -7.212069511413574 3.293571710586548 0.9972748756408691
v -7.199679851531982 3.288055658340454 2.1902403831481934
v -7.219491481781006 3.2270824909210205 2.17972993850708
v -7.238835334777832 3.1675477027893066 2.1623494625091553
v -7.257485389709473 3.1101489067077637 2.138302803039551
v -7.2752227783203125 3.0555593967437744 2.1078720092773438
v -7.291839122772217 3.0044190883636475 2.071413516998291
v -7.307140350341797 2.957327365875244 2.029355049133301
v -7.320946216583252 2.9148364067077637 1.982189416885376
v -7.333095550537109 2.8774445056915283 1.9304698705673218
v -7.343445777893066 2.845590114593506 1.8748027086257935
v -7.351875305175781 2.8196463584899902 1.815840482711792
v -7.358285427093506 2.799917697906494 1.754274606704712
v -7.362601280212402 2.786635398864746 1.6908267736434937
v -7.364771842956543 2.7799549102783203 1.6262409687042236
v -7.364771842956543 2.7799549102783203 1.5612742900848389
v -7.362601280212402 2.786635398864746 1.4966884851455688
v -7.358285427093506 2.799917697906494 1.4332406520843506
v -7.351875305175781 2.8196463584899902 1.3716747760772705
v -7.343445777893066 2.845590114593506 1.312712550163269
v -7.333095550537109 2.8774445056915283 1.2570453882217407
v -7.320946216583252 2.9148364067077637 1.2053258419036865
v -7.307140350341797 2.957327365875244 1.1581603288650513
v -7.291839122772217 3.0044190883636475 1.1161017417907715
v -7.2752227783203125 3.0555593967437744 1.0796432495117188
v -7.257485389709473 3.1101489067077637 1.0492124557495117
v -7.238835334777832 3.1675477027893066 1.0251657962799072
v -7.219491481781006 3.2270824909210205 1.0077853202819824
v -7.199679851531982 3.288055658340454 0.9972748756408691
v -7.18641471862793 3.28523588180542 2.1902403831481934
v -7.193115711212158 3.2214763164520264 2.17972993850708
v -7.19965934753418 3.1592204570770264 2.1623494625091553
v -7.205967903137207 3.099198579788208 2.138302803039551
v -7.211967468261719 3.0421142578125 2.1078720092773438
v -7.217588424682617 2.9886364936828613 2.071413516998291
v -7.222764015197754 2.939392566680908 2.029355049133301
v -7.227434158325195 2.8949599266052246 1.982189416885376
v -7.231544017791748 2.8558590412139893 1.9304698705673218
v -7.235044956207275 2.8225486278533936 1.8748027086257935
v -7.23789644241333 2.795419216156006 1.815840482711792
v -7.24006462097168 2.7747890949249268 1.754274606704712
v -7.241524696350098 2.760899543762207 1.6908267736434937
v -7.242258548736572 2.7539138793945312 1.6262409687042236
v -7.242258548736572 2.7539138793945312 1.5612742900848389
v -7.241524696350098 2.760899543762207 1.4966884851455688
v -7.24006462097168 2.7747890949249268 1.4332406520843506
v -7.23789644241333 2.795419216156006 1.3716747760772705
v -7.235044956207275 2.8225486278533936 1.312712550163269
v -7.231544017791748 2.8558590412139893 1.2570453882217407
v -7.227434158325195 2.8949599266052246 1.2053258419036865
v -7.222764015197754 2.939392566680908 1.1581603288650513
v -7.217588424682617 2.9886364936828613 1.1161017417907715
v -7.211967468261719 3.0421142578125 1.0796432495117188
v -7.205967903137207 3.099198579788208 1.0492124557495117
v -7.19965934753418 3.1592204570770264 1.0251657962799072
v -7.193115711212158 3.2214763164520264 1.0077853202819824
v -7.18641471862793 3.28523588180542 0.9972748756408691
v -7.172852516174316 3.28523588180542 2.1902403831481934
v -7.166151523590088 3.2214763164520264 2.17972993850708
v -7.159607887268066 3.1592204570770264 2.1623494625091553
v -7.153299331665039 3.099198579788208 2.138302803039551
v -7.147299766540527 3.0421142578125 2.1078720092773438
v -7.141678810119629 2.9886364936828613 2.071413516998291
v -7.136503219604492 2.939392566680908 2.029355049133301
v -7.131833076477051 2.8949599266052246 1.982189416885376
v -7.127723217010498 2.8558590412139893 1.9304698705673218
v -7.124222278594971 2.8225486278533936 1.8748027086257935
v -7.121370792388916 2.795419216156006 1.815840482711792
v -7.119202613830566 2.7747890949249268 1.754274606704712
v -7.117742538452148 2.760899543762207 1.6908267736434937
v -7.117008686065674 2.7539138793945312 1.6262409687042236
v -7.117008686065674 2.7539138793945312 1.5612742900848389
v -7.117742538452148 2.760899543762207 1.4966884851455688
v -7.119202613830566 2.7747890949249268 1.4332406520843506
v -7.121370792388916 2.795419216156006 1.3716747760772705
v -7.124222278594971 2.8225486278533936 1.312712550163269
v -7.127723217010498 2.8558590412139893 1.2570453882217407
v -7.131833076477051 2.8949599266052246 1.2053258419036865
v -7.136503219604492 2.939392566680908 1.1581603288650513
v -7.141678810119629 2.9886364936828613 1.1161017417907715
v -7.147299766540527 3.0421142578125 1.0796432495117188
v -7.153299331665039 3.099198579788208 1.0492124557495117
v -7.159607887268066 3.1592204570770264 1.0251657962799072
v -7.166151523590088 3.2214763164520264 1.0077853202819824
v -7.172852516174316 3.28523588180542 0.9972748756408691
v -7.159587383270264 3.288055658340454 2.1902403831481934
v -7.13977575302124 3.2270824909210205 2.17972993850708
v -7.120431900024414 3.1675477027893066 2.1623494625091553
v -7.101781845092773 3.1101489067077637 2.138302803039551
v -7.084044456481934 3.0555593967437744 2.1078720092773438
v -7.067428112030029 3.0044190883636475 2.071413516998291
v -7.052126884460449 2.957327365875244 2.029355049133301
v -7.038321018218994 2.9148364067077637 1.982189416885376
v -7.026171684265137 2.8774445056915283 1.9304698705673218
v -7.01582145690918 2.845590114593506 1.8748027086257935
v -7.007391929626465 2.8196463584899902 1.815840482711792
v -7.00098180770874 2.799917697906494 1.754274606704712
v -6.996665954589844 2.786635398864746 1.6908267736434937
v -6.994495391845703 2.7799549102783203 1.6262409687042236
v -6.994495391845703 2.7799549102783203 1.5612742900848389
v -6.996665954589844 2.786635398864746 1.4966884851455688
v -7.00098180770874 2.799917697906494 1.4332406520843506
v -7.007391929626465 2.8196463584899902 1.3716747760772705
v -7.01582145690918 2.845590114593506 1.312712550163269
v -7.026171684265137 2.8774445056915283 1.2570453882217407
v -7.038321018218994 2.9148364067077637 1.2053258419036865
v -7.052126884460449 2.957327365875244 1.1581603288650513
v -7.067428112030029 3.0044190883636475 1.1161017417907715
v -7.084044456481934 3.0555593967437744 1.0796432495117188
v -7.101781845092773 3.1101489067077637 1.0492124557495117
v -7.120431900024414 3.1675477027893066 1.0251657962799072
v -7.13977575302124 3.2270824909210205 1.0077853202819824
v -7.159587383270264 3.288055658340454 0.9972748756408691
v -7.147197723388672 3.293571710586548 2.1902403831481934
v -7.115142345428467 3.2380499839782715 2.17972993850708
v -7.083843231201172 3.183837890625 2.1623494625091553
v -7.053667068481445 3.1315712928771973 2.138302803039551
v -7.024967670440674 3.081862211227417 2.1078720092773438
v -6.998081207275391 3.0352942943573 2.071413516998291
v -6.973323822021484 2.992412805557251 2.029355049133301
v -6.950984954833984 2.953721046447754 1.982189416885376
v -6.931326866149902 2.9196720123291016 1.9304698705673218
v -6.91457986831665 2.8906655311584473 1.8748027086257935
v -6.900940418243408 2.86704158782959 1.815840482711792
v -6.890568733215332 2.849076747894287 1.754274606704712
v -6.883585453033447 2.836981773376465 1.6908267736434937
v -6.880073547363281 2.8308987617492676 1.6262409687042236
v -6.880073547363281 2.8308987617492676 1.5612742900848389
v -6.883585453033447 2.836981773376465 1.4966884851455688
v -6.890568733215332 2.849076747894287 1.4332406520843506
v -6.900940418243408 2.86704158782959 1.3716747760772705
v -6.91457986831665 2.8906655311584473 1.312712550163269
v -6.931326866149902 2.9196720123291016 1.2570453882217407
v -6.950984954833984 2.953721046447754 1.2053258419036865
v -6.973323822021484 2.992412805557251 1.1581603288650513
v -6.998081207275391 3.0352942943573 1.1161017417907715
v -7.024967670440674 3.081862211227417 1.0796432495117188
v -7.053667068481445 3.1315712928771973 1.0492124557495117
v -7.083843231201172 3.183837890625 1.0251657962799072
v -7.115142345428467 3.2380499839782715 1.0077853202819824
v -7.147197723388672 3.293571710586548 0.9972748756408691
v -7.136226177215576 3.3015429973602295 2.1902403831481934
v -7.093327522277832 3.253899335861206 2.17972993850708
v -7.051441192626953 3.2073795795440674 2.1623494625091553
v -7.011057376861572 3.1625289916992188 2.138302803039551
v -6.972650051116943 3.119873285293579 2.1078720092773438
v -6.93666934967041 3.0799126625061035 2.071413516998291
v -6.903537273406982 3.0431158542633057 2.029355049133301
v -6.8736419677734375 3.009913921356201 1.982189416885376
v -6.847334384918213 2.980696201324463 1.9304698705673218
v -6.824922561645508 2.955805540084839 1.8748027086257935
v -6.80666971206665 2.9355335235595703 1.815840482711792
v -6.792788982391357 2.9201176166534424 1.754274606704712
v -6.783443927764893 2.9097390174865723 1.6908267736434937
v -6.778744220733643 2.9045190811157227 1.6262409687042236
v -6.778744220733643 2.9045190811157227 1.5612742900848389
v -6.783443927764893 2.9097390174865723 1.4966884851455688
v -6.792788982391357 2.9201176166534424 1.4332406520843506
v -6.80666971206665 2.9355335235595703 1.3716747760772705
v -6.824922561645508 2.955805540084839 1.312712550163269
v -6.847334384918213 2.980696201324463 1.2570453882217407
v -6.8736419677734375 3.009913921356201 1.2053258419036865
v -6.903537273406982 3.0431158542633057 1.1581603288650513
v -6.93666934967041 3.0799126625061035 1.1161017417907715
v -6.972650051116943 3.119873285293579 1.0796432495117188
v -7.011057376861572 3.1625289916992188 1.0492124557495117
v -7.051441192626953 3.2073795795440674 1.0251657962799072
v -7.093327522277832 3.253899335861206 1.0077853202819824
v -7.136226177215576 3.3015429973602295 0.9972748756408691
v -7.1271514892578125 3.3116214275360107 2.1902403831481934
v -7.075284957885742 3.2739381790161133 2.17972993850708
v -7.024641513824463 3.2371435165405273 2.1623494625091553
v -6.975815296173096 3.201669216156006 2.138302803039551
v -6.929378509521484 3.167931079864502 2.1078720092773438
v -6.885875701904297 3.136324405670166 2.071413516998291
v -6.8458170890808105 3.10722017288208 2.029355049133301
v -6.8096723556518555 3.0809593200683594 1.982189416885376
v -6.777864933013916 3.057849884033203 1.9304698705673218
v -6.750767707824707 3.0381627082824707 1.8748027086257935
v -6.72869873046875 3.0221285820007324 1.815840482711792
v -6.711916446685791 3.0099356174468994 1.754274606704712
v -6.700617790222168 3.0017266273498535 1.6908267736434937
v -6.694935321807861 2.9975979328155518 1.6262409687042236
v -6.694935321807861 2.9975979328155518 1.5612742900848389
v -6.700617790222168 3.0017266273498535 1.4966884851455688
v -6.711916446685791 3.0099356174468994 1.4332406520843506
v -6.72869873046875 3.0221285820007324 1.3716747760772705
v -6.750767707824707 3.0381627082824707 1.312712550163269
v -6.777864933013916 3.057849884033203 1.2570453882217407
v -6.8096723556518555 3.0809593200683594 1.2053258419036865
v -6.8458170890808105 3.10722017288208 1.1581603288650513
v -6.885875701904297 3.136324405670166 1.1161017417907715
v -6.929378509521484 3.167931079864502 1.0796432495117188
v -6.975815296173096 3.201669216156006 1.0492124557495117
v -7.024641513824463 3.2371435165405273 1.0251657962799072
v -7.075284957885742 3.2739381790161133 1.0077853202819824
v -7.1271514892578125 3.3116214275360107 0.9972748756408691
v -7.120370864868164 3.323366403579712 2.1902403831481934
v -7.061802387237549 3.297290086746216 2.17972993850708
v -7.004615783691406 3.2718288898468018 2.1623494625091553
v -6.949481010437012 3.247281312942505 2.138302803039551
v -6.897044658660889 3.223935127258301 2.1078720092773438
v -6.847921371459961 3.202064037322998 2.071413516998291
v -6.80268669128418 3.181924343109131 2.029355049133301
v -6.761871814727783 3.163752317428589 1.982189416885376
v -6.725954532623291 3.147761106491089 1.9304698705673218
v -6.695356369018555 3.1341378688812256 1.8748027086257935
v -6.670435905456543 3.123042583465576 1.815840482711792
v -6.651485443115234 3.114605188369751 1.754274606704712
v -6.638727188110352 3.1089248657226562 1.6908267736434937
v -6.632310390472412 3.1060678958892822 1.6262409687042236
v -6.632310390472412 3.1060678958892822 1.5612742900848389
v -6.638727188110352 3.1089248657226562 1.4966884851455688
v -6.651485443115234 3.114605188369751 1.4332406520843506
v -6.670435905456543 3.123042583465576 1.3716747760772705
v -6.695356369018555 3.1341378688812256 1.312712550163269
v -6.725954532623291 3.147761106491089 1.2570453882217407
v -6.761871814727783 3.163752317428589 1.2053258419036865
v -6.80268669128418 3.181924343109131 1.1581603288650513
v -6.847921371459961 3.202064037322998 1.1161017417907715
v -6.897044658660889 3.223935127258301 1.0796432495117188
v -6.949481010437012 3.247281312942505 1.0492124557495117
v -7.004615783691406 3.2718288898468018 1.0251657962799072
v -7.061802387237549 3.297290086746216 1.0077853202819824
v -7.120370864868164 3.323366403579712 0.9972748756408691
v -7.116179943084717 3.3362643718719482 2.1902403831481934
v -7.053470134735107 3.322935104370117 2.17972993850708
v -6.992238998413086 3.309920072555542 2.1623494625091553
v -6.933205604553223 3.2973721027374268 2.138302803039551
v -6.877060890197754 3.285438060760498 2.1078720092773438
v -6.824463844299316 3.2742583751678467 2.071413516998291
v -6.776030540466309 3.263963460922241 2.029355049133301
v -6.732329368591309 3.2546744346618652 1.982189416885376
v -6.693872451782227 3.246500253677368 1.9304698705673218
v -6.6611104011535645 3.2395365238189697 1.8748027086257935
v -6.634428024291992 3.2338647842407227 1.815840482711792
v -6.614137172698975 3.2295520305633545 1.754274606704712
v -6.600476264953613 3.2266483306884766 1.6908267736434937
v -6.593605995178223 3.2251877784729004 1.6262409687042236
v -6.593605995178223 3.2251877784729004 1.5612742900848389
v -6.600476264953613 3.2266483306884766 1.4966884851455688
v -6.614137172698975 3.2295520305633545 1.4332406520843506
v -6.634428024291992 3.2338647842407227 1.3716747760772705
v -6.6611104011535645 3.2395365238189697 1.312712550163269
v -6.693872451782227 3.246500253677368 1.2570453882217407
v -6.732329368591309 3.2546744346618652 1.2053258419036865
v -6.776030540466309 3.263963460922241 1.1581603288650513
v -6.824463844299316 3.2742583751678467 1.1161017417907715
v -6.877060890197754 3.285438060760498 1.0796432495117188
v -6.933205604553223 3.2973721027374268 1.0492124557495117
v -6.992238998413086 3.309920072555542 1.0251657962799072
v -7.053470134735107 3.322935104370117 1.0077853202819824
v -7.116179943084717 3.3362643718719482 0.9972748756408691
v 4.251294136047363 -1.5973742008209229 2.8744773864746094
v 4.251294136047363 -1.5973742008209229 1.674477219581604
v 4.316165447235107 -1.5973742008209229 2.870959997177124
v 4.380276203155518 -1.5973742008209229 2.8604495525360107
v 4.442874908447266 -1.5973742008209229 2.843069076538086
v 4.503227710723877 -1.5973742008209229 2.8190224170684814
v 4.56062650680542 -1.5973742008209229 2.7885916233062744
v 4.61439847946167 -1.5973742008209229 2.7521331310272217
v 4.663913726806641 -1.5973742008209229 2.7100744247436523
v 4.708591461181641 -1.5973742008209229 2.6629090309143066
v 4.747907638549805 -1.5973742008209229 2.611189365386963
v 4.78140115737915 -1.5973742008209229 2.5555224418640137
v 4.808680057525635 -1.5973742008209229 2.4965600967407227
v 4.829423904418945 -1.5973742008209229 2.4349942207336426
v 4.843389987945557 -1.5973742008209229 2.371546506881714
v 4.850414276123047 -1.5973742008209229 2.3069605827331543
v 4.850414276123047 -1.5973742008209229 2.2419939041137695
v 4.843389987945557 -1.5973742008209229 2.17740797996521
v 4.829423904418945 -1.5973742008209229 2.1139602661132812
v 4.808680057525635 -1.5973742008209229 2.052394390106201
v 4.78140115737915 -1.5973742008209229 1.9934321641921997
v 4.747907638549805 -1.5973742008209229 1.9377650022506714
v 4.708591461181641 -1.5973742008209229 1.8860454559326172
v 4.663913726806641 -1.5973742008209229 1.838879942893982
v 4.61439847946167 -1.5973742008209229 1.7968213558197021
v 4.56062650680542 -1.5973742008209229 1.7603628635406494
v 4.503227710723877 -1.5973742008209229 1.7299320697784424
v 4.442874908447266 -1.5973742008209229 1.705885410308838
v 4.380276203155518 -1.5973742008209229 1.688504934310913
v 4.316165447235107 -1.5973742008209229 1.6779944896697998
v 4.3147478103637695 -1.5838866233825684 2.870959997177124
v 4.377457618713379 -1.5705572366714478 2.8604495525360107
v 4.4386887550354 -1.557542324066162 2.843069076538086
v 4.497722148895264 -1.5449942350387573 2.8190224170684814
v 4.553866863250732 -1.5330604314804077 2.7885916233062744
v 4.60646390914917 -1.5218805074691772 2.7521331310272217
v 4.654897212982178 -1.5115857124328613 2.7100744247436523
v 4.698598384857178 -1.502296805381775 2.6629090309143066
v 4.73705530166626 -1.4941225051879883 2.611189365386963
v 4.769817352294922 -1.4871586561203003 2.5555224418640137
v 4.796500205993652 -1.4814871549606323 2.4965600967407227
v 4.816790580749512 -1.477174162864685 2.4349942207336426
v 4.830451488494873 -1.4742705821990967 2.371546506881714
v 4.837322235107422 -1.47281014919281 2.3069605827331543
v 4.837322235107422 -1.47281014919281 2.2419939041137695
v 4.830451488494873 -1.4742705821990967 2.17740797996521
v 4.816790580749512 -1.477174162864685 2.1139602661132812
v 4.796500205993652 -1.4814871549606323 2.052394390106201
v 4.769817352294922 -1.4871586561203003 1.9934321641921997
v 4.73705530166626 -1.4941225051879883 1.9377650022506714
v 4.698598384857178 -1.502296805381775 1.8860454559326172
v 4.654897212982178 -1.5115857124328613 1.838879942893982
v 4.60646390914917 -1.5218805074691772 1.7968213558197021
v 4.553866863250732 -1.5330604314804077 1.7603628635406494
v 4.497722148895264 -1.5449942350387573 1.7299320697784424
v 4.4386887550354 -1.557542324066162 1.705885410308838
v 4.377457618713379 -1.5705572366714478 1.688504934310913
v 4.3147478103637695 -1.5838866233825684 1.6779944896697998
v 4.310556888580322 -1.570988655090332 2.870959997177124
v 4.3691253662109375 -1.544912338256836 2.8604495525360107
v 4.42631196975708 -1.5194512605667114 2.843069076538086
v 4.481446743011475 -1.4949036836624146 2.8190224170684814
v 4.533883094787598 -1.471557378768921 2.7885916233062744
v 4.583006858825684 -1.4496862888336182 2.7521331310272217
v 4.628241062164307 -1.429546594619751 2.7100744247436523
v 4.669055938720703 -1.4113746881484985 2.6629090309143066
v 4.704973220825195 -1.395383358001709 2.611189365386963
v 4.735571384429932 -1.3817601203918457 2.5555224418640137
v 4.760491371154785 -1.3706648349761963 2.4965600967407227
v 4.779442310333252 -1.3622275590896606 2.4349942207336426
v 4.792200565338135 -1.3565471172332764 2.371546506881714
v 4.798617362976074 -1.3536901473999023 2.3069605827331543
v 4.798617362976074 -1.3536901473999023 2.2419939041137695
v 4.792200565338135 -1.3565471172332764 2.17740797996521
v 4.779442310333252 -1.3622275590896606 2.1139602661132812
v 4.760491371154785 -1.3706648349761963 2.052394390106201
v 4.735571384429932 -1.3817601203918457 1.9934321641921997
v 4.704973220825195 -1.395383358001709 1.9377650022506714
v 4.669055938720703 -1.4113746881484985 1.8860454559326172
v 4.628241062164307 -1.429546594619751 1.838879942893982
v 4.583006858825684 -1.4496862888336182 1.7968213558197021
v 4.533883094787598 -1.471557378768921 1.7603628635406494
v 4.481446743011475 -1.4949036836624146 1.7299320697784424
v 4.42631196975708 -1.5194512605667114 1.705885410308838
v 4.3691253662109375 -1.544912338256836 1.688504934310913
v 4.310556888580322 -1.570988655090332 1.6779944896697998
v 4.303776264190674 -1.5592437982559204 2.870959997177124
v 4.355642795562744 -1.5215603113174438 2.8604495525360107
v 4.406286239624023 -1.4847657680511475 2.843069076538086
v 4.455112457275391 -1.449291467666626 2.8190224170684814
v 4.501549243927002 -1.4155532121658325 2.7885916233062744
v 4.5450520515441895 -1.3839466571807861 2.7521331310272217
v 4.585110664367676 -1.3548424243927002 2.7100744247436523
v 4.621255397796631 -1.3285815715789795 2.6629090309143066
v 4.65306282043457 -1.3054721355438232 2.611189365386963
v 4.680160045623779 -1.2857849597930908 2.5555224418640137
v 4.702229022979736 -1.269750952720642 2.4965600967407227
v 4.719011306762695 -1.2575578689575195 2.4349942207336426
v 4.730309963226318 -1.2493489980697632 2.371546506881714
v 4.735992431640625 -1.2452203035354614 2.3069605827331543
v 4.735992431640625 -1.2452203035354614 2.2419939041137695
v 4.730309963226318 -1.2493489980697632 2.17740797996521
v 4.719011306762695 -1.2575578689575195 2.1139602661132812
v 4.702229022979736 -1.269750952720642 2.052394390106201
v 4.680160045623779 -1.2857849597930908 1.9934321641921997
v 4.65306282043457 -1.3054721355438232 1.9377650022506714
v 4.621255397796631 -1.3285815715789795 1.8860454559326172
v 4.585110664367676 -1.3548424243927002 1.838879942893982
v 4.5450520515441895 -1.3839466571807861 1.7968213558197021
v 4.501549243927002 -1.4155532121658325 1.7603628635406494
v 4.455112457275391 -1.449291467666626 1.7299320697784424
v 4.406286239624023 -1.4847657680511475 1.705885410308838
v 4.355642795562744 -1.5215603113174438 1.688504934310913
v 4.303776264190674 -1.5592437982559204 1.6779944896697998
v 4.29470157623291 -1.5491653680801392 2.870959997177124
v 4.337600231170654 -1.5015217065811157 2.8604495525360107
v 4.379487037658691 -1.4550018310546875 2.843069076538086
v 4.419870376586914 -1.4101511240005493 2.8190224170684814
v 4.458277702331543 -1.3674955368041992 2.7885916233062744
v 4.494258403778076 -1.3275349140167236 2.7521331310272217
v 4.527390480041504 -1.2907379865646362 2.7100744247436523
v 4.557285785675049 -1.2575361728668213 2.6629090309143066
v 4.583593368530273 -1.228318452835083 2.611189365386963
v 4.6060051918029785 -1.203427791595459 2.5555224418640137
v 4.624258041381836 -1.1831556558609009 2.4965600967407227
v 4.638138771057129 -1.1677398681640625 2.4349942207336426
v 4.647483825683594 -1.1573611497879028 2.371546506881714
v 4.652183532714844 -1.1521412134170532 2.3069605827331543
v 4.652183532714844 -1.1521412134170532 2.2419939041137695
v 4.647483825683594 -1.1573611497879028 2.17740797996521
v 4.638138771057129 -1.1677398681640625 2.1139602661132812
v 4.624258041381836 -1.1831556558609009 2.052394390106201
v 4.6060051918029785 -1.203427791595459 1.9934321641921997
v 4.583593368530273 -1.228318452835083 1.9377650022506714
v 4.557285785675049 -1.2575361728668213 1.8860454559326172
v 4.527390480041504 -1.2907379865646362 1.838879942893982
v 4.494258403778076 -1.3275349140167236 1.7968213558197021
v 4.458277702331543 -1.3674955368041992 1.7603628635406494
v 4.419870376586914 -1.4101511240005493 1.7299320697784424
v 4.379487037658691 -1.4550018310546875 1.705885410308838
v 4.337600231170654 -1.5015217065811157 1.688504934310913
v 4.29470157623291 -1.5491653680801392 1.6779944896697998
v 4.2837300300598145 -1.541193962097168 2.870959997177124
v 4.3157854080200195 -1.4856722354888916 2.8604495525360107
v 4.3470845222473145 -1.4314602613449097 2.843069076538086
v 4.377260684967041 -1.3791934251785278 2.8190224170684814
v 4.4059600830078125 -1.3294845819473267 2.7885916233062744
v 4.432846546173096 -1.2829164266586304 2.7521331310272217
v 4.457603931427002 -1.240035057067871 2.7100744247436523
v 4.479942798614502 -1.2013431787490845 2.6629090309143066
v 4.499600887298584 -1.1672943830490112 2.611189365386963
v 4.516347885131836 -1.138287901878357 2.5555224418640137
v 4.529987335205078 -1.1146637201309204 2.4965600967407227
v 4.540359020233154 -1.0966989994049072 2.4349942207336426
v 4.547342300415039 -1.084604024887085 2.371546506881714
v 4.550854206085205 -1.0785210132598877 2.3069605827331543
v 4.550854206085205 -1.0785210132598877 2.2419939041137695
v 4.547342300415039 -1.084604024887085 2.17740797996521
v 4.540359020233154 -1.0966989994049072 2.1139602661132812
v 4.529987335205078 -1.1146637201309204 2.052394390106201
v 4.516347885131836 -1.138287901878357 1.9934321641921997
v 4.499600887298584 -1.1672943830490112 1.9377650022506714
v 4.479942798614502 -1.2013431787490845 1.8860454559326172
v 4.457603931427002 -1.240035057067871 1.838879942893982
v 4.432846546173096 -1.2829164266586304 1.7968213558197021
v 4.4059600830078125 -1.3294845819473267 1.7603628635406494
v 4.377260684967041 -1.3791934251785278 1.7299320697784424
v 4.3470845222473145 -1.4314602613449097 1.705885410308838
v 4.3157854080200195 -1.4856722354888916 1.688504934310913
v 4.2837300300598145 -1.541193962097168 1.6779944896697998
v 4.271340370178223 -1.5356777906417847 2.870959997177124
v 4.291152000427246 -1.4747047424316406 2.8604495525360107
v 4.310495853424072 -1.4151699542999268 2.843069076538086
v 4.329145908355713 -1.3577712774276733 2.8190224170684814
v 4.346883296966553 -1.3031816482543945 2.7885916233062744
v 4.363499641418457 -1.2520413398742676 2.7521331310272217
v 4.378800392150879 -1.2049496173858643 2.7100744247436523
v 4.392606735229492 -1.1624586582183838 2.6629090309143066
v 4.40475606918335 -1.1250667572021484 2.611189365386963
v 4.415106296539307 -1.0932122468948364 2.5555224418640137
v 4.4235358238220215 -1.0672686100006104 2.4965600967407227
v 4.429945945739746 -1.0475399494171143 2.4349942207336426
v 4.434261798858643 -1.0342575311660767 2.371546506881714
v 4.436432361602783 -1.0275771617889404 2.3069605827331543
v 4.436432361602783 -1.0275771617889404 2.2419939041137695
v 4.434261798858643 -1.0342575311660767 2.17740797996521
v 4.429945945739746 -1.0475399494171143 2.1139602661132812
v 4.4235358238220215 -1.0672686100006104 2.052394390106201
v 4.415106296539307 -1.0932122468948364 1.9934321641921997
v 4.40475606918335 -1.1250667572021484 1.9377650022506714
v 4.392606735229492 -1.1624586582183838 1.8860454559326172
v 4.378800392150879 -1.2049496173858643 1.838879942893982
v 4.363499641418457 -1.2520413398742676 1.7968213558197021
v 4.346883296966553 -1.3031816482543945 1.7603628635406494
v 4.329145908355713 -1.3577712774276733 1.7299320697784424
v 4.310495853424072 -1.4151699542999268 1.705885410308838
v 4.291152000427246 -1.4747047424316406 1.688504934310913
v 4.271340370178223 -1.5356777906417847 1.6779944896697998
v 4.25807523727417 -1.53285813331604 2.870959997177124
v 4.264776229858398 -1.4690985679626465 2.8604495525360107
v 4.27131986618042 -1.406842827796936 2.843069076538086
v 4.277628421783447 -1.3468208312988281 2.8190224170684814
v 4.283627986907959 -1.2897365093231201 2.7885916233062744
v 4.289248943328857 -1.2362587451934814 2.7521331310272217
v 4.294424533843994 -1.1870149374008179 2.7100744247436523
v 4.2990946769714355 -1.1425820589065552 2.6629090309143066
v 4.303204536437988 -1.1034812927246094 2.611189365386963
v 4.306705474853516 -1.0701708793640137 2.5555224418640137
v 4.30955696105957 -1.0430415868759155 2.4965600967407227
v 4.31172513961792 -1.0224113464355469 2.4349942207336426
v 4.313185214996338 -1.0085217952728271 2.371546506881714
v 4.3139190673828125 -1.0015361309051514 2.3069605827331543
v 4.3139190673828125 -1.0015361309051514 2.2419939041137695
v 4.313185214996338 -1.0085217952728271 2.17740797996521
v 4.31172513961792 -1.0224113464355469 2.1139602661132812
v 4.30955696105957 -1.0430415868759155 2.052394390106201
v 4.306705474853516 -1.0701708793640137 1.9934321641921997
v 4.303204536437988 -1.1034812927246094 1.9377650022506714
v 4.2990946769714355 -1.1425820589065552 1.8860454559326172
v 4.294424533843994 -1.1870149374008179 1.838879942893982
v 4.289248943328857 -1.2362587451934814 1.7968213558197021
v 4.283627986907959 -1.2897365093231201 1.7603628635406494
v 4.277628421783447 -1.3468208312988281 1.7299320697784424
v 4.27131986618042 -1.406842827796936 1.705885410308838
v 4.264776229858398 -1.4690985679626465 1.688504934310913
v 4.25807523727417 -1.53285813331604 1.6779944896697998
v 4.244513034820557 -1.53285813331604 2.870959997177124
v 4.237812042236328 -1.4690985679626465 2.8604495525360107
v 4.231268405914307 -1.406842827796936 2.843069076538086
v 4.224959850311279 -1.3468208312988281 2.8190224170684814
v 4.218960285186768 -1.2897365093231201 2.7885916233062744
v 4.213339328765869 -1.2362587451934814 2.7521331310272217
v 4.208163738250732 -1.1870149374008179 2.7100744247436523
v 4.203493595123291 -1.1425820589065552 2.6629090309143066
v 4.199383735656738 -1.1034812927246094 2.611189365386963
v 4.195882797241211 -1.0701708793640137 2.5555224418640137
v 4.193031311035156 -1.0430415868759155 2.4965600967407227
v 4.190863132476807 -1.0224113464355469 2.4349942207336426
v 4.189403057098389 -1.0085217952728271 2.371546506881714
v 4.188669204711914 -1.0015361309051514 2.3069605827331543
v 4.188669204711914 -1.0015361309051514 2.2419939041137695
v 4.189403057098389 -1.0085217952728271 2.17740797996521
v 4.190863132476807 -1.0224113464355469 2.1139602661132812
v 4.193031311035156 -1.0430415868759155 2.052394390106201
v 4.195882797241211 -1.0701708793640137 1.9934321641921997
v 4.199383735656738 -1.1034812927246094 1.9377650022506714
v 4.203493595123291 -1.1425820589065552 1.8860454559326172
v 4.208163738250732 -1.1870149374008179 1.838879942893982
v 4.213339328765869 -1.2362587451934814 1.7968213558197021
v 4.218960285186768 -1.2897365093231201 1.7603628635406494
v 4.224959850311279 -1.3468208312988281 1.7299320697784424
v 4.231268405914307 -1.406842827796936 1.705885410308838
v 4.237812042236328 -1.4690985679626465 1.688504934310913
v 4.244513034820557 -1.53285813331604 1.6779944896697998
v 4.231247901916504 -1.5356777906417847 2.870959997177124
v 4.2114362716674805 -1.4747047424316406 2.8604495525360107
v 4.192092418670654 -1.4151699542999268 2.843069076538086
v 4.173442363739014 -1.3577712774276733 2.8190224170684814
v 4.155704975128174 -1.3031816482543945 2.7885916233062744
v 4.1390886306762695 -1.2520413398742676 2.7521331310272217
v 4.123787879943848 -1.2049496173858643 2.7100744247436523
v 4.109981536865234 -1.1624586582183838 2.6629090309143066
v 4.097832202911377 -1.1250667572021484 2.611189365386963
v 4.08748197555542 -1.0932122468948364 2.5555224418640137
v 4.079052448272705 -1.0672686100006104 2.4965600967407227
v 4.0726423263549805 -1.0475399494171143 2.4349942207336426
v 4.068326473236084 -1.0342575311660767 2.371546506881714
v 4.066155910491943 -1.0275771617889404 2.3069605827331543
v 4.066155910491943 -1.0275771617889404 2.2419939041137695
v 4.068326473236084 -1.0342575311660767 2.17740797996521
v 4.0726423263549805 -1.0475399494171143 2.1139602661132812
v 4.079052448272705 -1.0672686100006104 2.052394390106201
v 4.08748197555542 -1.0932122468948364 1.9934321641921997
v 4.097832202911377 -1.1250667572021484 1.9377650022506714
v 4.109981536865234 -1.1624586582183838 1.8860454559326172
v 4.123787879943848 -1.2049496173858643 1.838879942893982
v 4.1390886306762695 -1.2520413398742676 1.7968213558197021
v 4.155704975128174 -1.3031816482543945 1.7603628635406494
v 4.173442363739014 -1.3577712774276733 1.7299320697784424
v 4.192092418670654 -1.4151699542999268 1.705885410308838
v 4.2114362716674805 -1.4747047424316406 1.688504934310913
v 4.231247901916504 -1.5356777906417847 1.6779944896697998
v 4.218858242034912 -1.541193962097168 2.870959997177124
v 4.186802864074707 -1.4856722354888916 2.8604495525360107
v 4.155503749847412 -1.4314602613449097 2.843069076538086
v 4.1253275871276855 -1.3791934251785278 2.8190224170684814
v 4.096628189086914 -1.3294845819473267 2.7885916233062744
v 4.069741725921631 -1.2829164266586304 2.7521331310272217
v 4.044984340667725 -1.240035057067871 2.7100744247436523
v 4.022645473480225 -1.2013431787490845 2.6629090309143066
v 4.002987384796143 -1.1672943830490112 2.611189365386963
v 3.9862406253814697 -1.138287901878357 2.5555224418640137
v 3.9726011753082275 -1.1146637201309204 2.4965600967407227
v 3.9622292518615723 -1.0966989994049072 2.4349942207336426
v 3.9552462100982666 -1.084604024887085 2.371546506881714
v 3.9517340660095215 -1.0785210132598877 2.3069605827331543
v 3.9517340660095215 -1.0785210132598877 2.2419939041137695
v 3.9552462100982666 -1.084604024887085 2.17740797996521
v 3.9622292518615723 -1.0966989994049072 2.1139602661132812
v 3.9726011753082275 -1.1146637201309204 2.052394390106201
v 3.9862406253814697 -1.138287901878357 1.9934321641921997
v 4.002987384796143 -1.1672943830490112 1.9377650022506714
v 4.022645473480225 -1.2013431787490845 1.8860454559326172
v 4.044984340667725 -1.240035057067871 1.838879942893982
v 4.069741725921631 -1.2829164266586304 1.7968213558197021
v 4.096628189086914 -1.3294845819473267 1.7603628635406494
v 4.1253275871276855 -1.3791934251785278 1.7299320697784424
v 4.155503749847412 -1.4314602613449097 1.705885410308838
v 4.186802864074707 -1.4856722354888916 1.688504934310913
v 4.218858242034912 -1.541193962097168 1.6779944896697998
v 4.207886695861816 -1.5491653680801392 2.870959997177124
v 4.164988040924072 -1.5015217065811157 2.8604495525360107
v 4.123101234436035 -1.4550018310546875 2.843069076538086
v 4.0827178955078125 -1.4101511240005493 2.8190224170684814
v 4.044310569763184 -1.3674955368041992 2.7885916233062744
v 4.00832986831665 -1.3275349140167236 2.7521331310272217
v 3.9751977920532227 -1.2907379865646362 2.7100744247436523
v 3.9453024864196777 -1.2575361728668213 2.6629090309143066
v 3.918994903564453 -1.228318452835083 2.611189365386963
v 3.896583080291748 -1.203427791595459 2.5555224418640137
v 3.8783299922943115 -1.1831556558609009 2.4965600967407227
v 3.8644497394561768 -1.1677398681640625 2.4349942207336426
v 3.855104684829712 -1.1573611497879028 2.371546506881714
v 3.8504045009613037 -1.1521412134170532 2.3069605827331543
v 3.8504045009613037 -1.1521412134170532 2.2419939041137695
v 3.855104684829712 -1.1573611497879028 2.17740797996521
v 3.8644497394561768 -1.1677398681640625 2.1139602661132812
v 3.8783299922943115 -1.1831556558609009 2.052394390106201
v 3.896583080291748 -1.203427791595459 1.9934321641921997
v 3.918994903564453 -1.228318452835083 1.9377650022506714
v 3.9453024864196777 -1.2575361728668213 1.8860454559326172
v 3.9751977920532227 -1.2907379865646362 1.838879942893982
v 4.00832986831665 -1.3275349140167236 1.7968213558197021
v 4.044310569763184 -1.3674955368041992 1.7603628635406494
v 4.0827178955078125 -1.4101511240005493 1.7299320697784424
v 4.123101234436035 -1.4550018310546875 1.705885410308838
v 4.164988040924072 -1.5015217065811157 1.688504934310913
v 4.207886695861816 -1.5491653680801392 1.6779944896697998
v 4.198812007904053 -1.5592437982559204 2.870959997177124
v 4.146945476531982 -1.5215603113174438 2.8604495525360107
v 4.096302032470703 -1.4847657680511475 2.843069076538086
v 4.047475814819336 -1.449291467666626 2.8190224170684814
v 4.001039028167725 -1.4155532121658325 2.7885916233062744
v 3.957536458969116 -1.3839466571807861 2.7521331310272217
v 3.91747784614563 -1.3548424243927002 2.7100744247436523
v 3.8813328742980957 -1.3285815715789795 2.6629090309143066
v 3.8495254516601562 -1.3054721355438232 2.611189365386963
v 3.8224284648895264 -1.2857849597930908 2.5555224418640137
v 3.8003592491149902 -1.269750952720642 2.4965600967407227
v 3.7835772037506104 -1.2575578689575195 2.4349942207336426
v 3.7722785472869873 -1.2493489980697632 2.371546506881714
v 3.7665958404541016 -1.2452203035354614 2.3069605827331543
v 3.7665958404541016 -1.2452203035354614 2.2419939041137695
v 3.7722785472869873 -1.2493489980697632 2.17740797996521
v 3.7835772037506104 -1.2575578689575195 2.1139602661132812
v 3.8003592491149902 -1.269750952720642 2.052394390106201
v 3.8224284648895264 -1.2857849597930908 1.9934321641921997
v 3.8495254516601562 -1.3054721355438232 1.9377650022506714
v 3.8813328742980957 -1.3285815715789795 1.8860454559326172
v 3.91747784614563 -1.3548424243927002 1.838879942893982
v 3.957536458969116 -1.3839466571807861 1.7968213558197021
v 4.001039028167725 -1.4155532121658325 1.7603628635406494
v 4.047475814819336 -1.449291467666626 1.7299320697784424
v 4.096302032470703 -1.4847657680511475 1.705885410308838
v 4.146945476531982 -1.5215603113174438 1.688504934310913
v 4.198812007904053 -1.5592437982559204 1.6779944896697998
v 4.192031383514404 -1.570988655090332 2.870959997177124
v 4.133462905883789 -1.544912338256836 2.8604495525360107
v 4.0762763023376465 -1.5194512605667114 2.843069076538086
v 4.021141529083252 -1.4949036836624146 2.8190224170684814
v 3.96870493888855 -1.471557378768921 2.7885916233062744
v 3.919581651687622 -1.4496862888336182 2.7521331310272217
v 3.87434720993042 -1.429546594619751 2.7100744247436523
v 3.8335323333740234 -1.4113746881484985 2.6629090309143066
v 3.7976152896881104 -1.395383358001709 2.611189365386963
v 3.767017126083374 -1.3817601203918457 2.5555224418640137
v 3.7420966625213623 -1.3706648349761963 2.4965600967407227
v 3.7231459617614746 -1.3622275590896606 2.4349942207336426
v 3.710387706756592 -1.3565471172332764 2.371546506881714
v 3.7039706707000732 -1.3536901473999023 2.3069605827331543
v 3.7039706707000732 -1.3536901473999023 2.2419939041137695
v 3.710387706756592 -1.3565471172332764 2.17740797996521
v 3.7231459617614746 -1.3622275590896606 2.1139602661132812
v 3.7420966625213623 -1.3706648349761963 2.052394390106201
v 3.767017126083374 -1.3817601203918457 1.9934321641921997
v 3.7976152896881104 -1.395383358001709 1.9377650022506714
v 3.8335323333740234 -1.4113746881484985 1.8860454559326172
v 3.87434720993042 -1.429546594619751 1.838879942893982
v 3.919581651687622 -1.4496862888336182 1.7968213558197021
v 3.96870493888855 -1.471557378768921 1.7603628635406494
v 4.021141529083252 -1.4949036836624146 1.7299320697784424
v 4.0762763023376465 -1.5194512605667114 1.705885410308838
v 4.133462905883789 -1.544912338256836 1.688504934310913
v 4.192031383514404 -1.570988655090332 1.6779944896697998
v 4.187840461730957 -1.5838866233825684 2.870959997177124
v 4.125130653381348 -1.5705572366714478 2.8604495525360107
v 4.063899517059326 -1.557542324066162 2.843069076538086
v 4.004866123199463 -1.5449942350387573 2.8190224170684814
v 3.948721408843994 -1.5330604314804077 2.7885916233062744
v 3.8961243629455566 -1.5218805074691772 2.7521331310272217
v 3.847691059112549 -1.5115857124328613 2.7100744247436523
v 3.803989887237549 -1.502296805381775 2.6629090309143066
v 3.765532970428467 -1.4941225051879883 2.611189365386963
v 3.7327709197998047 -1.4871586561203003 2.5555224418640137
v 3.7060883045196533 -1.4814871549606323 2.4965600967407227
v 3.685797691345215 -1.477174162864685 2.4349942207336426
v 3.6721370220184326 -1.4742705821990967 2.371546506881714
v 3.665266275405884 -1.47281014919281 2.3069605827331543
v 3.665266275405884 -1.47281014919281 2.2419939041137695
v 3.6721370220184326 -1.4742705821990967 2.17740797996521
v 3.685797691345215 -1.477174162864685 2.1139602661132812
v 3.7060883045196533 -1.4814871549606323 2.052394390106201
v 3.7327709197998047 -1.4871586561203003 1.9934321641921997
v 3.765532970428467 -1.4941225051879883 1.9377650022506714
v 3.803989887237549 -1.502296805381775 1.8860454559326172
v 3.847691059112549 -1.5115857124328613 1.838879942893982
v 3.8961243629455566 -1.5218805074691772 1.7968213558197021
v 3.948721408843994 -1.5330604314804077 1.7603628635406494
v 4.004866123199463 -1.5449942350387573 1.7299320697784424
v 4.063899517059326 -1.557542324066162 1.705885410308838
v 4.125130653381348 -1.5705572366714478 1.688504934310913
v 4.187840461730957 -1.5838866233825684 1.6779944896697998
v 4.186422824859619 -1.5973742008209229 2.870959997177124
v 4.122312068939209 -1.5973742008209229 2.8604495525360107
v 4.059713363647461 -1.5973742008209229 2.843069076538086
v 3.9993605613708496 -1.5973742008209229 2.8190224170684814
v 3.9419617652893066 -1.5973742008209229 2.7885916233062744
v 3.8881895542144775 -1.5973742008209229 2.7521331310272217
v 3.838674545288086 -1.5973742008209229 2.7100744247436523
v 3.793996810913086 -1.5973742008209229 2.6629090309143066
v 3.754680633544922 -1.5973742008209229 2.611189365386963
v 3.721186876296997 -1.5973742008209229 2.5555224418640137
v 3.693908214569092 -1.5973742008209229 2.4965600967407227
v 3.673164129257202 -1.5973742008209229 2.4349942207336426
v 3.65919828414917 -1.5973742008209229 2.371546506881714
v 3.6521739959716797 -1.5973742008209229 2.3069605827331543
v 3.6521739959716797 -1.5973742008209229 2.2419939041137695
v 3.65919828414917 -1.5973742008209229 2.17740797996521
v 3.673164129257202 -1.5973742008209229 2.1139602661132812
v 3.693908214569092 -1.5973742008209229 2.052394390106201
v 3.721186876296997 -1.5973742008209229 1.9934321641921997
v 3.754680633544922 -1.5973742008209229 1.9377650022506714
v 3.793996810913086 -1.5973742008209229 1.8860454559326172
v 3.838674545288086 -1.5973742008209229 1.838879942893982
v 3.8881895542144775 -1.5973742008209229 1.7968213558197021
v 3.9419617652893066 -1.5973742008209229 1.7603628635406494
v 3.9993605613708496 -1.5973742008209229 1.7299320697784424
v 4.059713363647461 -1.5973742008209229 1.705885410308838
v 4.122312068939209 -1.5973742008209229 1.688504934310913
v 4.186422824859619 -1.5973742008209229 1.6779944896697998
v 4.187840461730957 -1.6108617782592773 2.870959997177124
v 4.125130653381348 -1.624191164970398 2.8604495525360107
v 4.063899517059326 -1.6372060775756836 2.843069076538086
v 4.004866123199463 -1.6497541666030884 2.8190224170684814
v 3.948721408843994 -1.661687970161438 2.7885916233062744
v 3.8961243629455566 -1.6728678941726685 2.7521331310272217
v 3.847691059112549 -1.6831626892089844 2.7100744247436523
v 3.803989887237549 -1.6924515962600708 2.6629090309143066
v 3.765532970428467 -1.7006258964538574 2.611189365386963
v 3.7327709197998047 -1.7075897455215454 2.5555224418640137
v 3.7060883045196533 -1.7132612466812134 2.4965600967407227
v 3.685797691345215 -1.7175742387771606 2.4349942207336426
v 3.6721370220184326 -1.720477819442749 2.371546506881714
v 3.665266275405884 -1.7219382524490356 2.3069605827331543
v 3.665266275405884 -1.7219382524490356 2.2419939041137695
v 3.6721370220184326 -1.720477819442749 2.17740797996521
v 3.685797691345215 -1.7175742387771606 2.1139602661132812
v 3.7060883045196533 -1.7132612466812134 2.052394390106201
v 3.7327709197998047 -1.7075897455215454 1.9934321641921997
v 3.765532970428467 -1.7006258964538574 1.9377650022506714
v 3.803989887237549 -1.6924515962600708 1.8860454559326172
v 3.847691059112549 -1.6831626892089844 1.838879942893982
v 3.8961243629455566 -1.6728678941726685 1.7968213558197021
v 3.948721408843994 -1.661687970161438 1.7603628635406494
v 4.004866123199463 -1.6497541666030884 1.7299320697784424
v 4.063899517059326 -1.6372060775756836 1.705885410308838
v 4.125130653381348 -1.624191164970398 1.688504934310913
v 4.187840461730957 -1.6108617782592773 1.6779944896697998
v 4.192031383514404 -1.6237597465515137 2.870959997177124
v 4.133462905883789 -1.6498360633850098 2.8604495525360107
v 4.0762763023376465 -1.6752971410751343 2.843069076538086
v 4.021141529083252 -1.6998447179794312 2.8190224170684814
v 3.96870493888855 -1.7231910228729248 2.7885916233062744
v 3.919581651687622 -1.7450621128082275 2.7521331310272217
v 3.87434720993042 -1.7652018070220947 2.7100744247436523
v 3.8335323333740234 -1.7833737134933472 2.6629090309143066
v 3.7976152896881104 -1.7993650436401367 2.611189365386963
v 3.767017126083374 -1.81298828125 2.5555224418640137
v 3.7420966625213623 -1.8240835666656494 2.4965600967407227
v 3.7231459617614746 -1.832520842552185 2.4349942207336426
v 3.710387706756592 -1.8382012844085693 2.371546506881714
v 3.7039706707000732 -1.8410582542419434 2.3069605827331543
v 3.7039706707000732 -1.8410582542419434 2.2419939041137695
v 3.710387706756592 -1.8382012844085693 2.17740797996521
v 3.7231459617614746 -1.832520842552185 2.1139602661132812
v 3.7420966625213623 -1.8240835666656494 2.052394390106201
v 3.767017126083374 -1.81298828125 1.9934321641921997
v 3.7976152896881104 -1.7993650436401367 1.9377650022506714
v 3.8335323333740234 -1.7833737134933472 1.8860454559326172
v 3.87434720993042 -1.7652018070220947 1.838879942893982
v 3.919581651687622 -1.7450621128082275 1.7968213558197021
v 3.96870493888855 -1.7231910228729248 1.7603628635406494
v 4.021141529083252 -1.6998447179794312 1.7299320697784424
v 4.0762763023376465 -1.6752971410751343 1.705885410308838
v 4.133462905883789 -1.6498360633850098 1.688504934310913
v 4.192031383514404 -1.6237597465515137 1.6779944896697998
v 4.198812007904053 -1.6355046033859253 2.870959997177124
v 4.146945476531982 -1.6731880903244019 2.8604495525360107
v 4.096302032470703 -1.7099826335906982 2.843069076538086
v 4.047475814819336 -1.7454569339752197 2.8190224170684814
v 4.001039028167725 -1.7791951894760132 2.7885916233062744
v 3.957536458969116 -1.8108017444610596 2.7521331310272217
v 3.91747784614563 -1.8399059772491455 2.7100744247436523
v 3.8813328742980957 -1.8661668300628662 2.6629090309143066
v 3.8495254516601562 -1.8892762660980225 2.611189365386963
v 3.8224284648895264 -1.9089634418487549 2.5555224418640137
v 3.8003592491149902 -1.9249974489212036 2.4965600967407227
v 3.7835772037506104 -1.9371905326843262 2.4349942207336426
v 3.7722785472869873 -1.9453994035720825 2.371546506881714
v 3.7665958404541016 -1.9495280981063843 2.3069605827331543
v 3.7665958404541016 -1.9495280981063843 2.2419939041137695
v 3.7722785472869873 -1.9453994035720825 2.17740797996521
v 3.7835772037506104 -1.9371905326843262 2.1139602661132812
v 3.8003592491149902 -1.9249974489212036 2.052394390106201
v 3.8224284648895264 -1.9089634418487549 1.9934321641921997
v 3.8495254516601562 -1.8892762660980225 1.9377650022506714
v 3.8813328742980957 -1.8661668300628662 1.8860454559326172
v 3.91747784614563 -1.8399059772491455 1.838879942893982
v 3.957536458969116 -1.8108017444610596 1.7968213558197021
v 4.001039028167725 -1.7791951894760132 1.7603628635406494
v 4.047475814819336 -1.7454569339752197 1.7299320697784424
v 4.096302032470703 -1.7099826335906982 1.705885410308838
v 4.146945476531982 -1.6731880903244019 1.688504934310913
v 4.198812007904053 -1.6355046033859253 1.6779944896697998
v 4.207886695861816 -1.6455830335617065 2.870959997177124
v 4.164988040924072 -1.69322669506073 2.8604495525360107
v 4.123101234436035 -1.7397465705871582 2.843069076538086
v 4.0827178955078125 -1.7845972776412964 2.8190224170684814
v 4.044310569763184 -1.8272528648376465 2.7885916233062744
v 4.00832986831665 -1.867213487625122 2.7521331310272217
v 3.9751977920532227 -1.9040104150772095 2.7100744247436523
v 3.9453024864196777 -1.9372122287750244 2.6629090309143066
v 3.918994903564453 -1.9664299488067627 2.611189365386963
v 3.896583080291748 -1.9913206100463867 2.5555224418640137
v 3.8783299922943115 -2.0115928649902344 2.4965600967407227
v 3.8644497394561768 -2.027008533477783 2.4349942207336426
v 3.855104684829712 -2.0373871326446533 2.371546506881714
v 3.8504045009613037 -2.042607069015503 2.3069605827331543
v 3.8504045009613037 -2.042607069015503 2.2419939041137695
v 3.855104684829712 -2.0373871326446533 2.17740797996521
v 3.8644497394561768 -2.027008533477783 2.1139602661132812
v 3.8783299922943115 -2.0115928649902344 2.052394390106201
v 3.896583080291748 -1.9913206100463867 1.9934321641921997
v 3.918994903564453 -1.9664299488067627 1.9377650022506714
v 3.9453024864196777 -1.9372122287750244 1.8860454559326172
v 3.9751977920532227 -1.9040104150772095 1.838879942893982
v 4.00832986831665 -1.867213487625122 1.7968213558197021
v 4.044310569763184 -1.8272528648376465 1.7603628635406494
v 4.0827178955078125 -1.7845972776412964 1.7299320697784424
v 4.123101234436035 -1.7397465705871582 1.705885410308838
v 4.164988040924072 -1.69322669506073 1.688504934310913
v 4.207886695861816 -1.6455830335617065 1.6779944896697998
v 4.218858242034912 -1.6535544395446777 2.870959997177124
v 4.186802864074707 -1.709076166152954 2.8604495525360107
v 4.155503749847412 -1.763288140296936 2.843069076538086
v 4.1253275871276855 -1.8155549764633179 2.8190224170684814
v 4.096628189086914 -1.865263819694519 2.7885916233062744
v 4.069741725921631 -1.9118319749832153 2.7521331310272217
v 4.044984340667725 -1.9547133445739746 2.7100744247436523
v 4.022645473480225 -1.9934052228927612 2.6629090309143066
v 4.002987384796143 -2.027453899383545 2.611189365386963
v 3.9862406253814697 -2.0564606189727783 2.5555224418640137
v 3.9726011753082275 -2.0800845623016357 2.4965600967407227
v 3.9622292518615723 -2.0980494022369385 2.4349942207336426
v 3.9552462100982666 -2.1101443767547607 2.371546506881714
v 3.9517340660095215 -2.116227388381958 2.3069605827331543
v 3.9517340660095215 -2.116227388381958 2.2419939041137695
v 3.9552462100982666 -2.1101443767547607 2.17740797996521
v 3.9622292518615723 -2.0980494022369385 2.1139602661132812
v 3.9726011753082275 -2.0800845623016357 2.052394390106201
v 3.9862406253814697 -2.0564606189727783 1.9934321641921997
v 4.002987384796143 -2.027453899383545 1.9377650022506714
v 4.022645473480225 -1.9934052228927612 1.8860454559326172
v 4.044984340667725 -1.9547133445739746 1.838879942893982
v 4.069741725921631 -1.9118319749832153 1.7968213558197021
v 4.096628189086914 -1.865263819694519 1.7603628635406494
v 4.1253275871276855 -1.8155549764633179 1.7299320697784424
v 4.155503749847412 -1.763288140296936 1.705885410308838
v 4.186802864074707 -1.709076166152954 1.688504934310913
v 4.218858242034912 -1.6535544395446777 1.6779944896697998
v 4.231247901916504 -1.659070611000061 2.870959997177124
v 4.2114362716674805 -1.720043659210205 2.8604495525360107
v 4.192092418670654 -1.779578447341919 2.843069076538086
v 4.173442363739014 -1.8369771242141724 2.8190224170684814
v 4.155704975128174 -1.8915667533874512 2.7885916233062744
v 4.1390886306762695 -1.9427070617675781 2.7521331310272217
v 4.123787879943848 -1.9897987842559814 2.7100744247436523
v 4.109981536865234 -2.032289743423462 2.6629090309143066
v 4.097832202911377 -2.0696816444396973 2.611189365386963
v 4.08748197555542 -2.101536273956299 2.5555224418640137
v 4.079052448272705 -2.1274797916412354 2.4965600967407227
v 4.0726423263549805 -2.1472084522247314 2.4349942207336426
v 4.068326473236084 -2.1604909896850586 2.371546506881714
v 4.066155910491943 -2.1671712398529053 2.3069605827331543
v 4.066155910491943 -2.1671712398529053 2.2419939041137695
v 4.068326473236084 -2.1604909896850586 2.17740797996521
v 4.0726423263549805 -2.1472084522247314 2.1139602661132812
v 4.079052448272705 -2.1274797916412354 2.052394390106201
v 4.08748197555542 -2.101536273956299 1.9934321641921997
v 4.097832202911377 -2.0696816444396973 1.9377650022506714
v 4.109981536865234 -2.032289743423462 1.8860454559326172
v 4.123787879943848 -1.9897987842559814 1.838879942893982
v 4.1390886306762695 -1.9427070617675781 1.7968213558197021
v 4.155704975128174 -1.8915667533874512 1.7603628635406494
v 4.173442363739014 -1.8369771242141724 1.7299320697784424
v 4.192092418670654 -1.779578447341919 1.705885410308838
v 4.2114362716674805 -1.720043659210205 1.688504934310913
v 4.231247901916504 -1.659070611000061 1.6779944896697998
v 4.244513034820557 -1.6618902683258057 2.870959997177124
v 4.237812042236328 -1.7256498336791992 2.8604495525360107
v 4.231268405914307 -1.7879055738449097 2.843069076538086
v 4.224959850311279 -1.8479275703430176 2.8190224170684814
v 4.218960285186768 -1.9050118923187256 2.7885916233062744
v 4.213339328765869 -1.9584896564483643 2.7521331310272217
v 4.208163738250732 -2.0077335834503174 2.7100744247436523
v 4.203493595123291 -2.052166223526001 2.6629090309143066
v 4.199383735656738 -2.0912671089172363 2.611189365386963
v 4.195882797241211 -2.124577522277832 2.5555224418640137
v 4.193031311035156 -2.1517066955566406 2.4965600967407227
v 4.190863132476807 -2.172337055206299 2.4349942207336426
v 4.189403057098389 -2.1862266063690186 2.371546506881714
v 4.188669204711914 -2.1932122707366943 2.3069605827331543
v 4.188669204711914 -2.1932122707366943 2.2419939041137695
v 4.189403057098389 -2.1862266063690186 2.17740797996521
v 4.190863132476807 -2.172337055206299 2.1139602661132812
v 4.193031311035156 -2.1517066955566406 2.052394390106201
v 4.195882797241211 -2.124577522277832 1.9934321641921997
v 4.199383735656738 -2.0912671089172363 1.9377650022506714
v 4.203493595123291 -2.052166223526001 1.8860454559326172
v 4.208163738250732 -2.0077335834503174 1.838879942893982
v 4.213339328765869 -1.9584896564483643 1.7968213558197021
v 4.218960285186768 -1.9050118923187256 1.7603628635406494
v 4.224959850311279 -1.8479275703430176 1.7299320697784424
v 4.231268405914307 -1.7879055738449097 1.705885410308838
v 4.237812042236328 -1.7256498336791992 1.688504934310913
v 4.244513034820557 -1.6618902683258057 1.6779944896697998
v 4.25807523727417 -1.6618902683258057 2.870959997177124
v 4.264776229858398 -1.7256498336791992 2.8604495525360107
v 4.27131986618042 -1.7879055738449097 2.843069076538086
v 4.277628421783447 -1.8479275703430176 2.8190224170684814
v 4.283627986907959 -1.9050118923187256 2.7885916233062744
v 4.289248943328857 -1.9584896564483643 2.7521331310272217
v 4.294424533843994 -2.0077335834503174 2.7100744247436523
v 4.2990946769714355 -2.052166223526001 2.6629090309143066
v 4.303204536437988 -2.0912671089172363 2.611189365386963
v 4.306705474853516 -2.124577522277832 2.5555224418640137
v 4.30955696105957 -2.1517066955566406 2.4965600967407227
v 4.31172513961792 -2.172337055206299 2.4349942207336426
v 4.313185214996338 -2.1862266063690186 2.371546506881714
v 4.3139190673828125 -2.1932122707366943 2.3069605827331543
v 4.3139190673828125 -2.1932122707366943 2.2419939041137695
v 4.313185214996338 -2.1862266063690186 2.17740797996521
v 4.31172513961792 -2.172337055206299 2.1139602661132812
v 4.30955696105957 -2.1517066955566406 2.052394390106201
v 4.306705474853516 -2.124577522277832 1.9934321641921997
v 4.303204536437988 -2.0912671089172363 1.9377650022506714
v 4.2990946769714355 -2.052166223526001 1.8860454559326172
v 4.294424533843994 -2.0077335834503174 1.838879942893982
v 4.289248943328857 -1.9584896564483643 1.7968213558197021
v 4.283627986907959 -1.9050118923187256 1.7603628635406494
v 4.277628421783447 -1.8479275703430176 1.7299320697784424
v 4.27131986618042 -1.7879055738449097 1.705885410308838
v 4.264776229858398 -1.7256498336791992 1.688504934310913
v 4.25807523727417 -1.6618902683258057 1.6779944896697998
v 4.271340370178223 -1.659070611000061 2.870959997177124
v 4.291152000427246 -1.720043659210205 2.8604495525360107
v 4.310495853424072 -1.779578447341919 2.843069076538086
v 4.329145908355713 -1.8369771242141724 2.8190224170684814
v 4.346883296966553 -1.8915667533874512 2.7885916233062744
v 4.363499641418457 -1.9427070617675781 2.7521331310272217
v 4.378800392150879 -1.9897987842559814 2.7100744247436523
v 4.392606735229492 -2.032289743423462 2.6629090309143066
v 4.40475606918335 -2.0696816444396973 2.611189365386963
v 4.415106296539307 -2.101536273956299 2.5555224418640137
v 4.4235358238220215 -2.1274797916412354 2.4965600967407227
v 4.429945945739746 -2.1472084522247314 2.4349942207336426
v 4.434261798858643 -2.1604909896850586 2.371546506881714
v 4.436432361602783 -2.1671712398529053 2.3069605827331543
v 4.436432361602783 -2.1671712398529053 2.2419939041137695
v 4.434261798858643 -2.1604909896850586 2.17740797996521
v 4.429945945739746 -2.1472084522247314 2.1139602661132812
v 4.4235358238220215 -2.1274797916412354 2.052394390106201
v 4.415106296539307 -2.101536273956299 1.9934321641921997
v 4.40475606918335 -2.0696816444396973 1.9377650022506714
v 4.392606735229492 -2.032289743423462 1.8860454559326172
v 4.378800392150879 -1.9897987842559814 1.838879942893982
v 4.363499641418457 -1.9427070617675781 1.7968213558197021
v 4.346883296966553 -1.8915667533874512 1.7603628635406494
v 4.329145908355713 -1.8369771242141724 1.7299320697784424
v 4.310495853424072 -1.779578447341919 1.705885410308838
v 4.291152000427246 -1.720043659210205 1.688504934310913
v 4.271340370178223 -1.659070611000061 1.6779944896697998
v 4.2837300300598145 -1.6535544395446777 2.870959997177124
v 4.3157854080200195 -1.709076166152954 2.8604495525360107
v 4.3470845222473145 -1.763288140296936 2.843069076538086
v 4.377260684967041 -1.8155549764633179 2.8190224170684814
v 4.4059600830078125 -1.865263819694519 2.7885916233062744
v 4.432846546173096 -1.9118319749832153 2.7521331310272217
v 4.457603931427002 -1.9547133445739746 2.7100744247436523
v 4.479942798614502 -1.9934052228927612 2.6629090309143066
v 4.499600887298584 -2.027453899383545 2.611189365386963
v 4.516347885131836 -2.0564606189727783 2.5555224418640137
v 4.529987335205078 -2.0800845623016357 2.4965600967407227
v 4.540359020233154 -2.0980494022369385 2.4349942207336426
v 4.547342300415039 -2.1101443767547607 2.371546506881714
v 4.550854206085205 -2.116227388381958 2.3069605827331543
v 4.550854206085205 -2.116227388381958 2.2419939041137695
v 4.547342300415039 -2.1101443767547607 2.17740797996521
v 4.540359020233154 -2.0980494022369385 2.1139602661132812
v 4.529987335205078 -2.0800845623016357 2.052394390106201
v 4.516347885131836 -2.0564606189727783 1.9934321641921997
v 4.499600887298584 -2.027453899383545 1.9377650022506714
v 4.479942798614502 -1.9934052228927612 1.8860454559326172
v 4.457603931427002 -1.9547133445739746 1.838879942893982
v 4.432846546173096 -1.9118319749832153 1.7968213558197021
v 4.4059600830078125 -1.865263819694519 1.7603628635406494
v 4.377260684967041 -1.8155549764633179 1.7299320697784424
v 4.3470845222473145 -1.763288140296936 1.705885410308838
v 4.3157854080200195 -1.709076166152954 1.688504934310913
v 4.2837300300598145 -1.6535544395446777 1.6779944896697998
v 4.29470157623291 -1.6455830335617065 2.870959997177124
v 4.337600231170654 -1.69322669506073 2.8604495525360107
v 4.379487037658691 -1.7397465705871582 2.843069076538086
v 4.419870376586914 -1.7845972776412964 2.8190224170684814
v 4.458277702331543 -1.8272528648376465 2.7885916233062744
v 4.494258403778076 -1.867213487625122 2.7521331310272217
v 4.527390480041504 -1.9040104150772095 2.7100744247436523
v 4.557285785675049 -1.9372122287750244 2.6629090309143066
v 4.583593368530273 -1.9664299488067627 2.611189365386963
v 4.6060051918029785 -1.9913206100463867 2.5555224418640137
v 4.624258041381836 -2.0115928649902344 2.4965600967407227
v 4.638138771057129 -2.027008533477783 2.4349942207336426
v 4.647483825683594 -2.0373871326446533 2.371546506881714
v 4.652183532714844 -2.042607069015503 2.3069605827331543
v 4.652183532714844 -2.042607069015503 2.2419939041137695
v 4.647483825683594 -2.0373871326446533 2.17740797996521
v 4.638138771057129 -2.027008533477783 2.1139602661132812
v 4.624258041381836 -2.0115928649902344 2.052394390106201
v 4.6060051918029785 -1.9913206100463867 1.9934321641921997
v 4.583593368530273 -1.9664299488067627 1.9377650022506714
v 4.557285785675049 -1.9372122287750244 1.8860454559326172
v 4.527390480041504 -1.9040104150772095 1.838879942893982
v 4.494258403778076 -1.867213487625122 1.7968213558197021
v 4.458277702331543 -1.8272528648376465 1.7603628635406494
v 4.419870376586914 -1.7845972776412964 1.7299320697784424
v 4.379487037658691 -1.7397465705871582 1.705885410308838
v 4.337600231170654 -1.69322669506073 1.688504934310913
v 4.29470157623291 -1.6455830335617065 1.6779944896697998
v 4.303776264190674 -1.6355046033859253 2.870959997177124
v 4.355642795562744 -1.6731880903244019 2.8604495525360107
v 4.406286239624023 -1.7099826335906982 2.843069076538086
v 4.455112457275391 -1.7454569339752197 2.8190224170684814
v 4.501549243927002 -1.7791951894760132 2.7885916233062744
v 4.5450520515441895 -1.8108017444610596 2.7521331310272217
v 4.585110664367676 -1.8399059772491455 2.7100744247436523
v 4.621255397796631 -1.8661668300628662 2.6629090309143066
v 4.65306282043457 -1.8892762660980225 2.611189365386963
v 4.680160045623779 -1.9089634418487549 2.5555224418640137
v 4.702229022979736 -1.9249974489212036 2.4965600967407227
v 4.719011306762695 -1.9371905326843262 2.4349942207336426
v 4.730309963226318 -1.9453994035720825 2.371546506881714
v 4.735992431640625 -1.9495280981063843 2.3069605827331543
v 4.735992431640625 -1.9495280981063843 2.2419939041137695
v 4.730309963226318 -1.9453994035720825 2.17740797996521
v 4.719011306762695 -1.9371905326843262 2.1139602661132812
v 4.702229022979736 -1.9249974489212036 2.052394390106201
v 4.680160045623779 -1.9089634418487549 1.9934321641921997
v 4.65306282043457 -1.8892762660980225 1.9377650022506714
v 4.621255397796631 -1.8661668300628662 1.8860454559326172
v 4.585110664367676 -1.8399059772491455 1.838879942893982
v 4.5450520515441895 -1.8108017444610596 1.7968213558197021
v 4.501549243927002 -1.7791951894760132 1.7603628635406494
v 4.455112457275391 -1.7454569339752197 1.7299320697784424
v 4.406286239624023 -1.7099826335906982 1.705885410308838
v 4.355642795562744 -1.6731880903244019 1.688504934310913
v 4.303776264190674 -1.6355046033859253 1.6779944896697998
v 4.310556888580322 -1.6237597465515137 2.870959997177124
v 4.3691253662109375 -1.6498360633850098 2.8604495525360107
v 4.42631196975708 -1.6752971410751343 2.843069076538086
v 4.481446743011475 -1.6998447179794312 2.8190224170684814
v 4.533883094787598 -1.7231910228729248 2.7885916233062744
v 4.583006858825684 -1.7450621128082275 2.7521331310272217
v 4.628241062164307 -1.7652018070220947 2.7100744247436523
v 4.669055938720703 -1.7833737134933472 2.6629090309143066
v 4.704973220825195 -1.7993650436401367 2.611189365386963
v 4.735571384429932 -1.81298828125 2.5555224418640137
v 4.760491371154785 -1.8240835666656494 2.4965600967407227
v 4.779442310333252 -1.832520842552185 2.4349942207336426
v 4.792200565338135 -1.8382012844085693 2.371546506881714
v 4.798617362976074 -1.8410582542419434 2.3069605827331543
v 4.798617362976074 -1.8410582542419434 2.2419939041137695
v 4.792200565338135 -1.8382012844085693 2.17740797996521
v 4.779442310333252 -1.832520842552185 2.1139602661132812
v 4.760491371154785 -1.8240835666656494 2.052394390106201
v 4.735571384429932 -1.81298828125 1.9934321641921997
v 4.704973220825195 -1.7993650436401367 1.9377650022506714
v 4.669055938720703 -1.7833737134933472 1.8860454559326172
v 4.628241062164307 -1.7652018070220947 1.838879942893982
v 4.583006858825684 -1.7450621128082275 1.7968213558197021
v 4.533883094787598 -1.7231910228729248 1.7603628635406494
v 4.481446743011475 -1.6998447179794312 1.7299320697784424
v 4.42631196975708 -1.6752971410751343 1.705885410308838
v 4.3691253662109375 -1.6498360633850098 1.688504934310913
v 4.310556888580322 -1.6237597465515137 1.6779944896697998
v 4.3147478103637695 -1.6108617782592773 2.870959997177124
v 4.377457618713379 -1.624191164970398 2.8604495525360107
v 4.4386887550354 -1.6372060775756836 2.843069076538086
v 4.497722148895264 -1.6497541666030884 2.8190224170684814
v 4.553866863250732 -1.661687970161438 2.7885916233062744
v 4.60646390914917 -1.6728678941726685 2.7521331310272217
v 4.654897212982178 -1.6831626892089844 2.7100744247436523
v 4.698598384857178 -1.6924515962600708 2.6629090309143066
v 4.73705530166626 -1.7006258964538574 2.611189365386963
v 4.769817352294922 -1.7075897455215454 2.5555224418640137
v 4.796500205993652 -1.7132612466812134 2.4965600967407227
v 4.816790580749512 -1.7175742387771606 2.4349942207336426
v 4.830451488494873 -1.720477819442749 2.371546506881714
v 4.837322235107422 -1.7219382524490356 2.3069605827331543
v 4.837322235107422 -1.7219382524490356 2.2419939041137695
v 4.830451488494873 -1.720477819442749 2.17740797996521
v 4.816790580749512 -1.7175742387771606 2.1139602661132812
v 4.796500205993652 -1.7132612466812134 2.052394390106201
v 4.769817352294922 -1.7075897455215454 1.9934321641921997
v 4.73705530166626 -1.7006258964538574 1.9377650022506714
v 4.698598384857178 -1.6924515962600708 1.8860454559326172
v 4.654897212982178 -1.6831626892089844 1.838879942893982
v 4.60646390914917 -1.6728678941726685 1.7968213558197021
v 4.553866863250732 -1.661687970161438 1.7603628635406494
v 4.497722148895264 -1.6497541666030884 1.7299320697784424
v 4.4386887550354 -1.6372060775756836 1.705885410308838
v 4.377457618713379 -1.624191164970398 1.688504934310913
v 4.3147478103637695 -1.6108617782592773 1.6779944896697998
v 0.8004752993583679 -7.168391704559326 -0.3962111473083496
v 0.8004752993583679 -7.168391704559326 -1.5962111949920654
v 0.8653467297554016 -7.168391704559326 -0.3997284173965454
v 0.9294575452804565 -7.168391704559326 -0.4102388620376587
v 0.9920562505722046 -7.168391704559326 -0.4276192784309387
v 1.0524086952209473 -7.168391704559326 -0.4516659379005432
v 1.1098076105117798 -7.168391704559326 -0.4820968508720398
v 1.1635798215866089 -7.168391704559326 -0.5185553431510925
v 1.21309494972229 -7.168391704559326 -0.5606138706207275
v 1.2577725648880005 -7.168391704559326 -0.6077793836593628
v 1.2970887422561646 -7.168391704559326 -0.659498929977417
v 1.3305824995040894 -7.168391704559326 -0.7151660919189453
v 1.3578612804412842 -7.168391704559326 -0.774128258228302
v 1.3786053657531738 -7.168391704559326 -0.8356941938400269
v 1.392571210861206 -7.168391704559326 -0.8991419672966003
v 1.3995952606201172 -7.168391704559326 -0.9637278318405151
v 1.3995952606201172 -7.168391704559326 -1.0286945104599
v 1.392571210861206 -7.168391704559326 -1.09328031539917
v 1.3786053657531738 -7.168391704559326 -1.1567281484603882
v 1.3578612804412842 -7.168391704559326 -1.2182940244674683
v 1.3305824995040894 -7.168391704559326 -1.2772562503814697
v 1.2970887422561646 -7.168391704559326 -1.332923412322998
v 1.2577725648880005 -7.168391704559326 -1.3846429586410522
v 1.21309494972229 -7.168391704559326 -1.4318084716796875
v 1.1635798215866089 -7.168391704559326 -1.4738669395446777
v 1.1098076105117798 -7.168391704559326 -1.5103254318237305
v 1.0524086952209473 -7.168391704559326 -1.5407564640045166
v 0.9920562505722046 -7.168391704559326 -1.564803123474121
v 0.9294575452804565 -7.168391704559326 -1.5821834802627563
v 0.8653467297554016 -7.168391704559326 -1.5926939249038696
v 0.8639290928840637 -7.154904365539551 -0.3997284173965454
v 0.9266389608383179 -7.141574859619141 -0.4102388620376587
v 0.9878697395324707 -7.128559589385986 -0.4276192784309387
v 1.046903371810913 -7.116011619567871 -0.4516659379005432
v 1.1030479669570923 -7.1040778160095215 -0.4820968508720398
v 1.1556451320648193 -7.092897891998291 -0.5185553431510925
v 1.204078197479248 -7.082603454589844 -0.5606138706207275
v 1.2477794885635376 -7.073314189910889 -0.6077793836593628
v 1.2862365245819092 -7.0651397705078125 -0.659498929977417
v 1.3189983367919922 -7.058176040649414 -0.7151660919189453
v 1.3456811904907227 -7.052504539489746 -0.774128258228302
v 1.3659718036651611 -7.048191547393799 -0.8356941938400269
v 1.3796324729919434 -7.0452880859375 -0.8991419672966003
v 1.3865032196044922 -7.043827533721924 -0.9637278318405151
v 1.3865032196044922 -7.043827533721924 -1.0286945104599
v 1.3796324729919434 -7.0452880859375 -1.09328031539917
v 1.3659718036651611 -7.048191547393799 -1.1567281484603882
v 1.3456811904907227 -7.052504539489746 -1.2182940244674683
v 1.3189983367919922 -7.058176040649414 -1.2772562503814697
v 1.2862365245819092 -7.0651397705078125 -1.332923412322998
v 1.2477794885635376 -7.073314189910889 -1.3846429586410522
v 1.204078197479248 -7.082603454589844 -1.4318084716796875
v 1.1556451320648193 -7.092897891998291 -1.4738669395446777
v 1.1030479669570923 -7.1040778160095215 -1.5103254318237305
v 1.046903371810913 -7.116011619567871 -1.5407564640045166
v 0.9878697395324707 -7.128559589385986 -1.564803123474121
v 0.9266389608383179 -7.141574859619141 -1.5821834802627563
v 0.8639290928840637 -7.154904365539551 -1.5926939249038696
v 0.859738290309906 -7.142005920410156 -0.3997284173965454
v 0.9183064699172974 -7.115930080413818 -0.4102388620376587
v 0.9754931926727295 -7.090468883514404 -0.4276192784309387
v 1.030627965927124 -7.065921306610107 -0.4516659379005432
v 1.0830644369125366 -7.042574882507324 -0.4820968508720398
v 1.132187843322754 -7.0207037925720215 -0.5185553431510925
v 1.1774221658706665 -7.000564098358154 -0.5606138706207275
v 1.2182371616363525 -6.982392311096191 -0.6077793836593628
v 1.2541542053222656 -6.966400623321533 -0.659498929977417
v 1.284752368927002 -6.952777862548828 -0.7151660919189453
v 1.3096728324890137 -6.9416823387146 -0.774128258228302
v 1.3286232948303223 -6.9332451820373535 -0.8356941938400269
v 1.3413817882537842 -6.92756462097168 -0.8991419672966003
v 1.3477987051010132 -6.924707412719727 -0.9637278318405151
v 1.3477987051010132 -6.924707412719727 -1.0286945104599
v 1.3413817882537842 -6.92756462097168 -1.09328031539917
v 1.3286232948303223 -6.9332451820373535 -1.1567281484603882
v 1.3096728324890137 -6.9416823387146 -1.2182940244674683
v 1.284752368927002 -6.952777862548828 -1.2772562503814697
v 1.2541542053222656 -6.966400623321533 -1.332923412322998
v 1.2182371616363525 -6.982392311096191 -1.3846429586410522
v 1.1774221658706665 -7.000564098358154 -1.4318084716796875
v 1.132187843322754 -7.0207037925720215 -1.4738669395446777
v 1.0830644369125366 -7.042574882507324 -1.5103254318237305
v 1.030627965927124 -7.065921306610107 -1.5407564640045166
v 0.9754931926727295 -7.090468883514404 -1.564803123474121
v 0.9183064699172974 -7.115930080413818 -1.5821834802627563
v 0.859738290309906 -7.142005920410156 -1.5926939249038696
v 0.8529573678970337 -7.130261421203613 -0.3997284173965454
v 0.9048241376876831 -7.092577934265137 -0.4102388620376587
v 0.9554675221443176 -7.055783271789551 -0.4276192784309387
v 1.0042937994003296 -7.020308971405029 -0.4516659379005432
v 1.0507304668426514 -6.986570835113525 -0.4820968508720398
v 1.0942330360412598 -6.9549641609191895 -0.5185553431510925
v 1.134291648864746 -6.9258599281311035 -0.5606138706207275
v 1.1704365015029907 -6.899599075317383 -0.6077793836593628
v 1.2022440433502197 -6.876489639282227 -0.659498929977417
v 1.2293410301208496 -6.856802463531494 -0.7151660919189453
v 1.2514100074768066 -6.840768337249756 -0.774128258228302
v 1.2681922912597656 -6.828575611114502 -0.8356941938400269
v 1.2794909477233887 -6.820366382598877 -0.8991419672966003
v 1.2851736545562744 -6.816237926483154 -0.9637278318405151
v 1.2851736545562744 -6.816237926483154 -1.0286945104599
v 1.2794909477233887 -6.820366382598877 -1.09328031539917
v 1.2681922912597656 -6.828575611114502 -1.1567281484603882
v 1.2514100074768066 -6.840768337249756 -1.2182940244674683
v 1.2293410301208496 -6.856802463531494 -1.2772562503814697
v 1.2022440433502197 -6.876489639282227 -1.332923412322998
v 1.1704365015029907 -6.899599075317383 -1.3846429586410522
v 1.134291648864746 -6.9258599281311035 -1.4318084716796875
v 1.0942330360412598 -6.9549641609191895 -1.4738669395446777
v 1.0507304668426514 -6.986570835113525 -1.5103254318237305
v 1.0042937994003296 -7.020308971405029 -1.5407564640045166
v 0.9554675221443176 -7.055783271789551 -1.564803123474121
v 0.9048241376876831 -7.092577934265137 -1.5821834802627563
v 0.8529573678970337 -7.130261421203613 -1.5926939249038696
v 0.8438827395439148 -7.120182991027832 -0.3997284173965454
v 0.8867812752723694 -7.072539329528809 -0.4102388620376587
v 0.9286679625511169 -7.026019096374512 -0.4276192784309387
v 0.969051718711853 -6.981168746948242 -0.4516659379005432
v 1.007459044456482 -6.938512802124023 -0.4820968508720398
v 1.0434396266937256 -6.898552417755127 -0.5185553431510925
v 1.0765717029571533 -6.86175537109375 -0.5606138706207275
v 1.1064668893814087 -6.828553676605225 -0.6077793836593628
v 1.1327745914459229 -6.799335956573486 -0.659498929977417
v 1.1551862955093384 -6.774445056915283 -0.7151660919189453
v 1.173439383506775 -6.754173278808594 -0.774128258228302
v 1.1873197555541992 -6.738757610321045 -0.8356941938400269
v 1.196664810180664 -6.728378772735596 -0.8991419672966003
v 1.2013648748397827 -6.723158836364746 -0.9637278318405151
v 1.2013648748397827 -6.723158836364746 -1.0286945104599
v 1.196664810180664 -6.728378772735596 -1.09328031539917
v 1.1873197555541992 -6.738757610321045 -1.1567281484603882
v 1.173439383506775 -6.754173278808594 -1.2182940244674683
v 1.1551862955093384 -6.774445056915283 -1.2772562503814697
v 1.1327745914459229 -6.799335956573486 -1.332923412322998
v 1.1064668893814087 -6.828553676605225 -1.3846429586410522
v 1.0765717029571533 -6.86175537109375 -1.4318084716796875
v 1.0434396266937256 -6.898552417755127 -1.4738669395446777
v 1.007459044456482 -6.938512802124023 -1.5103254318237305
v 0.969051718711853 -6.981168746948242 -1.5407564640045166
v 0.9286679625511169 -7.026019096374512 -1.564803123474121
v 0.8867812752723694 -7.072539329528809 -1.5821834802627563
v 0.8438827395439148 -7.120182991027832 -1.5926939249038696
v 0.8329110145568848 -7.112211227416992 -0.3997284173965454
v 0.8649664521217346 -7.056689739227295 -0.4102388620376587
v 0.8962657451629639 -7.002477645874023 -0.4276192784309387
v 0.92644202709198 -6.950211048126221 -0.4516659379005432
v 0.9551414251327515 -6.9005022048950195 -0.4820968508720398
v 0.982027530670166 -6.853933811187744 -0.5185553431510925
v 1.0067851543426514 -6.8110527992248535 -0.5606138706207275
v 1.0291239023208618 -6.772360801696777 -0.6077793836593628
v 1.0487819910049438 -6.738311767578125 -0.659498929977417
v 1.0655288696289062 -6.709305286407471 -0.7151660919189453
v 1.0791683197021484 -6.685681343078613 -0.774128258228302
v 1.0895402431488037 -6.6677165031433105 -0.8356941938400269
v 1.0965232849121094 -6.655621528625488 -0.8991419672966003
v 1.100035309791565 -6.649538516998291 -0.9637278318405151
v 1.100035309791565 -6.649538516998291 -1.0286945104599
v 1.0965232849121094 -6.655621528625488 -1.09328031539917
v 1.0895402431488037 -6.6677165031433105 -1.1567281484603882
v 1.0791683197021484 -6.685681343078613 -1.2182940244674683
v 1.0655288696289062 -6.709305286407471 -1.2772562503814697
v 1.0487819910049438 -6.738311767578125 -1.332923412322998
v 1.0291239023208618 -6.772360801696777 -1.3846429586410522
v 1.0067851543426514 -6.8110527992248535 -1.4318084716796875
v 0.982027530670166 -6.853933811187744 -1.4738669395446777
v 0.9551414251327515 -6.9005022048950195 -1.5103254318237305
v 0.92644202709198 -6.950211048126221 -1.5407564640045166
v 0.8962657451629639 -7.002477645874023 -1.564803123474121
v 0.8649664521217346 -7.056689739227295 -1.5821834802627563
v 0.8329110145568848 -7.112211227416992 -1.5926939249038696
v 0.8205216526985168 -7.106695175170898 -0.3997284173965454
v 0.8403329849243164 -7.045722484588623 -0.4102388620376587
v 0.8596770763397217 -6.98618745803833 -0.4276192784309387
v 0.8783270120620728 -6.928788661956787 -0.4516659379005432
v 0.8960642218589783 -6.874199390411377 -0.4820968508720398
v 0.9126807451248169 -6.823058605194092 -0.5185553431510925
v 0.9279817938804626 -6.775967121124268 -0.5606138706207275
v 0.9417878985404968 -6.733476161956787 -0.6077793836593628
v 0.953937292098999 -6.696084499359131 -0.659498929977417
v 0.9642874598503113 -6.664229869842529 -0.7151660919189453
v 0.9727170467376709 -6.638286113739014 -0.774128258228302
v 0.9791272878646851 -6.618557453155518 -0.8356941938400269
v 0.983443021774292 -6.6052751541137695 -0.8991419672966003
v 0.9856135845184326 -6.598594665527344 -0.9637278318405151
v 0.9856135845184326 -6.598594665527344 -1.0286945104599
v 0.983443021774292 -6.6052751541137695 -1.09328031539917
v 0.9791272878646851 -6.618557453155518 -1.1567281484603882
v 0.9727170467376709 -6.638286113739014 -1.2182940244674683
v 0.9642874598503113 -6.664229869842529 -1.2772562503814697
v 0.953937292098999 -6.696084499359131 -1.332923412322998
v 0.9417878985404968 -6.733476161956787 -1.3846429586410522
v 0.9279817938804626 -6.775967121124268 -1.4318084716796875
v 0.9126807451248169 -6.823058605194092 -1.4738669395446777
v 0.8960642218589783 -6.874199390411377 -1.5103254318237305
v 0.8783270120620728 -6.928788661956787 -1.5407564640045166
v 0.8596770763397217 -6.98618745803833 -1.564803123474121
v 0.8403329849243164 -7.045722484588623 -1.5821834802627563
v 0.8205216526985168 -7.106695175170898 -1.5926939249038696
v 0.8072562217712402 -7.103875637054443 -0.3997284173965454
v 0.8139576315879822 -7.040115833282471 -0.4102388620376587
v 0.8205009698867798 -6.977860450744629 -0.4276192784309387
v 0.8268095254898071 -6.9178385734558105 -0.4516659379005432
v 0.832809329032898 -6.860754013061523 -0.4820968508720398
v 0.8384300470352173 -6.807276248931885 -0.5185553431510925
v 0.8436058163642883 -6.758032321929932 -0.5606138706207275
v 0.848275899887085 -6.713599681854248 -0.6077793836593628
v 0.8523855209350586 -6.674498558044434 -0.659498929977417
v 0.8558865785598755 -6.641188621520996 -0.7151660919189453
v 0.8587380051612854 -6.614058971405029 -0.774128258228302
v 0.8609063625335693 -6.593428611755371 -0.8356941938400269
v 0.8623661994934082 -6.5795392990112305 -0.8991419672966003
v 0.8631004095077515 -6.572553634643555 -0.9637278318405151
v 0.8631004095077515 -6.572553634643555 -1.0286945104599
v 0.8623661994934082 -6.5795392990112305 -1.09328031539917
v 0.8609063625335693 -6.593428611755371 -1.1567281484603882
v 0.8587380051612854 -6.614058971405029 -1.2182940244674683
v 0.8558865785598755 -6.641188621520996 -1.2772562503814697
v 0.8523855209350586 -6.674498558044434 -1.332923412322998
v 0.848275899887085 -6.713599681854248 -1.3846429586410522
v 0.8436058163642883 -6.758032321929932 -1.4318084716796875
v 0.8384300470352173 -6.807276248931885 -1.4738669395446777
v 0.832809329032898 -6.860754013061523 -1.5103254318237305
v 0.8268095254898071 -6.9178385734558105 -1.5407564640045166
v 0.8205009698867798 -6.977860450744629 -1.564803123474121
v 0.8139576315879822 -7.040115833282471 -1.5821834802627563
v 0.8072562217712402 -7.103875637054443 -1.5926939249038696
v 0.7936943769454956 -7.103875637054443 -0.3997284173965454
v 0.7869929671287537 -7.040115833282471 -0.4102388620376587
v 0.780449628829956 -6.977860450744629 -0.4276192784309387
v 0.7741410732269287 -6.9178385734558105 -0.4516659379005432
v 0.7681412696838379 -6.860754013061523 -0.4820968508720398
v 0.7625205516815186 -6.807276248931885 -0.5185553431510925
v 0.7573447823524475 -6.758032321929932 -0.5606138706207275
v 0.7526746988296509 -6.713599681854248 -0.6077793836593628
v 0.7485650777816772 -6.674498558044434 -0.659498929977417
v 0.7450640201568604 -6.641188621520996 -0.7151660919189453
v 0.7422125935554504 -6.614058971405029 -0.774128258228302
v 0.7400442361831665 -6.593428611755371 -0.8356941938400269
v 0.7385843992233276 -6.5795392990112305 -0.8991419672966003
v 0.7378501892089844 -6.572553634643555 -0.9637278318405151
v 0.7378501892089844 -6.572553634643555 -1.0286945104599
v 0.7385843992233276 -6.5795392990112305 -1.09328031539917
v 0.7400442361831665 -6.593428611755371 -1.1567281484603882
v 0.7422125935554504 -6.614058971405029 -1.2182940244674683
v 0.7450640201568604 -6.641188621520996 -1.2772562503814697
v 0.7485650777816772 -6.674498558044434 -1.332923412322998
v 0.7526746988296509 -6.713599681854248 -1.3846429586410522
v 0.7573447823524475 -6.758032321929932 -1.4318084716796875
v 0.7625205516815186 -6.807276248931885 -1.4738669395446777
v 0.7681412696838379 -6.860754013061523 -1.5103254318237305
v 0.7741410732269287 -6.9178385734558105 -1.5407564640045166
v 0.780449628829956 -6.977860450744629 -1.564803123474121
v 0.7869929671287537 -7.040115833282471 -1.5821834802627563
v 0.7936943769454956 -7.103875637054443 -1.5926939249038696
v 0.780428946018219 -7.106695175170898 -0.3997284173965454
v 0.7606176137924194 -7.045722484588623 -0.4102388620376587
v 0.7412735223770142 -6.98618745803833 -0.4276192784309387
v 0.7226235866546631 -6.928788661956787 -0.4516659379005432
v 0.7048863768577576 -6.874199390411377 -0.4820968508720398
v 0.688269853591919 -6.823058605194092 -0.5185553431510925
v 0.6729688048362732 -6.775967121124268 -0.5606138706207275
v 0.659162700176239 -6.733476161956787 -0.6077793836593628
v 0.6470133066177368 -6.696084499359131 -0.659498929977417
v 0.6366631388664246 -6.664229869842529 -0.7151660919189453
v 0.6282335519790649 -6.638286113739014 -0.774128258228302
v 0.6218233108520508 -6.618557453155518 -0.8356941938400269
v 0.6175075769424438 -6.6052751541137695 -0.8991419672966003
v 0.6153370141983032 -6.598594665527344 -0.9637278318405151
v 0.6153370141983032 -6.598594665527344 -1.0286945104599
v 0.6175075769424438 -6.6052751541137695 -1.09328031539917
v 0.6218233108520508 -6.618557453155518 -1.1567281484603882
v 0.6282335519790649 -6.638286113739014 -1.2182940244674683
v 0.6366631388664246 -6.664229869842529 -1.2772562503814697
v 0.6470133066177368 -6.696084499359131 -1.332923412322998
v 0.659162700176239 -6.733476161956787 -1.3846429586410522
v 0.6729688048362732 -6.775967121124268 -1.4318084716796875
v 0.688269853591919 -6.823058605194092 -1.4738669395446777
v 0.7048863768577576 -6.874199390411377 -1.5103254318237305
v 0.7226235866546631 -6.928788661956787 -1.5407564640045166
v 0.7412735223770142 -6.98618745803833 -1.564803123474121
v 0.7606176137924194 -7.045722484588623 -1.5821834802627563
v 0.780428946018219 -7.106695175170898 -1.5926939249038696
v 0.7680395841598511 -7.112211227416992 -0.3997284173965454
v 0.7359841465950012 -7.056689739227295 -0.4102388620376587
v 0.704684853553772 -7.002477645874023 -0.4276192784309387
v 0.6745085716247559 -6.950211048126221 -0.4516659379005432
v 0.6458091735839844 -6.9005022048950195 -0.4820968508720398
v 0.6189230680465698 -6.853933811187744 -0.5185553431510925
v 0.5941654443740845 -6.8110527992248535 -0.5606138706207275
v 0.571826696395874 -6.772360801696777 -0.6077793836593628
v 0.552168607711792 -6.738311767578125 -0.659498929977417
v 0.5354217290878296 -6.709305286407471 -0.7151660919189453
v 0.5217822790145874 -6.685681343078613 -0.774128258228302
v 0.5114102959632874 -6.6677165031433105 -0.8356941938400269
v 0.5044273138046265 -6.655621528625488 -0.8991419672966003
v 0.5009152889251709 -6.649538516998291 -0.9637278318405151
v 0.5009152889251709 -6.649538516998291 -1.0286945104599
v 0.5044273138046265 -6.655621528625488 -1.09328031539917
v 0.5114102959632874 -6.6677165031433105 -1.1567281484603882
v 0.5217822790145874 -6.685681343078613 -1.2182940244674683
v 0.5354217290878296 -6.709305286407471 -1.2772562503814697
v 0.552168607711792 -6.738311767578125 -1.332923412322998
v 0.571826696395874 -6.772360801696777 -1.3846429586410522
v 0.5941654443740845 -6.8110527992248535 -1.4318084716796875
v 0.6189230680465698 -6.853933811187744 -1.4738669395446777
v 0.6458091735839844 -6.9005022048950195 -1.5103254318237305
v 0.6745085716247559 -6.950211048126221 -1.5407564640045166
v 0.704684853553772 -7.002477645874023 -1.564803123474121
v 0.7359841465950012 -7.056689739227295 -1.5821834802627563
v 0.7680395841598511 -7.112211227416992 -1.5926939249038696
v 0.757067859172821 -7.120182991027832 -0.3997284173965454
v 0.7141693234443665 -7.072539329528809 -0.4102388620376587
v 0.6722826361656189 -7.026019096374512 -0.4276192784309387
v 0.6318988800048828 -6.981168746948242 -0.4516659379005432
v 0.5934915542602539 -6.938512802124023 -0.4820968508720398
v 0.5575109720230103 -6.898552417755127 -0.5185553431510925
v 0.5243788361549377 -6.86175537109375 -0.5606138706207275
v 0.49448373913764954 -6.828553676605225 -0.6077793836593628
v 0.46817606687545776 -6.799335956573486 -0.659498929977417
v 0.44576433300971985 -6.774445056915283 -0.7151660919189453
v 0.4275112450122833 -6.754173278808594 -0.774128258228302
v 0.41363081336021423 -6.738757610321045 -0.8356941938400269
v 0.4042857885360718 -6.728378772735596 -0.8991419672966003
v 0.3995857238769531 -6.723158836364746 -0.9637278318405151
v 0.3995857238769531 -6.723158836364746 -1.0286945104599
v 0.4042857885360718 -6.728378772735596 -1.09328031539917
v 0.41363081336021423 -6.738757610321045 -1.1567281484603882
v 0.4275112450122833 -6.754173278808594 -1.2182940244674683
v 0.44576433300971985 -6.774445056915283 -1.2772562503814697
v 0.46817606687545776 -6.799335956573486 -1.332923412322998
v 0.49448373913764954 -6.828553676605225 -1.3846429586410522
v 0.5243788361549377 -6.86175537109375 -1.4318084716796875
v 0.5575109720230103 -6.898552417755127 -1.4738669395446777
v 0.5934915542602539 -6.938512802124023 -1.5103254318237305
v 0.6318988800048828 -6.981168746948242 -1.5407564640045166
v 0.6722826361656189 -7.026019096374512 -1.564803123474121
v 0.7141693234443665 -7.072539329528809 -1.5821834802627563
v 0.757067859172821 -7.120182991027832 -1.5926939249038696
v 0.7479932308197021 -7.130261421203613 -0.3997284173965454
v 0.6961264610290527 -7.092577934265137 -0.4102388620376587
v 0.6454830765724182 -7.055783271789551 -0.4276192784309387
v 0.596656858921051 -7.020308971405029 -0.4516659379005432
v 0.5502201914787292 -6.986570835113525 -0.4820968508720398
v 0.5067175626754761 -6.9549641609191895 -0.5185553431510925
v 0.46665897965431213 -6.9258599281311035 -0.5606138706207275
v 0.43051406741142273 -6.899599075317383 -0.6077793836593628
v 0.3987066149711609 -6.876489639282227 -0.659498929977417
v 0.37160953879356384 -6.856802463531494 -0.7151660919189453
v 0.3495405316352844 -6.840768337249756 -0.774128258228302
v 0.3327583074569702 -6.828575611114502 -0.8356941938400269
v 0.32145965099334717 -6.820366382598877 -0.8991419672966003
v 0.3157770037651062 -6.816237926483154 -0.9637278318405151
v 0.3157770037651062 -6.816237926483154 -1.0286945104599
v 0.32145965099334717 -6.820366382598877 -1.09328031539917
v 0.3327583074569702 -6.828575611114502 -1.1567281484603882
v 0.3495405316352844 -6.840768337249756 -1.2182940244674683
v 0.37160953879356384 -6.856802463531494 -1.2772562503814697
v 0.3987066149711609 -6.876489639282227 -1.332923412322998
v 0.43051406741142273 -6.899599075317383 -1.3846429586410522
v 0.46665897965431213 -6.9258599281311035 -1.4318084716796875
v 0.5067175626754761 -6.9549641609191895 -1.4738669395446777
v 0.5502201914787292 -6.986570835113525 -1.5103254318237305
v 0.596656858921051 -7.020308971405029 -1.5407564640045166
v 0.6454830765724182 -7.055783271789551 -1.564803123474121
v 0.6961264610290527 -7.092577934265137 -1.5821834802627563
v 0.7479932308197021 -7.130261421203613 -1.5926939249038696
v 0.7412123084068298 -7.142005920410156 -0.3997284173965454
v 0.6826441287994385 -7.115930080413818 -0.4102388620376587
v 0.6254574060440063 -7.090468883514404 -0.4276192784309387
v 0.5703226327896118 -7.065921306610107 -0.4516659379005432
v 0.5178861618041992 -7.042574882507324 -0.4820968508720398
v 0.4687628149986267 -7.0207037925720215 -0.5185553431510925
v 0.4235284626483917 -7.000564098358154 -0.5606138706207275
v 0.3827134966850281 -6.982392311096191 -0.6077793836593628
v 0.3467963933944702 -6.966400623321533 -0.659498929977417
v 0.3161982595920563 -6.952777862548828 -0.7151660919189453
v 0.29127782583236694 -6.9416823387146 -0.774128258228302
v 0.2723272442817688 -6.9332451820373535 -0.8356941938400269
v 0.2595687508583069 -6.92756462097168 -0.8991419672966003
v 0.25315189361572266 -6.924707412719727 -0.9637278318405151
v 0.25315189361572266 -6.924707412719727 -1.0286945104599
v 0.2595687508583069 -6.92756462097168 -1.09328031539917
v 0.2723272442817688 -6.9332451820373535 -1.1567281484603882
v 0.29127782583236694 -6.9416823387146 -1.2182940244674683
v 0.3161982595920563 -6.952777862548828 -1.2772562503814697
v 0.3467963933944702 -6.966400623321533 -1.332923412322998
v 0.3827134966850281 -6.982392311096191 -1.3846429586410522
v 0.4235284626483917 -7.000564098358154 -1.4318084716796875
v 0.4687628149986267 -7.0207037925720215 -1.4738669395446777
v 0.5178861618041992 -7.042574882507324 -1.5103254318237305
v 0.5703226327896118 -7.065921306610107 -1.5407564640045166
v 0.6254574060440063 -7.090468883514404 -1.564803123474121
v 0.6826441287994385 -7.115930080413818 -1.5821834802627563
v 0.7412123084068298 -7.142005920410156 -1.5926939249038696
v 0.7370215058326721 -7.154904365539551 -0.3997284173965454
v 0.674311637878418 -7.141574859619141 -0.4102388620376587
v 0.6130808591842651 -7.128559589385986 -0.4276192784309387
v 0.554047167301178 -7.116011619567871 -0.4516659379005432
v 0.49790263175964355 -7.1040778160095215 -0.4820968508720398
v 0.4453054666519165 -7.092897891998291 -0.5185553431510925
v 0.396872341632843 -7.082603454589844 -0.5606138706207275
v 0.35317111015319824 -7.073314189910889 -0.6077793836593628
v 0.31471410393714905 -7.0651397705078125 -0.659498929977417
v 0.2819522023200989 -7.058176040649414 -0.7151660919189453
v 0.25526946783065796 -7.052504539489746 -0.774128258228302
v 0.23497885465621948 -7.048191547393799 -0.8356941938400269
v 0.22131812572479248 -7.0452880859375 -0.8991419672966003
v 0.21444743871688843 -7.043827533721924 -0.9637278318405151
v 0.21444743871688843 -7.043827533721924 -1.0286945104599
v 0.22131812572479248 -7.0452880859375 -1.09328031539917
v 0.23497885465621948 -7.048191547393799 -1.1567281484603882
v 0.25526946783065796 -7.052504539489746 -1.2182940244674683
v 0.2819522023200989 -7.058176040649414 -1.2772562503814697
v 0.31471410393714905 -7.0651397705078125 -1.332923412322998
v 0.35317111015319824 -7.073314189910889 -1.3846429586410522
v 0.396872341632843 -7.082603454589844 -1.4318084716796875
v 0.4453054666519165 -7.092897891998291 -1.4738669395446777
v 0.49790263175964355 -7.1040778160095215 -1.5103254318237305
v 0.554047167301178 -7.116011619567871 -1.5407564640045166
v 0.6130808591842651 -7.128559589385986 -1.564803123474121
v 0.674311637878418 -7.141574859619141 -1.5821834802627563
v 0.7370215058326721 -7.154904365539551 -1.5926939249038696
v 0.7356038689613342 -7.168391704559326 -0.3997284173965454
v 0.6714930534362793 -7.168391704559326 -0.4102388620376587
v 0.6088943481445312 -7.168391704559326 -0.4276192784309387
v 0.5485418438911438 -7.168391704559326 -0.4516659379005432
v 0.49114298820495605 -7.168391704559326 -0.4820968508720398
v 0.43737077713012695 -7.168391704559326 -0.5185553431510925
v 0.3878556191921234 -7.168391704559326 -0.5606138706207275
v 0.34317806363105774 -7.168391704559326 -0.6077793836593628
v 0.3038618862628937 -7.168391704559326 -0.659498929977417
v 0.2703680992126465 -7.168391704559326 -0.7151660919189453
v 0.24308925867080688 -7.168391704559326 -0.774128258228302
v 0.2223452925682068 -7.168391704559326 -0.8356941938400269
v 0.20837938785552979 -7.168391704559326 -0.8991419672966003
v 0.20135527849197388 -7.168391704559326 -0.9637278318405151
v 0.20135527849197388 -7.168391704559326 -1.0286945104599
v 0.20837938785552979 -7.168391704559326 -1.09328031539917
v 0.2223452925682068 -7.168391704559326 -1.1567281484603882
v 0.24308925867080688 -7.168391704559326 -1.2182940244674683
v 0.2703680992126465 -7.168391704559326 -1.2772562503814697
v 0.3038618862628937 -7.168391704559326 -1.332923412322998
v 0.34317806363105774 -7.168391704559326 -1.3846429586410522
v 0.3878556191921234 -7.168391704559326 -1.4318084716796875
v 0.43737077713012695 -7.168391704559326 -1.4738669395446777
v 0.49114298820495605 -7.168391704559326 -1.5103254318237305
v 0.5485418438911438 -7.168391704559326 -1.5407564640045166
v 0.6088943481445312 -7.168391704559326 -1.564803123474121
v 0.6714930534362793 -7.168391704559326 -1.5821834802627563
v 0.7356038689613342 -7.168391704559326 -1.5926939249038696
v 0.7370215058326721 -7.181879043579102 -0.3997284173965454
v 0.674311637878418 -7.195208549499512 -0.4102388620376587
v 0.6130808591842651 -7.208223819732666 -0.4276192784309387
v 0.554047167301178 -7.220771789550781 -0.4516659379005432
v 0.49790263175964355 -7.232705593109131 -0.4820968508720398
v 0.4453054666519165 -7.243885517120361 -0.5185553431510925
v 0.396872341632843 -7.254179954528809 -0.5606138706207275
v 0.35317111015319824 -7.263469219207764 -0.6077793836593628
v 0.31471410393714905 -7.27164363861084 -0.659498929977417
v 0.2819522023200989 -7.278607368469238 -0.7151660919189453
v 0.25526946783065796 -7.284278869628906 -0.774128258228302
v 0.23497885465621948 -7.2885918617248535 -0.8356941938400269
v 0.22131812572479248 -7.291495323181152 -0.8991419672966003
v 0.21444743871688843 -7.2929558753967285 -0.9637278318405151
v 0.21444743871688843 -7.2929558753967285 -1.0286945104599
v 0.22131812572479248 -7.291495323181152 -1.09328031539917
v 0.23497885465621948 -7.2885918617248535 -1.1567281484603882
v 0.25526946783065796 -7.284278869628906 -1.2182940244674683
v 0.2819522023200989 -7.278607368469238 -1.2772562503814697
v 0.31471410393714905 -7.27164363861084 -1.332923412322998
v 0.35317111015319824 -7.263469219207764 -1.3846429586410522
v 0.396872341632843 -7.254179954528809 -1.4318084716796875
v 0.4453054666519165 -7.243885517120361 -1.4738669395446777
v 0.49790263175964355 -7.232705593109131 -1.5103254318237305
v 0.554047167301178 -7.220771789550781 -1.5407564640045166
v 0.6130808591842651 -7.208223819732666 -1.564803123474121
v 0.674311637878418 -7.195208549499512 -1.5821834802627563
v 0.7370215058326721 -7.181879043579102 -1.5926939249038696
v 0.7412123084068298 -7.194777488708496 -0.3997284173965454
v 0.6826441287994385 -7.220853328704834 -0.4102388620376587
v 0.6254574060440063 -7.246314525604248 -0.4276192784309387
v 0.5703226327896118 -7.270862102508545 -0.4516659379005432
v 0.5178861618041992 -7.294208526611328 -0.4820968508720398
v 0.4687628149986267 -7.316079616546631 -0.5185553431510925
v 0.4235284626483917 -7.336219310760498 -0.5606138706207275
v 0.3827134966850281 -7.354391098022461 -0.6077793836593628
v 0.3467963933944702 -7.370382785797119 -0.659498929977417
v 0.3161982595920563 -7.384005546569824 -0.7151660919189453
v 0.29127782583236694 -7.395101070404053 -0.774128258228302
v 0.2723272442817688 -7.403538227081299 -0.8356941938400269
v 0.2595687508583069 -7.409218788146973 -0.8991419672966003
v 0.25315189361572266 -7.412075996398926 -0.9637278318405151
v 0.25315189361572266 -7.412075996398926 -1.0286945104599
v 0.2595687508583069 -7.409218788146973 -1.09328031539917
v 0.2723272442817688 -7.403538227081299 -1.1567281484603882
v 0.29127782583236694 -7.395101070404053 -1.2182940244674683
v 0.3161982595920563 -7.384005546569824 -1.2772562503814697
v 0.3467963933944702 -7.370382785797119 -1.332923412322998
v 0.3827134966850281 -7.354391098022461 -1.3846429586410522
v 0.4235284626483917 -7.336219310760498 -1.4318084716796875
v 0.4687628149986267 -7.316079616546631 -1.4738669395446777
v 0.5178861618041992 -7.294208526611328 -1.5103254318237305
v 0.5703226327896118 -7.270862102508545 -1.5407564640045166
v 0.6254574060440063 -7.246314525604248 -1.564803123474121
v 0.6826441287994385 -7.220853328704834 -1.5821834802627563
v 0.7412123084068298 -7.194777488708496 -1.5926939249038696
v 0.7479932308197021 -7.206521987915039 -0.3997284173965454
v 0.6961264610290527 -7.244205474853516 -0.4102388620376587
v 0.6454830765724182 -7.281000137329102 -0.4276192784309387
v 0.596656858921051 -7.316474437713623 -0.4516659379005432
v 0.5502201914787292 -7.350212574005127 -0.4820968508720398
v 0.5067175626754761 -7.381819248199463 -0.5185553431510925
v 0.46665897965431213 -7.410923480987549 -0.5606138706207275
v 0.43051406741142273 -7.4371843338012695 -0.6077793836593628
v 0.3987066149711609 -7.460293769836426 -0.659498929977417
v 0.37160953879356384 -7.479980945587158 -0.7151660919189453
v 0.3495405316352844 -7.4960150718688965 -0.774128258228302
v 0.3327583074569702 -7.50820779800415 -0.8356941938400269
v 0.32145965099334717 -7.516417026519775 -0.8991419672966003
v 0.3157770037651062 -7.520545482635498 -0.9637278318405151
v 0.3157770037651062 -7.520545482635498 -1.0286945104599
v 0.32145965099334717 -7.516417026519775 -1.09328031539917
v 0.3327583074569702 -7.50820779800415 -1.1567281484603882
v 0.3495405316352844 -7.4960150718688965 -1.2182940244674683
v 0.37160953879356384 -7.479980945587158 -1.2772562503814697
v 0.3987066149711609 -7.460293769836426 -1.332923412322998
v 0.43051406741142273 -7.4371843338012695 -1.3846429586410522
v 0.46665897965431213 -7.410923480987549 -1.4318084716796875
v 0.5067175626754761 -7.381819248199463 -1.4738669395446777
v 0.5502201914787292 -7.350212574005127 -1.5103254318237305
v 0.596656858921051 -7.316474437713623 -1.5407564640045166
v 0.6454830765724182 -7.281000137329102 -1.564803123474121
v 0.6961264610290527 -7.244205474853516 -1.5821834802627563
v 0.7479932308197021 -7.206521987915039 -1.5926939249038696
v 0.757067859172821 -7.21660041809082 -0.3997284173965454
v 0.7141693234443665 -7.264244079589844 -0.4102388620376587
v 0.6722826361656189 -7.310764312744141 -0.4276192784309387
v 0.6318988800048828 -7.35561466217041 -0.4516659379005432
v 0.5934915542602539 -7.398270606994629 -0.4820968508720398
v 0.5575109720230103 -7.438230991363525 -0.5185553431510925
v 0.5243788361549377 -7.475028038024902 -0.5606138706207275
v 0.49448373913764954 -7.508229732513428 -0.6077793836593628
v 0.46817606687545776 -7.537447452545166 -0.659498929977417
v 0.44576433300971985 -7.562338352203369 -0.7151660919189453
v 0.4275112450122833 -7.582610130310059 -0.774128258228302
v 0.41363081336021423 -7.598025798797607 -0.8356941938400269
v 0.4042857885360718 -7.608404636383057 -0.8991419672966003
v 0.3995857238769531 -7.613624572753906 -0.9637278318405151
v 0.3995857238769531 -7.613624572753906 -1.0286945104599
v 0.4042857885360718 -7.608404636383057 -1.09328031539917
v 0.41363081336021423 -7.598025798797607 -1.1567281484603882
v 0.4275112450122833 -7.582610130310059 -1.2182940244674683
v 0.44576433300971985 -7.562338352203369 -1.2772562503814697
v 0.46817606687545776 -7.537447452545166 -1.332923412322998
v 0.49448373913764954 -7.508229732513428 -1.3846429586410522
v 0.5243788361549377 -7.475028038024902 -1.4318084716796875
v 0.5575109720230103 -7.438230991363525 -1.4738669395446777
v 0.5934915542602539 -7.398270606994629 -1.5103254318237305
v 0.6318988800048828 -7.35561466217041 -1.5407564640045166
v 0.6722826361656189 -7.310764312744141 -1.564803123474121
v 0.7141693234443665 -7.264244079589844 -1.5821834802627563
v 0.757067859172821 -7.21660041809082 -1.5926939249038696
v 0.7680395841598511 -7.22457218170166 -0.3997284173965454
v 0.7359841465950012 -7.280093669891357 -0.4102388620376587
v 0.704684853553772 -7.334305763244629 -0.4276192784309387
v 0.6745085716247559 -7.386572360992432 -0.4516659379005432
v 0.6458091735839844 -7.436281204223633 -0.4820968508720398
v 0.6189230680465698 -7.482849597930908 -0.5185553431510925
v 0.5941654443740845 -7.525730609893799 -0.5606138706207275
v 0.571826696395874 -7.564422607421875 -0.6077793836593628
v 0.552168607711792 -7.598471641540527 -0.659498929977417
v 0.5354217290878296 -7.627478122711182 -0.7151660919189453
v 0.5217822790145874 -7.651102066040039 -0.774128258228302
v 0.5114102959632874 -7.669066905975342 -0.8356941938400269
v 0.5044273138046265 -7.681161880493164 -0.8991419672966003
v 0.5009152889251709 -7.687244892120361 -0.9637278318405151
v 0.5009152889251709 -7.687244892120361 -1.0286945104599
v 0.5044273138046265 -7.681161880493164 -1.09328031539917
v 0.5114102959632874 -7.669066905975342 -1.1567281484603882
v 0.5217822790145874 -7.651102066040039 -1.2182940244674683
v 0.5354217290878296 -7.627478122711182 -1.2772562503814697
v 0.552168607711792 -7.598471641540527 -1.332923412322998
v 0.571826696395874 -7.564422607421875 -1.3846429586410522
v 0.5941654443740845 -7.525730609893799 -1.4318084716796875
v 0.6189230680465698 -7.482849597930908 -1.4738669395446777
v 0.6458091735839844 -7.436281204223633 -1.5103254318237305
v 0.6745085716247559 -7.386572360992432 -1.5407564640045166
v 0.704684853553772 -7.334305763244629 -1.564803123474121
v 0.7359841465950012 -7.280093669891357 -1.5821834802627563
v 0.7680395841598511 -7.22457218170166 -1.5926939249038696
v 0.780428946018219 -7.230088233947754 -0.3997284173965454
v 0.7606176137924194 -7.291060924530029 -0.4102388620376587
v 0.7412735223770142 -7.350595951080322 -0.4276192784309387
v 0.7226235866546631 -7.407994747161865 -0.4516659379005432
v 0.7048863768577576 -7.462584018707275 -0.4820968508720398
v 0.688269853591919 -7.5137248039245605 -0.5185553431510925
v 0.6729688048362732 -7.560816287994385 -0.5606138706207275
v 0.659162700176239 -7.603307247161865 -0.6077793836593628
v 0.6470133066177368 -7.6406989097595215 -0.659498929977417
v 0.6366631388664246 -7.672553539276123 -0.7151660919189453
v 0.6282335519790649 -7.698497295379639 -0.774128258228302
v 0.6218233108520508 -7.718225955963135 -0.8356941938400269
v 0.6175075769424438 -7.731508255004883 -0.8991419672966003
v 0.6153370141983032 -7.738188743591309 -0.9637278318405151
v 0.6153370141983032 -7.738188743591309 -1.0286945104599
v 0.6175075769424438 -7.731508255004883 -1.09328031539917
v 0.6218233108520508 -7.718225955963135 -1.1567281484603882
v 0.6282335519790649 -7.698497295379639 -1.2182940244674683
v 0.6366631388664246 -7.672553539276123 -1.2772562503814697
v 0.6470133066177368 -7.6406989097595215 -1.332923412322998
v 0.659162700176239 -7.603307247161865 -1.3846429586410522
v 0.6729688048362732 -7.560816287994385 -1.4318084716796875
v 0.688269853591919 -7.5137248039245605 -1.4738669395446777
v 0.7048863768577576 -7.462584018707275 -1.5103254318237305
v 0.7226235866546631 -7.407994747161865 -1.5407564640045166
v 0.7412735223770142 -7.350595951080322 -1.564803123474121
v 0.7606176137924194 -7.291060924530029 -1.5821834802627563
v 0.780428946018219 -7.230088233947754 -1.5926939249038696
v 0.7936943769454956 -7.232907772064209 -0.3997284173965454
v 0.7869929671287537 -7.296667575836182 -0.4102388620376587
v 0.780449628829956 -7.358922958374023 -0.4276192784309387
v 0.7741410732269287 -7.418944835662842 -0.4516659379005432
v 0.7681412696838379 -7.476029396057129 -0.4820968508720398
v 0.7625205516815186 -7.529507160186768 -0.5185553431510925
v 0.7573447823524475 -7.578751087188721 -0.5606138706207275
v 0.7526746988296509 -7.623183727264404 -0.6077793836593628
v 0.7485650777816772 -7.662284851074219 -0.659498929977417
v 0.7450640201568604 -7.695594787597656 -0.7151660919189453
v 0.7422125935554504 -7.722724437713623 -0.774128258228302
v 0.7400442361831665 -7.743354797363281 -0.8356941938400269
v 0.7385843992233276 -7.757244110107422 -0.8991419672966003
v 0.7378501892089844 -7.764229774475098 -0.9637278318405151
v 0.7378501892089844 -7.764229774475098 -1.0286945104599
v 0.7385843992233276 -7.757244110107422 -1.09328031539917
v 0.7400442361831665 -7.743354797363281 -1.1567281484603882
v 0.7422125935554504 -7.722724437713623 -1.2182940244674683
v 0.7450640201568604 -7.695594787597656 -1.2772562503814697
v 0.7485650777816772 -7.662284851074219 -1.332923412322998
v 0.7526746988296509 -7.623183727264404 -1.3846429586410522
v 0.7573447823524475 -7.578751087188721 -1.4318084716796875
v 0.7625205516815186 -7.529507160186768 -1.4738669395446777
v 0.7681412696838379 -7.476029396057129 -1.5103254318237305
v 0.7741410732269287 -7.418944835662842 -1.5407564640045166
v 0.780449628829956 -7.358922958374023 -1.564803123474121
v 0.7869929671287537 -7.296667575836182 -1.5821834802627563
v 0.7936943769454956 -7.232907772064209 -1.5926939249038696
v 0.8072562217712402 -7.232907772064209 -0.3997284173965454
v 0.8139576315879822 -7.296667575836182 -0.4102388620376587
v 0.8205009698867798 -7.358922958374023 -0.4276192784309387
v 0.8268095254898071 -7.418944835662842 -0.4516659379005432
v 0.832809329032898 -7.476029396057129 -0.4820968508720398
v 0.8384300470352173 -7.529507160186768 -0.5185553431510925
v 0.8436058163642883 -7.578751087188721 -0.5606138706207275
v 0.848275899887085 -7.623183727264404 -0.6077793836593628
v 0.8523855209350586 -7.662284851074219 -0.659498929977417
v 0.8558865785598755 -7.695594787597656 -0.7151660919189453
v 0.8587380051612854 -7.722724437713623 -0.774128258228302
v 0.8609063625335693 -7.743354797363281 -0.8356941938400269
v 0.8623661994934082 -7.757244110107422 -0.8991419672966003
v 0.8631004095077515 -7.764229774475098 -0.9637278318405151
v 0.8631004095077515 -7.764229774475098 -1.0286945104599
v 0.8623661994934082 -7.757244110107422 -1.09328031539917
v 0.8609063625335693 -7.743354797363281 -1.1567281484603882
v 0.8587380051612854 -7.722724437713623 -1.2182940244674683
v 0.8558865785598755 -7.695594787597656 -1.2772562503814697
v 0.8523855209350586 -7.662284851074219 -1.332923412322998
v 0.848275899887085 -7.623183727264404 -1.3846429586410522
v 0.8436058163642883 -7.578751087188721 -1.4318084716796875
v 0.8384300470352173 -7.529507160186768 -1.4738669395446777
v 0.832809329032898 -7.476029396057129 -1.5103254318237305
v 0.8268095254898071 -7.418944835662842 -1.5407564640045166
v 0.8205009698867798 -7.358922958374023 -1.564803123474121
v 0.8139576315879822 -7.296667575836182 -1.5821834802627563
v 0.8072562217712402 -7.232907772064209 -1.5926939249038696
v 0.8205216526985168 -7.230088233947754 -0.3997284173965454
v 0.8403329849243164 -7.291060924530029 -0.4102388620376587
v 0.8596770763397217 -7.350595951080322 -0.4276192784309387
v 0.8783270120620728 -7.407994747161865 -0.4516659379005432
v 0.8960642218589783 -7.462584018707275 -0.4820968508720398
v 0.9126807451248169 -7.5137248039245605 -0.5185553431510925
v 0.9279817938804626 -7.560816287994385 -0.5606138706207275
v 0.9417878985404968 -7.603307247161865 -0.6077793836593628
v 0.953937292098999 -7.6406989097595215 -0.659498929977417
v 0.9642874598503113 -7.672553539276123 -0.7151660919189453
v 0.9727170467376709 -7.698497295379639 -0.774128258228302
v 0.9791272878646851 -7.718225955963135 -0.8356941938400269
v 0.983443021774292 -7.731508255004883 -0.8991419672966003
v 0.9856135845184326 -7.738188743591309 -0.9637278318405151
v 0.9856135845184326 -7.738188743591309 -1.0286945104599
v 0.983443021774292 -7.731508255004883 -1.09328031539917
v 0.9791272878646851 -7.718225955963135 -1.1567281484603882
v 0.9727170467376709 -7.698497295379639 -1.2182940244674683
v 0.9642874598503113 -7.672553539276123 -1.2772562503814697
v 0.953937292098999 -7.6406989097595215 -1.332923412322998
v 0.9417878985404968 -7.603307247161865 -1.3846429586410522
v 0.9279817938804626 -7.560816287994385 -1.4318084716796875
v 0.9126807451248169 -7.5137248039245605 -1.4738669395446777
v 0.8960642218589783 -7.462584018707275 -1.5103254318237305
v 0.8783270120620728 -7.407994747161865 -1.5407564640045166
v 0.8596770763397217 -7.350595951080322 -1.564803123474121
v 0.8403329849243164 -7.291060924530029 -1.5821834802627563
v 0.8205216526985168 -7.230088233947754 -1.5926939249038696
v 0.8329110145568848 -7.22457218170166 -0.3997284173965454
v 0.8649664521217346 -7.280093669891357 -0.4102388620376587
v 0.8962657451629639 -7.334305763244629 -0.4276192784309387
v 0.92644202709198 -7.386572360992432 -0.4516659379005432
v 0.9551414251327515 -7.436281204223633 -0.4820968508720398
v 0.982027530670166 -7.482849597930908 -0.5185553431510925
v 1.0067851543426514 -7.525730609893799 -0.5606138706207275
v 1.0291239023208618 -7.564422607421875 -0.6077793836593628
v 1.0487819910049438 -7.598471641540527 -0.659498929977417
v 1.0655288696289062 -7.627478122711182 -0.7151660919189453
v 1.0791683197021484 -7.651102066040039 -0.774128258228302
v 1.0895402431488037 -7.669066905975342 -0.8356941938400269
v 1.0965232849121094 -7.681161880493164 -0.8991419672966003
v 1.100035309791565 -7.687244892120361 -0.9637278318405151
v 1.100035309791565 -7.687244892120361 -1.0286945104599
v 1.0965232849121094 -7.681161880493164 -1.09328031539917
v 1.0895402431488037 -7.669066905975342 -1.1567281484603882
v 1.0791683197021484 -7.651102066040039 -1.2182940244674683
v 1.0655288696289062 -7.627478122711182 -1.2772562503814697
v 1.0487819910049438 -7.598471641540527 -1.332923412322998
v 1.0291239023208618 -7.564422607421875 -1.3846429586410522
v 1.0067851543426514 -7.525730609893799 -1.4318084716796875
v 0.982027530670166 -7.482849597930908 -1.4738669395446777
v 0.9551414251327515 -7.436281204223633 -1.5103254318237305
v 0.92644202709198 -7.386572360992432 -1.5407564640045166
v 0.8962657451629639 -7.334305763244629 -1.564803123474121
v 0.8649664521217346 -7.280093669891357 -1.5821834802627563
v 0.8329110145568848 -7.22457218170166 -1.5926939249038696
v 0.8438827395439148 -7.21660041809082 -0.3997284173965454
v 0.8867812752723694 -7.264244079589844 -0.4102388620376587
v 0.9286679625511169 -7.310764312744141 -0.4276192784309387
v 0.969051718711853 -7.35561466217041 -0.4516659379005432
v 1.007459044456482 -7.398270606994629 -0.4820968508720398
v 1.0434396266937256 -7.438230991363525 -0.5185553431510925
v 1.0765717029571533 -7.475028038024902 -0.5606138706207275
v 1.1064668893814087 -7.508229732513428 -0.6077793836593628
v 1.1327745914459229 -7.537447452545166 -0.659498929977417
v 1.1551862955093384 -7.562338352203369 -0.7151660919189453
v 1.173439383506775 -7.582610130310059 -0.774128258228302
v 1.1873197555541992 -7.598025798797607 -0.8356941938400269
v 1.196664810180664 -7.608404636383057 -0.8991419672966003
v 1.2013648748397827 -7.613624572753906 -0.9637278318405151
v 1.2013648748397827 -7.613624572753906 -1.0286945104599
v 1.196664810180664 -7.608404636383057 -1.09328031539917
v 1.1873197555541992 -7.598025798797607 -1.1567281484603882
v 1.173439383506775 -7.582610130310059 -1.2182940244674683
v 1.1551862955093384 -7.562338352203369 -1.2772562503814697
v 1.1327745914459229 -7.537447452545166 -1.332923412322998
v 1.1064668893814087 -7.508229732513428 -1.3846429586410522
v 1.0765717029571533 -7.475028038024902 -1.4318084716796875
v 1.0434396266937256 -7.438230991363525 -1.4738669395446777
v 1.007459044456482 -7.398270606994629 -1.5103254318237305
v 0.969051718711853 -7.35561466217041 -1.5407564640045166
v 0.9286679625511169 -7.310764312744141 -1.564803123474121
v 0.8867812752723694 -7.264244079589844 -1.5821834802627563
v 0.8438827395439148 -7.21660041809082 -1.5926939249038696
v 0.8529573678970337 -7.206521987915039 -0.3997284173965454
v 0.9048241376876831 -7.244205474853516 -0.4102388620376587
v 0.9554675221443176 -7.281000137329102 -0.4276192784309387
v 1.0042937994003296 -7.316474437713623 -0.4516659379005432
v 1.0507304668426514 -7.350212574005127 -0.4820968508720398
v 1.0942330360412598 -7.381819248199463 -0.5185553431510925
v 1.134291648864746 -7.410923480987549 -0.5606138706207275
v 1.1704365015029907 -7.4371843338012695 -0.6077793836593628
v 1.2022440433502197 -7.460293769836426 -0.659498929977417
v 1.2293410301208496 -7.479980945587158 -0.7151660919189453
v 1.2514100074768066 -7.4960150718688965 -0.774128258228302
v 1.2681922912597656 -7.50820779800415 -0.8356941938400269
v 1.2794909477233887 -7.516417026519775 -0.8991419672966003
v 1.2851736545562744 -7.520545482635498 -0.9637278318405151
v 1.2851736545562744 -7.520545482635498 -1.0286945104599
v 1.2794909477233887 -7.516417026519775 -1.09328031539917
v 1.2681922912597656 -7.50820779800415 -1.1567281484603882
v 1.2514100074768066 -7.4960150718688965 -1.2182940244674683
v 1.2293410301208496 -7.479980945587158 -1.2772562503814697
v 1.2022440433502197 -7.460293769836426 -1.332923412322998
v 1.1704365015029907 -7.4371843338012695 -1.3846429586410522
v 1.134291648864746 -7.410923480987549 -1.4318084716796875
v 1.0942330360412598 -7.381819248199463 -1.4738669395446777
v 1.0507304668426514 -7.350212574005127 -1.5103254318237305
v 1.0042937994003296 -7.316474437713623 -1.5407564640045166
v 0.9554675221443176 -7.281000137329102 -1.564803123474121
v 0.9048241376876831 -7.244205474853516 -1.5821834802627563
v 0.8529573678970337 -7.206521987915039 -1.5926939249038696
v 0.859738290309906 -7.194777488708496 -0.3997284173965454
v 0.9183064699172974 -7.220853328704834 -0.4102388620376587
v 0.9754931926727295 -7.246314525604248 -0.4276192784309387
v 1.030627965927124 -7.270862102508545 -0.4516659379005432
v 1.0830644369125366 -7.294208526611328 -0.4820968508720398
v 1.132187843322754 -7.316079616546631 -0.5185553431510925
v 1.1774221658706665 -7.336219310760498 -0.5606138706207275
v 1.2182371616363525 -7.354391098022461 -0.6077793836593628
v 1.2541542053222656 -7.370382785797119 -0.659498929977417
v 1.284752368927002 -7.384005546569824 -0.7151660919189453
v 1.3096728324890137 -7.395101070404053 -0.774128258228302
v 1.3286232948303223 -7.403538227081299 -0.8356941938400269
v 1.3413817882537842 -7.409218788146973 -0.8991419672966003
v 1.3477987051010132 -7.412075996398926 -0.9637278318405151
v 1.3477987051010132 -7.412075996398926 -1.0286945104599
v 1.3413817882537842 -7.409218788146973 -1.09328031539917
v 1.3286232948303223 -7.403538227081299 -1.1567281484603882
v 1.3096728324890137 -7.395101070404053 -1.2182940244674683
v 1.284752368927002 -7.384005546569824 -1.2772562503814697
v 1.2541542053222656 -7.370382785797119 -1.332923412322998
v 1.2182371616363525 -7.354391098022461 -1.3846429586410522
v 1.1774221658706665 -7.336219310760498 -1.4318084716796875
v 1.132187843322754 -7.316079616546631 -1.4738669395446777
v 1.0830644369125366 -7.294208526611328 -1.5103254318237305
v 1.030627965927124 -7.270862102508545 -1.5407564640045166
v 0.9754931926727295 -7.246314525604248 -1.564803123474121
v 0.9183064699172974 -7.220853328704834 -1.5821834802627563
v 0.859738290309906 -7.194777488708496 -1.5926939249038696
v 0.8639290928840637 -7.181879043579102 -0.3997284173965454
v 0.9266389608383179 -7.195208549499512 -0.4102388620376587
v 0.9878697395324707 -7.208223819732666 -0.4276192784309387
v 1.046903371810913 -7.220771789550781 -0.4516659379005432
v 1.1030479669570923 -7.232705593109131 -0.4820968508720398
v 1.1556451320648193 -7.243885517120361 -0.5185553431510925
v 1.204078197479248 -7.254179954528809 -0.5606138706207275
v 1.2477794885635376 -7.263469219207764 -0.6077793836593628
v 1.2862365245819092 -7.27164363861084 -0.659498929977417
v 1.3189983367919922 -7.278607368469238 -0.7151660919189453
v 1.3456811904907227 -7.284278869628906 -0.774128258228302
v 1.3659718036651611 -7.2885918617248535 -0.8356941938400269
v 1.3796324729919434 -7.291495323181152 -0.8991419672966003
v 1.3865032196044922 -7.2929558753967285 -0.9637278318405151
v 1.3865032196044922 -7.2929558753967285 -1.0286945104599
v 1.3796324729919434 -7.291495323181152 -1.09328031539917
v 1.3659718036651611 -7.2885918617248535 -1.1567281484603882
v 1.3456811904907227 -7.284278869628906 -1.2182940244674683
v 1.3189983367919922 -7.278607368469238 -1.2772562503814697
v 1.2862365245819092 -7.27164363861084 -1.332923412322998
v 1.2477794885635376 -7.263469219207764 -1.3846429586410522
v 1.204078197479248 -7.254179954528809 -1.4318084716796875
v 1.1556451320648193 -7.243885517120361 -1.4738669395446777
v 1.1030479669570923 -7.232705593109131 -1.5103254318237305
v 1.046903371810913 -7.220771789550781 -1.5407564640045166
v 0.9878697395324707 -7.208223819732666 -1.564803123474121
v 0.9266389608383179 -7.195208549499512 -1.5821834802627563
v 0.8639290928840637 -7.181879043579102 -1.5926939249038696
f 51 50 49 48 47 46 45 44 43 42 41 40 39 38 37 36 35 34 33 32 31 30 29 28 27 26 25 24 23 22 21 20 19 18 17 16 15 14 13 12 11 10 9 8 7 6 5 4 3 2
f 1 2 3
f 1 3 4
f 1 4 5
f 1 5 6
f 1 6 7
f 1 7 8
f 1 8 9
f 1 9 10
f 1 10 11
f 1 11 12
f 1 12 13
f 1 13 14
f 1 14 15
f 1 15 16
f 1 16 17
f 1 17 18
f 1 18 19
f 1 19 20
f 1 20 21
f 1 21 22
f 1 22 23
f 1 23 24
f 1 24 25
f 1 25 26
f 1 26 27
f 1 27 28
f 1 28 29
f 1 29 30
f 1 30 31
f 1 31 32
f 1 32 33
f 1 33 34
f 1 34 35
f 1 35 36
f 1 36 37
f 1 37 38
f 1 38 39
f 1 39 40
f 1 40 41
f 1 41 42
f 1 42 43
f 1 43 44
f 1 44 45
f 1 45 46
f 1 46 47
f 1 47 48
f 1 48 49
f 1 49 50
f 1 50 51
f 1 51 2
f 102 101 100 99 98 97 96 95 94 93 92 91 90 89 88 87 86 85 84 83 82 81 80 79 78 77 76 75 74 73 72 71 70 69 68 67 66 65 64 63 62 61 60 59 58 57 56 55 54 53
f 52 53 54
f 52 54 55
f 52 55 56
f 52 56 57
f 52 57 58
f 52 58 59
f 52 59 60
f 52 60 61
f 52 61 62
f 52 62 63
f 52 63 64
f 52 64 65
f 52 65 66
f 52 66 67
f 52 67 68
f 52 68 69
f 52 69 70
f 52 70 71
f 52 71 72
f 52 72 73
f 52 73 74
f 52 74 75
f 52 75 76
f 52 76 77
f 52 77 78
f 52 78 79
f 52 79 80
f 52 80 81
f 52 81 82
f 52 82 83
f 52 83 84
f 52 84 85
f 52 85 86
f 52 86 87
f 52 87 88
f 52 88 89
f 52 89 90
f 52 90 91
f 52 91 92
f 52 92 93
f 52 93 94
f 52 94 95
f 52 95 96
f 52 96 97
f 52 97 98
f 52 98 99
f 52 99 100
f 52 100 101
f 52 101 102
f 52 102 53
f 153 152 151 150 149 148 147 146 145 144 143 142 141 140 139 138 137 136 135 134 133 132 131 130 129 128 127 126 125 124 123 122 121 120 119 118 117 116 115 114 113 112 111 110 109 108 107 106 105 104
f 103 104 105
f 103 105 106
f 103 106 107
f 103 107 108
f 103 108 109
f 103 109 110
f 103 110 111
f 103 111 112
f 103 112 113
f 103 113 114
f 103 114 115
f 103 115 116
f 103 116 117
f 103 117 118
f 103 118 119
f 103 119 120
f 103 120 121
f 103 121 122
f 103 122 123
f 103 123 124
f 103 124 125
f 103 125 126
f 103 126 127
f 103 127 128
f 103 128 129
f 103 129 130
f 103 130 131
f 103 131 132
f 103 132 133
f 103 133 134
f 103 134 135
f 103 135 136
f 103 136 137
f 103 137 138
f 103 138 139
f 103 139 140
f 103 140 141
f 103 141 142
f 103 142 143
f 103 143 144
f 103 144 145
f 103 145 146
f 103 146 147
f 103 147 148
f 103 148 149
f 103 149 150
f 103 150 151
f 103 151 152
f 103 152 153
f 103 153 104
f 204 203 202 201 200 199 198 197 196 195 194 193 192 191 190 189 188 187 186 185 184 183 182 181 180 179 178 177 176 175 174 173 172 171 170 169 168 167 166 165 164 163 162 161 160 159 158 157 156 155
f 154 155 156
f 154 156 157
f 154 157 158
f 154 158 159
f 154 159 160
f 154 160 161
f 154 161 162
f 154 162 163
f 154 163 164
f 154 164 165
f 154 165 166
f 154 166 167
f 154 167 168
f 154 168 169
f 154 169 170
f 154 170 171
f 154 171 172
f 154 172 173
f 154 173 174
f 154 174 175
f 154 175 176
f 154 176 177
f 154 177 178
f 154 178 179
f 154 179 180
f 154 180 181
f 154 181 182
f 154 182 183
f 154 183 184
f 154 184 185
f 154 185 186
f 154 186 187
f 154 187 188
f 154 188 189
f 154 189 190
f 154 190 191
f 154 191 192
f 154 192 193
f 154 193 194
f 154 194 195
f 154 195 196
f 154 196 197
f 154 197 198
f 154 198 199
f 154 199 200
f 154 200 201
f 154 201 202
f 154 202 203
f 154 203 204
f 154 204 155
f 255 254 253 252 251 250 249 248 247 246 245 244 243 242 241 240 239 238 237 236 235 234 233 232 231 230 229 228 227 226 225 224 223 222 221 220 219 218 217 216 215 214 213 212 211 210 209 208 207 206
f 205 206 207
f 205 207 208
f 205 208 209
f 205 209 210
f 205 210 211
f 205 211 212
f 205 212 213
f 205 213 214
f 205 214 215
f 205 215 216
f 205 216 217
f 205 217 218
f 205 218 219
f 205 219 220
f 205 220 221
f 205 221 222
f 205 222 223
f 205 223 224
f 205 224 225
f 205 225 226
f 205 226 227
f 205 227 228
f 205 228 229
f 205 229 230
f 205 230 231
f 205 231 232
f 205 232 233
f 205 233 234
f 205 234 235
f 205 235 236
f 205 236 237
f 205 237 238
f 205 238 239
f 205 239 240
f 205 240 241
f 205 241 242
f 205 242 243
f 205 243 244
f 205 244 245
f 205 245 246
f 205 246 247
f 205 247 248
f 205 248 249
f 205 249 250
f 205 250 251
f 205 251 252
f 205 252 253
f 205 253 254
f 205 254 255
f 205 255 206
f 306 305 304 303 302 301 300 299 298 297 296 295 294 293 292 291 290 289 288 287 286 285 284 283 282 281 280 279 278 277 276 275 274 273 272 271 270 269 268 267 266 265 264 263 262 261 260 259 258 257
f 256 257 258
f 256 258 259
f 256 259 260
f 256 260 261
f 256 261 262
f 256 262 263
f 256 263 264
f 256 264 265
f 256 265 266
f 256 266 267
f 256 267 268
f 256 268 269
f 256 269 270
f 256 270 271
f 256 271 272
f 256 272 273
f 256 273 274
f 256 274 275
f 256 275 276
f 256 276 277
f 256 277 278
f 256 278 279
f 256 279 280
f 256 280 281
f 256 281 282
f 256 282 283
f 256 283 284
f 256 284 285
f 256 285 286
f 256 286 287
f 256 287 288
f 256 288 289
f 256 289 290
f 256 290 291
f 256 291 292
f 256 292 293
f 256 293 294
f 256 294 295
f 256 295 296
f 256 296 297
f 256 297 298
f 256 298 299
f 256 299 300
f 256 300 301
f 256 301 302
f 256 302 303
f 256 303 304
f 256 304 305
f 256 305 306
f 256 306 257
f 357 356 355 354 353 352 351 350 349 348 347 346 345 344 343 342 341 340 339 338 337 336 335 334 333 332 331 330 329 328 327 326 325 324 323 322 321 320 319 318 317 316 315 314 313 312 311 310 309 308
f 307 308 309
f 307 309 310
f 307 310 311
f 307 311 312
f 307 312 313
f 307 313 314
f 307 314 315
f 307 315 316
f 307 316 317
f 307 317 318
f 307 318 319
f 307 319 320
f 307 320 321
f 307 321 322
f 307 322 323
f 307 323 324
f 307 324 325
f 307 325 326
f 307 326 327
f 307 327 328
f 307 328 329
f 307 329 330
f 307 330 331
f 307 331 332
f 307 332 333
f 307 333 334
f 307 334 335
f 307 335 336
f 307 336 337
f 307 337 338
f 307 338 339
f 307 339 340
f 307 340 341
f 307 341 342
f 307 342 343
f 307 343 344
f 307 344 345
f 307 345 346
f 307 346 347
f 307 347 348
f 307 348 349
f 307 349 350
f 307 350 351
f 307 351 352
f 307 352 353
f 307 353 354
f 307 354 355
f 307 355 356
f 307 356 357
f 307 357 308
f 408 407 406 405 404 403 402 401 400 399 398 397 396 395 394 393 392 391 390 389 388 387 386 385 384 383 382 381 380 379 378 377 376 375 374 373 372 371 370 369 368 367 366 365 364 363 362 361 360 359
f 358 359 360
f 358 360 361
f 358 361 362
f 358 362 363
f 358 363 364
f 358 364 365
f 358 365 366
f 358 366 367
f 358 367 368
f 358 368 369
f 358 369 370
f 358 370 371
f 358 371 372
f 358 372 373
f 358 373 374
f 358 374 375
f 358 375 376
f 358 376 377
f 358 377 378
f 358 378 379
f 358 379 380
f 358 380 381
f 358 381 382
f 358 382 383
f 358 383 384
f 358 384 385
f 358 385 386
f 358 386 387
f 358 387 388
f 358 388 389
f 358 389 390
f 358 390 391
f 358 391 392
f 358 392 393
f 358 393 394
f 358 394 395
f 358 395 396
f 358 396 397
f 358 397 398
f 358 398 399
f 358 399 400
f 358 400 401
f 358 401 402
f 358 402 403
f 358 403 404
f 358 404 405
f 358 405 406
f 358 406 407
f 358 407 408
f 358 408 359
f 459 458 457 456 455 454 453 452 451 450 449 448 447 446 445 444 443 442 441 440 439 438 437 436 435 434 433 432 431 430 429 428 427 426 425 424 423 422 421 420 419 418 417 416 415 414 413 412 411 410
f 409 410 411
f 409 411 412
f 409 412 413
f 409 413 414
f 409 414 415
f 409 415 416
f 409 416 417
f 409 417 418
f 409 418 419
f 409 419 420
f 409 420 421
f 409 421 422
f 409 422 423
f 409 423 424
f 409 424 425
f 409 425 426
f 409 426 427
f 409 427 428
f 409 428 429
f 409 429 430
f 409 430 431
f 409 431 432
f 409 432 433
f 409 433 434
f 409 434 435
f 409 435 436
f 409 436 437
f 409 437 438
f 409 438 439
f 409 439 440
f 409 440 441
f 409 441 442
f 409 442 443
f 409 443 444
f 409 444 445
f 409 445 446
f 409 446 447
f 409 447 448
f 409 448 449
f 409 449 450
f 409 450 451
f 409 451 452
f 409 452 453
f 409 453 454
f 409 454 455
f 409 455 456
f 409 456 457
f 409 457 458
f 409 458 459
f 409 459 410
f 510 509 508 507 506 505 504 503 502 501 500 499 498 497 496 495 494 493 492 491 490 489 488 487 486 485 484 483 482 481 480 479 478 477 476 475 474 473 472 471 470 469 468 467 466 465 464 463 462 461
f 460 461 462
f 460 462 463
f 460 463 464
f 460 464 465
f 460 465 466
f 460 466 467
f 460 467 468
f 460 468 469
f 460 469 470
f 460 470 471
f 460 471 472
f 460 472 473
f 460 473 474
f 460 474 475
f 460 475 476
f 460 476 477
f 460 477 478
f 460 478 479
f 460 479 480
f 460 480 481
f 460 481 482
f 460 482 483
f 460 483 484
f 460 484 485
f 460 485 486
f 460 486 487
f 460 487 488
f 460 488 489
f 460 489 490
f 460 490 491
f 460 491 492
f 460 492 493
f 460 493 494
f 460 494 495
f 460 495 496
f 460 496 497
f 460 497 498
f 460 498 499
f 460 499 500
f 460 500 501
f 460 501 502
f 460 502 503
f 460 503 504
f 460 504 505
f 460 505 506
f 460 506 507
f 460 507 508
f 460 508 509
f 460 509 510
f 460 510 461
f 561 560 559 558 557 556 555 554 553 552 551 550 549 548 547 546 545 544 543 542 541 540 539 538 537 536 535 534 533 532 531 530 529 528 527 526 525 524 523 522 521 520 519 518 517 516 515 514 513 512
f 511 512 513
f 511 513 514
f 511 514 515
f 511 515 516
f 511 516 517
f 511 517 518
f 511 518 519
f 511 519 520
f 511 520 521
f 511 521 522
f 511 522 523
f 511 523 524
f 511 524 525
f 511 525 526
f 511 526 527
f 511 527 528
f 511 528 529
f 511 529 530
f 511 530 531
f 511 531 532
f 511 532 533
f 511 533 534
f 511 534 535
f 511 535 536
f 511 536 537
f 511 537 538
f 511 538 539
f 511 539 540
f 511 540 541
f 511 541 542
f 511 542 543
f 511 543 544
f 511 544 545
f 511 545 546
f 511 546 547
f 511 547 548
f 511 548 549
f 511 549 550
f 511 550 551
f 511 551 552
f 511 552 553
f 511 553 554
f 511 554 555
f 511 555 556
f 511 556 557
f 511 557 558
f 511 558 559
f 511 559 560
f 511 560 561
f 511 561 512
f 612 611 610 609 608 607 606 605 604 603 602 601 600 599 598 597 596 595 594 593 592 591 590 589 588 587 586 585 584 583 582 581 580 579 578 577 576 575 574 573 572 571 570 569 568 567 566 565 564 563
f 562 563 564
f 562 564 565
f 562 565 566
f 562 566 567
f 562 567 568
f 562 568 569
f 562 569 570
f 562 570 571
f 562 571 572
f 562 572 573
f 562 573 574
f 562 574 575
f 562 575 576
f 562 576 577
f 562 577 578
f 562 578 579
f 562 579 580
f 562 580 581
f 562 581 582
f 562 582 583
f 562 583 584
f 562 584 585
f 562 585 586
f 562 586 587
f 562 587 588
f 562 588 589
f 562 589 590
f 562 590 591
f 562 591 592
f 562 592 593
f 562 593 594
f 562 594 595
f 562 595 596
f 562 596 597
f 562 597 598
f 562 598 599
f 562 599 600
f 562 600 601
f 562 601 602
f 562 602 603
f 562 603 604
f 562 604 605
f 562 605 606
f 562 606 607
f 562 607 608
f 562 608 609
f 562 609 610
f 562 610 611
f 562 611 612
f 562 612 563
f 663 662 661 660 659 658 657 656 655 654 653 652 651 650 649 648 647 646 645 644 643 642 641 640 639 638 637 636 635 634 633 632 631 630 629 628 627 626 625 624 623 622 621 620 619 618 617 616 615 614
f 613 614 615
f 613 615 616
f 613 616 617
f 613 617 618
f 613 618 619
f 613 619 620
f 613 620 621
f 613 621 622
f 613 622 623
f 613 623 624
f 613 624 625
f 613 625 626
f 613 626 627
f 613 627 628
f 613 628 629
f 613 629 630
f 613 630 631
f 613 631 632
f 613 632 633
f 613 633 634
f 613 634 635
f 613 635 636
f 613 636 637
f 613 637 638
f 613 638 639
f 613 639 640
f 613 640 641
f 613 641 642
f 613 642 643
f 613 643 644
f 613 644 645
f 613 645 646
f 613 646 647
f 613 647 648
f 613 648 649
f 613 649 650
f 613 650 651
f 613 651 652
f 613 652 653
f 613 653 654
f 613 654 655
f 613 655 656
f 613 656 657
f 613 657 658
f 613 658 659
f 613 659 660
f 613 660 661
f 613 661 662
f 613 662 663
f 613 663 614
f 714 713 712 711 710 709 708 707 706 705 704 703 702 701 700 699 698 697 696 695 694 693 692 691 690 689 688 687 686 685 684 683 682 681 680 679 678 677 676 675 674 673 672 671 670 669 668 667 666 665
f 664 665 666
f 664 666 667
f 664 667 668
f 664 668 669
f 664 669 670
f 664 670 671
f 664 671 672
f 664 672 673
f 664 673 674
f 664 674 675
f 664 675 676
f 664 676 677
f 664 677 678
f 664 678 679
f 664 679 680
f 664 680 681
f 664 681 682
f 664 682 683
f 664 683 684
f 664 684 685
f 664 685 686
f 664 686 687
f 664 687 688
f 664 688 689
f 664 689 690
f 664 690 691
f 664 691 692
f 664 692 693
f 664 693 694
f 664 694 695
f 664 695 696
f 664 696 697
f 664 697 698
f 664 698 699
f 664 699 700
f 664 700 701
f 664 701 702
f 664 702 703
f 664 703 704
f 664 704 705
f 664 705 706
f 664 706 707
f 664 707 708
f 664 708 709
f 664 709 710
f 664 710 711
f 664 711 712
f 664 712 713
f 664 713 714
f 664 714 665
f 765 764 763 762 761 760 759 758 757 756 755 754 753 752 751 750 749 748 747 746 745 744 743 742 741 740 739 738 737 736 735 734 733 732 731 730 729 728 727 726 725 724 723 722 721 720 719 718 717 716
f 715 716 717
f 715 717 718
f 715 718 719
f 715 719 720
f 715 720 721
f 715 721 722
f 715 722 723
f 715 723 724
f 715 724 725
f 715 725 726
f 715 726 727
f 715 727 728
f 715 728 729
f 715 729 730
f 715 730 731
f 715 731 732
f 715 732 733
f 715 733 734
f 715 734 735
f 715 735 736
f 715 736 737
f 715 737 738
f 715 738 739
f 715 739 740
f 715 740 741
f 715 741 742
f 715 742 743
f 715 743 744
f 715 744 745
f 715 745 746
f 715 746 747
f 715 747 748
f 715 748 749
f 715 749 750
f 715 750 751
f 715 751 752
f 715 752 753
f 715 753 754
f 715 754 755
f 715 755 756
f 715 756 757
f 715 757 758
f 715 758 759
f 715 759 760
f 715 760 761
f 715 761 762
f 715 762 763
f 715 763 764
f 715 764 765
f 715 765 716
f 816 815 814 813 812 811 810 809 808 807 806 805 804 803 802 801 800 799 798 797 796 795 794 793 792 791 790 789 788 787 786 785 784 783 782 781 780 779 778 777 776 775 774 773 772 771 770 769 768 767
f 766 767 768
f 766 768 769
f 766 769 770
f 766 770 771
f 766 771 772
f 766 772 773
f 766 773 774
f 766 774 775
f 766 775 776
f 766 776 777
f 766 777 778
f 766 778 779
f 766 779 780
f 766 780 781
f 766 781 782
f 766 782 783
f 766 783 784
f 766 784 785
f 766 785 786
f 766 786 787
f 766 787 788
f 766 788 789
f 766 789 790
f 766 790 791
f 766 791 792
f 766 792 793
f 766 793 794
f 766 794 795
f 766 795 796
f 766 796 797
f 766 797 798
f 766 798 799
f 766 799 800
f 766 800 801
f 766 801 802
f 766 802 803
f 766 803 804
f 766 804 805
f 766 805 806
f 766 806 807
f 766 807 808
f 766 808 809
f 766 809 810
f 766 810 811
f 766 811 812
f 766 812 813
f 766 813 814
f 766 814 815
f 766 815 816
f 766 816 767
f 867 866 865 864 863 862 861 860 859 858 857 856 855 854 853 852 851 850 849 848 847 846 845 844 843 842 841 840 839 838 837 836 835 834 833 832 831 830 829 828 827 826 825 824 823 822 821 820 819 818
f 817 818 819
f 817 819 820
f 817 820 821
f 817 821 822
f 817 822 823
f 817 823 824
f 817 824 825
f 817 825 826
f 817 826 827
f 817 827 828
f 817 828 829
f 817 829 830
f 817 830 831
f 817 831 832
f 817 832 833
f 817 833 834
f 817 834 835
f 817 835 836
f 817 836 837
f 817 837 838
f 817 838 839
f 817 839 840
f 817 840 841
f 817 841 842
f 817 842 843
f 817 843 844
f 817 844 845
f 817 845 846
f 817 846 847
f 817 847 848
f 817 848 849
f 817 849 850
f 817 850 851
f 817 851 852
f 817 852 853
f 817 853 854
f 817 854 855
f 817 855 856
f 817 856 857
f 817 857 858
f 817 858 859
f 817 859 860
f 817 860 861
f 817 861 862
f 817 862 863
f 817 863 864
f 817 864 865
f 817 865 866
f 817 866 867
f 817 867 818
f 918 917 916 915 914 913 912 911 910 909 908 907 906 905 904 903 902 901 900 899 898 897 896 895 894 893 892 891 890 889 888 887 886 885 884 883 882 881 880 879 878 877 876 875 874 873 872 871 870 869
f 868 869 870
f 868 870 871
f 868 871 872
f 868 872 873
f 868 873 874
f 868 874 875
f 868 875 876
f 868 876 877
f 868 877 878
f 868 878 879
f 868 879 880
f 868 880 881
f 868 881 882
f 868 882 883
f 868 883 884
f 868 884 885
f 868 885 886
f 868 886 887
f 868 887 888
f 868 888 889
f 868 889 890
f 868 890 891
f 868 891 892
f 868 892 893
f 868 893 894
f 868 894 895
f 868 895 896
f 868 896 897
f 868 897 898
f 868 898 899
f 868 899 900
f 868 900 901
f 868 901 902
f 868 902 903
f 868 903 904
f 868 904 905
f 868 905 906
f 868 906 907
f 868 907 908
f 868 908 909
f 868 909 910
f 868 910 911
f 868 911 912
f 868 912 913
f 868 913 914
f 868 914 915
f 868 915 916
f 868 916 917
f 868 917 918
f 868 918 869
f 969 968 967 966 965 964 963 962 961 960 959 958 957 956 955 954 953 952 951 950 949 948 947 946 945 944 943 942 941 940 939 938 937 936 935 934 933 932 931 930 929 928 927 926 925 924 923 922 921 920
f 919 920 921
f 919 921 922
f 919 922 923
f 919 923 924
f 919 924 925
f 919 925 926
f 919 926 927
f 919 927 928
f 919 928 929
f 919 929 930
f 919 930 931
f 919 931 932
f 919 932 933
f 919 933 934
f 919 934 935
f 919 935 936
f 919 936 937
f 919 937 938
f 919 938 939
f 919 939 940
f 919 940 941
f 919 941 942
f 919 942 943
f 919 943 944
f 919 944 945
f 919 945 946
f 919 946 947
f 919 947 948
f 919 948 949
f 919 949 950
f 919 950 951
f 919 951 952
f 919 952 953
f 919 953 954
f 919 954 955
f 919 955 956
f 919 956 957
f 919 957 958
f 919 958 959
f 919 959 960
f 919 960 961
f 919 961 962
f 919 962 963
f 919 963 964
f 919 964 965
f 919 965 966
f 919 966 967
f 919 967 968
f 919 968 969
f 919 969 920
f 1020 1019 1018 1017 1016 1015 1014 1013 1012 1011 1010 1009 1008 1007 1006 1005 1004 1003 1002 1001 1000 999 998 997 996 995 994 993 992 991 990 989 988 987 986 985 984 983 982 981 980 979 978 977 976 975 974 973 972 971
f 970 971 972
f 970 972 973
f 970 973 974
f 970 974 975
f 970 975 976
f 970 976 977
f 970 977 978
f 970 978 979
f 970 979 980
f 970 980 981
f 970 981 982
f 970 982 983
f 970 983 984
f 970 984 985
f 970 985 986
f 970 986 987
f 970 987 988
f 970 988 989
f 970 989 990
f 970 990 991
f 970 991 992
f 970 992 993
f 970 993 994
f 970 994 995
f 970 995 996
f 970 996 997
f 970 997 998
f 970 998 999
f 970 999 1000
f 970 1000 1001
f 970 1001 1002
f 970 1002 1003
f 970 1003 1004
f 970 1004 1005
f 970 1005 1006
f 970 1006 1007
f 970 1007 1008
f 970 1008 1009
f 970 1009 1010
f 970 1010 1011
f 970 1011 1012
f 970 1012 1013
f 970 1013 1014
f 970 1014 1015
f 970 1015 1016
f 970 1016 1017
f 970 1017 1018
f 970 1018 1019
f 970 1019 1020
f 970 1020 971
f 1071 1070 1069 1068 1067 1066 1065 1064 1063 1062 1061 1060 1059 1058 1057 1056 1055 1054 1053 1052 1051 1050 1049 1048 1047 1046 1045 1044 1043 1042 1041 1040 1039 1038 1037 1036 1035 1034 1033 1032 1031 1030 1029 1028 1027 1026 1025 1024 1023 1022
f 1021 1022 1023
f 1021 1023 1024
f 1021 1024 1025
f 1021 1025 1026
f 1021 1026 1027
f 1021 1027 1028
f 1021 1028 1029
f 1021 1029 1030
f 1021 1030 1031
f 1021 1031 1032
f 1021 1032 1033
f 1021 1033 1034
f 1021 1034 1035
f 1021 1035 1036
f 1021 1036 1037
f 1021 1037 1038
f 1021 1038 1039
f 1021 1039 1040
f 1021 1040 1041
f 1021 1041 1042
f 1021 1042 1043
f 1021 1043 1044
f 1021 1044 1045
f 1021 1045 1046
f 1021 1046 1047
f 1021 1047 1048
f 1021 1048 1049
f 1021 1049 1050
f 1021 1050 1051
f 1021 1051 1052
f 1021 1052 1053
f 1021 1053 1054
f 1021 1054 1055
f 1021 1055 1056
f 1021 1056 1057
f 1021 1057 1058
f 1021 1058 1059
f 1021 1059 1060
f 1021 1060 1061
f 1021 1061 1062
f 1021 1062 1063
f 1021 1063 1064
f 1021 1064 1065
f 1021 1065 1066
f 1021 1066 1067
f 1021 1067 1068
f 1021 1068 1069
f 1021 1069 1070
f 1021 1070 1071
f 1021 1071 1022
f 1122 1121 1120 1119 1118 1117 1116 1115 1114 1113 1112 1111 1110 1109 1108 1107 1106 1105 1104 1103 1102 1101 1100 1099 1098 1097 1096 1095 1094 1093 1092 1091 1090 1089 1088 1087 1086 1085 1084 1083 1082 1081 1080 1079 1078 1077 1076 1075 1074 1073
f 1072 1073 1074
f 1072 1074 1075
f 1072 1075 1076
f 1072 1076 1077
f 1072 1077 1078
f 1072 1078 1079
f 1072 1079 1080
f 1072 1080 1081
f 1072 1081 1082
f 1072 1082 1083
f 1072 1083 1084
f 1072 1084 1085
f 1072 1085 1086
f 1072 1086 1087
f 1072 1087 1088
f 1072 1088 1089
f 1072 1089 1090
f 1072 1090 1091
f 1072 1091 1092
f 1072 1092 1093
f 1072 1093 1094
f 1072 1094 1095
f 1072 1095 1096
f 1072 1096 1097
f 1072 1097 1098
f 1072 1098 1099
f 1072 1099 1100
f 1072 1100 1101
f 1072 1101 1102
f 1072 1102 1103
f 1072 1103 1104
f 1072 1104 1105
f 1072 1105 1106
f 1072 1106 1107
f 1072 1107 1108
f 1072 1108 1109
f 1072 1109 1110
f 1072 1110 1111
f 1072 1111 1112
f 1072 1112 1113
f 1072 1113 1114
f 1072 1114 1115
f 1072 1115 1116
f 1072 1116 1117
f 1072 1117 1118
f 1072 1118 1119
f 1072 1119 1120
f 1072 1120 1121
f 1072 1121 1122
f 1072 1122 1073
f 1173 1172 1171 1170 1169 1168 1167 1166 1165 1164 1163 1162 1161 1160 1159 1158 1157 1156 1155 1154 1153 1152 1151 1150 1149 1148 1147 1146 1145 1144 1143 1142 1141 1140 1139 1138 1137 1136 1135 1134 1133 1132 1131 1130 1129 1128 1127 1126 1125 1124
f 1123 1124 1125
f 1123 1125 1126
f 1123 1126 1127
f 1123 1127 1128
f 1123 1128 1129
f 1123 1129 1130
f 1123 1130 1131
f 1123 1131 1132
f 1123 1132 1133
f 1123 1133 1134
f 1123 1134 1135
f 1123 1135 1136
f 1123 1136 1137
f 1123 1137 1138
f 1123 1138 1139
f 1123 1139 1140
f 1123 1140 1141
f 1123 1141 1142
f 1123 1142 1143
f 1123 1143 1144
f 1123 1144 1145
f 1123 1145 1146
f 1123 1146 1147
f 1123 1147 1148
f 1123 1148 1149
f 1123 1149 1150
f 1123 1150 1151
f 1123 1151 1152
f 1123 1152 1153
f 1123 1153 1154
f 1123 1154 1155
f 1123 1155 1156
f 1123 1156 1157
f 1123 1157 1158
f 1123 1158 1159
f 1123 1159 1160
f 1123 1160 1161
f 1123 1161 1162
f 1123 1162 1163
f 1123 1163 1164
f 1123 1164 1165
f 1123 1165 1166
f 1123 1166 1167
f 1123 1167 1168
f 1123 1168 1169
f 1123 1169 1170
f 1123 1170 1171
f 1123 1171 1172
f 1123 1172 1173
f 1123 1173 1124
f 1224 1223 1222 1221 1220 1219 1218 1217 1216 1215 1214 1213 1212 1211 1210 1209 1208 1207 1206 1205 1204 1203 1202 1201 1200 1199 1198 1197 1196 1195 1194 1193 1192 1191 1190 1189 1188 1187 1186 1185 1184 1183 1182 1181 1180 1179 1178 1177 1176 1175
f 1174 1175 1176
f 1174 1176 1177
f 1174 1177 1178
f 1174 1178 1179
f 1174 1179 1180
f 1174 1180 1181
f 1174 1181 1182
f 1174 1182 1183
f 1174 1183 1184
f 1174 1184 1185
f 1174 1185 1186
f 1174 1186 1187
f 1174 1187 1188
f 1174 1188 1189
f 1174 1189 1190
f 1174 1190 1191
f 1174 1191 1192
f 1174 1192 1193
f 1174 1193 1194
f 1174 1194 1195
f 1174 1195 1196
f 1174 1196 1197
f 1174 1197 1198
f 1174 1198 1199
f 1174 1199 1200
f 1174 1200 1201
f 1174 1201 1202
f 1174 1202 1203
f 1174 1203 1204
f 1174 1204 1205
f 1174 1205 1206
f 1174 1206 1207
f 1174 1207 1208
f 1174 1208 1209
f 1174 1209 1210
f 1174 1210 1211
f 1174 1211 1212
f 1174 1212 1213
f 1174 1213 1214
f 1174 1214 1215
f 1174 1215 1216
f 1174 1216 1217
f 1174 1217 1218
f 1174 1218 1219
f 1174 1219 1220
f 1174 1220 1221
f 1174 1221 1222
f 1174 1222 1223
f 1174 1223 1224
f 1174 1224 1175
f 1275 1274 1273 1272 1271 1270 1269 1268 1267 1266 1265 1264 1263 1262 1261 1260 1259 1258 1257 1256 1255 1254 1253 1252 1251 1250 1249 1248 1247 1246 1245 1244 1243 1242 1241 1240 1239 1238 1237 1236 1235 1234 1233 1232 1231 1230 1229 1228 1227 1226
f 1225 1226 1227
f 1225 1227 1228
f 1225 1228 1229
f 1225 1229 1230
f 1225 1230 1231
f 1225 1231 1232
f 1225 1232 1233
f 1225 1233 1234
f 1225 1234 1235
f 1225 1235 1236
f 1225 1236 1237
f 1225 1237 1238
f 1225 1238 1239
f 1225 1239 1240
f 1225 1240 1241
f 1225 1241 1242
f 1225 1242 1243
f 1225 1243 1244
f 1225 1244 1245
f 1225 1245 1246
f 1225 1246 1247
f 1225 1247 1248
f 1225 1248 1249
f 1225 1249 1250
f 1225 1250 1251
f 1225 1251 1252
f 1225 1252 1253
f 1225 1253 1254
f 1225 1254 1255
f 1225 1255 1256
f 1225 1256 1257
f 1225 1257 1258
f 1225 1258 1259
f 1225 1259 1260
f 1225 1260 1261
f 1225 1261 1262
f 1225 1262 1263
f 1225 1263 1264
f 1225 1264 1265
f 1225 1265 1266
f 1225 1266 1267
f 1225 1267 1268
f 1225 1268 1269
f 1225 1269 1270
f 1225 1270 1271
f 1225 1271 1272
f 1225 1272 1273
f 1225 1273 1274
f 1225 1274 1275
f 1225 1275 1226
f 1326 1325 1324 1323 1322 1321 1320 1319 1318 1317 1316 1315 1314 1313 1312 1311 1310 1309 1308 1307 1306 1305 1304 1303 1302 1301 1300 1299 1298 1297 1296 1295 1294 1293 1292 1291 1290 1289 1288 1287 1286 1285 1284 1283 1282 1281 1280 1279 1278 1277
f 1276 1277 1278
f 1276 1278 1279
f 1276 1279 1280
f 1276 1280 1281
f 1276 1281 1282
f 1276 1282 1283
f 1276 1283 1284
f 1276 1284 1285
f 1276 1285 1286
f 1276 1286 1287
f 1276 1287 1288
f 1276 1288 1289
f 1276 1289 1290
f 1276 1290 1291
f 1276 1291 1292
f 1276 1292 1293
f 1276 1293 1294
f 1276 1294 1295
f 1276 1295 1296
f 1276 1296 1297
f 1276 1297 1298
f 1276 1298 1299
f 1276 1299 1300
f 1276 1300 1301
f 1276 1301 1302
f 1276 1302 1303
f 1276 1303 1304
f 1276 1304 1305
f 1276 1305 1306
f 1276 1306 1307
f 1276 1307 1308
f 1276 1308 1309
f 1276 1309 1310
f 1276 1310 1311
f 1276 1311 1312
f 1276 1312 1313
f 1276 1313 1314
f 1276 1314 1315
f 1276 1315 1316
f 1276 1316 1317
f 1276 1317 1318
f 1276 1318 1319
f 1276 1319 1320
f 1276 1320 1321
f 1276 1321 1322
f 1276 1322 1323
f 1276 1323 1324
f 1276 1324 1325
f 1276 1325 1326
f 1276 1326 1277
f 1377 1376 1375 1374 1373 1372 1371 1370 1369 1368 1367 1366 1365 1364 1363 1362 1361 1360 1359 1358 1357 1356 1355 1354 1353 1352 1351 1350 1349 1348 1347 1346 1345 1344 1343 1342 1341 1340 1339 1338 1337 1336 1335 1334 1333 1332 1331 1330 1329 1328
f 1327 1328 1329
f 1327 1329 1330
f 1327 1330 1331
f 1327 1331 1332
f 1327 1332 1333
f 1327 1333 1334
f 1327 1334 1335
f 1327 1335 1336
f 1327 1336 1337
f 1327 1337 1338
f 1327 1338 1339
f 1327 1339 1340
f 1327 1340 1341
f 1327 1341 1342
f 1327 1342 1343
f 1327 1343 1344
f 1327 1344 1345
f 1327 1345 1346
f 1327 1346 1347
f 1327 1347 1348
f 1327 1348 1349
f 1327 1349 1350
f 1327 1350 1351
f 1327 1351 1352
f 1327 1352 1353
f 1327 1353 1354
f 1327 1354 1355
f 1327 1355 1356
f 1327 1356 1357
f 1327 1357 1358
f 1327 1358 1359
f 1327 1359 1360
f 1327 1360 1361
f 1327 1361 1362
f 1327 1362 1363
f 1327 1363 1364
f 1327 1364 1365
f 1327 1365 1366
f 1327 1366 1367
f 1327 1367 1368
f 1327 1368 1369
f 1327 1369 1370
f 1327 1370 1371
f 1327 1371 1372
f 1327 1372 1373
f 1327 1373 1374
f 1327 1374 1375
f 1327 1375 1376
f 1327 1376 1377
f 1327 1377 1328
f 1428 1427 1426 1425 1424 1423 1422 1421 1420 1419 1418 1417 1416 1415 1414 1413 1412 1411 1410 1409 1408 1407 1406 1405 1404 1403 1402 1401 1400 1399 1398 1397 1396 1395 1394 1393 1392 1391 1390 1389 1388 1387 1386 1385 1384 1383 1382 1381 1380 1379
f 1378 1379 1380
f 1378 1380 1381
f 1378 1381 1382
f 1378 1382 1383
f 1378 1383 1384
f 1378 1384 1385
f 1378 1385 1386
f 1378 1386 1387
f 1378 1387 1388
f 1378 1388 1389
f 1378 1389 1390
f 1378 1390 1391
f 1378 1391 1392
f 1378 1392 1393
f 1378 1393 1394
f 1378 1394 1395
f 1378 1395 1396
f 1378 1396 1397
f 1378 1397 1398
f 1378 1398 1399
f 1378 1399 1400
f 1378 1400 1401
f 1378 1401 1402
f 1378 1402 1403
f 1378 1403 1404
f 1378 1404 1405
f 1378 1405 1406
f 1378 1406 1407
f 1378 1407 1408
f 1378 1408 1409
f 1378 1409 1410
f 1378 1410 1411
f 1378 1411 1412
f 1378 1412 1413
f 1378 1413 1414
f 1378 1414 1415
f 1378 1415 1416
f 1378 1416 1417
f 1378 1417 1418
f 1378 1418 1419
f 1378 1419 1420
f 1378 1420 1421
f 1378 1421 1422
f 1378 1422 1423
f 1378 1423 1424
f 1378 1424 1425
f 1378 1425 1426
f 1378 1426 1427
f 1378 1427 1428
f 1378 1428 1379
f 1479 1478 1477 1476 1475 1474 1473 1472 1471 1470 1469 1468 1467 1466 1465 1464 1463 1462 1461 1460 1459 1458 1457 1456 1455 1454 1453 1452 1451 1450 1449 1448 1447 1446 1445 1444 1443 1442 1441 1440 1439 1438 1437 1436 1435 1434 1433 1432 1431 1430
f 1429 1430 1431
f 1429 1431 1432
f 1429 1432 1433
f 1429 1433 1434
f 1429 1434 1435
f 1429 1435 1436
f 1429 1436 1437
f 1429 1437 1438
f 1429 1438 1439
f 1429 1439 1440
f 1429 1440 1441
f 1429 1441 1442
f 1429 1442 1443
f 1429 1443 1444
f 1429 1444 1445
f 1429 1445 1446
f 1429 1446 1447
f 1429 1447 1448
f 1429 1448 1449
f 1429 1449 1450
f 1429 1450 1451
f 1429 1451 1452
f 1429 1452 1453
f 1429 1453 1454
f 1429 1454 1455
f 1429 1455 1456
f 1429 1456 1457
f 1429 1457 1458
f 1429 1458 1459
f 1429 1459 1460
f 1429 1460 1461
f 1429 1461 1462
f 1429 1462 1463
f 1429 1463 1464
f 1429 1464 1465
f 1429 1465 1466
f 1429 1466 1467
f 1429 1467 1468
f 1429 1468 1469
f 1429 1469 1470
f 1429 1470 1471
f 1429 1471 1472
f 1429 1472 1473
f 1429 1473 1474
f 1429 1474 1475
f 1429 1475 1476
f 1429 1476 1477
f 1429 1477 1478
f 1429 1478 1479
f 1429 1479 1430
f 1530 1529 1528 1527 1526 1525 1524 1523 1522 1521 1520 1519 1518 1517 1516 1515 1514 1513 1512 1511 1510 1509 1508 1507 1506 1505 1504 1503 1502 1501 1500 1499 1498 1497 1496 1495 1494 1493 1492 1491 1490 1489 1488 1487 1486 1485 1484 1483 1482 1481
f 1480 1481 1482
f 1480 1482 1483
f 1480 1483 1484
f 1480 1484 1485
f 1480 1485 1486
f 1480 1486 1487
f 1480 1487 1488
f 1480 1488 1489
f 1480 1489 1490
f 1480 1490 1491
f 1480 1491 1492
f 1480 1492 1493
f 1480 1493 1494
f 1480 1494 1495
f 1480 1495 1496
f 1480 1496 1497
f 1480 1497 1498
f 1480 1498 1499
f 1480 1499 1500
f 1480 1500 1501
f 1480 1501 1502
f 1480 1502 1503
f 1480 1503 1504
f 1480 1504 1505
f 1480 1505 1506
f 1480 1506 1507
f 1480 1507 1508
f 1480 1508 1509
f 1480 1509 1510
f 1480 1510 1511
f 1480 1511 1512
f 1480 1512 1513
f 1480 1513 1514
f 1480 1514 1515
f 1480 1515 1516
f 1480 1516 1517
f 1480 1517 1518
f 1480 1518 1519
f 1480 1519 1520
f 1480 1520 1521
f 1480 1521 1522
f 1480 1522 1523
f 1480 1523 1524
f 1480 1524 1525
f 1480 1525 1526
f 1480 1526 1527
f 1480 1527 1528
f 1480 1528 1529
f 1480 1529 1530
f 1480 1530 1481
f 1581 1580 1579 1578 1577 1576 1575 1574 1573 1572 1571 1570 1569 1568 1567 1566 1565 1564 1563 1562 1561 1560 1559 1558 1557 1556 1555 1554 1553 1552 1551 1550 1549 1548 1547 1546 1545 1544 1543 1542 1541 1540 1539 1538 1537 1536 1535 1534 1533 1532
f 1531 1532 1533
f 1531 1533 1534
f 1531 1534 1535
f 1531 1535 1536
f 1531 1536 1537
f 1531 1537 1538
f 1531 1538 1539
f 1531 1539 1540
f 1531 1540 1541
f 1531 1541 1542
f 1531 1542 1543
f 1531 1543 1544
f 1531 1544 1545
f 1531 1545 1546
f 1531 1546 1547
f 1531 1547 1548
f 1531 1548 1549
f 1531 1549 1550
f 1531 1550 1551
f 1531 1551 1552
f 1531 1552 1553
f 1531 1553 1554
f 1531 1554 1555
f 1531 1555 1556
f 1531 1556 1557
f 1531 1557 1558
f 1531 1558 1559
f 1531 1559 1560
f 1531 1560 1561
f 1531 1561 1562
f 1531 1562 1563
f 1531 1563 1564
f 1531 1564 1565
f 1531 1565 1566
f 1531 1566 1567
f 1531 1567 1568
f 1531 1568 1569
f 1531 1569 1570
f 1531 1570 1571
f 1531 1571 1572
f 1531 1572 1573
f 1531 1573 1574
f 1531 1574 1575
f 1531 1575 1576
f 1531 1576 1577
f 1531 1577 1578
f 1531 1578 1579
f 1531 1579 1580
f 1531 1580 1581
f 1531 1581 1532
f 1632 1631 1630 1629 1628 1627 1626 1625 1624 1623 1622 1621 1620 1619 1618 1617 1616 1615 1614 1613 1612 1611 1610 1609 1608 1607 1606 1605 1604 1603 1602 1601 1600 1599 1598 1597 1596 1595 1594 1593 1592 1591 1590 1589 1588 1587 1586 1585 1584 1583
f 1582 1583 1584
f 1582 1584 1585
f 1582 1585 1586
f 1582 1586 1587
f 1582 1587 1588
f 1582 1588 1589
f 1582 1589 1590
f 1582 1590 1591
f 1582 1591 1592
f 1582 1592 1593
f 1582 1593 1594
f 1582 1594 1595
f 1582 1595 1596
f 1582 1596 1597
f 1582 1597 1598
f 1582 1598 1599
f 1582 1599 1600
f 1582 1600 1601
f 1582 1601 1602
f 1582 1602 1603
f 1582 1603 1604
f 1582 1604 1605
f 1582 1605 1606
f 1582 1606 1607
f 1582 1607 1608
f 1582 1608 1609
f 1582 1609 1610
f 1582 1610 1611
f 1582 1611 1612
f 1582 1612 1613
f 1582 1613 1614
f 1582 1614 1615
f 1582 1615 1616
f 1582 1616 1617
f 1582 1617 1618
f 1582 1618 1619
f 1582 1619 1620
f 1582 1620 1621
f 1582 1621 1622
f 1582 1622 1623
f 1582 1623 1624
f 1582 1624 1625
f 1582 1625 1626
f 1582 1626 1627
f 1582 1627 1628
f 1582 1628 1629
f 1582 1629 1630
f 1582 1630 1631
f 1582 1631 1632
f 1582 1632 1583
f 1683 1682 1681 1680 1679 1678 1677 1676 1675 1674 1673 1672 1671 1670 1669 1668 1667 1666 1665 1664 1663 1662 1661 1660 1659 1658 1657 1656 1655 1654 1653 1652 1651 1650 1649 1648 1647 1646 1645 1644 1643 1642 1641 1640 1639 1638 1637 1636 1635 1634
f 1633 1634 1635
f 1633 1635 1636
f 1633 1636 1637
f 1633 1637 1638
f 1633 1638 1639
f 1633 1639 1640
f 1633 1640 1641
f 1633 1641 1642
f 1633 1642 1643
f 1633 1643 1644
f 1633 1644 1645
f 1633 1645 1646
f 1633 1646 1647
f 1633 1647 1648
f 1633 1648 1649
f 1633 1649 1650
f 1633 1650 1651
f 1633 1651 1652
f 1633 1652 1653
f 1633 1653 1654
f 1633 1654 1655
f 1633 1655 1656
f 1633 1656 1657
f 1633 1657 1658
f 1633 1658 1659
f 1633 1659 1660
f 1633 1660 1661
f 1633 1661 1662
f 1633 1662 1663
f 1633 1663 1664
f 1633 1664 1665
f 1633 1665 1666
f 1633 1666 1667
f 1633 1667 1668
f 1633 1668 1669
f 1633 1669 1670
f 1633 1670 1671
f 1633 1671 1672
f 1633 1672 1673
f 1633 1673 1674
f 1633 1674 1675
f 1633 1675 1676
f 1633 1676 1677
f 1633 1677 1678
f 1633 1678 1679
f 1633 1679 1680
f 1633 1680 1681
f 1633 1681 1682
f 1633 1682 1683
f 1633 1683 1634
f 1734 1733 1732 1731 1730 1729 1728 1727 1726 1725 1724 1723 1722 1721 1720 1719 1718 1717 1716 1715 1714 1713 1712 1711 1710 1709 1708 1707 1706 1705 1704 1703 1702 1701 1700 1699 1698 1697 1696 1695 1694 1693 1692 1691 1690 1689 1688 1687 1686 1685
f 1684 1685 1686
f 1684 1686 1687
f 1684 1687 1688
f 1684 1688 1689
f 1684 1689 1690
f 1684 1690 1691
f 1684 1691 1692
f 1684 1692 1693
f 1684 1693 1694
f 1684 1694 1695
f 1684 1695 1696
f 1684 1696 1697
f 1684 1697 1698
f 1684 1698 1699
f 1684 1699 1700
f 1684 1700 1701
f 1684 1701 1702
f 1684 1702 1703
f 1684 1703 1704
f 1684 1704 1705
f 1684 1705 1706
f 1684 1706 1707
f 1684 1707 1708
f 1684 1708 1709
f 1684 1709 1710
f 1684 1710 1711
f 1684 1711 1712
f 1684 1712 1713
f 1684 1713 1714
f 1684 1714 1715
f 1684 1715 1716
f 1684 1716 1717
f 1684 1717 1718
f 1684 1718 1719
f 1684 1719 1720
f 1684 1720 1721
f 1684 1721 1722
f 1684 1722 1723
f 1684 1723 1724
f 1684 1724 1725
f 1684 1725 1726
f 1684 1726 1727
f 1684 1727 1728
f 1684 1728 1729
f 1684 1729 1730
f 1684 1730 1731
f 1684 1731 1732
f 1684 1732 1733
f 1684 1733 1734
f 1684 1734 1685
f 1785 1784 1783 1782 1781 1780 1779 1778 1777 1776 1775 1774 1773 1772 1771 1770 1769 1768 1767 1766 1765 1764 1763 1762 1761 1760 1759 1758 1757 1756 1755 1754 1753 1752 1751 1750 1749 1748 1747 1746 1745 1744 1743 1742 1741 1740 1739 1738 1737 1736
f 1735 1736 1737
f 1735 1737 1738
f 1735 1738 1739
f 1735 1739 1740
f 1735 1740 1741
f 1735 1741 1742
f 1735 1742 1743
f 1735 1743 1744
f 1735 1744 1745
f 1735 1745 1746
f 1735 1746 1747
f 1735 1747 1748
f 1735 1748 1749
f 1735 1749 1750
f 1735 1750 1751
f 1735 1751 1752
f 1735 1752 1753
f 1735 1753 1754
f 1735 1754 1755
f 1735 1755 1756
f 1735 1756 1757
f 1735 1757 1758
f 1735 1758 1759
f 1735 1759 1760
f 1735 1760 1761
f 1735 1761 1762
f 1735 1762 1763
f 1735 1763 1764
f 1735 1764 1765
f 1735 1765 1766
f 1735 1766 1767
f 1735 1767 1768
f 1735 1768 1769
f 1735 1769 1770
f 1735 1770 1771
f 1735 1771 1772
f 1735 1772 1773
f 1735 1773 1774
f 1735 1774 1775
f 1735 1775 1776
f 1735 1776 1777
f 1735 1777 1778
f 1735 1778 1779
f 1735 1779 1780
f 1735 1780 1781
f 1735 1781 1782
f 1735 1782 1783
f 1735 1783 1784
f 1735 1784 1785
f 1735 1785 1736
f 1836 1835 1834 1833 1832 1831 1830 1829 1828 1827 1826 1825 1824 1823 1822 1821 1820 1819 1818 1817 1816 1815 1814 1813 1812 1811 1810 1809 1808 1807 1806 1805 1804 1803 1802 1801 1800 1799 1798 1797 1796 1795 1794 1793 1792 1791 1790 1789 1788 1787
f 1786 1787 1788
f 1786 1788 1789
f 1786 1789 1790
f 1786 1790 1791
f 1786 1791 1792
f 1786 1792 1793
f 1786 1793 1794
f 1786 1794 1795
f 1786 1795 1796
f 1786 1796 1797
f 1786 1797 1798
f 1786 1798 1799
f 1786 1799 1800
f 1786 1800 1801
f 1786 1801 1802
f 1786 1802 1803
f 1786 1803 1804
f 1786 1804 1805
f 1786 1805 1806
f 1786 1806 1807
f 1786 1807 1808
f 1786 1808 1809
f 1786 1809 1810
f 1786 1810 1811
f 1786 1811 1812
f 1786 1812 1813
f 1786 1813 1814
f 1786 1814 1815
f 1786 1815 1816
f 1786 1816 1817
f 1786 1817 1818
f 1786 1818 1819
f 1786 1819 1820
f 1786 1820 1821
f 1786 1821 1822
f 1786 1822 1823
f 1786 1823 1824
f 1786 1824 1825
f 1786 1825 1826
f 1786 1826 1827
f 1786 1827 1828
f 1786 1828 1829
f 1786 1829 1830
f 1786 1830 1831
f 1786 1831 1832
f 1786 1832 1833
f 1786 1833 1834
f 1786 1834 1835
f 1786 1835 1836
f 1786 1836 1787
f 1887 1886 1885 1884 1883 1882 1881 1880 1879 1878 1877 1876 1875 1874 1873 1872 1871 1870 1869 1868 1867 1866 1865 1864 1863 1862 1861 1860 1859 1858 1857 1856 1855 1854 1853 1852 1851 1850 1849 1848 1847 1846 1845 1844 1843 1842 1841 1840 1839 1838
f 1837 1838 1839
f 1837 1839 1840
f 1837 1840 1841
f 1837 1841 1842
f 1837 1842 1843
f 1837 1843 1844
f 1837 1844 1845
f 1837 1845 1846
f 1837 1846 1847
f 1837 1847 1848
f 1837 1848 1849
f 1837 1849 1850
f 1837 1850 1851
f 1837 1851 1852
f 1837 1852 1853
f 1837 1853 1854
f 1837 1854 1855
f 1837 1855 1856
f 1837 1856 1857
f 1837 1857 1858
f 1837 1858 1859
f 1837 1859 1860
f 1837 1860 1861
f 1837 1861 1862
f 1837 1862 1863
f 1837 1863 1864
f 1837 1864 1865
f 1837 1865 1866
f 1837 1866 1867
f 1837 1867 1868
f 1837 1868 1869
f 1837 1869 1870
f 1837 1870 1871
f 1837 1871 1872
f 1837 1872 1873
f 1837 1873 1874
f 1837 1874 1875
f 1837 1875 1876
f 1837 1876 1877
f 1837 1877 1878
f 1837 1878 1879
f 1837 1879 1880
f 1837 1880 1881
f 1837 1881 1882
f 1837 1882 1883
f 1837 1883 1884
f 1837 1884 1885
f 1837 1885 1886
f 1837 1886 1887
f 1837 1887 1838
f 1938 1937 1936 1935 1934 1933 1932 1931 1930 1929 1928 1927 1926 1925 1924 1923 1922 1921 1920 1919 1918 1917 1916 1915 1914 1913 1912 1911 1910 1909 1908 1907 1906 1905 1904 1903 1902 1901 1900 1899 1898 1897 1896 1895 1894 1893 1892 1891 1890 1889
f 1888 1889 1890
f 1888 1890 1891
f 1888 1891 1892
f 1888 1892 1893
f 1888 1893 1894
f 1888 1894 1895
f 1888 1895 1896
f 1888 1896 1897
f 1888 1897 1898
f 1888 1898 1899
f 1888 1899 1900
f 1888 1900 1901
f 1888 1901 1902
f 1888 1902 1903
f 1888 1903 1904
f 1888 1904 1905
f 1888 1905 1906
f 1888 1906 1907
f 1888 1907 1908
f 1888 1908 1909
f 1888 1909 1910
f 1888 1910 1911
f 1888 1911 1912
f 1888 1912 1913
f 1888 1913 1914
f 1888 1914 1915
f 1888 1915 1916
f 1888 1916 1917
f 1888 1917 1918
f 1888 1918 1919
f 1888 1919 1920
f 1888 1920 1921
f 1888 1921 1922
f 1888 1922 1923
f 1888 1923 1924
f 1888 1924 1925
f 1888 1925 1926
f 1888 1926 1927
f 1888 1927 1928
f 1888 1928 1929
f 1888 1929 1930
f 1888 1930 1931
f 1888 1931 1932
f 1888 1932 1933
f 1888 1933 1934
f 1888 1934 1935
f 1888 1935 1936
f 1888 1936 1937
f 1888 1937 1938
f 1888 1938 1889
f 1989 1988 1987 1986 1985 1984 1983 1982 1981 1980 1979 1978 1977 1976 1975 1974 1973 1972 1971 1970 1969 1968 1967 1966 1965 1964 1963 1962 1961 1960 1959 1958 1957 1956 1955 1954 1953 1952 1951 1950 1949 1948 1947 1946 1945 1944 1943 1942 1941 1940
f 1939 1940 1941
f 1939 1941 1942
f 1939 1942 1943
f 1939 1943 1944
f 1939 1944 1945
f 1939 1945 1946
f 1939 1946 1947
f 1939 1947 1948
f 1939 1948 1949
f 1939 1949 1950
f 1939 1950 1951
f 1939 1951 1952
f 1939 1952 1953
f 1939 1953 1954
f 1939 1954 1955
f 1939 1955 1956
f 1939 1956 1957
f 1939 1957 1958
f 1939 1958 1959
f 1939 1959 1960
f 1939 1960 1961
f 1939 1961 1962
f 1939 1962 1963
f 1939 1963 1964
f 1939 1964 1965
f 1939 1965 1966
f 1939 1966 1967
f 1939 1967 1968
f 1939 1968 1969
f 1939 1969 1970
f 1939 1970 1971
f 1939 1971 1972
f 1939 1972 1973
f 1939 1973 1974
f 1939 1974 1975
f 1939 1975 1976
f 1939 1976 1977
f 1939 1977 1978
f 1939 1978 1979
f 1939 1979 1980
f 1939 1980 1981
f 1939 1981 1982
f 1939 1982 1983
f 1939 1983 1984
f 1939 1984 1985
f 1939 1985 1986
f 1939 1986 1987
f 1939 1987 1988
f 1939 1988 1989
f 1939 1989 1940
f 2040 2039 2038 2037 2036 2035 2034 2033 2032 2031 2030 2029 2028 2027 2026 2025 2024 2023 2022 2021 2020 2019 2018 2017 2016 2015 2014 2013 2012 2011 2010 2009 2008 2007 2006 2005 2004 2003 2002 2001 2000 1999 1998 1997 1996 1995 1994 1993 1992 1991
f 1990 1991 1992
f 1990 1992 1993
f 1990 1993 1994
f 1990 1994 1995
f 1990 1995 1996
f 1990 1996 1997
f 1990 1997 1998
f 1990 1998 1999
f 1990 1999 2000
f 1990 2000 2001
f 1990 2001 2002
f 1990 2002 2003
f 1990 2003 2004
f 1990 2004 2005
f 1990 2005 2006
f 1990 2006 2007
f 1990 2007 2008
f 1990 2008 2009
f 1990 2009 2010
f 1990 2010 2011
f 1990 2011 2012
f 1990 2012 2013
f 1990 2013 2014
f 1990 2014 2015
f 1990 2015 2016
f 1990 2016 2017
f 1990 2017 2018
f 1990 2018 2019
f 1990 2019 2020
f 1990 2020 2021
f 1990 2021 2022
f 1990 2022 2023
f 1990 2023 2024
f 1990 2024 2025
f 1990 2025 2026
f 1990 2026 2027
f 1990 2027 2028
f 1990 2028 2029
f 1990 2029 2030
f 1990 2030 2031
f 1990 2031 2032
f 1990 2032 2033
f 1990 2033 2034
f 1990 2034 2035
f 1990 2035 2036
f 1990 2036 2037
f 1990 2037 2038
f 1990 2038 2039
f 1990 2039 2040
f 1990 2040 1991
f 2091 2090 2089 2088 2087 2086 2085 2084 2083 2082 2081 2080 2079 2078 2077 2076 2075 2074 2073 2072 2071 2070 2069 2068 2067 2066 2065 2064 2063 2062 2061 2060 2059 2058 2057 2056 2055 2054 2053 2052 2051 2050 2049 2048 2047 2046 2045 2044 2043 2042
f 2041 2042 2043
f 2041 2043 2044
f 2041 2044 2045
f 2041 2045 2046
f 2041 2046 2047
f 2041 2047 2048
f 2041 2048 2049
f 2041 2049 2050
f 2041 2050 2051
f 2041 2051 2052
f 2041 2052 2053
f 2041 2053 2054
f 2041 2054 2055
f 2041 2055 2056
f 2041 2056 2057
f 2041 2057 2058
f 2041 2058 2059
f 2041 2059 2060
f 2041 2060 2061
f 2041 2061 2062
f 2041 2062 2063
f 2041 2063 2064
f 2041 2064 2065
f 2041 2065 2066
f 2041 2066 2067
f 2041 2067 2068
f 2041 2068 2069
f 2041 2069 2070
f 2041 2070 2071
f 2041 2071 2072
f 2041 2072 2073
f 2041 2073 2074
f 2041 2074 2075
f 2041 2075 2076
f 2041 2076 2077
f 2041 2077 2078
f 2041 2078 2079
f 2041 2079 2080
f 2041 2080 2081
f 2041 2081 2082
f 2041 2082 2083
f 2041 2083 2084
f 2041 2084 2085
f 2041 2085 2086
f 2041 2086 2087
f 2041 2087 2088
f 2041 2088 2089
f 2041 2089 2090
f 2041 2090 2091
f 2041 2091 2042
f 2142 2141 2140 2139 2138 2137 2136 2135 2134 2133 2132 2131 2130 2129 2128 2127 2126 2125 2124 2123 2122 2121 2120 2119 2118 2117 2116 2115 2114 2113 2112 2111 2110 2109 2108 2107 2106 2105 2104 2103 2102 2101 2100 2099 2098 2097 2096 2095 2094 2093
f 2092 2093 2094
f 2092 2094 2095
f 2092 2095 2096
f 2092 2096 2097
f 2092 2097 2098
f 2092 2098 2099
f 2092 2099 2100
f 2092 2100 2101
f 2092 2101 2102
f 2092 2102 2103
f 2092 2103 2104
f 2092 2104 2105
f 2092 2105 2106
f 2092 2106 2107
f 2092 2107 2108
f 2092 2108 2109
f 2092 2109 2110
f 2092 2110 2111
f 2092 2111 2112
f 2092 2112 2113
f 2092 2113 2114
f 2092 2114 2115
f 2092 2115 2116
f 2092 2116 2117
f 2092 2117 2118
f 2092 2118 2119
f 2092 2119 2120
f 2092 2120 2121
f 2092 2121 2122
f 2092 2122 2123
f 2092 2123 2124
f 2092 2124 2125
f 2092 2125 2126
f 2092 2126 2127
f 2092 2127 2128
f 2092 2128 2129
f 2092 2129 2130
f 2092 2130 2131
f 2092 2131 2132
f 2092 2132 2133
f 2092 2133 2134
f 2092 2134 2135
f 2092 2135 2136
f 2092 2136 2137
f 2092 2137 2138
f 2092 2138 2139
f 2092 2139 2140
f 2092 2140 2141
f 2092 2141 2142
f 2092 2142 2093
f 2143 2144 2146 2145
f 2145 2146 2148 2147
f 2147 2148 2150 2149
f 2149 2150 2152 2151
f 2151 2152 2154 2153
f 2153 2154 2156 2155
f 2155 2156 2158 2157
f 2157 2158 2160 2159
f 2159 2160 2162 2161
f 2161 2162 2164 2163
f 2163 2164 2166 2165
f 2165 2166 2168 2167
f 2167 2168 2170 2169
f 2169 2170 2172 2171
f 2171 2172 2174 2173
f 2173 2174 2176 2175
f 2175 2176 2178 2177
f 2177 2178 2180 2179
f 2179 2180 2182 2181
f 2181 2182 2184 2183
f 2183 2184 2186 2185
f 2185 2186 2188 2187
f 2187 2188 2190 2189
f 2189 2190 2192 2191
f 2191 2192 2194 2193
f 2193 2194 2196 2195
f 2195 2196 2198 2197
f 2197 2198 2200 2199
f 2199 2200 2202 2201
f 2201 2202 2204 2203
f 2203 2204 2206 2205
f 2205 2206 2208 2207
f 2207 2208 2210 2209
f 2209 2210 2212 2211
f 2211 2212 2214 2213
f 2213 2214 2216 2215
f 2215 2216 2218 2217
f 2217 2218 2220 2219
f 2219 2220 2222 2221
f 2221 2222 2224 2223
f 2223 2224 2226 2225
f 2225 2226 2228 2227
f 2227 2228 2230 2229
f 2229 2230 2232 2231
f 2231 2232 2234 2233
f 2233 2234 2236 2235
f 2235 2236 2238 2237
f 2237 2238 2240 2239
f 2239 2240 2242 2241
f 2241 2242 2144 2143
f 2143 2145 2147 2149 2151 2153 2155 2157 2159 2161 2163 2165 2167 2169 2171 2173 2175 2177 2179 2181 2183 2185 2187 2189 2191 2193 2195 2197 2199 2201 2203 2205 2207 2209 2211 2213 2215 2217 2219 2221 2223 2225 2227 2229 2231 2233 2235 2237 2239 2241
f 2242 2240 2238 2236 2234 2232 2230 2228 2226 2224 2222 2220 2218 2216 2214 2212 2210 2208 2206 2204 2202 2200 2198 2196 2194 2192 2190 2188 2186 2184 2182 2180 2178 2176 2174 2172 2170 2168 2166 2164 2162 2160 2158 2156 2154 2152 2150 2148 2146 2144
f 2243 2244 2246 2245
f 2245 2246 2248 2247
f 2247 2248 2250 2249
f 2249 2250 2252 2251
f 2251 2252 2254 2253
f 2253 2254 2256 2255
f 2255 2256 2258 2257
f 2257 2258 2260 2259
f 2259 2260 2262 2261
f 2261 2262 2264 2263
f 2263 2264 2266 2265
f 2265 2266 2268 2267
f 2267 2268 2270 2269
f 2269 2270 2272 2271
f 2271 2272 2274 2273
f 2273 2274 2276 2275
f 2275 2276 2278 2277
f 2277 2278 2280 2279
f 2279 2280 2282 2281
f 2281 2282 2284 2283
f 2283 2284 2286 2285
f 2285 2286 2288 2287
f 2287 2288 2290 2289
f 2289 2290 2292 2291
f 2291 2292 2294 2293
f 2293 2294 2296 2295
f 2295 2296 2298 2297
f 2297 2298 2300 2299
f 2299 2300 2302 2301
f 2301 2302 2304 2303
f 2303 2304 2306 2305
f 2305 2306 2308 2307
f 2307 2308 2310 2309
f 2309 2310 2312 2311
f 2311 2312 2314 2313
f 2313 2314 2316 2315
f 2315 2316 2318 2317
f 2317 2318 2320 2319
f 2319 2320 2322 2321
f 2321 2322 2324 2323
f 2323 2324 2326 2325
f 2325 2326 2328 2327
f 2327 2328 2330 2329
f 2329 2330 2332 2331
f 2331 2332 2334 2333
f 2333 2334 2336 2335
f 2335 2336 2338 2337
f 2337 2338 2340 2339
f 2339 2340 2342 2341
f 2341 2342 2244 2243
f 2243 2245 2247 2249 2251 2253 2255 2257 2259 2261 2263 2265 2267 2269 2271 2273 2275 2277 2279 2281 2283 2285 2287 2289 2291 2293 2295 2297 2299 2301 2303 2305 2307 2309 2311 2313 2315 2317 2319 2321 2323 2325 2327 2329 2331 2333 2335 2337 2339 2341
f 2342 2340 2338 2336 2334 2332 2330 2328 2326 2324 2322 2320 2318 2316 2314 2312 2310 2308 2306 2304 2302 2300 2298 2296 2294 2292 2290 2288 2286 2284 2282 2280 2278 2276 2274 2272 2270 2268 2266 2264 2262 2260 2258 2256 2254 2252 2250 2248 2246 2244
f 2343 2344 2346 2345
f 2345 2346 2348 2347
f 2347 2348 2350 2349
f 2349 2350 2352 2351
f 2351 2352 2354 2353
f 2353 2354 2356 2355
f 2355 2356 2358 2357
f 2357 2358 2360 2359
f 2359 2360 2362 2361
f 2361 2362 2364 2363
f 2363 2364 2366 2365
f 2365 2366 2368 2367
f 2367 2368 2370 2369
f 2369 2370 2372 2371
f 2371 2372 2374 2373
f 2373 2374 2376 2375
f 2375 2376 2378 2377
f 2377 2378 2380 2379
f 2379 2380 2382 2381
f 2381 2382 2384 2383
f 2383 2384 2386 2385
f 2385 2386 2388 2387
f 2387 2388 2390 2389
f 2389 2390 2392 2391
f 2391 2392 2394 2393
f 2393 2394 2396 2395
f 2395 2396 2398 2397
f 2397 2398 2400 2399
f 2399 2400 2402 2401
f 2401 2402 2404 2403
f 2403 2404 2406 2405
f 2405 2406 2408 2407
f 2407 2408 2410 2409
f 2409 2410 2412 2411
f 2411 2412 2414 2413
f 2413 2414 2416 2415
f 2415 2416 2418 2417
f 2417 2418 2420 2419
f 2419 2420 2422 2421
f 2421 2422 2424 2423
f 2423 2424 2426 2425
f 2425 2426 2428 2427
f 2427 2428 2430 2429
f 2429 2430 2432 2431
f 2431 2432 2434 2433
f 2433 2434 2436 2435
f 2435 2436 2438 2437
f 2437 2438 2440 2439
f 2439 2440 2442 2441
f 2441 2442 2344 2343
f 2343 2345 2347 2349 2351 2353 2355 2357 2359 2361 2363 2365 2367 2369 2371 2373 2375 2377 2379 2381 2383 2385 2387 2389 2391 2393 2395 2397 2399 2401 2403 2405 2407 2409 2411 2413 2415 2417 2419 2421 2423 2425 2427 2429 2431 2433 2435 2437 2439 2441
f 2442 2440 2438 2436 2434 2432 2430 2428 2426 2424 2422 2420 2418 2416 2414 2412 2410 2408 2406 2404 2402 2400 2398 2396 2394 2392 2390 2388 2386 2384 2382 2380 2378 2376 2374 2372 2370 2368 2366 2364 2362 2360 2358 2356 2354 2352 2350 2348 2346 2344
f 2443 2444 2446 2445
f 2445 2446 2448 2447
f 2447 2448 2450 2449
f 2449 2450 2452 2451
f 2451 2452 2454 2453
f 2453 2454 2456 2455
f 2455 2456 2458 2457
f 2457 2458 2460 2459
f 2459 2460 2462 2461
f 2461 2462 2464 2463
f 2463 2464 2466 2465
f 2465 2466 2468 2467
f 2467 2468 2470 2469
f 2469 2470 2472 2471
f 2471 2472 2474 2473
f 2473 2474 2476 2475
f 2475 2476 2478 2477
f 2477 2478 2480 2479
f 2479 2480 2482 2481
f 2481 2482 2484 2483
f 2483 2484 2486 2485
f 2485 2486 2488 2487
f 2487 2488 2490 2489
f 2489 2490 2492 2491
f 2491 2492 2494 2493
f 2493 2494 2496 2495
f 2495 2496 2498 2497
f 2497 2498 2500 2499
f 2499 2500 2502 2501
f 2501 2502 2504 2503
f 2503 2504 2506 2505
f 2505 2506 2508 2507
f 2507 2508 2510 2509
f 2509 2510 2512 2511
f 2511 2512 2514 2513
f 2513 2514 2516 2515
f 2515 2516 2518 2517
f 2517 2518 2520 2519
f 2519 2520 2522 2521
f 2521 2522 2524 2523
f 2523 2524 2526 2525
f 2525 2526 2528 2527
f 2527 2528 2530 2529
f 2529 2530 2532 2531
f 2531 2532 2534 2533
f 2533 2534 2536 2535
f 2535 2536 2538 2537
f 2537 2538 2540 2539
f 2539 2540 2542 2541
f 2541 2542 2444 2443
f 2443 2445 2447 2449 2451 2453 2455 2457 2459 2461 2463 2465 2467 2469 2471 2473 2475 2477 2479 2481 2483 2485 2487 2489 2491 2493 2495 2497 2499 2501 2503 2505 2507 2509 2511 2513 2515 2517 2519 2521 2523 2525 2527 2529 2531 2533 2535 2537 2539 2541
f 2542 2540 2538 2536 2534 2532 2530 2528 2526 2524 2522 2520 2518 2516 2514 2512 2510 2508 2506 2504 2502 2500 2498 2496 2494 2492 2490 2488 2486 2484 2482 2480 2478 2476 2474 2472 2470 2468 2466 2464 2462 2460 2458 2456 2454 2452 2450 2448 2446 2444
f 2543 2544 2546 2545
f 2545 2546 2548 2547
f 2547 2548 2550 2549
f 2549 2550 2552 2551
f 2551 2552 2554 2553
f 2553 2554 2556 2555
f 2555 2556 2558 2557
f 2557 2558 2560 2559
f 2559 2560 2562 2561
f 2561 2562 2564 2563
f 2563 2564 2566 2565
f 2565 2566 2568 2567
f 2567 2568 2570 2569
f 2569 2570 2572 2571
f 2571 2572 2574 2573
f 2573 2574 2576 2575
f 2575 2576 2578 2577
f 2577 2578 2580 2579
f 2579 2580 2582 2581
f 2581 2582 2584 2583
f 2583 2584 2586 2585
f 2585 2586 2588 2587
f 2587 2588 2590 2589
f 2589 2590 2592 2591
f 2591 2592 2594 2593
f 2593 2594 2596 2595
f 2595 2596 2598 2597
f 2597 2598 2600 2599
f 2599 2600 2602 2601
f 2601 2602 2604 2603
f 2603 2604 2606 2605
f 2605 2606 2608 2607
f 2607 2608 2610 2609
f 2609 2610 2612 2611
f 2611 2612 2614 2613
f 2613 2614 2616 2615
f 2615 2616 2618 2617
f 2617 2618 2620 2619
f 2619 2620 2622 2621
f 2621 2622 2624 2623
f 2623 2624 2626 2625
f 2625 2626 2628 2627
f 2627 2628 2630 2629
f 2629 2630 2632 2631
f 2631 2632 2634 2633
f 2633 2634 2636 2635
f 2635 2636 2638 2637
f 2637 2638 2640 2639
f 2639 2640 2642 2641
f 2641 2642 2544 2543
f 2543 2545 2547 2549 2551 2553 2555 2557 2559 2561 2563 2565 2567 2569 2571 2573 2575 2577 2579 2581 2583 2585 2587 2589 2591 2593 2595 2597 2599 2601 2603 2605 2607 2609 2611 2613 2615 2617 2619 2621 2623 2625 2627 2629 2631 2633 2635 2637 2639 2641
f 2642 2640 2638 2636 2634 2632 2630 2628 2626 2624 2622 2620 2618 2616 2614 2612 2610 2608 2606 2604 2602 2600 2598 2596 2594 2592 2590 2588 2586 2584 2582 2580 2578 2576 2574 2572 2570 2568 2566 2564 2562 2560 2558 2556 2554 2552 2550 2548 2546 2544
f 2643 2644 2646 2645
f 2645 2646 2648 2647
f 2647 2648 2650 2649
f 2649 2650 2652 2651
f 2651 2652 2654 2653
f 2653 2654 2656 2655
f 2655 2656 2658 2657
f 2657 2658 2660 2659
f 2659 2660 2662 2661
f 2661 2662 2664 2663
f 2663 2664 2666 2665
f 2665 2666 2668 2667
f 2667 2668 2670 2669
f 2669 2670 2672 2671
f 2671 2672 2674 2673
f 2673 2674 2676 2675
f 2675 2676 2678 2677
f 2677 2678 2680 2679
f 2679 2680 2682 2681
f 2681 2682 2684 2683
f 2683 2684 2686 2685
f 2685 2686 2688 2687
f 2687 2688 2690 2689
f 2689 2690 2692 2691
f 2691 2692 2694 2693
f 2693 2694 2696 2695
f 2695 2696 2698 2697
f 2697 2698 2700 2699
f 2699 2700 2702 2701
f 2701 2702 2704 2703
f 2703 2704 2706 2705
f 2705 2706 2708 2707
f 2707 2708 2710 2709
f 2709 2710 2712 2711
f 2711 2712 2714 2713
f 2713 2714 2716 2715
f 2715 2716 2718 2717
f 2717 2718 2720 2719
f 2719 2720 2722 2721
f 2721 2722 2724 2723
f 2723 2724 2726 2725
f 2725 2726 2728 2727
f 2727 2728 2730 2729
f 2729 2730 2732 2731
f 2731 2732 2734 2733
f 2733 2734 2736 2735
f 2735 2736 2738 2737
f 2737 2738 2740 2739
f 2739 2740 2742 2741
f 2741 2742 2644 2643
f 2643 2645 2647 2649 2651 2653 2655 2657 2659 2661 2663 2665 2667 2669 2671 2673 2675 2677 2679 2681 2683 2685 2687 2689 2691 2693 2695 2697 2699 2701 2703 2705 2707 2709 2711 2713 2715 2717 2719 2721 2723 2725 2727 2729 2731 2733 2735 2737 2739 2741
f 2742 2740 2738 2736 2734 2732 2730 2728 2726 2724 2722 2720 2718 2716 2714 2712 2710 2708 2706 2704 2702 2700 2698 2696 2694 2692 2690 2688 2686 2684 2682 2680 2678 2676 2674 2672 2670 2668 2666 2664 2662 2660 2658 2656 2654 2652 2650 2648 2646 2644
f 2144 2143 2241 2242
f 2242 2241 2239 2240
f 2240 2239 2237 2238
f 2238 2237 2235 2236
f 2236 2235 2233 2234
f 2234 2233 2231 2232
f 2232 2231 2229 2230
f 2230 2229 2227 2228
f 2228 2227 2225 2226
f 2226 2225 2223 2224
f 2224 2223 2221 2222
f 2222 2221 2219 2220
f 2220 2219 2217 2218
f 2218 2217 2215 2216
f 2216 2215 2213 2214
f 2214 2213 2211 2212
f 2212 2211 2209 2210
f 2210 2209 2207 2208
f 2208 2207 2205 2206
f 2206 2205 2203 2204
f 2204 2203 2201 2202
f 2202 2201 2199 2200
f 2200 2199 2197 2198
f 2198 2197 2195 2196
f 2196 2195 2193 2194
f 2194 2193 2191 2192
f 2192 2191 2189 2190
f 2190 2189 2187 2188
f 2188 2187 2185 2186
f 2186 2185 2183 2184
f 2184 2183 2181 2182
f 2182 2181 2179 2180
f 2180 2179 2177 2178
f 2178 2177 2175 2176
f 2176 2175 2173 2174
f 2174 2173 2171 2172
f 2172 2171 2169 2170
f 2170 2169 2167 2168
f 2168 2167 2165 2166
f 2166 2165 2163 2164
f 2164 2163 2161 2162
f 2162 2161 2159 2160
f 2160 2159 2157 2158
f 2158 2157 2155 2156
f 2156 2155 2153 2154
f 2154 2153 2151 2152
f 2152 2151 2149 2150
f 2150 2149 2147 2148
f 2148 2147 2145 2146
f 2146 2145 2143 2144
f 2144 2242 2240 2238 2236 2234 2232 2230 2228 2226 2224 2222 2220 2218 2216 2214 2212 2210 2208 2206 2204 2202 2200 2198 2196 2194 2192 2190 2188 2186 2184 2182 2180 2178 2176 2174 2172 2170 2168 2166 2164 2162 2160 2158 2156 2154 2152 2150 2148 2146
f 2145 2147 2149 2151 2153 2155 2157 2159 2161 2163 2165 2167 2169 2171 2173 2175 2177 2179 2181 2183 2185 2187 2189 2191 2193 2195 2197 2199 2201 2203 2205 2207 2209 2211 2213 2215 2217 2219 2221 2223 2225 2227 2229 2231 2233 2235 2237 2239 2241 2143
f 2743 2744 2746 2745
f 2745 2746 2748 2747
f 2747 2748 2750 2749
f 2749 2750 2752 2751
f 2751 2752 2754 2753
f 2753 2754 2756 2755
f 2755 2756 2758 2757
f 2757 2758 2760 2759
f 2759 2760 2762 2761
f 2761 2762 2764 2763
f 2763 2764 2766 2765
f 2765 2766 2768 2767
f 2767 2768 2770 2769
f 2769 2770 2772 2771
f 2771 2772 2774 2773
f 2773 2774 2776 2775
f 2775 2776 2778 2777
f 2777 2778 2780 2779
f 2779 2780 2782 2781
f 2781 2782 2784 2783
f 2783 2784 2786 2785
f 2785 2786 2788 2787
f 2787 2788 2790 2789
f 2789 2790 2792 2791
f 2791 2792 2794 2793
f 2793 2794 2796 2795
f 2795 2796 2798 2797
f 2797 2798 2800 2799
f 2799 2800 2802 2801
f 2801 2802 2804 2803
f 2803 2804 2806 2805
f 2805 2806 2808 2807
f 2807 2808 2810 2809
f 2809 2810 2812 2811
f 2811 2812 2814 2813
f 2813 2814 2816 2815
f 2815 2816 2818 2817
f 2817 2818 2820 2819
f 2819 2820 2822 2821
f 2821 2822 2824 2823
f 2823 2824 2826 2825
f 2825 2826 2828 2827
f 2827 2828 2830 2829
f 2829 2830 2832 2831
f 2831 2832 2834 2833
f 2833 2834 2836 2835
f 2835 2836 2838 2837
f 2837 2838 2840 2839
f 2839 2840 2842 2841
f 2841 2842 2744 2743
f 2743 2745 2747 2749 2751 2753 2755 2757 2759 2761 2763 2765 2767 2769 2771 2773 2775 2777 2779 2781 2783 2785 2787 2789 2791 2793 2795 2797 2799 2801 2803 2805 2807 2809 2811 2813 2815 2817 2819 2821 2823 2825 2827 2829 2831 2833 2835 2837 2839 2841
f 2842 2840 2838 2836 2834 2832 2830 2828 2826 2824 2822 2820 2818 2816 2814 2812 2810 2808 2806 2804 2802 2800 2798 2796 2794 2792 2790 2788 2786 2784 2782 2780 2778 2776 2774 2772 2770 2768 2766 2764 2762 2760 2758 2756 2754 2752 2750 2748 2746 2744
f 2843 2844 2846 2845
f 2845 2846 2848 2847
f 2847 2848 2850 2849
f 2849 2850 2852 2851
f 2851 2852 2854 2853
f 2853 2854 2856 2855
f 2855 2856 2858 2857
f 2857 2858 2860 2859
f 2859 2860 2862 2861
f 2861 2862 2864 2863
f 2863 2864 2866 2865
f 2865 2866 2868 2867
f 2867 2868 2870 2869
f 2869 2870 2872 2871
f 2871 2872 2874 2873
f 2873 2874 2876 2875
f 2875 2876 2878 2877
f 2877 2878 2880 2879
f 2879 2880 2882 2881
f 2881 2882 2884 2883
f 2883 2884 2886 2885
f 2885 2886 2888 2887
f 2887 2888 2890 2889
f 2889 2890 2892 2891
f 2891 2892 2894 2893
f 2893 2894 2896 2895
f 2895 2896 2898 2897
f 2897 2898 2900 2899
f 2899 2900 2902 2901
f 2901 2902 2904 2903
f 2903 2904 2906 2905
f 2905 2906 2908 2907
f 2907 2908 2910 2909
f 2909 2910 2912 2911
f 2911 2912 2914 2913
f 2913 2914 2916 2915
f 2915 2916 2918 2917
f 2917 2918 2920 2919
f 2919 2920 2922 2921
f 2921 2922 2924 2923
f 2923 2924 2926 2925
f 2925 2926 2928 2927
f 2927 2928 2930 2929
f 2929 2930 2932 2931
f 2931 2932 2934 2933
f 2933 2934 2936 2935
f 2935 2936 2938 2937
f 2937 2938 2940 2939
f 2939 2940 2942 2941
f 2941 2942 2844 2843
f 2843 2845 2847 2849 2851 2853 2855 2857 2859 2861 2863 2865 2867 2869 2871 2873 2875 2877 2879 2881 2883 2885 2887 2889 2891 2893 2895 2897 2899 2901 2903 2905 2907 2909 2911 2913 2915 2917 2919 2921 2923 2925 2927 2929 2931 2933 2935 2937 2939 2941
f 2942 2940 2938 2936 2934 2932 2930 2928 2926 2924 2922 2920 2918 2916 2914 2912 2910 2908 2906 2904 2902 2900 2898 2896 2894 2892 2890 2888 2886 2884 2882 2880 2878 2876 2874 2872 2870 2868 2866 2864 2862 2860 2858 2856 2854 2852 2850 2848 2846 2844
f 2943 2944 2946 2945
f 2945 2946 2948 2947
f 2947 2948 2950 2949
f 2949 2950 2952 2951
f 2951 2952 2954 2953
f 2953 2954 2956 2955
f 2955 2956 2958 2957
f 2957 2958 2960 2959
f 2959 2960 2962 2961
f 2961 2962 2964 2963
f 2963 2964 2966 2965
f 2965 2966 2968 2967
f 2967 2968 2970 2969
f 2969 2970 2972 2971
f 2971 2972 2974 2973
f 2973 2974 2976 2975
f 2975 2976 2978 2977
f 2977 2978 2980 2979
f 2979 2980 2982 2981
f 2981 2982 2984 2983
f 2983 2984 2986 2985
f 2985 2986 2988 2987
f 2987 2988 2990 2989
f 2989 2990 2992 2991
f 2991 2992 2994 2993
f 2993 2994 2996 2995
f 2995 2996 2998 2997
f 2997 2998 3000 2999
f 2999 3000 3002 3001
f 3001 3002 3004 3003
f 3003 3004 3006 3005
f 3005 3006 3008 3007
f 3007 3008 3010 3009
f 3009 3010 3012 3011
f 3011 3012 3014 3013
f 3013 3014 3016 3015
f 3015 3016 3018 3017
f 3017 3018 3020 3019
f 3019 3020 3022 3021
f 3021 3022 3024 3023
f 3023 3024 3026 3025
f 3025 3026 3028 3027
f 3027 3028 3030 3029
f 3029 3030 3032 3031
f 3031 3032 3034 3033
f 3033 3034 3036 3035
f 3035 3036 3038 3037
f 3037 3038 3040 3039
f 3039 3040 3042 3041
f 3041 3042 2944 2943
f 2943 2945 2947 2949 2951 2953 2955 2957 2959 2961 2963 2965 2967 2969 2971 2973 2975 2977 2979 2981 2983 2985 2987 2989 2991 2993 2995 2997 2999 3001 3003 3005 3007 3009 3011 3013 3015 3017 3019 3021 3023 3025 3027 3029 3031 3033 3035 3037 3039 3041
f 3042 3040 3038 3036 3034 3032 3030 3028 3026 3024 3022 3020 3018 3016 3014 3012 3010 3008 3006 3004 3002 3000 2998 2996 2994 2992 2990 2988 2986 2984 2982 2980 2978 2976 2974 2972 2970 2968 2966 2964 2962 2960 2958 2956 2954 2952 2950 2948 2946 2944
f 3043 3044 3046 3045
f 3045 3046 3048 3047
f 3047 3048 3050 3049
f 3049 3050 3052 3051
f 3051 3052 3054 3053
f 3053 3054 3056 3055
f 3055 3056 3058 3057
f 3057 3058 3060 3059
f 3059 3060 3062 3061
f 3061 3062 3064 3063
f 3063 3064 3066 3065
f 3065 3066 3068 3067
f 3067 3068 3070 3069
f 3069 3070 3072 3071
f 3071 3072 3074 3073
f 3073 3074 3076 3075
f 3075 3076 3078 3077
f 3077 3078 3080 3079
f 3079 3080 3082 3081
f 3081 3082 3084 3083
f 3083 3084 3086 3085
f 3085 3086 3088 3087
f 3087 3088 3090 3089
f 3089 3090 3092 3091
f 3091 3092 3094 3093
f 3093 3094 3096 3095
f 3095 3096 3098 3097
f 3097 3098 3100 3099
f 3099 3100 3102 3101
f 3101 3102 3104 3103
f 3103 3104 3106 3105
f 3105 3106 3108 3107
f 3107 3108 3110 3109
f 3109 3110 3112 3111
f 3111 3112 3114 3113
f 3113 3114 3116 3115
f 3115 3116 3118 3117
f 3117 3118 3120 3119
f 3119 3120 3122 3121
f 3121 3122 3124 3123
f 3123 3124 3126 3125
f 3125 3126 3128 3127
f 3127 3128 3130 3129
f 3129 3130 3132 3131
f 3131 3132 3134 3133
f 3133 3134 3136 3135
f 3135 3136 3138 3137
f 3137 3138 3140 3139
f 3139 3140 3142 3141
f 3141 3142 3044 3043
f 3043 3045 3047 3049 3051 3053 3055 3057 3059 3061 3063 3065 3067 3069 3071 3073 3075 3077 3079 3081 3083 3085 3087 3089 3091 3093 3095 3097 3099 3101 3103 3105 3107 3109 3111 3113 3115 3117 3119 3121 3123 3125 3127 3129 3131 3133 3135 3137 3139 3141
f 3142 3140 3138 3136 3134 3132 3130 3128 3126 3124 3122 3120 3118 3116 3114 3112 3110 3108 3106 3104 3102 3100 3098 3096 3094 3092 3090 3088 3086 3084 3082 3080 3078 3076 3074 3072 3070 3068 3066 3064 3062 3060 3058 3056 3054 3052 3050 3048 3046 3044
f 3143 3144 3146 3145
f 3145 3146 3148 3147
f 3147 3148 3150 3149
f 3149 3150 3152 3151
f 3151 3152 3154 3153
f 3153 3154 3156 3155
f 3155 3156 3158 3157
f 3157 3158 3160 3159
f 3159 3160 3162 3161
f 3161 3162 3164 3163
f 3163 3164 3166 3165
f 3165 3166 3168 3167
f 3167 3168 3170 3169
f 3169 3170 3172 3171
f 3171 3172 3174 3173
f 3173 3174 3176 3175
f 3175 3176 3178 3177
f 3177 3178 3180 3179
f 3179 3180 3182 3181
f 3181 3182 3184 3183
f 3183 3184 3186 3185
f 3185 3186 3188 3187
f 3187 3188 3190 3189
f 3189 3190 3192 3191
f 3191 3192 3194 3193
f 3193 3194 3196 3195
f 3195 3196 3198 3197
f 3197 3198 3200 3199
f 3199 3200 3202 3201
f 3201 3202 3204 3203
f 3203 3204 3206 3205
f 3205 3206 3208 3207
f 3207 3208 3210 3209
f 3209 3210 3212 3211
f 3211 3212 3214 3213
f 3213 3214 3216 3215
f 3215 3216 3218 3217
f 3217 3218 3220 3219
f 3219 3220 3222 3221
f 3221 3222 3224 3223
f 3223 3224 3226 3225
f 3225 3226 3228 3227
f 3227 3228 3230 3229
f 3229 3230 3232 3231
f 3231 3232 3234 3233
f 3233 3234 3236 3235
f 3235 3236 3238 3237
f 3237 3238 3240 3239
f 3239 3240 3242 3241
f 3241 3242 3144 3143
f 3143 3145 3147 3149 3151 3153 3155 3157 3159 3161 3163 3165 3167 3169 3171 3173 3175 3177 3179 3181 3183 3185 3187 3189 3191 3193 3195 3197 3199 3201 3203 3205 3207 3209 3211 3213 3215 3217 3219 3221 3223 3225 3227 3229 3231 3233 3235 3237 3239 3241
f 3242 3240 3238 3236 3234 3232 3230 3228 3226 3224 3222 3220 3218 3216 3214 3212 3210 3208 3206 3204 3202 3200 3198 3196 3194 3192 3190 3188 3186 3184 3182 3180 3178 3176 3174 3172 3170 3168 3166 3164 3162 3160 3158 3156 3154 3152 3150 3148 3146 3144
f 2244 2243 2341 2342
f 2342 2341 2339 2340
f 2340 2339 2337 2338
f 2338 2337 2335 2336
f 2336 2335 2333 2334
f 2334 2333 2331 2332
f 2332 2331 2329 2330
f 2330 2329 2327 2328
f 2328 2327 2325 2326
f 2326 2325 2323 2324
f 2324 2323 2321 2322
f 2322 2321 2319 2320
f 2320 2319 2317 2318
f 2318 2317 2315 2316
f 2316 2315 2313 2314
f 2314 2313 2311 2312
f 2312 2311 2309 2310
f 2310 2309 2307 2308
f 2308 2307 2305 2306
f 2306 2305 2303 2304
f 2304 2303 2301 2302
f 2302 2301 2299 2300
f 2300 2299 2297 2298
f 2298 2297 2295 2296
f 2296 2295 2293 2294
f 2294 2293 2291 2292
f 2292 2291 2289 2290
f 2290 2289 2287 2288
f 2288 2287 2285 2286
f 2286 2285 2283 2284
f 2284 2283 2281 2282
f 2282 2281 2279 2280
f 2280 2279 2277 2278
f 2278 2277 2275 2276
f 2276 2275 2273 2274
f 2274 2273 2271 2272
f 2272 2271 2269 2270
f 2270 2269 2267 2268
f 2268 2267 2265 2266
f 2266 2265 2263 2264
f 2264 2263 2261 2262
f 2262 2261 2259 2260
f 2260 2259 2257 2258
f 2258 2257 2255 2256
f 2256 2255 2253 2254
f 2254 2253 2251 2252
f 2252 2251 2249 2250
f 2250 2249 2247 2248
f 2248 2247 2245 2246
f 2246 2245 2243 2244
f 2244 2342 2340 2338 2336 2334 2332 2330 2328 2326 2324 2322 2320 2318 2316 2314 2312 2310 2308 2306 2304 2302 2300 2298 2296 2294 2292 2290 2288 2286 2284 2282 2280 2278 2276 2274 2272 2270 2268 2266 2264 2262 2260 2258 2256 2254 2252 2250 2248 2246
f 2245 2247 2249 2251 2253 2255 2257 2259 2261 2263 2265 2267 2269 2271 2273 2275 2277 2279 2281 2283 2285 2287 2289 2291 2293 2295 2297 2299 2301 2303 2305 2307 2309 2311 2313 2315 2317 2319 2321 2323 2325 2327 2329 2331 2333 2335 2337 2339 2341 2243
f 2744 2743 2841 2842
f 2842 2841 2839 2840
f 2840 2839 2837 2838
f 2838 2837 2835 2836
f 2836 2835 2833 2834
f 2834 2833 2831 2832
f 2832 2831 2829 2830
f 2830 2829 2827 2828
f 2828 2827 2825 2826
f 2826 2825 2823 2824
f 2824 2823 2821 2822
f 2822 2821 2819 2820
f 2820 2819 2817 2818
f 2818 2817 2815 2816
f 2816 2815 2813 2814
f 2814 2813 2811 2812
f 2812 2811 2809 2810
f 2810 2809 2807 2808
f 2808 2807 2805 2806
f 2806 2805 2803 2804
f 2804 2803 2801 2802
f 2802 2801 2799 2800
f 2800 2799 2797 2798
f 2798 2797 2795 2796
f 2796 2795 2793 2794
f 2794 2793 2791 2792
f 2792 2791 2789 2790
f 2790 2789 2787 2788
f 2788 2787 2785 2786
f 2786 2785 2783 2784
f 2784 2783 2781 2782
f 2782 2781 2779 2780
f 2780 2779 2777 2778
f 2778 2777 2775 2776
f 2776 2775 2773 2774
f 2774 2773 2771 2772
f 2772 2771 2769 2770
f 2770 2769 2767 2768
f 2768 2767 2765 2766
f 2766 2765 2763 2764
f 2764 2763 2761 2762
f 2762 2761 2759 2760
f 2760 2759 2757 2758
f 2758 2757 2755 2756
f 2756 2755 2753 2754
f 2754 2753 2751 2752
f 2752 2751 2749 2750
f 2750 2749 2747 2748
f 2748 2747 2745 2746
f 2746 2745 2743 2744
f 2744 2842 2840 2838 2836 2834 2832 2830 2828 2826 2824 2822 2820 2818 2816 2814 2812 2810 2808 2806 2804 2802 2800 2798 2796 2794 2792 2790 2788 2786 2784 2782 2780 2778 2776 2774 2772 2770 2768 2766 2764 2762 2760 2758 2756 2754 2752 2750 2748 2746
f 2745 2747 2749 2751 2753 2755 2757 2759 2761 2763 2765 2767 2769 2771 2773 2775 2777 2779 2781 2783 2785 2787 2789 2791 2793 2795 2797 2799 2801 2803 2805 2807 2809 2811 2813 2815 2817 2819 2821 2823 2825 2827 2829 2831 2833 2835 2837 2839 2841 2743
f 3243 3244 3246 3245
f 3245 3246 3248 3247
f 3247 3248 3250 3249
f 3249 3250 3252 3251
f 3251 3252 3254 3253
f 3253 3254 3256 3255
f 3255 3256 3258 3257
f 3257 3258 3260 3259
f 3259 3260 3262 3261
f 3261 3262 3264 3263
f 3263 3264 3266 3265
f 3265 3266 3268 3267
f 3267 3268 3270 3269
f 3269 3270 3272 3271
f 3271 3272 3274 3273
f 3273 3274 3276 3275
f 3275 3276 3278 3277
f 3277 3278 3280 3279
f 3279 3280 3282 3281
f 3281 3282 3284 3283
f 3283 3284 3286 3285
f 3285 3286 3288 3287
f 3287 3288 3290 3289
f 3289 3290 3292 3291
f 3291 3292 3294 3293
f 3293 3294 3296 3295
f 3295 3296 3298 3297
f 3297 3298 3300 3299
f 3299 3300 3302 3301
f 3301 3302 3304 3303
f 3303 3304 3306 3305
f 3305 3306 3308 3307
f 3307 3308 3310 3309
f 3309 3310 3312 3311
f 3311 3312 3314 3313
f 3313 3314 3316 3315
f 3315 3316 3318 3317
f 3317 3318 3320 3319
f 3319 3320 3322 3321
f 3321 3322 3324 3323
f 3323 3324 3326 3325
f 3325 3326 3328 3327
f 3327 3328 3330 3329
f 3329 3330 3332 3331
f 3331 3332 3334 3333
f 3333 3334 3336 3335
f 3335 3336 3338 3337
f 3337 3338 3340 3339
f 3339 3340 3342 3341
f 3341 3342 3244 3243
f 3243 3245 3247 3249 3251 3253 3255 3257 3259 3261 3263 3265 3267 3269 3271 3273 3275 3277 3279 3281 3283 3285 3287 3289 3291 3293 3295 3297 3299 3301 3303 3305 3307 3309 3311 3313 3315 3317 3319 3321 3323 3325 3327 3329 3331 3333 3335 3337 3339 3341
f 3342 3340 3338 3336 3334 3332 3330 3328 3326 3324 3322 3320 3318 3316 3314 3312 3310 3308 3306 3304 3302 3300 3298 3296 3294 3292 3290 3288 3286 3284 3282 3280 3278 3276 3274 3272 3270 3268 3266 3264 3262 3260 3258 3256 3254 3252 3250 3248 3246 3244
f 3343 3344 3346 3345
f 3345 3346 3348 3347
f 3347 3348 3350 3349
f 3349 3350 3352 3351
f 3351 3352 3354 3353
f 3353 3354 3356 3355
f 3355 3356 3358 3357
f 3357 3358 3360 3359
f 3359 3360 3362 3361
f 3361 3362 3364 3363
f 3363 3364 3366 3365
f 3365 3366 3368 3367
f 3367 3368 3370 3369
f 3369 3370 3372 3371
f 3371 3372 3374 3373
f 3373 3374 3376 3375
f 3375 3376 3378 3377
f 3377 3378 3380 3379
f 3379 3380 3382 3381
f 3381 3382 3384 3383
f 3383 3384 3386 3385
f 3385 3386 3388 3387
f 3387 3388 3390 3389
f 3389 3390 3392 3391
f 3391 3392 3394 3393
f 3393 3394 3396 3395
f 3395 3396 3398 3397
f 3397 3398 3400 3399
f 3399 3400 3402 3401
f 3401 3402 3404 3403
f 3403 3404 3406 3405
f 3405 3406 3408 3407
f 3407 3408 3410 3409
f 3409 3410 3412 3411
f 3411 3412 3414 3413
f 3413 3414 3416 3415
f 3415 3416 3418 3417
f 3417 3418 3420 3419
f 3419 3420 3422 3421
f 3421 3422 3424 3423
f 3423 3424 3426 3425
f 3425 3426 3428 3427
f 3427 3428 3430 3429
f 3429 3430 3432 3431
f 3431 3432 3434 3433
f 3433 3434 3436 3435
f 3435 3436 3438 3437
f 3437 3438 3440 3439
f 3439 3440 3442 3441
f 3441 3442 3344 3343
f 3343 3345 3347 3349 3351 3353 3355 3357 3359 3361 3363 3365 3367 3369 3371 3373 3375 3377 3379 3381 3383 3385 3387 3389 3391 3393 3395 3397 3399 3401 3403 3405 3407 3409 3411 3413 3415 3417 3419 3421 3423 3425 3427 3429 3431 3433 3435 3437 3439 3441
f 3442 3440 3438 3436 3434 3432 3430 3428 3426 3424 3422 3420 3418 3416 3414 3412 3410 3408 3406 3404 3402 3400 3398 3396 3394 3392 3390 3388 3386 3384 3382 3380 3378 3376 3374 3372 3370 3368 3366 3364 3362 3360 3358 3356 3354 3352 3350 3348 3346 3344
f 3443 3444 3446 3445
f 3445 3446 3448 3447
f 3447 3448 3450 3449
f 3449 3450 3452 3451
f 3451 3452 3454 3453
f 3453 3454 3456 3455
f 3455 3456 3458 3457
f 3457 3458 3460 3459
f 3459 3460 3462 3461
f 3461 3462 3464 3463
f 3463 3464 3466 3465
f 3465 3466 3468 3467
f 3467 3468 3470 3469
f 3469 3470 3472 3471
f 3471 3472 3474 3473
f 3473 3474 3476 3475
f 3475 3476 3478 3477
f 3477 3478 3480 3479
f 3479 3480 3482 3481
f 3481 3482 3484 3483
f 3483 3484 3486 3485
f 3485 3486 3488 3487
f 3487 3488 3490 3489
f 3489 3490 3492 3491
f 3491 3492 3494 3493
f 3493 3494 3496 3495
f 3495 3496 3498 3497
f 3497 3498 3500 3499
f 3499 3500 3502 3501
f 3501 3502 3504 3503
f 3503 3504 3506 3505
f 3505 3506 3508 3507
f 3507 3508 3510 3509
f 3509 3510 3512 3511
f 3511 3512 3514 3513
f 3513 3514 3516 3515
f 3515 3516 3518 3517
f 3517 3518 3520 3519
f 3519 3520 3522 3521
f 3521 3522 3524 3523
f 3523 3524 3526 3525
f 3525 3526 3528 3527
f 3527 3528 3530 3529
f 3529 3530 3532 3531
f 3531 3532 3534 3533
f 3533 3534 3536 3535
f 3535 3536 3538 3537
f 3537 3538 3540 3539
f 3539 3540 3542 3541
f 3541 3542 3444 3443
f 3443 3445 3447 3449 3451 3453 3455 3457 3459 3461 3463 3465 3467 3469 3471 3473 3475 3477 3479 3481 3483 3485 3487 3489 3491 3493 3495 3497 3499 3501 3503 3505 3507 3509 3511 3513 3515 3517 3519 3521 3523 3525 3527 3529 3531 3533 3535 3537 3539 3541
f 3542 3540 3538 3536 3534 3532 3530 3528 3526 3524 3522 3520 3518 3516 3514 3512 3510 3508 3506 3504 3502 3500 3498 3496 3494 3492 3490 3488 3486 3484 3482 3480 3478 3476 3474 3472 3470 3468 3466 3464 3462 3460 3458 3456 3454 3452 3450 3448 3446 3444
f 3543 3544 3546 3545
f 3545 3546 3548 3547
f 3547 3548 3550 3549
f 3549 3550 3552 3551
f 3551 3552 3554 3553
f 3553 3554 3556 3555
f 3555 3556 3558 3557
f 3557 3558 3560 3559
f 3559 3560 3562 3561
f 3561 3562 3564 3563
f 3563 3564 3566 3565
f 3565 3566 3568 3567
f 3567 3568 3570 3569
f 3569 3570 3572 3571
f 3571 3572 3574 3573
f 3573 3574 3576 3575
f 3575 3576 3578 3577
f 3577 3578 3580 3579
f 3579 3580 3582 3581
f 3581 3582 3584 3583
f 3583 3584 3586 3585
f 3585 3586 3588 3587
f 3587 3588 3590 3589
f 3589 3590 3592 3591
f 3591 3592 3594 3593
f 3593 3594 3596 3595
f 3595 3596 3598 3597
f 3597 3598 3600 3599
f 3599 3600 3602 3601
f 3601 3602 3604 3603
f 3603 3604 3606 3605
f 3605 3606 3608 3607
f 3607 3608 3610 3609
f 3609 3610 3612 3611
f 3611 3612 3614 3613
f 3613 3614 3616 3615
f 3615 3616 3618 3617
f 3617 3618 3620 3619
f 3619 3620 3622 3621
f 3621 3622 3624 3623
f 3623 3624 3626 3625
f 3625 3626 3628 3627
f 3627 3628 3630 3629
f 3629 3630 3632 3631
f 3631 3632 3634 3633
f 3633 3634 3636 3635
f 3635 3636 3638 3637
f 3637 3638 3640 3639
f 3639 3640 3642 3641
f 3641 3642 3544 3543
f 3543 3545 3547 3549 3551 3553 3555 3557 3559 3561 3563 3565 3567 3569 3571 3573 3575 3577 3579 3581 3583 3585 3587 3589 3591 3593 3595 3597 3599 3601 3603 3605 3607 3609 3611 3613 3615 3617 3619 3621 3623 3625 3627 3629 3631 3633 3635 3637 3639 3641
f 3642 3640 3638 3636 3634 3632 3630 3628 3626 3624 3622 3620 3618 3616 3614 3612 3610 3608 3606 3604 3602 3600 3598 3596 3594 3592 3590 3588 3586 3584 3582 3580 3578 3576 3574 3572 3570 3568 3566 3564 3562 3560 3558 3556 3554 3552 3550 3548 3546 3544
f 2344 2343 2441 2442
f 2442 2441 2439 2440
f 2440 2439 2437 2438
f 2438 2437 2435 2436
f 2436 2435 2433 2434
f 2434 2433 2431 2432
f 2432 2431 2429 2430
f 2430 2429 2427 2428
f 2428 2427 2425 2426
f 2426 2425 2423 2424
f 2424 2423 2421 2422
f 2422 2421 2419 2420
f 2420 2419 2417 2418
f 2418 2417 2415 2416
f 2416 2415 2413 2414
f 2414 2413 2411 2412
f 2412 2411 2409 2410
f 2410 2409 2407 2408
f 2408 2407 2405 2406
f 2406 2405 2403 2404
f 2404 2403 2401 2402
f 2402 2401 2399 2400
f 2400 2399 2397 2398
f 2398 2397 2395 2396
f 2396 2395 2393 2394
f 2394 2393 2391 2392
f 2392 2391 2389 2390
f 2390 2389 2387 2388
f 2388 2387 2385 2386
f 2386 2385 2383 2384
f 2384 2383 2381 2382
f 2382 2381 2379 2380
f 2380 2379 2377 2378
f 2378 2377 2375 2376
f 2376 2375 2373 2374
f 2374 2373 2371 2372
f 2372 2371 2369 2370
f 2370 2369 2367 2368
f 2368 2367 2365 2366
f 2366 2365 2363 2364
f 2364 2363 2361 2362
f 2362 2361 2359 2360
f 2360 2359 2357 2358
f 2358 2357 2355 2356
f 2356 2355 2353 2354
f 2354 2353 2351 2352
f 2352 2351 2349 2350
f 2350 2349 2347 2348
f 2348 2347 2345 2346
f 2346 2345 2343 2344
f 2344 2442 2440 2438 2436 2434 2432 2430 2428 2426 2424 2422 2420 2418 2416 2414 2412 2410 2408 2406 2404 2402 2400 2398 2396 2394 2392 2390 2388 2386 2384 2382 2380 2378 2376 2374 2372 2370 2368 2366 2364 2362 2360 2358 2356 2354 2352 2350 2348 2346
f 2345 2347 2349 2351 2353 2355 2357 2359 2361 2363 2365 2367 2369 2371 2373 2375 2377 2379 2381 2383 2385 2387 2389 2391 2393 2395 2397 2399 2401 2403 2405 2407 2409 2411 2413 2415 2417 2419 2421 2423 2425 2427 2429 2431 2433 2435 2437 2439 2441 2343
f 2844 2843 2941 2942
f 2942 2941 2939 2940
f 2940 2939 2937 2938
f 2938 2937 2935 2936
f 2936 2935 2933 2934
f 2934 2933 2931 2932
f 2932 2931 2929 2930
f 2930 2929 2927 2928
f 2928 2927 2925 2926
f 2926 2925 2923 2924
f 2924 2923 2921 2922
f 2922 2921 2919 2920
f 2920 2919 2917 2918
f 2918 2917 2915 2916
f 2916 2915 2913 2914
f 2914 2913 2911 2912
f 2912 2911 2909 2910
f 2910 2909 2907 2908
f 2908 2907 2905 2906
f 2906 2905 2903 2904
f 2904 2903 2901 2902
f 2902 2901 2899 2900
f 2900 2899 2897 2898
f 2898 2897 2895 2896
f 2896 2895 2893 2894
f 2894 2893 2891 2892
f 2892 2891 2889 2890
f 2890 2889 2887 2888
f 2888 2887 2885 2886
f 2886 2885 2883 2884
f 2884 2883 2881 2882
f 2882 2881 2879 2880
f 2880 2879 2877 2878
f 2878 2877 2875 2876
f 2876 2875 2873 2874
f 2874 2873 2871 2872
f 2872 2871 2869 2870
f 2870 2869 2867 2868
f 2868 2867 2865 2866
f 2866 2865 2863 2864
f 2864 2863 2861 2862
f 2862 2861 2859 2860
f 2860 2859 2857 2858
f 2858 2857 2855 2856
f 2856 2855 2853 2854
f 2854 2853 2851 2852
f 2852 2851 2849 2850
f 2850 2849 2847 2848
f 2848 2847 2845 2846
f 2846 2845 2843 2844
f 2844 2942 2940 2938 2936 2934 2932 2930 2928 2926 2924 2922 2920 2918 2916 2914 2912 2910 2908 2906 2904 2902 2900 2898 2896 2894 2892 2890 2888 2886 2884 2882 2880 2878 2876 2874 2872 2870 2868 2866 2864 2862 2860 2858 2856 2854 2852 2850 2848 2846
f 2845 2847 2849 2851 2853 2855 2857 2859 2861 2863 2865 2867 2869 2871 2873 2875 2877 2879 2881 2883 2885 2887 2889 2891 2893 2895 2897 2899 2901 2903 2905 2907 2909 2911 2913 2915 2917 2919 2921 2923 2925 2927 2929 2931 2933 2935 2937 2939 2941 2843
f 3244 3243 3341 3342
f 3342 3341 3339 3340
f 3340 3339 3337 3338
f 3338 3337 3335 3336
f 3336 3335 3333 3334
f 3334 3333 3331 3332
f 3332 3331 3329 3330
f 3330 3329 3327 3328
f 3328 3327 3325 3326
f 3326 3325 3323 3324
f 3324 3323 3321 3322
f 3322 3321 3319 3320
f 3320 3319 3317 3318
f 3318 3317 3315 3316
f 3316 3315 3313 3314
f 3314 3313 3311 3312
f 3312 3311 3309 3310
f 3310 3309 3307 3308
f 3308 3307 3305 3306
f 3306 3305 3303 3304
f 3304 3303 3301 3302
f 3302 3301 3299 3300
f 3300 3299 3297 3298
f 3298 3297 3295 3296
f 3296 3295 3293 3294
f 3294 3293 3291 3292
f 3292 3291 3289 3290
f 3290 3289 3287 3288
f 3288 3287 3285 3286
f 3286 3285 3283 3284
f 3284 3283 3281 3282
f 3282 3281 3279 3280
f 3280 3279 3277 3278
f 3278 3277 3275 3276
f 3276 3275 3273 3274
f 3274 3273 3271 3272
f 3272 3271 3269 3270
f 3270 3269 3267 3268
f 3268 3267 3265 3266
f 3266 3265 3263 3264
f 3264 3263 3261 3262
f 3262 3261 3259 3260
f 3260 3259 3257 3258
f 3258 3257 3255 3256
f 3256 3255 3253 3254
f 3254 3253 3251 3252
f 3252 3251 3249 3250
f 3250 3249 3247 3248
f 3248 3247 3245 3246
f 3246 3245 3243 3244
f 3244 3342 3340 3338 3336 3334 3332 3330 3328 3326 3324 3322 3320 3318 3316 3314 3312 3310 3308 3306 3304 3302 3300 3298 3296 3294 3292 3290 3288 3286 3284 3282 3280 3278 3276 3274 3272 3270 3268 3266 3264 3262 3260 3258 3256 3254 3252 3250 3248 3246
f 3245 3247 3249 3251 3253 3255 3257 3259 3261 3263 3265 3267 3269 3271 3273 3275 3277 3279 3281 3283 3285 3287 3289 3291 3293 3295 3297 3299 3301 3303 3305 3307 3309 3311 3313 3315 3317 3319 3321 3323 3325 3327 3329 3331 3333 3335 3337 3339 3341 3243
f 3643 3644 3646 3645
f 3645 3646 3648 3647
f 3647 3648 3650 3649
f 3649 3650 3652 3651
f 3651 3652 3654 3653
f 3653 3654 3656 3655
f 3655 3656 3658 3657
f 3657 3658 3660 3659
f 3659 3660 3662 3661
f 3661 3662 3664 3663
f 3663 3664 3666 3665
f 3665 3666 3668 3667
f 3667 3668 3670 3669
f 3669 3670 3672 3671
f 3671 3672 3674 3673
f 3673 3674 3676 3675
f 3675 3676 3678 3677
f 3677 3678 3680 3679
f 3679 3680 3682 3681
f 3681 3682 3684 3683
f 3683 3684 3686 3685
f 3685 3686 3688 3687
f 3687 3688 3690 3689
f 3689 3690 3692 3691
f 3691 3692 3694 3693
f 3693 3694 3696 3695
f 3695 3696 3698 3697
f 3697 3698 3700 3699
f 3699 3700 3702 3701
f 3701 3702 3704 3703
f 3703 3704 3706 3705
f 3705 3706 3708 3707
f 3707 3708 3710 3709
f 3709 3710 3712 3711
f 3711 3712 3714 3713
f 3713 3714 3716 3715
f 3715 3716 3718 3717
f 3717 3718 3720 3719
f 3719 3720 3722 3721
f 3721 3722 3724 3723
f 3723 3724 3726 3725
f 3725 3726 3728 3727
f 3727 3728 3730 3729
f 3729 3730 3732 3731
f 3731 3732 3734 3733
f 3733 3734 3736 3735
f 3735 3736 3738 3737
f 3737 3738 3740 3739
f 3739 3740 3742 3741
f 3741 3742 3644 3643
f 3643 3645 3647 3649 3651 3653 3655 3657 3659 3661 3663 3665 3667 3669 3671 3673 3675 3677 3679 3681 3683 3685 3687 3689 3691 3693 3695 3697 3699 3701 3703 3705 3707 3709 3711 3713 3715 3717 3719 3721 3723 3725 3727 3729 3731 3733 3735 3737 3739 3741
f 3742 3740 3738 3736 3734 3732 3730 3728 3726 3724 3722 3720 3718 3716 3714 3712 3710 3708 3706 3704 3702 3700 3698 3696 3694 3692 3690 3688 3686 3684 3682 3680 3678 3676 3674 3672 3670 3668 3666 3664 3662 3660 3658 3656 3654 3652 3650 3648 3646 3644
f 3743 3744 3746 3745
f 3745 3746 3748 3747
f 3747 3748 3750 3749
f 3749 3750 3752 3751
f 3751 3752 3754 3753
f 3753 3754 3756 3755
f 3755 3756 3758 3757
f 3757 3758 3760 3759
f 3759 3760 3762 3761
f 3761 3762 3764 3763
f 3763 3764 3766 3765
f 3765 3766 3768 3767
f 3767 3768 3770 3769
f 3769 3770 3772 3771
f 3771 3772 3774 3773
f 3773 3774 3776 3775
f 3775 3776 3778 3777
f 3777 3778 3780 3779
f 3779 3780 3782 3781
f 3781 3782 3784 3783
f 3783 3784 3786 3785
f 3785 3786 3788 3787
f 3787 3788 3790 3789
f 3789 3790 3792 3791
f 3791 3792 3794 3793
f 3793 3794 3796 3795
f 3795 3796 3798 3797
f 3797 3798 3800 3799
f 3799 3800 3802 3801
f 3801 3802 3804 3803
f 3803 3804 3806 3805
f 3805 3806 3808 3807
f 3807 3808 3810 3809
f 3809 3810 3812 3811
f 3811 3812 3814 3813
f 3813 3814 3816 3815
f 3815 3816 3818 3817
f 3817 3818 3820 3819
f 3819 3820 3822 3821
f 3821 3822 3824 3823
f 3823 3824 3826 3825
f 3825 3826 3828 3827
f 3827 3828 3830 3829
f 3829 3830 3832 3831
f 3831 3832 3834 3833
f 3833 3834 3836 3835
f 3835 3836 3838 3837
f 3837 3838 3840 3839
f 3839 3840 3842 3841
f 3841 3842 3744 3743
f 3743 3745 3747 3749 3751 3753 3755 3757 3759 3761 3763 3765 3767 3769 3771 3773 3775 3777 3779 3781 3783 3785 3787 3789 3791 3793 3795 3797 3799 3801 3803 3805 3807 3809 3811 3813 3815 3817 3819 3821 3823 3825 3827 3829 3831 3833 3835 3837 3839 3841
f 3842 3840 3838 3836 3834 3832 3830 3828 3826 3824 3822 3820 3818 3816 3814 3812 3810 3808 3806 3804 3802 3800 3798 3796 3794 3792 3790 3788 3786 3784 3782 3780 3778 3776 3774 3772 3770 3768 3766 3764 3762 3760 3758 3756 3754 3752 3750 3748 3746 3744
f 3843 3844 3846 3845
f 3845 3846 3848 3847
f 3847 3848 3850 3849
f 3849 3850 3852 3851
f 3851 3852 3854 3853
f 3853 3854 3856 3855
f 3855 3856 3858 3857
f 3857 3858 3860 3859
f 3859 3860 3862 3861
f 3861 3862 3864 3863
f 3863 3864 3866 3865
f 3865 3866 3868 3867
f 3867 3868 3870 3869
f 3869 3870 3872 3871
f 3871 3872 3874 3873
f 3873 3874 3876 3875
f 3875 3876 3878 3877
f 3877 3878 3880 3879
f 3879 3880 3882 3881
f 3881 3882 3884 3883
f 3883 3884 3886 3885
f 3885 3886 3888 3887
f 3887 3888 3890 3889
f 3889 3890 3892 3891
f 3891 3892 3894 3893
f 3893 3894 3896 3895
f 3895 3896 3898 3897
f 3897 3898 3900 3899
f 3899 3900 3902 3901
f 3901 3902 3904 3903
f 3903 3904 3906 3905
f 3905 3906 3908 3907
f 3907 3908 3910 3909
f 3909 3910 3912 3911
f 3911 3912 3914 3913
f 3913 3914 3916 3915
f 3915 3916 3918 3917
f 3917 3918 3920 3919
f 3919 3920 3922 3921
f 3921 3922 3924 3923
f 3923 3924 3926 3925
f 3925 3926 3928 3927
f 3927 3928 3930 3929
f 3929 3930 3932 3931
f 3931 3932 3934 3933
f 3933 3934 3936 3935
f 3935 3936 3938 3937
f 3937 3938 3940 3939
f 3939 3940 3942 3941
f 3941 3942 3844 3843
f 3843 3845 3847 3849 3851 3853 3855 3857 3859 3861 3863 3865 3867 3869 3871 3873 3875 3877 3879 3881 3883 3885 3887 3889 3891 3893 3895 3897 3899 3901 3903 3905 3907 3909 3911 3913 3915 3917 3919 3921 3923 3925 3927 3929 3931 3933 3935 3937 3939 3941
f 3942 3940 3938 3936 3934 3932 3930 3928 3926 3924 3922 3920 3918 3916 3914 3912 3910 3908 3906 3904 3902 3900 3898 3896 3894 3892 3890 3888 3886 3884 3882 3880 3878 3876 3874 3872 3870 3868 3866 3864 3862 3860 3858 3856 3854 3852 3850 3848 3846 3844
f 2444 2443 2541 2542
f 2542 2541 2539 2540
f 2540 2539 2537 2538
f 2538 2537 2535 2536
f 2536 2535 2533 2534
f 2534 2533 2531 2532
f 2532 2531 2529 2530
f 2530 2529 2527 2528
f 2528 2527 2525 2526
f 2526 2525 2523 2524
f 2524 2523 2521 2522
f 2522 2521 2519 2520
f 2520 2519 2517 2518
f 2518 2517 2515 2516
f 2516 2515 2513 2514
f 2514 2513 2511 2512
f 2512 2511 2509 2510
f 2510 2509 2507 2508
f 2508 2507 2505 2506
f 2506 2505 2503 2504
f 2504 2503 2501 2502
f 2502 2501 2499 2500
f 2500 2499 2497 2498
f 2498 2497 2495 2496
f 2496 2495 2493 2494
f 2494 2493 2491 2492
f 2492 2491 2489 2490
f 2490 2489 2487 2488
f 2488 2487 2485 2486
f 2486 2485 2483 2484
f 2484 2483 2481 2482
f 2482 2481 2479 2480
f 2480 2479 2477 2478
f 2478 2477 2475 2476
f 2476 2475 2473 2474
f 2474 2473 2471 2472
f 2472 2471 2469 2470
f 2470 2469 2467 2468
f 2468 2467 2465 2466
f 2466 2465 2463 2464
f 2464 2463 2461 2462
f 2462 2461 2459 2460
f 2460 2459 2457 2458
f 2458 2457 2455 2456
f 2456 2455 2453 2454
f 2454 2453 2451 2452
f 2452 2451 2449 2450
f 2450 2449 2447 2448
f 2448 2447 2445 2446
f 2446 2445 2443 2444
f 2444 2542 2540 2538 2536 2534 2532 2530 2528 2526 2524 2522 2520 2518 2516 2514 2512 2510 2508 2506 2504 2502 2500 2498 2496 2494 2492 2490 2488 2486 2484 2482 2480 2478 2476 2474 2472 2470 2468 2466 2464 2462 2460 2458 2456 2454 2452 2450 2448 2446
f 2445 2447 2449 2451 2453 2455 2457 2459 2461 2463 2465 2467 2469 2471 2473 2475 2477 2479 2481 2483 2485 2487 2489 2491 2493 2495 2497 2499 2501 2503 2505 2507 2509 2511 2513 2515 2517 2519 2521 2523 2525 2527 2529 2531 2533 2535 2537 2539 2541 2443
f 2944 2943 3041 3042
f 3042 3041 3039 3040
f 3040 3039 3037 3038
f 3038 3037 3035 3036
f 3036 3035 3033 3034
f 3034 3033 3031 3032
f 3032 3031 3029 3030
f 3030 3029 3027 3028
f 3028 3027 3025 3026
f 3026 3025 3023 3024
f 3024 3023 3021 3022
f 3022 3021 3019 3020
f 3020 3019 3017 3018
f 3018 3017 3015 3016
f 3016 3015 3013 3014
f 3014 3013 3011 3012
f 3012 3011 3009 3010
f 3010 3009 3007 3008
f 3008 3007 3005 3006
f 3006 3005 3003 3004
f 3004 3003 3001 3002
f 3002 3001 2999 3000
f 3000 2999 2997 2998
f 2998 2997 2995 2996
f 2996 2995 2993 2994
f 2994 2993 2991 2992
f 2992 2991 2989 2990
f 2990 2989 2987 2988
f 2988 2987 2985 2986
f 2986 2985 2983 2984
f 2984 2983 2981 2982
f 2982 2981 2979 2980
f 2980 2979 2977 2978
f 2978 2977 2975 2976
f 2976 2975 2973 2974
f 2974 2973 2971 2972
f 2972 2971 2969 2970
f 2970 2969 2967 2968
f 2968 2967 2965 2966
f 2966 2965 2963 2964
f 2964 2963 2961 2962
f 2962 2961 2959 2960
f 2960 2959 2957 2958
f 2958 2957 2955 2956
f 2956 2955 2953 2954
f 2954 2953 2951 2952
f 2952 2951 2949 2950
f 2950 2949 2947 2948
f 2948 2947 2945 2946
f 2946 2945 2943 2944
f 2944 3042 3040 3038 3036 3034 3032 3030 3028 3026 3024 3022 3020 3018 3016 3014 3012 3010 3008 3006 3004 3002 3000 2998 2996 2994 2992 2990 2988 2986 2984 2982 2980 2978 2976 2974 2972 2970 2968 2966 2964 2962 2960 2958 2956 2954 2952 2950 2948 2946
f 2945 2947 2949 2951 2953 2955 2957 2959 2961 2963 2965 2967 2969 2971 2973 2975 2977 2979 2981 2983 2985 2987 2989 2991 2993 2995 2997 2999 3001 3003 3005 3007 3009 3011 3013 3015 3017 3019 3021 3023 3025 3027 3029 3031 3033 3035 3037 3039 3041 2943
f 3344 3343 3441 3442
f 3442 3441 3439 3440
f 3440 3439 3437 3438
f 3438 3437 3435 3436
f 3436 3435 3433 3434
f 3434 3433 3431 3432
f 3432 3431 3429 3430
f 3430 3429 3427 3428
f 3428 3427 3425 3426
f 3426 3425 3423 3424
f 3424 3423 3421 3422
f 3422 3421 3419 3420
f 3420 3419 3417 3418
f 3418 3417 3415 3416
f 3416 3415 3413 3414
f 3414 3413 3411 3412
f 3412 3411 3409 3410
f 3410 3409 3407 3408
f 3408 3407 3405 3406
f 3406 3405 3403 3404
f 3404 3403 3401 3402
f 3402 3401 3399 3400
f 3400 3399 3397 3398
f 3398 3397 3395 3396
f 3396 3395 3393 3394
f 3394 3393 3391 3392
f 3392 3391 3389 3390
f 3390 3389 3387 3388
f 3388 3387 3385 3386
f 3386 3385 3383 3384
f 3384 3383 3381 3382
f 3382 3381 3379 3380
f 3380 3379 3377 3378
f 3378 3377 3375 3376
f 3376 3375 3373 3374
f 3374 3373 3371 3372
f 3372 3371 3369 3370
f 3370 3369 3367 3368
f 3368 3367 3365 3366
f 3366 3365 3363 3364
f 3364 3363 3361 3362
f 3362 3361 3359 3360
f 3360 3359 3357 3358
f 3358 3357 3355 3356
f 3356 3355 3353 3354
f 3354 3353 3351 3352
f 3352 3351 3349 3350
f 3350 3349 3347 3348
f 3348 3347 3345 3346
f 3346 3345 3343 3344
f 3344 3442 3440 3438 3436 3434 3432 3430 3428 3426 3424 3422 3420 3418 3416 3414 3412 3410 3408 3406 3404 3402 3400 3398 3396 3394 3392 3390 3388 3386 3384 3382 3380 3378 3376 3374 3372 3370 3368 3366 3364 3362 3360 3358 3356 3354 3352 3350 3348 3346
f 3345 3347 3349 3351 3353 3355 3357 3359 3361 3363 3365 3367 3369 3371 3373 3375 3377 3379 3381 3383 3385 3387 3389 3391 3393 3395 3397 3399 3401 3403 3405 3407 3409 3411 3413 3415 3417 3419 3421 3423 3425 3427 3429 3431 3433 3435 3437 3439 3441 3343
f 3644 3643 3741 3742
f 3742 3741 3739 3740
f 3740 3739 3737 3738
f 3738 3737 3735 3736
f 3736 3735 3733 3734
f 3734 3733 3731 3732
f 3732 3731 3729 3730
f 3730 3729 3727 3728
f 3728 3727 3725 3726
f 3726 3725 3723 3724
f 3724 3723 3721 3722
f 3722 3721 3719 3720
f 3720 3719 3717 3718
f 3718 3717 3715 3716
f 3716 3715 3713 3714
f 3714 3713 3711 3712
f 3712 3711 3709 3710
f 3710 3709 3707 3708
f 3708 3707 3705 3706
f 3706 3705 3703 3704
f 3704 3703 3701 3702
f 3702 3701 3699 3700
f 3700 3699 3697 3698
f 3698 3697 3695 3696
f 3696 3695 3693 3694
f 3694 3693 3691 3692
f 3692 3691 3689 3690
f 3690 3689 3687 3688
f 3688 3687 3685 3686
f 3686 3685 3683 3684
f 3684 3683 3681 3682
f 3682 3681 3679 3680
f 3680 3679 3677 3678
f 3678 3677 3675 3676
f 3676 3675 3673 3674
f 3674 3673 3671 3672
f 3672 3671 3669 3670
f 3670 3669 3667 3668
f 3668 3667 3665 3666
f 3666 3665 3663 3664
f 3664 3663 3661 3662
f 3662 3661 3659 3660
f 3660 3659 3657 3658
f 3658 3657 3655 3656
f 3656 3655 3653 3654
f 3654 3653 3651 3652
f 3652 3651 3649 3650
f 3650 3649 3647 3648
f 3648 3647 3645 3646
f 3646 3645 3643 3644
f 3644 3742 3740 3738 3736 3734 3732 3730 3728 3726 3724 3722 3720 3718 3716 3714 3712 3710 3708 3706 3704 3702 3700 3698 3696 3694 3692 3690 3688 3686 3684 3682 3680 3678 3676 3674 3672 3670 3668 3666 3664 3662 3660 3658 3656 3654 3652 3650 3648 3646
f 3645 3647 3649 3651 3653 3655 3657 3659 3661 3663 3665 3667 3669 3671 3673 3675 3677 3679 3681 3683 3685 3687 3689 3691 3693 3695 3697 3699 3701 3703 3705 3707 3709 3711 3713 3715 3717 3719 3721 3723 3725 3727 3729 3731 3733 3735 3737 3739 3741 3643
f 3943 3944 3946 3945
f 3945 3946 3948 3947
f 3947 3948 3950 3949
f 3949 3950 3952 3951
f 3951 3952 3954 3953
f 3953 3954 3956 3955
f 3955 3956 3958 3957
f 3957 3958 3960 3959
f 3959 3960 3962 3961
f 3961 3962 3964 3963
f 3963 3964 3966 3965
f 3965 3966 3968 3967
f 3967 3968 3970 3969
f 3969 3970 3972 3971
f 3971 3972 3974 3973
f 3973 3974 3976 3975
f 3975 3976 3978 3977
f 3977 3978 3980 3979
f 3979 3980 3982 3981
f 3981 3982 3984 3983
f 3983 3984 3986 3985
f 3985 3986 3988 3987
f 3987 3988 3990 3989
f 3989 3990 3992 3991
f 3991 3992 3994 3993
f 3993 3994 3996 3995
f 3995 3996 3998 3997
f 3997 3998 4000 3999
f 3999 4000 4002 4001
f 4001 4002 4004 4003
f 4003 4004 4006 4005
f 4005 4006 4008 4007
f 4007 4008 4010 4009
f 4009 4010 4012 4011
f 4011 4012 4014 4013
f 4013 4014 4016 4015
f 4015 4016 4018 4017
f 4017 4018 4020 4019
f 4019 4020 4022 4021
f 4021 4022 4024 4023
f 4023 4024 4026 4025
f 4025 4026 4028 4027
f 4027 4028 4030 4029
f 4029 4030 4032 4031
f 4031 4032 4034 4033
f 4033 4034 4036 4035
f 4035 4036 4038 4037
f 4037 4038 4040 4039
f 4039 4040 4042 4041
f 4041 4042 3944 3943
f 3943 3945 3947 3949 3951 3953 3955 3957 3959 3961 3963 3965 3967 3969 3971 3973 3975 3977 3979 3981 3983 3985 3987 3989 3991 3993 3995 3997 3999 4001 4003 4005 4007 4009 4011 4013 4015 4017 4019 4021 4023 4025 4027 4029 4031 4033 4035 4037 4039 4041
f 4042 4040 4038 4036 4034 4032 4030 4028 4026 4024 4022 4020 4018 4016 4014 4012 4010 4008 4006 4004 4002 4000 3998 3996 3994 3992 3990 3988 3986 3984 3982 3980 3978 3976 3974 3972 3970 3968 3966 3964 3962 3960 3958 3956 3954 3952 3950 3948 3946 3944
f 4043 4044 4046 4045
f 4045 4046 4048 4047
f 4047 4048 4050 4049
f 4049 4050 4052 4051
f 4051 4052 4054 4053
f 4053 4054 4056 4055
f 4055 4056 4058 4057
f 4057 4058 4060 4059
f 4059 4060 4062 4061
f 4061 4062 4064 4063
f 4063 4064 4066 4065
f 4065 4066 4068 4067
f 4067 4068 4070 4069
f 4069 4070 4072 4071
f 4071 4072 4074 4073
f 4073 4074 4076 4075
f 4075 4076 4078 4077
f 4077 4078 4080 4079
f 4079 4080 4082 4081
f 4081 4082 4084 4083
f 4083 4084 4086 4085
f 4085 4086 4088 4087
f 4087 4088 4090 4089
f 4089 4090 4092 4091
f 4091 4092 4094 4093
f 4093 4094 4096 4095
f 4095 4096 4098 4097
f 4097 4098 4100 4099
f 4099 4100 4102 4101
f 4101 4102 4104 4103
f 4103 4104 4106 4105
f 4105 4106 4108 4107
f 4107 4108 4110 4109
f 4109 4110 4112 4111
f 4111 4112 4114 4113
f 4113 4114 4116 4115
f 4115 4116 4118 4117
f 4117 4118 4120 4119
f 4119 4120 4122 4121
f 4121 4122 4124 4123
f 4123 4124 4126 4125
f 4125 4126 4128 4127
f 4127 4128 4130 4129
f 4129 4130 4132 4131
f 4131 4132 4134 4133
f 4133 4134 4136 4135
f 4135 4136 4138 4137
f 4137 4138 4140 4139
f 4139 4140 4142 4141
f 4141 4142 4044 4043
f 4043 4045 4047 4049 4051 4053 4055 4057 4059 4061 4063 4065 4067 4069 4071 4073 4075 4077 4079 4081 4083 4085 4087 4089 4091 4093 4095 4097 4099 4101 4103 4105 4107 4109 4111 4113 4115 4117 4119 4121 4123 4125 4127 4129 4131 4133 4135 4137 4139 4141
f 4142 4140 4138 4136 4134 4132 4130 4128 4126 4124 4122 4120 4118 4116 4114 4112 4110 4108 4106 4104 4102 4100 4098 4096 4094 4092 4090 4088 4086 4084 4082 4080 4078 4076 4074 4072 4070 4068 4066 4064 4062 4060 4058 4056 4054 4052 4050 4048 4046 4044
f 2544 2543 2641 2642
f 2642 2641 2639 2640
f 2640 2639 2637 2638
f 2638 2637 2635 2636
f 2636 2635 2633 2634
f 2634 2633 2631 2632
f 2632 2631 2629 2630
f 2630 2629 2627 2628
f 2628 2627 2625 2626
f 2626 2625 2623 2624
f 2624 2623 2621 2622
f 2622 2621 2619 2620
f 2620 2619 2617 2618
f 2618 2617 2615 2616
f 2616 2615 2613 2614
f 2614 2613 2611 2612
f 2612 2611 2609 2610
f 2610 2609 2607 2608
f 2608 2607 2605 2606
f 2606 2605 2603 2604
f 2604 2603 2601 2602
f 2602 2601 2599 2600
f 2600 2599 2597 2598
f 2598 2597 2595 2596
f 2596 2595 2593 2594
f 2594 2593 2591 2592
f 2592 2591 2589 2590
f 2590 2589 2587 2588
f 2588 2587 2585 2586
f 2586 2585 2583 2584
f 2584 2583 2581 2582
f 2582 2581 2579 2580
f 2580 2579 2577 2578
f 2578 2577 2575 2576
f 2576 2575 2573 2574
f 2574 2573 2571 2572
f 2572 2571 2569 2570
f 2570 2569 2567 2568
f 2568 2567 2565 2566
f 2566 2565 2563 2564
f 2564 2563 2561 2562
f 2562 2561 2559 2560
f 2560 2559 2557 2558
f 2558 2557 2555 2556
f 2556 2555 2553 2554
f 2554 2553 2551 2552
f 2552 2551 2549 2550
f 2550 2549 2547 2548
f 2548 2547 2545 2546
f 2546 2545 2543 2544
f 2544 2642 2640 2638 2636 2634 2632 2630 2628 2626 2624 2622 2620 2618 2616 2614 2612 2610 2608 2606 2604 2602 2600 2598 2596 2594 2592 2590 2588 2586 2584 2582 2580 2578 2576 2574 2572 2570 2568 2566 2564 2562 2560 2558 2556 2554 2552 2550 2548 2546
f 2545 2547 2549 2551 2553 2555 2557 2559 2561 2563 2565 2567 2569 2571 2573 2575 2577 2579 2581 2583 2585 2587 2589 2591 2593 2595 2597 2599 2601 2603 2605 2607 2609 2611 2613 2615 2617 2619 2621 2623 2625 2627 2629 2631 2633 2635 2637 2639 2641 2543
f 3044 3043 3141 3142
f 3142 3141 3139 3140
f 3140 3139 3137 3138
f 3138 3137 3135 3136
f 3136 3135 3133 3134
f 3134 3133 3131 3132
f 3132 3131 3129 3130
f 3130 3129 3127 3128
f 3128 3127 3125 3126
f 3126 3125 3123 3124
f 3124 3123 3121 3122
f 3122 3121 3119 3120
f 3120 3119 3117 3118
f 3118 3117 3115 3116
f 3116 3115 3113 3114
f 3114 3113 3111 3112
f 3112 3111 3109 3110
f 3110 3109 3107 3108
f 3108 3107 3105 3106
f 3106 3105 3103 3104
f 3104 3103 3101 3102
f 3102 3101 3099 3100
f 3100 3099 3097 3098
f 3098 3097 3095 3096
f 3096 3095 3093 3094
f 3094 3093 3091 3092
f 3092 3091 3089 3090
f 3090 3089 3087 3088
f 3088 3087 3085 3086
f 3086 3085 3083 3084
f 3084 3083 3081 3082
f 3082 3081 3079 3080
f 3080 3079 3077 3078
f 3078 3077 3075 3076
f 3076 3075 3073 3074
f 3074 3073 3071 3072
f 3072 3071 3069 3070
f 3070 3069 3067 3068
f 3068 3067 3065 3066
f 3066 3065 3063 3064
f 3064 3063 3061 3062
f 3062 3061 3059 3060
f 3060 3059 3057 3058
f 3058 3057 3055 3056
f 3056 3055 3053 3054
f 3054 3053 3051 3052
f 3052 3051 3049 3050
f 3050 3049 3047 3048
f 3048 3047 3045 3046
f 3046 3045 3043 3044
f 3044 3142 3140 3138 3136 3134 3132 3130 3128 3126 3124 3122 3120 3118 3116 3114 3112 3110 3108 3106 3104 3102 3100 3098 3096 3094 3092 3090 3088 3086 3084 3082 3080 3078 3076 3074 3072 3070 3068 3066 3064 3062 3060 3058 3056 3054 3052 3050 3048 3046
f 3045 3047 3049 3051 3053 3055 3057 3059 3061 3063 3065 3067 3069 3071 3073 3075 3077 3079 3081 3083 3085 3087 3089 3091 3093 3095 3097 3099 3101 3103 3105 3107 3109 3111 3113 3115 3117 3119 3121 3123 3125 3127 3129 3131 3133 3135 3137 3139 3141 3043
f 3444 3443 3541 3542
f 3542 3541 3539 3540
f 3540 3539 3537 3538
f 3538 3537 3535 3536
f 3536 3535 3533 3534
f 3534 3533 3531 3532
f 3532 3531 3529 3530
f 3530 3529 3527 3528
f 3528 3527 3525 3526
f 3526 3525 3523 3524
f 3524 3523 3521 3522
f 3522 3521 3519 3520
f 3520 3519 3517 3518
f 3518 3517 3515 3516
f 3516 3515 3513 3514
f 3514 3513 3511 3512
f 3512 3511 3509 3510
f 3510 3509 3507 3508
f 3508 3507 3505 3506
f 3506 3505 3503 3504
f 3504 3503 3501 3502
f 3502 3501 3499 3500
f 3500 3499 3497 3498
f 3498 3497 3495 3496
f 3496 3495 3493 3494
f 3494 3493 3491 3492
f 3492 3491 3489 3490
f 3490 3489 3487 3488
f 3488 3487 3485 3486
f 3486 3485 3483 3484
f 3484 3483 3481 3482
f 3482 3481 3479 3480
f 3480 3479 3477 3478
f 3478 3477 3475 3476
f 3476 3475 3473 3474
f 3474 3473 3471 3472
f 3472 3471 3469 3470
f 3470 3469 3467 3468
f 3468 3467 3465 3466
f 3466 3465 3463 3464
f 3464 3463 3461 3462
f 3462 3461 3459 3460
f 3460 3459 3457 3458
f 3458 3457 3455 3456
f 3456 3455 3453 3454
f 3454 3453 3451 3452
f 3452 3451 3449 3450
f 3450 3449 3447 3448
f 3448 3447 3445 3446
f 3446 3445 3443 3444
f 3444 3542 3540 3538 3536 3534 3532 3530 3528 3526 3524 3522 3520 3518 3516 3514 3512 3510 3508 3506 3504 3502 3500 3498 3496 3494 3492 3490 3488 3486 3484 3482 3480 3478 3476 3474 3472 3470 3468 3466 3464 3462 3460 3458 3456 3454 3452 3450 3448 3446
f 3445 3447 3449 3451 3453 3455 3457 3459 3461 3463 3465 3467 3469 3471 3473 3475 3477 3479 3481 3483 3485 3487 3489 3491 3493 3495 3497 3499 3501 3503 3505 3507 3509 3511 3513 3515 3517 3519 3521 3523 3525 3527 3529 3531 3533 3535 3537 3539 3541 3443
f 3744 3743 3841 3842
f 3842 3841 3839 3840
f 3840 3839 3837 3838
f 3838 3837 3835 3836
f 3836 3835 3833 3834
f 3834 3833 3831 3832
f 3832 3831 3829 3830
f 3830 3829 3827 3828
f 3828 3827 3825 3826
f 3826 3825 3823 3824
f 3824 3823 3821 3822
f 3822 3821 3819 3820
f 3820 3819 3817 3818
f 3818 3817 3815 3816
f 3816 3815 3813 3814
f 3814 3813 3811 3812
f 3812 3811 3809 3810
f 3810 3809 3807 3808
f 3808 3807 3805 3806
f 3806 3805 3803 3804
f 3804 3803 3801 3802
f 3802 3801 3799 3800
f 3800 3799 3797 3798
f 3798 3797 3795 3796
f 3796 3795 3793 3794
f 3794 3793 3791 3792
f 3792 3791 3789 3790
f 3790 3789 3787 3788
f 3788 3787 3785 3786
f 3786 3785 3783 3784
f 3784 3783 3781 3782
f 3782 3781 3779 3780
f 3780 3779 3777 3778
f 3778 3777 3775 3776
f 3776 3775 3773 3774
f 3774 3773 3771 3772
f 3772 3771 3769 3770
f 3770 3769 3767 3768
f 3768 3767 3765 3766
f 3766 3765 3763 3764
f 3764 3763 3761 3762
f 3762 3761 3759 3760
f 3760 3759 3757 3758
f 3758 3757 3755 3756
f 3756 3755 3753 3754
f 3754 3753 3751 3752
f 3752 3751 3749 3750
f 3750 3749 3747 3748
f 3748 3747 3745 3746
f 3746 3745 3743 3744
f 3744 3842 3840 3838 3836 3834 3832 3830 3828 3826 3824 3822 3820 3818 3816 3814 3812 3810 3808 3806 3804 3802 3800 3798 3796 3794 3792 3790 3788 3786 3784 3782 3780 3778 3776 3774 3772 3770 3768 3766 3764 3762 3760 3758 3756 3754 3752 3750 3748 3746
f 3745 3747 3749 3751 3753 3755 3757 3759 3761 3763 3765 3767 3769 3771 3773 3775 3777 3779 3781 3783 3785 3787 3789 3791 3793 3795 3797 3799 3801 3803 3805 3807 3809 3811 3813 3815 3817 3819 3821 3823 3825 3827 3829 3831 3833 3835 3837 3839 3841 3743
f 3944 3943 4041 4042
f 4042 4041 4039 4040
f 4040 4039 4037 4038
f 4038 4037 4035 4036
f 4036 4035 4033 4034
f 4034 4033 4031 4032
f 4032 4031 4029 4030
f 4030 4029 4027 4028
f 4028 4027 4025 4026
f 4026 4025 4023 4024
f 4024 4023 4021 4022
f 4022 4021 4019 4020
f 4020 4019 4017 4018
f 4018 4017 4015 4016
f 4016 4015 4013 4014
f 4014 4013 4011 4012
f 4012 4011 4009 4010
f 4010 4009 4007 4008
f 4008 4007 4005 4006
f 4006 4005 4003 4004
f 4004 4003 4001 4002
f 4002 4001 3999 4000
f 4000 3999 3997 3998
f 3998 3997 3995 3996
f 3996 3995 3993 3994
f 3994 3993 3991 3992
f 3992 3991 3989 3990
f 3990 3989 3987 3988
f 3988 3987 3985 3986
f 3986 3985 3983 3984
f 3984 3983 3981 3982
f 3982 3981 3979 3980
f 3980 3979 3977 3978
f 3978 3977 3975 3976
f 3976 3975 3973 3974
f 3974 3973 3971 3972
f 3972 3971 3969 3970
f 3970 3969 3967 3968
f 3968 3967 3965 3966
f 3966 3965 3963 3964
f 3964 3963 3961 3962
f 3962 3961 3959 3960
f 3960 3959 3957 3958
f 3958 3957 3955 3956
f 3956 3955 3953 3954
f 3954 3953 3951 3952
f 3952 3951 3949 3950
f 3950 3949 3947 3948
f 3948 3947 3945 3946
f 3946 3945 3943 3944
f 3944 4042 4040 4038 4036 4034 4032 4030 4028 4026 4024 4022 4020 4018 4016 4014 4012 4010 4008 4006 4004 4002 4000 3998 3996 3994 3992 3990 3988 3986 3984 3982 3980 3978 3976 3974 3972 3970 3968 3966 3964 3962 3960 3958 3956 3954 3952 3950 3948 3946
f 3945 3947 3949 3951 3953 3955 3957 3959 3961 3963 3965 3967 3969 3971 3973 3975 3977 3979 3981 3983 3985 3987 3989 3991 3993 3995 3997 3999 4001 4003 4005 4007 4009 4011 4013 4015 4017 4019 4021 4023 4025 4027 4029 4031 4033 4035 4037 4039 4041 3943
f 4143 4144 4146 4145
f 4145 4146 4148 4147
f 4147 4148 4150 4149
f 4149 4150 4152 4151
f 4151 4152 4154 4153
f 4153 4154 4156 4155
f 4155 4156 4158 4157
f 4157 4158 4160 4159
f 4159 4160 4162 4161
f 4161 4162 4164 4163
f 4163 4164 4166 4165
f 4165 4166 4168 4167
f 4167 4168 4170 4169
f 4169 4170 4172 4171
f 4171 4172 4174 4173
f 4173 4174 4176 4175
f 4175 4176 4178 4177
f 4177 4178 4180 4179
f 4179 4180 4182 4181
f 4181 4182 4184 4183
f 4183 4184 4186 4185
f 4185 4186 4188 4187
f 4187 4188 4190 4189
f 4189 4190 4192 4191
f 4191 4192 4194 4193
f 4193 4194 4196 4195
f 4195 4196 4198 4197
f 4197 4198 4200 4199
f 4199 4200 4202 4201
f 4201 4202 4204 4203
f 4203 4204 4206 4205
f 4205 4206 4208 4207
f 4207 4208 4210 4209
f 4209 4210 4212 4211
f 4211 4212 4214 4213
f 4213 4214 4216 4215
f 4215 4216 4218 4217
f 4217 4218 4220 4219
f 4219 4220 4222 4221
f 4221 4222 4224 4223
f 4223 4224 4226 4225
f 4225 4226 4228 4227
f 4227 4228 4230 4229
f 4229 4230 4232 4231
f 4231 4232 4234 4233
f 4233 4234 4236 4235
f 4235 4236 4238 4237
f 4237 4238 4240 4239
f 4239 4240 4242 4241
f 4241 4242 4144 4143
f 4143 4145 4147 4149 4151 4153 4155 4157 4159 4161 4163 4165 4167 4169 4171 4173 4175 4177 4179 4181 4183 4185 4187 4189 4191 4193 4195 4197 4199 4201 4203 4205 4207 4209 4211 4213 4215 4217 4219 4221 4223 4225 4227 4229 4231 4233 4235 4237 4239 4241
f 4242 4240 4238 4236 4234 4232 4230 4228 4226 4224 4222 4220 4218 4216 4214 4212 4210 4208 4206 4204 4202 4200 4198 4196 4194 4192 4190 4188 4186 4184 4182 4180 4178 4176 4174 4172 4170 4168 4166 4164 4162 4160 4158 4156 4154 4152 4150 4148 4146 4144
f 2644 2643 2741 2742
f 2742 2741 2739 2740
f 2740 2739 2737 2738
f 2738 2737 2735 2736
f 2736 2735 2733 2734
f 2734 2733 2731 2732
f 2732 2731 2729 2730
f 2730 2729 2727 2728
f 2728 2727 2725 2726
f 2726 2725 2723 2724
f 2724 2723 2721 2722
f 2722 2721 2719 2720
f 2720 2719 2717 2718
f 2718 2717 2715 2716
f 2716 2715 2713 2714
f 2714 2713 2711 2712
f 2712 2711 2709 2710
f 2710 2709 2707 2708
f 2708 2707 2705 2706
f 2706 2705 2703 2704
f 2704 2703 2701 2702
f 2702 2701 2699 2700
f 2700 2699 2697 2698
f 2698 2697 2695 2696
f 2696 2695 2693 2694
f 2694 2693 2691 2692
f 2692 2691 2689 2690
f 2690 2689 2687 2688
f 2688 2687 2685 2686
f 2686 2685 2683 2684
f 2684 2683 2681 2682
f 2682 2681 2679 2680
f 2680 2679 2677 2678
f 2678 2677 2675 2676
f 2676 2675 2673 2674
f 2674 2673 2671 2672
f 2672 2671 2669 2670
f 2670 2669 2667 2668
f 2668 2667 2665 2666
f 2666 2665 2663 2664
f 2664 2663 2661 2662
f 2662 2661 2659 2660
f 2660 2659 2657 2658
f 2658 2657 2655 2656
f 2656 2655 2653 2654
f 2654 2653 2651 2652
f 2652 2651 2649 2650
f 2650 2649 2647 2648
f 2648 2647 2645 2646
f 2646 2645 2643 2644
f 2644 2742 2740 2738 2736 2734 2732 2730 2728 2726 2724 2722 2720 2718 2716 2714 2712 2710 2708 2706 2704 2702 2700 2698 2696 2694 2692 2690 2688 2686 2684 2682 2680 2678 2676 2674 2672 2670 2668 2666 2664 2662 2660 2658 2656 2654 2652 2650 2648 2646
f 2645 2647 2649 2651 2653 2655 2657 2659 2661 2663 2665 2667 2669 2671 2673 2675 2677 2679 2681 2683 2685 2687 2689 2691 2693 2695 2697 2699 2701 2703 2705 2707 2709 2711 2713 2715 2717 2719 2721 2723 2725 2727 2729 2731 2733 2735 2737 2739 2741 2643
f 3144 3143 3241 3242
f 3242 3241 3239 3240
f 3240 3239 3237 3238
f 3238 3237 3235 3236
f 3236 3235 3233 3234
f 3234 3233 3231 3232
f 3232 3231 3229 3230
f 3230 3229 3227 3228
f 3228 3227 3225 3226
f 3226 3225 3223 3224
f 3224 3223 3221 3222
f 3222 3221 3219 3220
f 3220 3219 3217 3218
f 3218 3217 3215 3216
f 3216 3215 3213 3214
f 3214 3213 3211 3212
f 3212 3211 3209 3210
f 3210 3209 3207 3208
f 3208 3207 3205 3206
f 3206 3205 3203 3204
f 3204 3203 3201 3202
f 3202 3201 3199 3200
f 3200 3199 3197 3198
f 3198 3197 3195 3196
f 3196 3195 3193 3194
f 3194 3193 3191 3192
f 3192 3191 3189 3190
f 3190 3189 3187 3188
f 3188 3187 3185 3186
f 3186 3185 3183 3184
f 3184 3183 3181 3182
f 3182 3181 3179 3180
f 3180 3179 3177 3178
f 3178 3177 3175 3176
f 3176 3175 3173 3174
f 3174 3173 3171 3172
f 3172 3171 3169 3170
f 3170 3169 3167 3168
f 3168 3167 3165 3166
f 3166 3165 3163 3164
f 3164 3163 3161 3162
f 3162 3161 3159 3160
f 3160 3159 3157 3158
f 3158 3157 3155 3156
f 3156 3155 3153 3154
f 3154 3153 3151 3152
f 3152 3151 3149 3150
f 3150 3149 3147 3148
f 3148 3147 3145 3146
f 3146 3145 3143 3144
f 3144 3242 3240 3238 3236 3234 3232 3230 3228 3226 3224 3222 3220 3218 3216 3214 3212 3210 3208 3206 3204 3202 3200 3198 3196 3194 3192 3190 3188 3186 3184 3182 3180 3178 3176 3174 3172 3170 3168 3166 3164 3162 3160 3158 3156 3154 3152 3150 3148 3146
f 3145 3147 3149 3151 3153 3155 3157 3159 3161 3163 3165 3167 3169 3171 3173 3175 3177 3179 3181 3183 3185 3187 3189 3191 3193 3195 3197 3199 3201 3203 3205 3207 3209 3211 3213 3215 3217 3219 3221 3223 3225 3227 3229 3231 3233 3235 3237 3239 3241 3143
f 3544 3543 3641 3642
f 3642 3641 3639 3640
f 3640 3639 3637 3638
f 3638 3637 3635 3636
f 3636 3635 3633 3634
f 3634 3633 3631 3632
f 3632 3631 3629 3630
f 3630 3629 3627 3628
f 3628 3627 3625 3626
f 3626 3625 3623 3624
f 3624 3623 3621 3622
f 3622 3621 3619 3620
f 3620 3619 3617 3618
f 3618 3617 3615 3616
f 3616 3615 3613 3614
f 3614 3613 3611 3612
f 3612 3611 3609 3610
f 3610 3609 3607 3608
f 3608 3607 3605 3606
f 3606 3605 3603 3604
f 3604 3603 3601 3602
f 3602 3601 3599 3600
f 3600 3599 3597 3598
f 3598 3597 3595 3596
f 3596 3595 3593 3594
f 3594 3593 3591 3592
f 3592 3591 3589 3590
f 3590 3589 3587 3588
f 3588 3587 3585 3586
f 3586 3585 3583 3584
f 3584 3583 3581 3582
f 3582 3581 3579 3580
f 3580 3579 3577 3578
f 3578 3577 3575 3576
f 3576 3575 3573 3574
f 3574 3573 3571 3572
f 3572 3571 3569 3570
f 3570 3569 3567 3568
f 3568 3567 3565 3566
f 3566 3565 3563 3564
f 3564 3563 3561 3562
f 3562 3561 3559 3560
f 3560 3559 3557 3558
f 3558 3557 3555 3556
f 3556 3555 3553 3554
f 3554 3553 3551 3552
f 3552 3551 3549 3550
f 3550 3549 3547 3548
f 3548 3547 3545 3546
f 3546 3545 3543 3544
f 3544 3642 3640 3638 3636 3634 3632 3630 3628 3626 3624 3622 3620 3618 3616 3614 3612 3610 3608 3606 3604 3602 3600 3598 3596 3594 3592 3590 3588 3586 3584 3582 3580 3578 3576 3574 3572 3570 3568 3566 3564 3562 3560 3558 3556 3554 3552 3550 3548 3546
f 3545 3547 3549 3551 3553 3555 3557 3559 3561 3563 3565 3567 3569 3571 3573 3575 3577 3579 3581 3583 3585 3587 3589 3591 3593 3595 3597 3599 3601 3603 3605 3607 3609 3611 3613 3615 3617 3619 3621 3623 3625 3627 3629 3631 3633 3635 3637 3639 3641 3543
f 3844 3843 3941 3942
f 3942 3941 3939 3940
f 3940 3939 3937 3938
f 3938 3937 3935 3936
f 3936 3935 3933 3934
f 3934 3933 3931 3932
f 3932 3931 3929 3930
f 3930 3929 3927 3928
f 3928 3927 3925 3926
f 3926 3925 3923 3924
f 3924 3923 3921 3922
f 3922 3921 3919 3920
f 3920 3919 3917 3918
f 3918 3917 3915 3916
f 3916 3915 3913 3914
f 3914 3913 3911 3912
f 3912 3911 3909 3910
f 3910 3909 3907 3908
f 3908 3907 3905 3906
f 3906 3905 3903 3904
f 3904 3903 3901 3902
f 3902 3901 3899 3900
f 3900 3899 3897 3898
f 3898 3897 3895 3896
f 3896 3895 3893 3894
f 3894 3893 3891 3892
f 3892 3891 3889 3890
f 3890 3889 3887 3888
f 3888 3887 3885 3886
f 3886 3885 3883 3884
f 3884 3883 3881 3882
f 3882 3881 3879 3880
f 3880 3879 3877 3878
f 3878 3877 3875 3876
f 3876 3875 3873 3874
f 3874 3873 3871 3872
f 3872 3871 3869 3870
f 3870 3869 3867 3868
f 3868 3867 3865 3866
f 3866 3865 3863 3864
f 3864 3863 3861 3862
f 3862 3861 3859 3860
f 3860 3859 3857 3858
f 3858 3857 3855 3856
f 3856 3855 3853 3854
f 3854 3853 3851 3852
f 3852 3851 3849 3850
f 3850 3849 3847 3848
f 3848 3847 3845 3846
f 3846 3845 3843 3844
f 3844 3942 3940 3938 3936 3934 3932 3930 3928 3926 3924 3922 3920 3918 3916 3914 3912 3910 3908 3906 3904 3902 3900 3898 3896 3894 3892 3890 3888 3886 3884 3882 3880 3878 3876 3874 3872 3870 3868 3866 3864 3862 3860 3858 3856 3854 3852 3850 3848 3846
f 3845 3847 3849 3851 3853 3855 3857 3859 3861 3863 3865 3867 3869 3871 3873 3875 3877 3879 3881 3883 3885 3887 3889 3891 3893 3895 3897 3899 3901 3903 3905 3907 3909 3911 3913 3915 3917 3919 3921 3923 3925 3927 3929 3931 3933 3935 3937 3939 3941 3843
f 4044 4043 4141 4142
f 4142 4141 4139 4140
f 4140 4139 4137 4138
f 4138 4137 4135 4136
f 4136 4135 4133 4134
f 4134 4133 4131 4132
f 4132 4131 4129 4130
f 4130 4129 4127 4128
f 4128 4127 4125 4126
f 4126 4125 4123 4124
f 4124 4123 4121 4122
f 4122 4121 4119 4120
f 4120 4119 4117 4118
f 4118 4117 4115 4116
f 4116 4115 4113 4114
f 4114 4113 4111 4112
f 4112 4111 4109 4110
f 4110 4109 4107 4108
f 4108 4107 4105 4106
f 4106 4105 4103 4104
f 4104 4103 4101 4102
f 4102 4101 4099 4100
f 4100 4099 4097 4098
f 4098 4097 4095 4096
f 4096 4095 4093 4094
f 4094 4093 4091 4092
f 4092 4091 4089 4090
f 4090 4089 4087 4088
f 4088 4087 4085 4086
f 4086 4085 4083 4084
f 4084 4083 4081 4082
f 4082 4081 4079 4080
f 4080 4079 4077 4078
f 4078 4077 4075 4076
f 4076 4075 4073 4074
f 4074 4073 4071 4072
f 4072 4071 4069 4070
f 4070 4069 4067 4068
f 4068 4067 4065 4066
f 4066 4065 4063 4064
f 4064 4063 4061 4062
f 4062 4061 4059 4060
f 4060 4059 4057 4058
f 4058 4057 4055 4056
f 4056 4055 4053 4054
f 4054 4053 4051 4052
f 4052 4051 4049 4050
f 4050 4049 4047 4048
f 4048 4047 4045 4046
f 4046 4045 4043 4044
f 4044 4142 4140 4138 4136 4134 4132 4130 4128 4126 4124 4122 4120 4118 4116 4114 4112 4110 4108 4106 4104 4102 4100 4098 4096 4094 4092 4090 4088 4086 4084 4082 4080 4078 4076 4074 4072 4070 4068 4066 4064 4062 4060 4058 4056 4054 4052 4050 4048 4046
f 4045 4047 4049 4051 4053 4055 4057 4059 4061 4063 4065 4067 4069 4071 4073 4075 4077 4079 4081 4083 4085 4087 4089 4091 4093 4095 4097 4099 4101 4103 4105 4107 4109 4111 4113 4115 4117 4119 4121 4123 4125 4127 4129 4131 4133 4135 4137 4139 4141 4043
f 4144 4143 4241 4242
f 4242 4241 4239 4240
f 4240 4239 4237 4238
f 4238 4237 4235 4236
f 4236 4235 4233 4234
f 4234 4233 4231 4232
f 4232 4231 4229 4230
f 4230 4229 4227 4228
f 4228 4227 4225 4226
f 4226 4225 4223 4224
f 4224 4223 4221 4222
f 4222 4221 4219 4220
f 4220 4219 4217 4218
f 4218 4217 4215 4216
f 4216 4215 4213 4214
f 4214 4213 4211 4212
f 4212 4211 4209 4210
f 4210 4209 4207 4208
f 4208 4207 4205 4206
f 4206 4205 4203 4204
f 4204 4203 4201 4202
f 4202 4201 4199 4200
f 4200 4199 4197 4198
f 4198 4197 4195 4196
f 4196 4195 4193 4194
f 4194 4193 4191 4192
f 4192 4191 4189 4190
f 4190 4189 4187 4188
f 4188 4187 4185 4186
f 4186 4185 4183 4184
f 4184 4183 4181 4182
f 4182 4181 4179 4180
f 4180 4179 4177 4178
f 4178 4177 4175 4176
f 4176 4175 4173 4174
f 4174 4173 4171 4172
f 4172 4171 4169 4170
f 4170 4169 4167 4168
f 4168 4167 4165 4166
f 4166 4165 4163 4164
f 4164 4163 4161 4162
f 4162 4161 4159 4160
f 4160 4159 4157 4158
f 4158 4157 4155 4156
f 4156 4155 4153 4154
f 4154 4153 4151 4152
f 4152 4151 4149 4150
f 4150 4149 4147 4148
f 4148 4147 4145 4146
f 4146 4145 4143 4144
f 4144 4242 4240 4238 4236 4234 4232 4230 4228 4226 4224 4222 4220 4218 4216 4214 4212 4210 4208 4206 4204 4202 4200 4198 4196 4194 4192 4190 4188 4186 4184 4182 4180 4178 4176 4174 4172 4170 4168 4166 4164 4162 4160 4158 4156 4154 4152 4150 4148 4146
f 4145 4147 4149 4151 4153 4155 4157 4159 4161 4163 4165 4167 4169 4171 4173 4175 4177 4179 4181 4183 4185 4187 4189 4191 4193 4195 4197 4199 4201 4203 4205 4207 4209 4211 4213 4215 4217 4219 4221 4223 4225 4227 4229 4231 4233 4235 4237 4239 4241 4143
f 4245 4273 4243
f 4273 4301 4243
f 4301 4329 4243
f 4329 4357 4243
f 4357 4385 4243
f 4385 4413 4243
f 4413 4441 4243
f 4441 4469 4243
f 4469 4497 4243
f 4497 4525 4243
f 4525 4553 4243
f 4553 4581 4243
f 4581 4609 4243
f 4609 4637 4243
f 4637 4665 4243
f 4665 4693 4243
f 4693 4721 4243
f 4721 4749 4243
f 4749 4777 4243
f 4777 4805 4243
f 4805 4833 4243
f 4833 4861 4243
f 4861 4889 4243
f 4889 4917 4243
f 4917 4945 4243
f 4945 4973 4243
f 4973 5001 4243
f 5001 5029 4243
f 5029 5057 4243
f 5057 4245 4243
f 4272 4244 4300
f 4300 4244 4328
f 4328 4244 4356
f 4356 4244 4384
f 4384 4244 4412
f 4412 4244 4440
f 4440 4244 4468
f 4468 4244 4496
f 4496 4244 4524
f 4524 4244 4552
f 4552 4244 4580
f 4580 4244 4608
f 4608 4244 4636
f 4636 4244 4664
f 4664 4244 4692
f 4692 4244 4720
f 4720 4244 4748
f 4748 4244 4776
f 4776 4244 4804
f 4804 4244 4832
f 4832 4244 4860
f 4860 4244 4888
f 4888 4244 4916
f 4916 4244 4944
f 4944 4244 4972
f 4972 4244 5000
f 5000 4244 5028
f 5028 4244 5056
f 5056 4244 5084
f 5084 4244 4272
f 4245 4246 4274
f 4245 4274 4273
f 4246 4247 4275
f 4246 4275 4274
f 4247 4248 4276
f 4247 4276 4275
f 4248 4249 4277
f 4248 4277 4276
f 4249 4250 4278
f 4249 4278 4277
f 4250 4251 4279
f 4250 4279 4278
f 4251 4252 4280
f 4251 4280 4279
f 4252 4253 4281
f 4252 4281 4280
f 4253 4254 4282
f 4253 4282 4281
f 4254 4255 4283
f 4254 4283 4282
f 4255 4256 4284
f 4255 4284 4283
f 4256 4257 4285
f 4256 4285 4284
f 4257 4258 4286
f 4257 4286 4285
f 4258 4259 4287
f 4258 4287 4286
f 4259 4260 4288
f 4259 4288 4287
f 4260 4261 4289
f 4260 4289 4288
f 4261 4262 4290
f 4261 4290 4289
f 4262 4263 4291
f 4262 4291 4290
f 4263 4264 4292
f 4263 4292 4291
f 4264 4265 4293
f 4264 4293 4292
f 4265 4266 4294
f 4265 4294 4293
f 4266 4267 4295
f 4266 4295 4294
f 4267 4268 4296
f 4267 4296 4295
f 4268 4269 4297
f 4268 4297 4296
f 4269 4270 4298
f 4269 4298 4297
f 4270 4271 4299
f 4270 4299 4298
f 4271 4272 4300
f 4271 4300 4299
f 4273 4274 4302
f 4273 4302 4301
f 4274 4275 4303
f 4274 4303 4302
f 4275 4276 4304
f 4275 4304 4303
f 4276 4277 4305
f 4276 4305 4304
f 4277 4278 4306
f 4277 4306 4305
f 4278 4279 4307
f 4278 4307 4306
f 4279 4280 4308
f 4279 4308 4307
f 4280 4281 4309
f 4280 4309 4308
f 4281 4282 4310
f 4281 4310 4309
f 4282 4283 4311
f 4282 4311 4310
f 4283 4284 4312
f 4283 4312 4311
f 4284 4285 4313
f 4284 4313 4312
f 4285 4286 4314
f 4285 4314 4313
f 4286 4287 4315
f 4286 4315 4314
f 4287 4288 4316
f 4287 4316 4315
f 4288 4289 4317
f 4288 4317 4316
f 4289 4290 4318
f 4289 4318 4317
f 4290 4291 4319
f 4290 4319 4318
f 4291 4292 4320
f 4291 4320 4319
f 4292 4293 4321
f 4292 4321 4320
f 4293 4294 4322
f 4293 4322 4321
f 4294 4295 4323
f 4294 4323 4322
f 4295 4296 4324
f 4295 4324 4323
f 4296 4297 4325
f 4296 4325 4324
f 4297 4298 4326
f 4297 4326 4325
f 4298 4299 4327
f 4298 4327 4326
f 4299 4300 4328
f 4299 4328 4327
f 4301 4302 4330
f 4301 4330 4329
f 4302 4303 4331
f 4302 4331 4330
f 4303 4304 4332
f 4303 4332 4331
f 4304 4305 4333
f 4304 4333 4332
f 4305 4306 4334
f 4305 4334 4333
f 4306 4307 4335
f 4306 4335 4334
f 4307 4308 4336
f 4307 4336 4335
f 4308 4309 4337
f 4308 4337 4336
f 4309 4310 4338
f 4309 4338 4337
f 4310 4311 4339
f 4310 4339 4338
f 4311 4312 4340
f 4311 4340 4339
f 4312 4313 4341
f 4312 4341 4340
f 4313 4314 4342
f 4313 4342 4341
f 4314 4315 4343
f 4314 4343 4342
f 4315 4316 4344
f 4315 4344 4343
f 4316 4317 4345
f 4316 4345 4344
f 4317 4318 4346
f 4317 4346 4345
f 4318 4319 4347
f 4318 4347 4346
f 4319 4320 4348
f 4319 4348 4347
f 4320 4321 4349
f 4320 4349 4348
f 4321 4322 4350
f 4321 4350 4349
f 4322 4323 4351
f 4322 4351 4350
f 4323 4324 4352
f 4323 4352 4351
f 4324 4325 4353
f 4324 4353 4352
f 4325 4326 4354
f 4325 4354 4353
f 4326 4327 4355
f 4326 4355 4354
f 4327 4328 4356
f 4327 4356 4355
f 4329 4330 4358
f 4329 4358 4357
f 4330 4331 4359
f 4330 4359 4358
f 4331 4332 4360
f 4331 4360 4359
f 4332 4333 4361
f 4332 4361 4360
f 4333 4334 4362
f 4333 4362 4361
f 4334 4335 4363
f 4334 4363 4362
f 4335 4336 4364
f 4335 4364 4363
f 4336 4337 4365
f 4336 4365 4364
f 4337 4338 4366
f 4337 4366 4365
f 4338 4339 4367
f 4338 4367 4366
f 4339 4340 4368
f 4339 4368 4367
f 4340 4341 4369
f 4340 4369 4368
f 4341 4342 4370
f 4341 4370 4369
f 4342 4343 4371
f 4342 4371 4370
f 4343 4344 4372
f 4343 4372 4371
f 4344 4345 4373
f 4344 4373 4372
f 4345 4346 4374
f 4345 4374 4373
f 4346 4347 4375
f 4346 4375 4374
f 4347 4348 4376
f 4347 4376 4375
f 4348 4349 4377
f 4348 4377 4376
f 4349 4350 4378
f 4349 4378 4377
f 4350 4351 4379
f 4350 4379 4378
f 4351 4352 4380
f 4351 4380 4379
f 4352 4353 4381
f 4352 4381 4380
f 4353 4354 4382
f 4353 4382 4381
f 4354 4355 4383
f 4354 4383 4382
f 4355 4356 4384
f 4355 4384 4383
f 4357 4358 4386
f 4357 4386 4385
f 4358 4359 4387
f 4358 4387 4386
f 4359 4360 4388
f 4359 4388 4387
f 4360 4361 4389
f 4360 4389 4388
f 4361 4362 4390
f 4361 4390 4389
f 4362 4363 4391
f 4362 4391 4390
f 4363 4364 4392
f 4363 4392 4391
f 4364 4365 4393
f 4364 4393 4392
f 4365 4366 4394
f 4365 4394 4393
f 4366 4367 4395
f 4366 4395 4394
f 4367 4368 4396
f 4367 4396 4395
f 4368 4369 4397
f 4368 4397 4396
f 4369 4370 4398
f 4369 4398 4397
f 4370 4371 4399
f 4370 4399 4398
f 4371 4372 4400
f 4371 4400 4399
f 4372 4373 4401
f 4372 4401 4400
f 4373 4374 4402
f 4373 4402 4401
f 4374 4375 4403
f 4374 4403 4402
f 4375 4376 4404
f 4375 4404 4403
f 4376 4377 4405
f 4376 4405 4404
f 4377 4378 4406
f 4377 4406 4405
f 4378 4379 4407
f 4378 4407 4406
f 4379 4380 4408
f 4379 4408 4407
f 4380 4381 4409
f 4380 4409 4408
f 4381 4382 4410
f 4381 4410 4409
f 4382 4383 4411
f 4382 4411 4410
f 4383 4384 4412
f 4383 4412 4411
f 4385 4386 4414
f 4385 4414 4413
f 4386 4387 4415
f 4386 4415 4414
f 4387 4388 4416
f 4387 4416 4415
f 4388 4389 4417
f 4388 4417 4416
f 4389 4390 4418
f 4389 4418 4417
f 4390 4391 4419
f 4390 4419 4418
f 4391 4392 4420
f 4391 4420 4419
f 4392 4393 4421
f 4392 4421 4420
f 4393 4394 4422
f 4393 4422 4421
f 4394 4395 4423
f 4394 4423 4422
f 4395 4396 4424
f 4395 4424 4423
f 4396 4397 4425
f 4396 4425 4424
f 4397 4398 4426
f 4397 4426 4425
f 4398 4399 4427
f 4398 4427 4426
f 4399 4400 4428
f 4399 4428 4427
f 4400 4401 4429
f 4400 4429 4428
f 4401 4402 4430
f 4401 4430 4429
f 4402 4403 4431
f 4402 4431 4430
f 4403 4404 4432
f 4403 4432 4431
f 4404 4405 4433
f 4404 4433 4432
f 4405 4406 4434
f 4405 4434 4433
f 4406 4407 4435
f 4406 4435 4434
f 4407 4408 4436
f 4407 4436 4435
f 4408 4409 4437
f 4408 4437 4436
f 4409 4410 4438
f 4409 4438 4437
f 4410 4411 4439
f 4410 4439 4438
f 4411 4412 4440
f 4411 4440 4439
f 4413 4414 4442
f 4413 4442 4441
f 4414 4415 4443
f 4414 4443 4442
f 4415 4416 4444
f 4415 4444 4443
f 4416 4417 4445
f 4416 4445 4444
f 4417 4418 4446
f 4417 4446 4445
f 4418 4419 4447
f 4418 4447 4446
f 4419 4420 4448
f 4419 4448 4447
f 4420 4421 4449
f 4420 4449 4448
f 4421 4422 4450
f 4421 4450 4449
f 4422 4423 4451
f 4422 4451 4450
f 4423 4424 4452
f 4423 4452 4451
f 4424 4425 4453
f 4424 4453 4452
f 4425 4426 4454
f 4425 4454 4453
f 4426 4427 4455
f 4426 4455 4454
f 4427 4428 4456
f 4427 4456 4455
f 4428 4429 4457
f 4428 4457 4456
f 4429 4430 4458
f 4429 4458 4457
f 4430 4431 4459
f 4430 4459 4458
f 4431 4432 4460
f 4431 4460 4459
f 4432 4433 4461
f 4432 4461 4460
f 4433 4434 4462
f 4433 4462 4461
f 4434 4435 4463
f 4434 4463 4462
f 4435 4436 4464
f 4435 4464 4463
f 4436 4437 4465
f 4436 4465 4464
f 4437 4438 4466
f 4437 4466 4465
f 4438 4439 4467
f 4438 4467 4466
f 4439 4440 4468
f 4439 4468 4467
f 4441 4442 4470
f 4441 4470 4469
f 4442 4443 4471
f 4442 4471 4470
f 4443 4444 4472
f 4443 4472 4471
f 4444 4445 4473
f 4444 4473 4472
f 4445 4446 4474
f 4445 4474 4473
f 4446 4447 4475
f 4446 4475 4474
f 4447 4448 4476
f 4447 4476 4475
f 4448 4449 4477
f 4448 4477 4476
f 4449 4450 4478
f 4449 4478 4477
f 4450 4451 4479
f 4450 4479 4478
f 4451 4452 4480
f 4451 4480 4479
f 4452 4453 4481
f 4452 4481 4480
f 4453 4454 4482
f 4453 4482 4481
f 4454 4455 4483
f 4454 4483 4482
f 4455 4456 4484
f 4455 4484 4483
f 4456 4457 4485
f 4456 4485 4484
f 4457 4458 4486
f 4457 4486 4485
f 4458 4459 4487
f 4458 4487 4486
f 4459 4460 4488
f 4459 4488 4487
f 4460 4461 4489
f 4460 4489 4488
f 4461 4462 4490
f 4461 4490 4489
f 4462 4463 4491
f 4462 4491 4490
f 4463 4464 4492
f 4463 4492 4491
f 4464 4465 4493
f 4464 4493 4492
f 4465 4466 4494
f 4465 4494 4493
f 4466 4467 4495
f 4466 4495 4494
f 4467 4468 4496
f 4467 4496 4495
f 4469 4470 4498
f 4469 4498 4497
f 4470 4471 4499
f 4470 4499 4498
f 4471 4472 4500
f 4471 4500 4499
f 4472 4473 4501
f 4472 4501 4500
f 4473 4474 4502
f 4473 4502 4501
f 4474 4475 4503
f 4474 4503 4502
f 4475 4476 4504
f 4475 4504 4503
f 4476 4477 4505
f 4476 4505 4504
f 4477 4478 4506
f 4477 4506 4505
f 4478 4479 4507
f 4478 4507 4506
f 4479 4480 4508
f 4479 4508 4507
f 4480 4481 4509
f 4480 4509 4508
f 4481 4482 4510
f 4481 4510 4509
f 4482 4483 4511
f 4482 4511 4510
f 4483 4484 4512
f 4483 4512 4511
f 4484 4485 4513
f 4484 4513 4512
f 4485 4486 4514
f 4485 4514 4513
f 4486 4487 4515
f 4486 4515 4514
f 4487 4488 4516
f 4487 4516 4515
f 4488 4489 4517
f 4488 4517 4516
f 4489 4490 4518
f 4489 4518 4517
f 4490 4491 4519
f 4490 4519 4518
f 4491 4492 4520
f 4491 4520 4519
f 4492 4493 4521
f 4492 4521 4520
f 4493 4494 4522
f 4493 4522 4521
f 4494 4495 4523
f 4494 4523 4522
f 4495 4496 4524
f 4495 4524 4523
f 4497 4498 4526
f 4497 4526 4525
f 4498 4499 4527
f 4498 4527 4526
f 4499 4500 4528
f 4499 4528 4527
f 4500 4501 4529
f 4500 4529 4528
f 4501 4502 4530
f 4501 4530 4529
f 4502 4503 4531
f 4502 4531 4530
f 4503 4504 4532
f 4503 4532 4531
f 4504 4505 4533
f 4504 4533 4532
f 4505 4506 4534
f 4505 4534 4533
f 4506 4507 4535
f 4506 4535 4534
f 4507 4508 4536
f 4507 4536 4535
f 4508 4509 4537
f 4508 4537 4536
f 4509 4510 4538
f 4509 4538 4537
f 4510 4511 4539
f 4510 4539 4538
f 4511 4512 4540
f 4511 4540 4539
f 4512 4513 4541
f 4512 4541 4540
f 4513 4514 4542
f 4513 4542 4541
f 4514 4515 4543
f 4514 4543 4542
f 4515 4516 4544
f 4515 4544 4543
f 4516 4517 4545
f 4516 4545 4544
f 4517 4518 4546
f 4517 4546 4545
f 4518 4519 4547
f 4518 4547 4546
f 4519 4520 4548
f 4519 4548 4547
f 4520 4521 4549
f 4520 4549 4548
f 4521 4522 4550
f 4521 4550 4549
f 4522 4523 4551
f 4522 4551 4550
f 4523 4524 4552
f 4523 4552 4551
f 4525 4526 4554
f 4525 4554 4553
f 4526 4527 4555
f 4526 4555 4554
f 4527 4528 4556
f 4527 4556 4555
f 4528 4529 4557
f 4528 4557 4556
f 4529 4530 4558
f 4529 4558 4557
f 4530 4531 4559
f 4530 4559 4558
f 4531 4532 4560
f 4531 4560 4559
f 4532 4533 4561
f 4532 4561 4560
f 4533 4534 4562
f 4533 4562 4561
f 4534 4535 4563
f 4534 4563 4562
f 4535 4536 4564
f 4535 4564 4563
f 4536 4537 4565
f 4536 4565 4564
f 4537 4538 4566
f 4537 4566 4565
f 4538 4539 4567
f 4538 4567 4566
f 4539 4540 4568
f 4539 4568 4567
f 4540 4541 4569
f 4540 4569 4568
f 4541 4542 4570
f 4541 4570 4569
f 4542 4543 4571
f 4542 4571 4570
f 4543 4544 4572
f 4543 4572 4571
f 4544 4545 4573
f 4544 4573 4572
f 4545 4546 4574
f 4545 4574 4573
f 4546 4547 4575
f 4546 4575 4574
f 4547 4548 4576
f 4547 4576 4575
f 4548 4549 4577
f 4548 4577 4576
f 4549 4550 4578
f 4549 4578 4577
f 4550 4551 4579
f 4550 4579 4578
f 4551 4552 4580
f 4551 4580 4579
f 4553 4554 4582
f 4553 4582 4581
f 4554 4555 4583
f 4554 4583 4582
f 4555 4556 4584
f 4555 4584 4583
f 4556 4557 4585
f 4556 4585 4584
f 4557 4558 4586
f 4557 4586 4585
f 4558 4559 4587
f 4558 4587 4586
f 4559 4560 4588
f 4559 4588 4587
f 4560 4561 4589
f 4560 4589 4588
f 4561 4562 4590
f 4561 4590 4589
f 4562 4563 4591
f 4562 4591 4590
f 4563 4564 4592
f 4563 4592 4591
f 4564 4565 4593
f 4564 4593 4592
f 4565 4566 4594
f 4565 4594 4593
f 4566 4567 4595
f 4566 4595 4594
f 4567 4568 4596
f 4567 4596 4595
f 4568 4569 4597
f 4568 4597 4596
f 4569 4570 4598
f 4569 4598 4597
f 4570 4571 4599
f 4570 4599 4598
f 4571 4572 4600
f 4571 4600 4599
f 4572 4573 4601
f 4572 4601 4600
f 4573 4574 4602
f 4573 4602 4601
f 4574 4575 4603
f 4574 4603 4602
f 4575 4576 4604
f 4575 4604 4603
f 4576 4577 4605
f 4576 4605 4604
f 4577 4578 4606
f 4577 4606 4605
f 4578 4579 4607
f 4578 4607 4606
f 4579 4580 4608
f 4579 4608 4607
f 4581 4582 4610
f 4581 4610 4609
f 4582 4583 4611
f 4582 4611 4610
f 4583 4584 4612
f 4583 4612 4611
f 4584 4585 4613
f 4584 4613 4612
f 4585 4586 4614
f 4585 4614 4613
f 4586 4587 4615
f 4586 4615 4614
f 4587 4588 4616
f 4587 4616 4615
f 4588 4589 4617
f 4588 4617 4616
f 4589 4590 4618
f 4589 4618 4617
f 4590 4591 4619
f 4590 4619 4618
f 4591 4592 4620
f 4591 4620 4619
f 4592 4593 4621
f 4592 4621 4620
f 4593 4594 4622
f 4593 4622 4621
f 4594 4595 4623
f 4594 4623 4622
f 4595 4596 4624
f 4595 4624 4623
f 4596 4597 4625
f 4596 4625 4624
f 4597 4598 4626
f 4597 4626 4625
f 4598 4599 4627
f 4598 4627 4626
f 4599 4600 4628
f 4599 4628 4627
f 4600 4601 4629
f 4600 4629 4628
f 4601 4602 4630
f 4601 4630 4629
f 4602 4603 4631
f 4602 4631 4630
f 4603 4604 4632
f 4603 4632 4631
f 4604 4605 4633
f 4604 4633 4632
f 4605 4606 4634
f 4605 4634 4633
f 4606 4607 4635
f 4606 4635 4634
f 4607 4608 4636
f 4607 4636 4635
f 4609 4610 4638
f 4609 4638 4637
f 4610 4611 4639
f 4610 4639 4638
f 4611 4612 4640
f 4611 4640 4639
f 4612 4613 4641
f 4612 4641 4640
f 4613 4614 4642
f 4613 4642 4641
f 4614 4615 4643
f 4614 4643 4642
f 4615 4616 4644
f 4615 4644 4643
f 4616 4617 4645
f 4616 4645 4644
f 4617 4618 4646
f 4617 4646 4645
f 4618 4619 4647
f 4618 4647 4646
f 4619 4620 4648
f 4619 4648 4647
f 4620 4621 4649
f 4620 4649 4648
f 4621 4622 4650
f 4621 4650 4649
f 4622 4623 4651
f 4622 4651 4650
f 4623 4624 4652
f 4623 4652 4651
f 4624 4625 4653
f 4624 4653 4652
f 4625 4626 4654
f 4625 4654 4653
f 4626 4627 4655
f 4626 4655 4654
f 4627 4628 4656
f 4627 4656 4655
f 4628 4629 4657
f 4628 4657 4656
f 4629 4630 4658
f 4629 4658 4657
f 4630 4631 4659
f 4630 4659 4658
f 4631 4632 4660
f 4631 4660 4659
f 4632 4633 4661
f 4632 4661 4660
f 4633 4634 4662
f 4633 4662 4661
f 4634 4635 4663
f 4634 4663 4662
f 4635 4636 4664
f 4635 4664 4663
f 4637 4638 4666
f 4637 4666 4665
f 4638 4639 4667
f 4638 4667 4666
f 4639 4640 4668
f 4639 4668 4667
f 4640 4641 4669
f 4640 4669 4668
f 4641 4642 4670
f 4641 4670 4669
f 4642 4643 4671
f 4642 4671 4670
f 4643 4644 4672
f 4643 4672 4671
f 4644 4645 4673
f 4644 4673 4672
f 4645 4646 4674
f 4645 4674 4673
f 4646 4647 4675
f 4646 4675 4674
f 4647 4648 4676
f 4647 4676 4675
f 4648 4649 4677
f 4648 4677 4676
f 4649 4650 4678
f 4649 4678 4677
f 4650 4651 4679
f 4650 4679 4678
f 4651 4652 4680
f 4651 4680 4679
f 4652 4653 4681
f 4652 4681 4680
f 4653 4654 4682
f 4653 4682 4681
f 4654 4655 4683
f 4654 4683 4682
f 4655 4656 4684
f 4655 4684 4683
f 4656 4657 4685
f 4656 4685 4684
f 4657 4658 4686
f 4657 4686 4685
f 4658 4659 4687
f 4658 4687 4686
f 4659 4660 4688
f 4659 4688 4687
f 4660 4661 4689
f 4660 4689 4688
f 4661 4662 4690
f 4661 4690 4689
f 4662 4663 4691
f 4662 4691 4690
f 4663 4664 4692
f 4663 4692 4691
f 4665 4666 4694
f 4665 4694 4693
f 4666 4667 4695
f 4666 4695 4694
f 4667 4668 4696
f 4667 4696 4695
f 4668 4669 4697
f 4668 4697 4696
f 4669 4670 4698
f 4669 4698 4697
f 4670 4671 4699
f 4670 4699 4698
f 4671 4672 4700
f 4671 4700 4699
f 4672 4673 4701
f 4672 4701 4700
f 4673 4674 4702
f 4673 4702 4701
f 4674 4675 4703
f 4674 4703 4702
f 4675 4676 4704
f 4675 4704 4703
f 4676 4677 4705
f 4676 4705 4704
f 4677 4678 4706
f 4677 4706 4705
f 4678 4679 4707
f 4678 4707 4706
f 4679 4680 4708
f 4679 4708 4707
f 4680 4681 4709
f 4680 4709 4708
f 4681 4682 4710
f 4681 4710 4709
f 4682 4683 4711
f 4682 4711 4710
f 4683 4684 4712
f 4683 4712 4711
f 4684 4685 4713
f 4684 4713 4712
f 4685 4686 4714
f 4685 4714 4713
f 4686 4687 4715
f 4686 4715 4714
f 4687 4688 4716
f 4687 4716 4715
f 4688 4689 4717
f 4688 4717 4716
f 4689 4690 4718
f 4689 4718 4717
f 4690 4691 4719
f 4690 4719 4718
f 4691 4692 4720
f 4691 4720 4719
f 4693 4694 4722
f 4693 4722 4721
f 4694 4695 4723
f 4694 4723 4722
f 4695 4696 4724
f 4695 4724 4723
f 4696 4697 4725
f 4696 4725 4724
f 4697 4698 4726
f 4697 4726 4725
f 4698 4699 4727
f 4698 4727 4726
f 4699 4700 4728
f 4699 4728 4727
f 4700 4701 4729
f 4700 4729 4728
f 4701 4702 4730
f 4701 4730 4729
f 4702 4703 4731
f 4702 4731 4730
f 4703 4704 4732
f 4703 4732 4731
f 4704 4705 4733
f 4704 4733 4732
f 4705 4706 4734
f 4705 4734 4733
f 4706 4707 4735
f 4706 4735 4734
f 4707 4708 4736
f 4707 4736 4735
f 4708 4709 4737
f 4708 4737 4736
f 4709 4710 4738
f 4709 4738 4737
f 4710 4711 4739
f 4710 4739 4738
f 4711 4712 4740
f 4711 4740 4739
f 4712 4713 4741
f 4712 4741 4740
f 4713 4714 4742
f 4713 4742 4741
f 4714 4715 4743
f 4714 4743 4742
f 4715 4716 4744
f 4715 4744 4743
f 4716 4717 4745
f 4716 4745 4744
f 4717 4718 4746
f 4717 4746 4745
f 4718 4719 4747
f 4718 4747 4746
f 4719 4720 4748
f 4719 4748 4747
f 4721 4722 4750
f 4721 4750 4749
f 4722 4723 4751
f 4722 4751 4750
f 4723 4724 4752
f 4723 4752 4751
f 4724 4725 4753
f 4724 4753 4752
f 4725 4726 4754
f 4725 4754 4753
f 4726 4727 4755
f 4726 4755 4754
f 4727 4728 4756
f 4727 4756 4755
f 4728 4729 4757
f 4728 4757 4756
f 4729 4730 4758
f 4729 4758 4757
f 4730 4731 4759
f 4730 4759 4758
f 4731 4732 4760
f 4731 4760 4759
f 4732 4733 4761
f 4732 4761 4760
f 4733 4734 4762
f 4733 4762 4761
f 4734 4735 4763
f 4734 4763 4762
f 4735 4736 4764
f 4735 4764 4763
f 4736 4737 4765
f 4736 4765 4764
f 4737 4738 4766
f 4737 4766 4765
f 4738 4739 4767
f 4738 4767 4766
f 4739 4740 4768
f 4739 4768 4767
f 4740 4741 4769
f 4740 4769 4768
f 4741 4742 4770
f 4741 4770 4769
f 4742 4743 4771
f 4742 4771 4770
f 4743 4744 4772
f 4743 4772 4771
f 4744 4745 4773
f 4744 4773 4772
f 4745 4746 4774
f 4745 4774 4773
f 4746 4747 4775
f 4746 4775 4774
f 4747 4748 4776
f 4747 4776 4775
f 4749 4750 4778
f 4749 4778 4777
f 4750 4751 4779
f 4750 4779 4778
f 4751 4752 4780
f 4751 4780 4779
f 4752 4753 4781
f 4752 4781 4780
f 4753 4754 4782
f 4753 4782 4781
f 4754 4755 4783
f 4754 4783 4782
f 4755 4756 4784
f 4755 4784 4783
f 4756 4757 4785
f 4756 4785 4784
f 4757 4758 4786
f 4757 4786 4785
f 4758 4759 4787
f 4758 4787 4786
f 4759 4760 4788
f 4759 4788 4787
f 4760 4761 4789
f 4760 4789 4788
f 4761 4762 4790
f 4761 4790 4789
f 4762 4763 4791
f 4762 4791 4790
f 4763 4764 4792
f 4763 4792 4791
f 4764 4765 4793
f 4764 4793 4792
f 4765 4766 4794
f 4765 4794 4793
f 4766 4767 4795
f 4766 4795 4794
f 4767 4768 4796
f 4767 4796 4795
f 4768 4769 4797
f 4768 4797 4796
f 4769 4770 4798
f 4769 4798 4797
f 4770 4771 4799
f 4770 4799 4798
f 4771 4772 4800
f 4771 4800 4799
f 4772 4773 4801
f 4772 4801 4800
f 4773 4774 4802
f 4773 4802 4801
f 4774 4775 4803
f 4774 4803 4802
f 4775 4776 4804
f 4775 4804 4803
f 4777 4778 4806
f 4777 4806 4805
f 4778 4779 4807
f 4778 4807 4806
f 4779 4780 4808
f 4779 4808 4807
f 4780 4781 4809
f 4780 4809 4808
f 4781 4782 4810
f 4781 4810 4809
f 4782 4783 4811
f 4782 4811 4810
f 4783 4784 4812
f 4783 4812 4811
f 4784 4785 4813
f 4784 4813 4812
f 4785 4786 4814
f 4785 4814 4813
f 4786 4787 4815
f 4786 4815 4814
f 4787 4788 4816
f 4787 4816 4815
f 4788 4789 4817
f 4788 4817 4816
f 4789 4790 4818
f 4789 4818 4817
f 4790 4791 4819
f 4790 4819 4818
f 4791 4792 4820
f 4791 4820 4819
f 4792 4793 4821
f 4792 4821 4820
f 4793 4794 4822
f 4793 4822 4821
f 4794 4795 4823
f 4794 4823 4822
f 4795 4796 4824
f 4795 4824 4823
f 4796 4797 4825
f 4796 4825 4824
f 4797 4798 4826
f 4797 4826 4825
f 4798 4799 4827
f 4798 4827 4826
f 4799 4800 4828
f 4799 4828 4827
f 4800 4801 4829
f 4800 4829 4828
f 4801 4802 4830
f 4801 4830 4829
f 4802 4803 4831
f 4802 4831 4830
f 4803 4804 4832
f 4803 4832 4831
f 4805 4806 4834
f 4805 4834 4833
f 4806 4807 4835
f 4806 4835 4834
f 4807 4808 4836
f 4807 4836 4835
f 4808 4809 4837
f 4808 4837 4836
f 4809 4810 4838
f 4809 4838 4837
f 4810 4811 4839
f 4810 4839 4838
f 4811 4812 4840
f 4811 4840 4839
f 4812 4813 4841
f 4812 4841 4840
f 4813 4814 4842
f 4813 4842 4841
f 4814 4815 4843
f 4814 4843 4842
f 4815 4816 4844
f 4815 4844 4843
f 4816 4817 4845
f 4816 4845 4844
f 4817 4818 4846
f 4817 4846 4845
f 4818 4819 4847
f 4818 4847 4846
f 4819 4820 4848
f 4819 4848 4847
f 4820 4821 4849
f 4820 4849 4848
f 4821 4822 4850
f 4821 4850 4849
f 4822 4823 4851
f 4822 4851 4850
f 4823 4824 4852
f 4823 4852 4851
f 4824 4825 4853
f 4824 4853 4852
f 4825 4826 4854
f 4825 4854 4853
f 4826 4827 4855
f 4826 4855 4854
f 4827 4828 4856
f 4827 4856 4855
f 4828 4829 4857
f 4828 4857 4856
f 4829 4830 4858
f 4829 4858 4857
f 4830 4831 4859
f 4830 4859 4858
f 4831 4832 4860
f 4831 4860 4859
f 4833 4834 4862
f 4833 4862 4861
f 4834 4835 4863
f 4834 4863 4862
f 4835 4836 4864
f 4835 4864 4863
f 4836 4837 4865
f 4836 4865 4864
f 4837 4838 4866
f 4837 4866 4865
f 4838 4839 4867
f 4838 4867 4866
f 4839 4840 4868
f 4839 4868 4867
f 4840 4841 4869
f 4840 4869 4868
f 4841 4842 4870
f 4841 4870 4869
f 4842 4843 4871
f 4842 4871 4870
f 4843 4844 4872
f 4843 4872 4871
f 4844 4845 4873
f 4844 4873 4872
f 4845 4846 4874
f 4845 4874 4873
f 4846 4847 4875
f 4846 4875 4874
f 4847 4848 4876
f 4847 4876 4875
f 4848 4849 4877
f 4848 4877 4876
f 4849 4850 4878
f 4849 4878 4877
f 4850 4851 4879
f 4850 4879 4878
f 4851 4852 4880
f 4851 4880 4879
f 4852 4853 4881
f 4852 4881 4880
f 4853 4854 4882
f 4853 4882 4881
f 4854 4855 4883
f 4854 4883 4882
f 4855 4856 4884
f 4855 4884 4883
f 4856 4857 4885
f 4856 4885 4884
f 4857 4858 4886
f 4857 4886 4885
f 4858 4859 4887
f 4858 4887 4886
f 4859 4860 4888
f 4859 4888 4887
f 4861 4862 4890
f 4861 4890 4889
f 4862 4863 4891
f 4862 4891 4890
f 4863 4864 4892
f 4863 4892 4891
f 4864 4865 4893
f 4864 4893 4892
f 4865 4866 4894
f 4865 4894 4893
f 4866 4867 4895
f 4866 4895 4894
f 4867 4868 4896
f 4867 4896 4895
f 4868 4869 4897
f 4868 4897 4896
f 4869 4870 4898
f 4869 4898 4897
f 4870 4871 4899
f 4870 4899 4898
f 4871 4872 4900
f 4871 4900 4899
f 4872 4873 4901
f 4872 4901 4900
f 4873 4874 4902
f 4873 4902 4901
f 4874 4875 4903
f 4874 4903 4902
f 4875 4876 4904
f 4875 4904 4903
f 4876 4877 4905
f 4876 4905 4904
f 4877 4878 4906
f 4877 4906 4905
f 4878 4879 4907
f 4878 4907 4906
f 4879 4880 4908
f 4879 4908 4907
f 4880 4881 4909
f 4880 4909 4908
f 4881 4882 4910
f 4881 4910 4909
f 4882 4883 4911
f 4882 4911 4910
f 4883 4884 4912
f 4883 4912 4911
f 4884 4885 4913
f 4884 4913 4912
f 4885 4886 4914
f 4885 4914 4913
f 4886 4887 4915
f 4886 4915 4914
f 4887 4888 4916
f 4887 4916 4915
f 4889 4890 4918
f 4889 4918 4917
f 4890 4891 4919
f 4890 4919 4918
f 4891 4892 4920
f 4891 4920 4919
f 4892 4893 4921
f 4892 4921 4920
f 4893 4894 4922
f 4893 4922 4921
f 4894 4895 4923
f 4894 4923 4922
f 4895 4896 4924
f 4895 4924 4923
f 4896 4897 4925
f 4896 4925 4924
f 4897 4898 4926
f 4897 4926 4925
f 4898 4899 4927
f 4898 4927 4926
f 4899 4900 4928
f 4899 4928 4927
f 4900 4901 4929
f 4900 4929 4928
f 4901 4902 4930
f 4901 4930 4929
f 4902 4903 4931
f 4902 4931 4930
f 4903 4904 4932
f 4903 4932 4931
f 4904 4905 4933
f 4904 4933 4932
f 4905 4906 4934
f 4905 4934 4933
f 4906 4907 4935
f 4906 4935 4934
f 4907 4908 4936
f 4907 4936 4935
f 4908 4909 4937
f 4908 4937 4936
f 4909 4910 4938
f 4909 4938 4937
f 4910 4911 4939
f 4910 4939 4938
f 4911 4912 4940
f 4911 4940 4939
f 4912 4913 4941
f 4912 4941 4940
f 4913 4914 4942
f 4913 4942 4941
f 4914 4915 4943
f 4914 4943 4942
f 4915 4916 4944
f 4915 4944 4943
f 4917 4918 4946
f 4917 4946 4945
f 4918 4919 4947
f 4918 4947 4946
f 4919 4920 4948
f 4919 4948 4947
f 4920 4921 4949
f 4920 4949 4948
f 4921 4922 4950
f 4921 4950 4949
f 4922 4923 4951
f 4922 4951 4950
f 4923 4924 4952
f 4923 4952 4951
f 4924 4925 4953
f 4924 4953 4952
f 4925 4926 4954
f 4925 4954 4953
f 4926 4927 4955
f 4926 4955 4954
f 4927 4928 4956
f 4927 4956 4955
f 4928 4929 4957
f 4928 4957 4956
f 4929 4930 4958
f 4929 4958 4957
f 4930 4931 4959
f 4930 4959 4958
f 4931 4932 4960
f 4931 4960 4959
f 4932 4933 4961
f 4932 4961 4960
f 4933 4934 4962
f 4933 4962 4961
f 4934 4935 4963
f 4934 4963 4962
f 4935 4936 4964
f 4935 4964 4963
f 4936 4937 4965
f 4936 4965 4964
f 4937 4938 4966
f 4937 4966 4965
f 4938 4939 4967
f 4938 4967 4966
f 4939 4940 4968
f 4939 4968 4967
f 4940 4941 4969
f 4940 4969 4968
f 4941 4942 4970
f 4941 4970 4969
f 4942 4943 4971
f 4942 4971 4970
f 4943 4944 4972
f 4943 4972 4971
f 4945 4946 4974
f 4945 4974 4973
f 4946 4947 4975
f 4946 4975 4974
f 4947 4948 4976
f 4947 4976 4975
f 4948 4949 4977
f 4948 4977 4976
f 4949 4950 4978
f 4949 4978 4977
f 4950 4951 4979
f 4950 4979 4978
f 4951 4952 4980
f 4951 4980 4979
f 4952 4953 4981
f 4952 4981 4980
f 4953 4954 4982
f 4953 4982 4981
f 4954 4955 4983
f 4954 4983 4982
f 4955 4956 4984
f 4955 4984 4983
f 4956 4957 4985
f 4956 4985 4984
f 4957 4958 4986
f 4957 4986 4985
f 4958 4959 4987
f 4958 4987 4986
f 4959 4960 4988
f 4959 4988 4987
f 4960 4961 4989
f 4960 4989 4988
f 4961 4962 4990
f 4961 4990 4989
f 4962 4963 4991
f 4962 4991 4990
f 4963 4964 4992
f 4963 4992 4991
f 4964 4965 4993
f 4964 4993 4992
f 4965 4966 4994
f 4965 4994 4993
f 4966 4967 4995
f 4966 4995 4994
f 4967 4968 4996
f 4967 4996 4995
f 4968 4969 4997
f 4968 4997 4996
f 4969 4970 4998
f 4969 4998 4997
f 4970 4971 4999
f 4970 4999 4998
f 4971 4972 5000
f 4971 5000 4999
f 4973 4974 5002
f 4973 5002 5001
f 4974 4975 5003
f 4974 5003 5002
f 4975 4976 5004
f 4975 5004 5003
f 4976 4977 5005
f 4976 5005 5004
f 4977 4978 5006
f 4977 5006 5005
f 4978 4979 5007
f 4978 5007 5006
f 4979 4980 5008
f 4979 5008 5007
f 4980 4981 5009
f 4980 5009 5008
f 4981 4982 5010
f 4981 5010 5009
f 4982 4983 5011
f 4982 5011 5010
f 4983 4984 5012
f 4983 5012 5011
f 4984 4985 5013
f 4984 5013 5012
f 4985 4986 5014
f 4985 5014 5013
f 4986 4987 5015
f 4986 5015 5014
f 4987 4988 5016
f 4987 5016 5015
f 4988 4989 5017
f 4988 5017 5016
f 4989 4990 5018
f 4989 5018 5017
f 4990 4991 5019
f 4990 5019 5018
f 4991 4992 5020
f 4991 5020 5019
f 4992 4993 5021
f 4992 5021 5020
f 4993 4994 5022
f 4993 5022 5021
f 4994 4995 5023
f 4994 5023 5022
f 4995 4996 5024
f 4995 5024 5023
f 4996 4997 5025
f 4996 5025 5024
f 4997 4998 5026
f 4997 5026 5025
f 4998 4999 5027
f 4998 5027 5026
f 4999 5000 5028
f 4999 5028 5027
f 5001 5002 5030
f 5001 5030 5029
f 5002 5003 5031
f 5002 5031 5030
f 5003 5004 5032
f 5003 5032 5031
f 5004 5005 5033
f 5004 5033 5032
f 5005 5006 5034
f 5005 5034 5033
f 5006 5007 5035
f 5006 5035 5034
f 5007 5008 5036
f 5007 5036 5035
f 5008 5009 5037
f 5008 5037 5036
f 5009 5010 5038
f 5009 5038 5037
f 5010 5011 5039
f 5010 5039 5038
f 5011 5012 5040
f 5011 5040 5039
f 5012 5013 5041
f 5012 5041 5040
f 5013 5014 5042
f 5013 5042 5041
f 5014 5015 5043
f 5014 5043 5042
f 5015 5016 5044
f 5015 5044 5043
f 5016 5017 5045
f 5016 5045 5044
f 5017 5018 5046
f 5017 5046 5045
f 5018 5019 5047
f 5018 5047 5046
f 5019 5020 5048
f 5019 5048 5047
f 5020 5021 5049
f 5020 5049 5048
f 5021 5022 5050
f 5021 5050 5049
f 5022 5023 5051
f 5022 5051 5050
f 5023 5024 5052
f 5023 5052 5051
f 5024 5025 5053
f 5024 5053 5052
f 5025 5026 5054
f 5025 5054 5053
f 5026 5027 5055
f 5026 5055 5054
f 5027 5028 5056
f 5027 5056 5055
f 5029 5030 5058
f 5029 5058 5057
f 5030 5031 5059
f 5030 5059 5058
f 5031 5032 5060
f 5031 5060 5059
f 5032 5033 5061
f 5032 5061 5060
f 5033 5034 5062
f 5033 5062 5061
f 5034 5035 5063
f 5034 5063 5062
f 5035 5036 5064
f 5035 5064 5063
f 5036 5037 5065
f 5036 5065 5064
f 5037 5038 5066
f 5037 5066 5065
f 5038 5039 5067
f 5038 5067 5066
f 5039 5040 5068
f 5039 5068 5067
f 5040 5041 5069
f 5040 5069 5068
f 5041 5042 5070
f 5041 5070 5069
f 5042 5043 5071
f 5042 5071 5070
f 5043 5044 5072
f 5043 5072 5071
f 5044 5045 5073
f 5044 5073 5072
f 5045 5046 5074
f 5045 5074 5073
f 5046 5047 5075
f 5046 5075 5074
f 5047 5048 5076
f 5047 5076 5075
f 5048 5049 5077
f 5048 5077 5076
f 5049 5050 5078
f 5049 5078 5077
f 5050 5051 5079
f 5050 5079 5078
f 5051 5052 5080
f 5051 5080 5079
f 5052 5053 5081
f 5052 5081 5080
f 5053 5054 5082
f 5053 5082 5081
f 5054 5055 5083
f 5054 5083 5082
f 5055 5056 5084
f 5055 5084 5083
f 5057 5058 4246
f 5057 4246 4245
f 5058 5059 4247
f 5058 4247 4246
f 5059 5060 4248
f 5059 4248 4247
f 5060 5061 4249
f 5060 4249 4248
f 5061 5062 4250
f 5061 4250 4249
f 5062 5063 4251
f 5062 4251 4250
f 5063 5064 4252
f 5063 4252 4251
f 5064 5065 4253
f 5064 4253 4252
f 5065 5066 4254
f 5065 4254 4253
f 5066 5067 4255
f 5066 4255 4254
f 5067 5068 4256
f 5067 4256 4255
f 5068 5069 4257
f 5068 4257 4256
f 5069 5070 4258
f 5069 4258 4257
f 5070 5071 4259
f 5070 4259 4258
f 5071 5072 4260
f 5071 4260 4259
f 5072 5073 4261
f 5072 4261 4260
f 5073 5074 4262
f 5073 4262 4261
f 5074 5075 4263
f 5074 4263 4262
f 5075 5076 4264
f 5075 4264 4263
f 5076 5077 4265
f 5076 4265 4264
f 5077 5078 4266
f 5077 4266 4265
f 5078 5079 4267
f 5078 4267 4266
f 5079 5080 4268
f 5079 4268 4267
f 5080 5081 4269
f 5080 4269 4268
f 5081 5082 4270
f 5081 4270 4269
f 5082 5083 4271
f 5082 4271 4270
f 5083 5084 4272
f 5083 4272 4271
f 5087 5115 5085
f 5115 5143 5085
f 5143 5171 5085
f 5171 5199 5085
f 5199 5227 5085
f 5227 5255 5085
f 5255 5283 5085
f 5283 5311 5085
f 5311 5339 5085
f 5339 5367 5085
f 5367 5395 5085
f 5395 5423 5085
f 5423 5451 5085
f 5451 5479 5085
f 5479 5507 5085
f 5507 5535 5085
f 5535 5563 5085
f 5563 5591 5085
f 5591 5619 5085
f 5619 5647 5085
f 5647 5675 5085
f 5675 5703 5085
f 5703 5731 5085
f 5731 5759 5085
f 5759 5787 5085
f 5787 5815 5085
f 5815 5843 5085
f 5843 5871 5085
f 5871 5899 5085
f 5899 5087 5085
f 5114 5086 5142
f 5142 5086 5170
f 5170 5086 5198
f 5198 5086 5226
f 5226 5086 5254
f 5254 5086 5282
f 5282 5086 5310
f 5310 5086 5338
f 5338 5086 5366
f 5366 5086 5394
f 5394 5086 5422
f 5422 5086 5450
f 5450 5086 5478
f 5478 5086 5506
f 5506 5086 5534
f 5534 5086 5562
f 5562 5086 5590
f 5590 5086 5618
f 5618 5086 5646
f 5646 5086 5674
f 5674 5086 5702
f 5702 5086 5730
f 5730 5086 5758
f 5758 5086 5786
f 5786 5086 5814
f 5814 5086 5842
f 5842 5086 5870
f 5870 5086 5898
f 5898 5086 5926
f 5926 5086 5114
f 5087 5088 5116
f 5087 5116 5115
f 5088 5089 5117
f 5088 5117 5116
f 5089 5090 5118
f 5089 5118 5117
f 5090 5091 5119
f 5090 5119 5118
f 5091 5092 5120
f 5091 5120 5119
f 5092 5093 5121
f 5092 5121 5120
f 5093 5094 5122
f 5093 5122 5121
f 5094 5095 5123
f 5094 5123 5122
f 5095 5096 5124
f 5095 5124 5123
f 5096 5097 5125
f 5096 5125 5124
f 5097 5098 5126
f 5097 5126 5125
f 5098 5099 5127
f 5098 5127 5126
f 5099 5100 5128
f 5099 5128 5127
f 5100 5101 5129
f 5100 5129 5128
f 5101 5102 5130
f 5101 5130 5129
f 5102 5103 5131
f 5102 5131 5130
f 5103 5104 5132
f 5103 5132 5131
f 5104 5105 5133
f 5104 5133 5132
f 5105 5106 5134
f 5105 5134 5133
f 5106 5107 5135
f 5106 5135 5134
f 5107 5108 5136
f 5107 5136 5135
f 5108 5109 5137
f 5108 5137 5136
f 5109 5110 5138
f 5109 5138 5137
f 5110 5111 5139
f 5110 5139 5138
f 5111 5112 5140
f 5111 5140 5139
f 5112 5113 5141
f 5112 5141 5140
f 5113 5114 5142
f 5113 5142 5141
f 5115 5116 5144
f 5115 5144 5143
f 5116 5117 5145
f 5116 5145 5144
f 5117 5118 5146
f 5117 5146 5145
f 5118 5119 5147
f 5118 5147 5146
f 5119 5120 5148
f 5119 5148 5147
f 5120 5121 5149
f 5120 5149 5148
f 5121 5122 5150
f 5121 5150 5149
f 5122 5123 5151
f 5122 5151 5150
f 5123 5124 5152
f 5123 5152 5151
f 5124 5125 5153
f 5124 5153 5152
f 5125 5126 5154
f 5125 5154 5153
f 5126 5127 5155
f 5126 5155 5154
f 5127 5128 5156
f 5127 5156 5155
f 5128 5129 5157
f 5128 5157 5156
f 5129 5130 5158
f 5129 5158 5157
f 5130 5131 5159
f 5130 5159 5158
f 5131 5132 5160
f 5131 5160 5159
f 5132 5133 5161
f 5132 5161 5160
f 5133 5134 5162
f 5133 5162 5161
f 5134 5135 5163
f 5134 5163 5162
f 5135 5136 5164
f 5135 5164 5163
f 5136 5137 5165
f 5136 5165 5164
f 5137 5138 5166
f 5137 5166 5165
f 5138 5139 5167
f 5138 5167 5166
f 5139 5140 5168
f 5139 5168 5167
f 5140 5141 5169
f 5140 5169 5168
f 5141 5142 5170
f 5141 5170 5169
f 5143 5144 5172
f 5143 5172 5171
f 5144 5145 5173
f 5144 5173 5172
f 5145 5146 5174
f 5145 5174 5173
f 5146 5147 5175
f 5146 5175 5174
f 5147 5148 5176
f 5147 5176 5175
f 5148 5149 5177
f 5148 5177 5176
f 5149 5150 5178
f 5149 5178 5177
f 5150 5151 5179
f 5150 5179 5178
f 5151 5152 5180
f 5151 5180 5179
f 5152 5153 5181
f 5152 5181 5180
f 5153 5154 5182
f 5153 5182 5181
f 5154 5155 5183
f 5154 5183 5182
f 5155 5156 5184
f 5155 5184 5183
f 5156 5157 5185
f 5156 5185 5184
f 5157 5158 5186
f 5157 5186 5185
f 5158 5159 5187
f 5158 5187 5186
f 5159 5160 5188
f 5159 5188 5187
f 5160 5161 5189
f 5160 5189 5188
f 5161 5162 5190
f 5161 5190 5189
f 5162 5163 5191
f 5162 5191 5190
f 5163 5164 5192
f 5163 5192 5191
f 5164 5165 5193
f 5164 5193 5192
f 5165 5166 5194
f 5165 5194 5193
f 5166 5167 5195
f 5166 5195 5194
f 5167 5168 5196
f 5167 5196 5195
f 5168 5169 5197
f 5168 5197 5196
f 5169 5170 5198
f 5169 5198 5197
f 5171 5172 5200
f 5171 5200 5199
f 5172 5173 5201
f 5172 5201 5200
f 5173 5174 5202
f 5173 5202 5201
f 5174 5175 5203
f 5174 5203 5202
f 5175 5176 5204
f 5175 5204 5203
f 5176 5177 5205
f 5176 5205 5204
f 5177 5178 5206
f 5177 5206 5205
f 5178 5179 5207
f 5178 5207 5206
f 5179 5180 5208
f 5179 5208 5207
f 5180 5181 5209
f 5180 5209 5208
f 5181 5182 5210
f 5181 5210 5209
f 5182 5183 5211
f 5182 5211 5210
f 5183 5184 5212
f 5183 5212 5211
f 5184 5185 5213
f 5184 5213 5212
f 5185 5186 5214
f 5185 5214 5213
f 5186 5187 5215
f 5186 5215 5214
f 5187 5188 5216
f 5187 5216 5215
f 5188 5189 5217
f 5188 5217 5216
f 5189 5190 5218
f 5189 5218 5217
f 5190 5191 5219
f 5190 5219 5218
f 5191 5192 5220
f 5191 5220 5219
f 5192 5193 5221
f 5192 5221 5220
f 5193 5194 5222
f 5193 5222 5221
f 5194 5195 5223
f 5194 5223 5222
f 5195 5196 5224
f 5195 5224 5223
f 5196 5197 5225
f 5196 5225 5224
f 5197 5198 5226
f 5197 5226 5225
f 5199 5200 5228
f 5199 5228 5227
f 5200 5201 5229
f 5200 5229 5228
f 5201 5202 5230
f 5201 5230 5229
f 5202 5203 5231
f 5202 5231 5230
f 5203 5204 5232
f 5203 5232 5231
f 5204 5205 5233
f 5204 5233 5232
f 5205 5206 5234
f 5205 5234 5233
f 5206 5207 5235
f 5206 5235 5234
f 5207 5208 5236
f 5207 5236 5235
f 5208 5209 5237
f 5208 5237 5236
f 5209 5210 5238
f 5209 5238 5237
f 5210 5211 5239
f 5210 5239 5238
f 5211 5212 5240
f 5211 5240 5239
f 5212 5213 5241
f 5212 5241 5240
f 5213 5214 5242
f 5213 5242 5241
f 5214 5215 5243
f 5214 5243 5242
f 5215 5216 5244
f 5215 5244 5243
f 5216 5217 5245
f 5216 5245 5244
f 5217 5218 5246
f 5217 5246 5245
f 5218 5219 5247
f 5218 5247 5246
f 5219 5220 5248
f 5219 5248 5247
f 5220 5221 5249
f 5220 5249 5248
f 5221 5222 5250
f 5221 5250 5249
f 5222 5223 5251
f 5222 5251 5250
f 5223 5224 5252
f 5223 5252 5251
f 5224 5225 5253
f 5224 5253 5252
f 5225 5226 5254
f 5225 5254 5253
f 5227 5228 5256
f 5227 5256 5255
f 5228 5229 5257
f 5228 5257 5256
f 5229 5230 5258
f 5229 5258 5257
f 5230 5231 5259
f 5230 5259 5258
f 5231 5232 5260
f 5231 5260 5259
f 5232 5233 5261
f 5232 5261 5260
f 5233 5234 5262
f 5233 5262 5261
f 5234 5235 5263
f 5234 5263 5262
f 5235 5236 5264
f 5235 5264 5263
f 5236 5237 5265
f 5236 5265 5264
f 5237 5238 5266
f 5237 5266 5265
f 5238 5239 5267
f 5238 5267 5266
f 5239 5240 5268
f 5239 5268 5267
f 5240 5241 5269
f 5240 5269 5268
f 5241 5242 5270
f 5241 5270 5269
f 5242 5243 5271
f 5242 5271 5270
f 5243 5244 5272
f 5243 5272 5271
f 5244 5245 5273
f 5244 5273 5272
f 5245 5246 5274
f 5245 5274 5273
f 5246 5247 5275
f 5246 5275 5274
f 5247 5248 5276
f 5247 5276 5275
f 5248 5249 5277
f 5248 5277 5276
f 5249 5250 5278
f 5249 5278 5277
f 5250 5251 5279
f 5250 5279 5278
f 5251 5252 5280
f 5251 5280 5279
f 5252 5253 5281
f 5252 5281 5280
f 5253 5254 5282
f 5253 5282 5281
f 5255 5256 5284
f 5255 5284 5283
f 5256 5257 5285
f 5256 5285 5284
f 5257 5258 5286
f 5257 5286 5285
f 5258 5259 5287
f 5258 5287 5286
f 5259 5260 5288
f 5259 5288 5287
f 5260 5261 5289
f 5260 5289 5288
f 5261 5262 5290
f 5261 5290 5289
f 5262 5263 5291
f 5262 5291 5290
f 5263 5264 5292
f 5263 5292 5291
f 5264 5265 5293
f 5264 5293 5292
f 5265 5266 5294
f 5265 5294 5293
f 5266 5267 5295
f 5266 5295 5294
f 5267 5268 5296
f 5267 5296 5295
f 5268 5269 5297
f 5268 5297 5296
f 5269 5270 5298
f 5269 5298 5297
f 5270 5271 5299
f 5270 5299 5298
f 5271 5272 5300
f 5271 5300 5299
f 5272 5273 5301
f 5272 5301 5300
f 5273 5274 5302
f 5273 5302 5301
f 5274 5275 5303
f 5274 5303 5302
f 5275 5276 5304
f 5275 5304 5303
f 5276 5277 5305
f 5276 5305 5304
f 5277 5278 5306
f 5277 5306 5305
f 5278 5279 5307
f 5278 5307 5306
f 5279 5280 5308
f 5279 5308 5307
f 5280 5281 5309
f 5280 5309 5308
f 5281 5282 5310
f 5281 5310 5309
f 5283 5284 5312
f 5283 5312 5311
f 5284 5285 5313
f 5284 5313 5312
f 5285 5286 5314
f 5285 5314 5313
f 5286 5287 5315
f 5286 5315 5314
f 5287 5288 5316
f 5287 5316 5315
f 5288 5289 5317
f 5288 5317 5316
f 5289 5290 5318
f 5289 5318 5317
f 5290 5291 5319
f 5290 5319 5318
f 5291 5292 5320
f 5291 5320 5319
f 5292 5293 5321
f 5292 5321 5320
f 5293 5294 5322
f 5293 5322 5321
f 5294 5295 5323
f 5294 5323 5322
f 5295 5296 5324
f 5295 5324 5323
f 5296 5297 5325
f 5296 5325 5324
f 5297 5298 5326
f 5297 5326 5325
f 5298 5299 5327
f 5298 5327 5326
f 5299 5300 5328
f 5299 5328 5327
f 5300 5301 5329
f 5300 5329 5328
f 5301 5302 5330
f 5301 5330 5329
f 5302 5303 5331
f 5302 5331 5330
f 5303 5304 5332
f 5303 5332 5331
f 5304 5305 5333
f 5304 5333 5332
f 5305 5306 5334
f 5305 5334 5333
f 5306 5307 5335
f 5306 5335 5334
f 5307 5308 5336
f 5307 5336 5335
f 5308 5309 5337
f 5308 5337 5336
f 5309 5310 5338
f 5309 5338 5337
f 5311 5312 5340
f 5311 5340 5339
f 5312 5313 5341
f 5312 5341 5340
f 5313 5314 5342
f 5313 5342 5341
f 5314 5315 5343
f 5314 5343 5342
f 5315 5316 5344
f 5315 5344 5343
f 5316 5317 5345
f 5316 5345 5344
f 5317 5318 5346
f 5317 5346 5345
f 5318 5319 5347
f 5318 5347 5346
f 5319 5320 5348
f 5319 5348 5347
f 5320 5321 5349
f 5320 5349 5348
f 5321 5322 5350
f 5321 5350 5349
f 5322 5323 5351
f 5322 5351 5350
f 5323 5324 5352
f 5323 5352 5351
f 5324 5325 5353
f 5324 5353 5352
f 5325 5326 5354
f 5325 5354 5353
f 5326 5327 5355
f 5326 5355 5354
f 5327 5328 5356
f 5327 5356 5355
f 5328 5329 5357
f 5328 5357 5356
f 5329 5330 5358
f 5329 5358 5357
f 5330 5331 5359
f 5330 5359 5358
f 5331 5332 5360
f 5331 5360 5359
f 5332 5333 5361
f 5332 5361 5360
f 5333 5334 5362
f 5333 5362 5361
f 5334 5335 5363
f 5334 5363 5362
f 5335 5336 5364
f 5335 5364 5363
f 5336 5337 5365
f 5336 5365 5364
f 5337 5338 5366
f 5337 5366 5365
f 5339 5340 5368
f 5339 5368 5367
f 5340 5341 5369
f 5340 5369 5368
f 5341 5342 5370
f 5341 5370 5369
f 5342 5343 5371
f 5342 5371 5370
f 5343 5344 5372
f 5343 5372 5371
f 5344 5345 5373
f 5344 5373 5372
f 5345 5346 5374
f 5345 5374 5373
f 5346 5347 5375
f 5346 5375 5374
f 5347 5348 5376
f 5347 5376 5375
f 5348 5349 5377
f 5348 5377 5376
f 5349 5350 5378
f 5349 5378 5377
f 5350 5351 5379
f 5350 5379 5378
f 5351 5352 5380
f 5351 5380 5379
f 5352 5353 5381
f 5352 5381 5380
f 5353 5354 5382
f 5353 5382 5381
f 5354 5355 5383
f 5354 5383 5382
f 5355 5356 5384
f 5355 5384 5383
f 5356 5357 5385
f 5356 5385 5384
f 5357 5358 5386
f 5357 5386 5385
f 5358 5359 5387
f 5358 5387 5386
f 5359 5360 5388
f 5359 5388 5387
f 5360 5361 5389
f 5360 5389 5388
f 5361 5362 5390
f 5361 5390 5389
f 5362 5363 5391
f 5362 5391 5390
f 5363 5364 5392
f 5363 5392 5391
f 5364 5365 5393
f 5364 5393 5392
f 5365 5366 5394
f 5365 5394 5393
f 5367 5368 5396
f 5367 5396 5395
f 5368 5369 5397
f 5368 5397 5396
f 5369 5370 5398
f 5369 5398 5397
f 5370 5371 5399
f 5370 5399 5398
f 5371 5372 5400
f 5371 5400 5399
f 5372 5373 5401
f 5372 5401 5400
f 5373 5374 5402
f 5373 5402 5401
f 5374 5375 5403
f 5374 5403 5402
f 5375 5376 5404
f 5375 5404 5403
f 5376 5377 5405
f 5376 5405 5404
f 5377 5378 5406
f 5377 5406 5405
f 5378 5379 5407
f 5378 5407 5406
f 5379 5380 5408
f 5379 5408 5407
f 5380 5381 5409
f 5380 5409 5408
f 5381 5382 5410
f 5381 5410 5409
f 5382 5383 5411
f 5382 5411 5410
f 5383 5384 5412
f 5383 5412 5411
f 5384 5385 5413
f 5384 5413 5412
f 5385 5386 5414
f 5385 5414 5413
f 5386 5387 5415
f 5386 5415 5414
f 5387 5388 5416
f 5387 5416 5415
f 5388 5389 5417
f 5388 5417 5416
f 5389 5390 5418
f 5389 5418 5417
f 5390 5391 5419
f 5390 5419 5418
f 5391 5392 5420
f 5391 5420 5419
f 5392 5393 5421
f 5392 5421 5420
f 5393 5394 5422
f 5393 5422 5421
f 5395 5396 5424
f 5395 5424 5423
f 5396 5397 5425
f 5396 5425 5424
f 5397 5398 5426
f 5397 5426 5425
f 5398 5399 5427
f 5398 5427 5426
f 5399 5400 5428
f 5399 5428 5427
f 5400 5401 5429
f 5400 5429 5428
f 5401 5402 5430
f 5401 5430 5429
f 5402 5403 5431
f 5402 5431 5430
f 5403 5404 5432
f 5403 5432 5431
f 5404 5405 5433
f 5404 5433 5432
f 5405 5406 5434
f 5405 5434 5433
f 5406 5407 5435
f 5406 5435 5434
f 5407 5408 5436
f 5407 5436 5435
f 5408 5409 5437
f 5408 5437 5436
f 5409 5410 5438
f 5409 5438 5437
f 5410 5411 5439
f 5410 5439 5438
f 5411 5412 5440
f 5411 5440 5439
f 5412 5413 5441
f 5412 5441 5440
f 5413 5414 5442
f 5413 5442 5441
f 5414 5415 5443
f 5414 5443 5442
f 5415 5416 5444
f 5415 5444 5443
f 5416 5417 5445
f 5416 5445 5444
f 5417 5418 5446
f 5417 5446 5445
f 5418 5419 5447
f 5418 5447 5446
f 5419 5420 5448
f 5419 5448 5447
f 5420 5421 5449
f 5420 5449 5448
f 5421 5422 5450
f 5421 5450 5449
f 5423 5424 5452
f 5423 5452 5451
f 5424 5425 5453
f 5424 5453 5452
f 5425 5426 5454
f 5425 5454 5453
f 5426 5427 5455
f 5426 5455 5454
f 5427 5428 5456
f 5427 5456 5455
f 5428 5429 5457
f 5428 5457 5456
f 5429 5430 5458
f 5429 5458 5457
f 5430 5431 5459
f 5430 5459 5458
f 5431 5432 5460
f 5431 5460 5459
f 5432 5433 5461
f 5432 5461 5460
f 5433 5434 5462
f 5433 5462 5461
f 5434 5435 5463
f 5434 5463 5462
f 5435 5436 5464
f 5435 5464 5463
f 5436 5437 5465
f 5436 5465 5464
f 5437 5438 5466
f 5437 5466 5465
f 5438 5439 5467
f 5438 5467 5466
f 5439 5440 5468
f 5439 5468 5467
f 5440 5441 5469
f 5440 5469 5468
f 5441 5442 5470
f 5441 5470 5469
f 5442 5443 5471
f 5442 5471 5470
f 5443 5444 5472
f 5443 5472 5471
f 5444 5445 5473
f 5444 5473 5472
f 5445 5446 5474
f 5445 5474 5473
f 5446 5447 5475
f 5446 5475 5474
f 5447 5448 5476
f 5447 5476 5475
f 5448 5449 5477
f 5448 5477 5476
f 5449 5450 5478
f 5449 5478 5477
f 5451 5452 5480
f 5451 5480 5479
f 5452 5453 5481
f 5452 5481 5480
f 5453 5454 5482
f 5453 5482 5481
f 5454 5455 5483
f 5454 5483 5482
f 5455 5456 5484
f 5455 5484 5483
f 5456 5457 5485
f 5456 5485 5484
f 5457 5458 5486
f 5457 5486 5485
f 5458 5459 5487
f 5458 5487 5486
f 5459 5460 5488
f 5459 5488 5487
f 5460 5461 5489
f 5460 5489 5488
f 5461 5462 5490
f 5461 5490 5489
f 5462 5463 5491
f 5462 5491 5490
f 5463 5464 5492
f 5463 5492 5491
f 5464 5465 5493
f 5464 5493 5492
f 5465 5466 5494
f 5465 5494 5493
f 5466 5467 5495
f 5466 5495 5494
f 5467 5468 5496
f 5467 5496 5495
f 5468 5469 5497
f 5468 5497 5496
f 5469 5470 5498
f 5469 5498 5497
f 5470 5471 5499
f 5470 5499 5498
f 5471 5472 5500
f 5471 5500 5499
f 5472 5473 5501
f 5472 5501 5500
f 5473 5474 5502
f 5473 5502 5501
f 5474 5475 5503
f 5474 5503 5502
f 5475 5476 5504
f 5475 5504 5503
f 5476 5477 5505
f 5476 5505 5504
f 5477 5478 5506
f 5477 5506 5505
f 5479 5480 5508
f 5479 5508 5507
f 5480 5481 5509
f 5480 5509 5508
f 5481 5482 5510
f 5481 5510 5509
f 5482 5483 5511
f 5482 5511 5510
f 5483 5484 5512
f 5483 5512 5511
f 5484 5485 5513
f 5484 5513 5512
f 5485 5486 5514
f 5485 5514 5513
f 5486 5487 5515
f 5486 5515 5514
f 5487 5488 5516
f 5487 5516 5515
f 5488 5489 5517
f 5488 5517 5516
f 5489 5490 5518
f 5489 5518 5517
f 5490 5491 5519
f 5490 5519 5518
f 5491 5492 5520
f 5491 5520 5519
f 5492 5493 5521
f 5492 5521 5520
f 5493 5494 5522
f 5493 5522 5521
f 5494 5495 5523
f 5494 5523 5522
f 5495 5496 5524
f 5495 5524 5523
f 5496 5497 5525
f 5496 5525 5524
f 5497 5498 5526
f 5497 5526 5525
f 5498 5499 5527
f 5498 5527 5526
f 5499 5500 5528
f 5499 5528 5527
f 5500 5501 5529
f 5500 5529 5528
f 5501 5502 5530
f 5501 5530 5529
f 5502 5503 5531
f 5502 5531 5530
f 5503 5504 5532
f 5503 5532 5531
f 5504 5505 5533
f 5504 5533 5532
f 5505 5506 5534
f 5505 5534 5533
f 5507 5508 5536
f 5507 5536 5535
f 5508 5509 5537
f 5508 5537 5536
f 5509 5510 5538
f 5509 5538 5537
f 5510 5511 5539
f 5510 5539 5538
f 5511 5512 5540
f 5511 5540 5539
f 5512 5513 5541
f 5512 5541 5540
f 5513 5514 5542
f 5513 5542 5541
f 5514 5515 5543
f 5514 5543 5542
f 5515 5516 5544
f 5515 5544 5543
f 5516 5517 5545
f 5516 5545 5544
f 5517 5518 5546
f 5517 5546 5545
f 5518 5519 5547
f 5518 5547 5546
f 5519 5520 5548
f 5519 5548 5547
f 5520 5521 5549
f 5520 5549 5548
f 5521 5522 5550
f 5521 5550 5549
f 5522 5523 5551
f 5522 5551 5550
f 5523 5524 5552
f 5523 5552 5551
f 5524 5525 5553
f 5524 5553 5552
f 5525 5526 5554
f 5525 5554 5553
f 5526 5527 5555
f 5526 5555 5554
f 5527 5528 5556
f 5527 5556 5555
f 5528 5529 5557
f 5528 5557 5556
f 5529 5530 5558
f 5529 5558 5557
f 5530 5531 5559
f 5530 5559 5558
f 5531 5532 5560
f 5531 5560 5559
f 5532 5533 5561
f 5532 5561 5560
f 5533 5534 5562
f 5533 5562 5561
f 5535 5536 5564
f 5535 5564 5563
f 5536 5537 5565
f 5536 5565 5564
f 5537 5538 5566
f 5537 5566 5565
f 5538 5539 5567
f 5538 5567 5566
f 5539 5540 5568
f 5539 5568 5567
f 5540 5541 5569
f 5540 5569 5568
f 5541 5542 5570
f 5541 5570 5569
f 5542 5543 5571
f 5542 5571 5570
f 5543 5544 5572
f 5543 5572 5571
f 5544 5545 5573
f 5544 5573 5572
f 5545 5546 5574
f 5545 5574 5573
f 5546 5547 5575
f 5546 5575 5574
f 5547 5548 5576
f 5547 5576 5575
f 5548 5549 5577
f 5548 5577 5576
f 5549 5550 5578
f 5549 5578 5577
f 5550 5551 5579
f 5550 5579 5578
f 5551 5552 5580
f 5551 5580 5579
f 5552 5553 5581
f 5552 5581 5580
f 5553 5554 5582
f 5553 5582 5581
f 5554 5555 5583
f 5554 5583 5582
f 5555 5556 5584
f 5555 5584 5583
f 5556 5557 5585
f 5556 5585 5584
f 5557 5558 5586
f 5557 5586 5585
f 5558 5559 5587
f 5558 5587 5586
f 5559 5560 5588
f 5559 5588 5587
f 5560 5561 5589
f 5560 5589 5588
f 5561 5562 5590
f 5561 5590 5589
f 5563 5564 5592
f 5563 5592 5591
f 5564 5565 5593
f 5564 5593 5592
f 5565 5566 5594
f 5565 5594 5593
f 5566 5567 5595
f 5566 5595 5594
f 5567 5568 5596
f 5567 5596 5595
f 5568 5569 5597
f 5568 5597 5596
f 5569 5570 5598
f 5569 5598 5597
f 5570 5571 5599
f 5570 5599 5598
f 5571 5572 5600
f 5571 5600 5599
f 5572 5573 5601
f 5572 5601 5600
f 5573 5574 5602
f 5573 5602 5601
f 5574 5575 5603
f 5574 5603 5602
f 5575 5576 5604
f 5575 5604 5603
f 5576 5577 5605
f 5576 5605 5604
f 5577 5578 5606
f 5577 5606 5605
f 5578 5579 5607
f 5578 5607 5606
f 5579 5580 5608
f 5579 5608 5607
f 5580 5581 5609
f 5580 5609 5608
f 5581 5582 5610
f 5581 5610 5609
f 5582 5583 5611
f 5582 5611 5610
f 5583 5584 5612
f 5583 5612 5611
f 5584 5585 5613
f 5584 5613 5612
f 5585 5586 5614
f 5585 5614 5613
f 5586 5587 5615
f 5586 5615 5614
f 5587 5588 5616
f 5587 5616 5615
f 5588 5589 5617
f 5588 5617 5616
f 5589 5590 5618
f 5589 5618 5617
f 5591 5592 5620
f 5591 5620 5619
f 5592 5593 5621
f 5592 5621 5620
f 5593 5594 5622
f 5593 5622 5621
f 5594 5595 5623
f 5594 5623 5622
f 5595 5596 5624
f 5595 5624 5623
f 5596 5597 5625
f 5596 5625 5624
f 5597 5598 5626
f 5597 5626 5625
f 5598 5599 5627
f 5598 5627 5626
f 5599 5600 5628
f 5599 5628 5627
f 5600 5601 5629
f 5600 5629 5628
f 5601 5602 5630
f 5601 5630 5629
f 5602 5603 5631
f 5602 5631 5630
f 5603 5604 5632
f 5603 5632 5631
f 5604 5605 5633
f 5604 5633 5632
f 5605 5606 5634
f 5605 5634 5633
f 5606 5607 5635
f 5606 5635 5634
f 5607 5608 5636
f 5607 5636 5635
f 5608 5609 5637
f 5608 5637 5636
f 5609 5610 5638
f 5609 5638 5637
f 5610 5611 5639
f 5610 5639 5638
f 5611 5612 5640
f 5611 5640 5639
f 5612 5613 5641
f 5612 5641 5640
f 5613 5614 5642
f 5613 5642 5641
f 5614 5615 5643
f 5614 5643 5642
f 5615 5616 5644
f 5615 5644 5643
f 5616 5617 5645
f 5616 5645 5644
f 5617 5618 5646
f 5617 5646 5645
f 5619 5620 5648
f 5619 5648 5647
f 5620 5621 5649
f 5620 5649 5648
f 5621 5622 5650
f 5621 5650 5649
f 5622 5623 5651
f 5622 5651 5650
f 5623 5624 5652
f 5623 5652 5651
f 5624 5625 5653
f 5624 5653 5652
f 5625 5626 5654
f 5625 5654 5653
f 5626 5627 5655
f 5626 5655 5654
f 5627 5628 5656
f 5627 5656 5655
f 5628 5629 5657
f 5628 5657 5656
f 5629 5630 5658
f 5629 5658 5657
f 5630 5631 5659
f 5630 5659 5658
f 5631 5632 5660
f 5631 5660 5659
f 5632 5633 5661
f 5632 5661 5660
f 5633 5634 5662
f 5633 5662 5661
f 5634 5635 5663
f 5634 5663 5662
f 5635 5636 5664
f 5635 5664 5663
f 5636 5637 5665
f 5636 5665 5664
f 5637 5638 5666
f 5637 5666 5665
f 5638 5639 5667
f 5638 5667 5666
f 5639 5640 5668
f 5639 5668 5667
f 5640 5641 5669
f 5640 5669 5668
f 5641 5642 5670
f 5641 5670 5669
f 5642 5643 5671
f 5642 5671 5670
f 5643 5644 5672
f 5643 5672 5671
f 5644 5645 5673
f 5644 5673 5672
f 5645 5646 5674
f 5645 5674 5673
f 5647 5648 5676
f 5647 5676 5675
f 5648 5649 5677
f 5648 5677 5676
f 5649 5650 5678
f 5649 5678 5677
f 5650 5651 5679
f 5650 5679 5678
f 5651 5652 5680
f 5651 5680 5679
f 5652 5653 5681
f 5652 5681 5680
f 5653 5654 5682
f 5653 5682 5681
f 5654 5655 5683
f 5654 5683 5682
f 5655 5656 5684
f 5655 5684 5683
f 5656 5657 5685
f 5656 5685 5684
f 5657 5658 5686
f 5657 5686 5685
f 5658 5659 5687
f 5658 5687 5686
f 5659 5660 5688
f 5659 5688 5687
f 5660 5661 5689
f 5660 5689 5688
f 5661 5662 5690
f 5661 5690 5689
f 5662 5663 5691
f 5662 5691 5690
f 5663 5664 5692
f 5663 5692 5691
f 5664 5665 5693
f 5664 5693 5692
f 5665 5666 5694
f 5665 5694 5693
f 5666 5667 5695
f 5666 5695 5694
f 5667 5668 5696
f 5667 5696 5695
f 5668 5669 5697
f 5668 5697 5696
f 5669 5670 5698
f 5669 5698 5697
f 5670 5671 5699
f 5670 5699 5698
f 5671 5672 5700
f 5671 5700 5699
f 5672 5673 5701
f 5672 5701 5700
f 5673 5674 5702
f 5673 5702 5701
f 5675 5676 5704
f 5675 5704 5703
f 5676 5677 5705
f 5676 5705 5704
f 5677 5678 5706
f 5677 5706 5705
f 5678 5679 5707
f 5678 5707 5706
f 5679 5680 5708
f 5679 5708 5707
f 5680 5681 5709
f 5680 5709 5708
f 5681 5682 5710
f 5681 5710 5709
f 5682 5683 5711
f 5682 5711 5710
f 5683 5684 5712
f 5683 5712 5711
f 5684 5685 5713
f 5684 5713 5712
f 5685 5686 5714
f 5685 5714 5713
f 5686 5687 5715
f 5686 5715 5714
f 5687 5688 5716
f 5687 5716 5715
f 5688 5689 5717
f 5688 5717 5716
f 5689 5690 5718
f 5689 5718 5717
f 5690 5691 5719
f 5690 5719 5718
f 5691 5692 5720
f 5691 5720 5719
f 5692 5693 5721
f 5692 5721 5720
f 5693 5694 5722
f 5693 5722 5721
f 5694 5695 5723
f 5694 5723 5722
f 5695 5696 5724
f 5695 5724 5723
f 5696 5697 5725
f 5696 5725 5724
f 5697 5698 5726
f 5697 5726 5725
f 5698 5699 5727
f 5698 5727 5726
f 5699 5700 5728
f 5699 5728 5727
f 5700 5701 5729
f 5700 5729 5728
f 5701 5702 5730
f 5701 5730 5729
f 5703 5704 5732
f 5703 5732 5731
f 5704 5705 5733
f 5704 5733 5732
f 5705 5706 5734
f 5705 5734 5733
f 5706 5707 5735
f 5706 5735 5734
f 5707 5708 5736
f 5707 5736 5735
f 5708 5709 5737
f 5708 5737 5736
f 5709 5710 5738
f 5709 5738 5737
f 5710 5711 5739
f 5710 5739 5738
f 5711 5712 5740
f 5711 5740 5739
f 5712 5713 5741
f 5712 5741 5740
f 5713 5714 5742
f 5713 5742 5741
f 5714 5715 5743
f 5714 5743 5742
f 5715 5716 5744
f 5715 5744 5743
f 5716 5717 5745
f 5716 5745 5744
f 5717 5718 5746
f 5717 5746 5745
f 5718 5719 5747
f 5718 5747 5746
f 5719 5720 5748
f 5719 5748 5747
f 5720 5721 5749
f 5720 5749 5748
f 5721 5722 5750
f 5721 5750 5749
f 5722 5723 5751
f 5722 5751 5750
f 5723 5724 5752
f 5723 5752 5751
f 5724 5725 5753
f 5724 5753 5752
f 5725 5726 5754
f 5725 5754 5753
f 5726 5727 5755
f 5726 5755 5754
f 5727 5728 5756
f 5727 5756 5755
f 5728 5729 5757
f 5728 5757 5756
f 5729 5730 5758
f 5729 5758 5757
f 5731 5732 5760
f 5731 5760 5759
f 5732 5733 5761
f 5732 5761 5760
f 5733 5734 5762
f 5733 5762 5761
f 5734 5735 5763
f 5734 5763 5762
f 5735 5736 5764
f 5735 5764 5763
f 5736 5737 5765
f 5736 5765 5764
f 5737 5738 5766
f 5737 5766 5765
f 5738 5739 5767
f 5738 5767 5766
f 5739 5740 5768
f 5739 5768 5767
f 5740 5741 5769
f 5740 5769 5768
f 5741 5742 5770
f 5741 5770 5769
f 5742 5743 5771
f 5742 5771 5770
f 5743 5744 5772
f 5743 5772 5771
f 5744 5745 5773
f 5744 5773 5772
f 5745 5746 5774
f 5745 5774 5773
f 5746 5747 5775
f 5746 5775 5774
f 5747 5748 5776
f 5747 5776 5775
f 5748 5749 5777
f 5748 5777 5776
f 5749 5750 5778
f 5749 5778 5777
f 5750 5751 5779
f 5750 5779 5778
f 5751 5752 5780
f 5751 5780 5779
f 5752 5753 5781
f 5752 5781 5780
f 5753 5754 5782
f 5753 5782 5781
f 5754 5755 5783
f 5754 5783 5782
f 5755 5756 5784
f 5755 5784 5783
f 5756 5757 5785
f 5756 5785 5784
f 5757 5758 5786
f 5757 5786 5785
f 5759 5760 5788
f 5759 5788 5787
f 5760 5761 5789
f 5760 5789 5788
f 5761 5762 5790
f 5761 5790 5789
f 5762 5763 5791
f 5762 5791 5790
f 5763 5764 5792
f 5763 5792 5791
f 5764 5765 5793
f 5764 5793 5792
f 5765 5766 5794
f 5765 5794 5793
f 5766 5767 5795
f 5766 5795 5794
f 5767 5768 5796
f 5767 5796 5795
f 5768 5769 5797
f 5768 5797 5796
f 5769 5770 5798
f 5769 5798 5797
f 5770 5771 5799
f 5770 5799 5798
f 5771 5772 5800
f 5771 5800 5799
f 5772 5773 5801
f 5772 5801 5800
f 5773 5774 5802
f 5773 5802 5801
f 5774 5775 5803
f 5774 5803 5802
f 5775 5776 5804
f 5775 5804 5803
f 5776 5777 5805
f 5776 5805 5804
f 5777 5778 5806
f 5777 5806 5805
f 5778 5779 5807
f 5778 5807 5806
f 5779 5780 5808
f 5779 5808 5807
f 5780 5781 5809
f 5780 5809 5808
f 5781 5782 5810
f 5781 5810 5809
f 5782 5783 5811
f 5782 5811 5810
f 5783 5784 5812
f 5783 5812 5811
f 5784 5785 5813
f 5784 5813 5812
f 5785 5786 5814
f 5785 5814 5813
f 5787 5788 5816
f 5787 5816 5815
f 5788 5789 5817
f 5788 5817 5816
f 5789 5790 5818
f 5789 5818 5817
f 5790 5791 5819
f 5790 5819 5818
f 5791 5792 5820
f 5791 5820 5819
f 5792 5793 5821
f 5792 5821 5820
f 5793 5794 5822
f 5793 5822 5821
f 5794 5795 5823
f 5794 5823 5822
f 5795 5796 5824
f 5795 5824 5823
f 5796 5797 5825
f 5796 5825 5824
f 5797 5798 5826
f 5797 5826 5825
f 5798 5799 5827
f 5798 5827 5826
f 5799 5800 5828
f 5799 5828 5827
f 5800 5801 5829
f 5800 5829 5828
f 5801 5802 5830
f 5801 5830 5829
f 5802 5803 5831
f 5802 5831 5830
f 5803 5804 5832
f 5803 5832 5831
f 5804 5805 5833
f 5804 5833 5832
f 5805 5806 5834
f 5805 5834 5833
f 5806 5807 5835
f 5806 5835 5834
f 5807 5808 5836
f 5807 5836 5835
f 5808 5809 5837
f 5808 5837 5836
f 5809 5810 5838
f 5809 5838 5837
f 5810 5811 5839
f 5810 5839 5838
f 5811 5812 5840
f 5811 5840 5839
f 5812 5813 5841
f 5812 5841 5840
f 5813 5814 5842
f 5813 5842 5841
f 5815 5816 5844
f 5815 5844 5843
f 5816 5817 5845
f 5816 5845 5844
f 5817 5818 5846
f 5817 5846 5845
f 5818 5819 5847
f 5818 5847 5846
f 5819 5820 5848
f 5819 5848 5847
f 5820 5821 5849
f 5820 5849 5848
f 5821 5822 5850
f 5821 5850 5849
f 5822 5823 5851
f 5822 5851 5850
f 5823 5824 5852
f 5823 5852 5851
f 5824 5825 5853
f 5824 5853 5852
f 5825 5826 5854
f 5825 5854 5853
f 5826 5827 5855
f 5826 5855 5854
f 5827 5828 5856
f 5827 5856 5855
f 5828 5829 5857
f 5828 5857 5856
f 5829 5830 5858
f 5829 5858 5857
f 5830 5831 5859
f 5830 5859 5858
f 5831 5832 5860
f 5831 5860 5859
f 5832 5833 5861
f 5832 5861 5860
f 5833 5834 5862
f 5833 5862 5861
f 5834 5835 5863
f 5834 5863 5862
f 5835 5836 5864
f 5835 5864 5863
f 5836 5837 5865
f 5836 5865 5864
f 5837 5838 5866
f 5837 5866 5865
f 5838 5839 5867
f 5838 5867 5866
f 5839 5840 5868
f 5839 5868 5867
f 5840 5841 5869
f 5840 5869 5868
f 5841 5842 5870
f 5841 5870 5869
f 5843 5844 5872
f 5843 5872 5871
f 5844 5845 5873
f 5844 5873 5872
f 5845 5846 5874
f 5845 5874 5873
f 5846 5847 5875
f 5846 5875 5874
f 5847 5848 5876
f 5847 5876 5875
f 5848 5849 5877
f 5848 5877 5876
f 5849 5850 5878
f 5849 5878 5877
f 5850 5851 5879
f 5850 5879 5878
f 5851 5852 5880
f 5851 5880 5879
f 5852 5853 5881
f 5852 5881 5880
f 5853 5854 5882
f 5853 5882 5881
f 5854 5855 5883
f 5854 5883 5882
f 5855 5856 5884
f 5855 5884 5883
f 5856 5857 5885
f 5856 5885 5884
f 5857 5858 5886
f 5857 5886 5885
f 5858 5859 5887
f 5858 5887 5886
f 5859 5860 5888
f 5859 5888 5887
f 5860 5861 5889
f 5860 5889 5888
f 5861 5862 5890
f 5861 5890 5889
f 5862 5863 5891
f 5862 5891 5890
f 5863 5864 5892
f 5863 5892 5891
f 5864 5865 5893
f 5864 5893 5892
f 5865 5866 5894
f 5865 5894 5893
f 5866 5867 5895
f 5866 5895 5894
f 5867 5868 5896
f 5867 5896 5895
f 5868 5869 5897
f 5868 5897 5896
f 5869 5870 5898
f 5869 5898 5897
f 5871 5872 5900
f 5871 5900 5899
f 5872 5873 5901
f 5872 5901 5900
f 5873 5874 5902
f 5873 5902 5901
f 5874 5875 5903
f 5874 5903 5902
f 5875 5876 5904
f 5875 5904 5903
f 5876 5877 5905
f 5876 5905 5904
f 5877 5878 5906
f 5877 5906 5905
f 5878 5879 5907
f 5878 5907 5906
f 5879 5880 5908
f 5879 5908 5907
f 5880 5881 5909
f 5880 5909 5908
f 5881 5882 5910
f 5881 5910 5909
f 5882 5883 5911
f 5882 5911 5910
f 5883 5884 5912
f 5883 5912 5911
f 5884 5885 5913
f 5884 5913 5912
f 5885 5886 5914
f 5885 5914 5913
f 5886 5887 5915
f 5886 5915 5914
f 5887 5888 5916
f 5887 5916 5915
f 5888 5889 5917
f 5888 5917 5916
f 5889 5890 5918
f 5889 5918 5917
f 5890 5891 5919
f 5890 5919 5918
f 5891 5892 5920
f 5891 5920 5919
f 5892 5893 5921
f 5892 5921 5920
f 5893 5894 5922
f 5893 5922 5921
f 5894 5895 5923
f 5894 5923 5922
f 5895 5896 5924
f 5895 5924 5923
f 5896 5897 5925
f 5896 5925 5924
f 5897 5898 5926
f 5897 5926 5925
f 5899 5900 5088
f 5899 5088 5087
f 5900 5901 5089
f 5900 5089 5088
f 5901 5902 5090
f 5901 5090 5089
f 5902 5903 5091
f 5902 5091 5090
f 5903 5904 5092
f 5903 5092 5091
f 5904 5905 5093
f 5904 5093 5092
f 5905 5906 5094
f 5905 5094 5093
f 5906 5907 5095
f 5906 5095 5094
f 5907 5908 5096
f 5907 5096 5095
f 5908 5909 5097
f 5908 5097 5096
f 5909 5910 5098
f 5909 5098 5097
f 5910 5911 5099
f 5910 5099 5098
f 5911 5912 5100
f 5911 5100 5099
f 5912 5913 5101
f 5912 5101 5100
f 5913 5914 5102
f 5913 5102 5101
f 5914 5915 5103
f 5914 5103 5102
f 5915 5916 5104
f 5915 5104 5103
f 5916 5917 5105
f 5916 5105 5104
f 5917 5918 5106
f 5917 5106 5105
f 5918 5919 5107
f 5918 5107 5106
f 5919 5920 5108
f 5919 5108 5107
f 5920 5921 5109
f 5920 5109 5108
f 5921 5922 5110
f 5921 5110 5109
f 5922 5923 5111
f 5922 5111 5110
f 5923 5924 5112
f 5923 5112 5111
f 5924 5925 5113
f 5924 5113 5112
f 5925 5926 5114
f 5925 5114 5113
f 5929 5957 5927
f 5957 5985 5927
f 5985 6013 5927
f 6013 6041 5927
f 6041 6069 5927
f 6069 6097 5927
f 6097 6125 5927
f 6125 6153 5927
f 6153 6181 5927
f 6181 6209 5927
f 6209 6237 5927
f 6237 6265 5927
f 6265 6293 5927
f 6293 6321 5927
f 6321 6349 5927
f 6349 6377 5927
f 6377 6405 5927
f 6405 6433 5927
f 6433 6461 5927
f 6461 6489 5927
f 6489 6517 5927
f 6517 6545 5927
f 6545 6573 5927
f 6573 6601 5927
f 6601 6629 5927
f 6629 6657 5927
f 6657 6685 5927
f 6685 6713 5927
f 6713 6741 5927
f 6741 5929 5927
f 5956 5928 5984
f 5984 5928 6012
f 6012 5928 6040
f 6040 5928 6068
f 6068 5928 6096
f 6096 5928 6124
f 6124 5928 6152
f 6152 5928 6180
f 6180 5928 6208
f 6208 5928 6236
f 6236 5928 6264
f 6264 5928 6292
f 6292 5928 6320
f 6320 5928 6348
f 6348 5928 6376
f 6376 5928 6404
f 6404 5928 6432
f 6432 5928 6460
f 6460 5928 6488
f 6488 5928 6516
f 6516 5928 6544
f 6544 5928 6572
f 6572 5928 6600
f 6600 5928 6628
f 6628 5928 6656
f 6656 5928 6684
f 6684 5928 6712
f 6712 5928 6740
f 6740 5928 6768
f 6768 5928 5956
f 5929 5930 5958
f 5929 5958 5957
f 5930 5931 5959
f 5930 5959 5958
f 5931 5932 5960
f 5931 5960 5959
f 5932 5933 5961
f 5932 5961 5960
f 5933 5934 5962
f 5933 5962 5961
f 5934 5935 5963
f 5934 5963 5962
f 5935 5936 5964
f 5935 5964 5963
f 5936 5937 5965
f 5936 5965 5964
f 5937 5938 5966
f 5937 5966 5965
f 5938 5939 5967
f 5938 5967 5966
f 5939 5940 5968
f 5939 5968 5967
f 5940 5941 5969
f 5940 5969 5968
f 5941 5942 5970
f 5941 5970 5969
f 5942 5943 5971
f 5942 5971 5970
f 5943 5944 5972
f 5943 5972 5971
f 5944 5945 5973
f 5944 5973 5972
f 5945 5946 5974
f 5945 5974 5973
f 5946 5947 5975
f 5946 5975 5974
f 5947 5948 5976
f 5947 5976 5975
f 5948 5949 5977
f 5948 5977 5976
f 5949 5950 5978
f 5949 5978 5977
f 5950 5951 5979
f 5950 5979 5978
f 5951 5952 5980
f 5951 5980 5979
f 5952 5953 5981
f 5952 5981 5980
f 5953 5954 5982
f 5953 5982 5981
f 5954 5955 5983
f 5954 5983 5982
f 5955 5956 5984
f 5955 5984 5983
f 5957 5958 5986
f 5957 5986 5985
f 5958 5959 5987
f 5958 5987 5986
f 5959 5960 5988
f 5959 5988 5987
f 5960 5961 5989
f 5960 5989 5988
f 5961 5962 5990
f 5961 5990 5989
f 5962 5963 5991
f 5962 5991 5990
f 5963 5964 5992
f 5963 5992 5991
f 5964 5965 5993
f 5964 5993 5992
f 5965 5966 5994
f 5965 5994 5993
f 5966 5967 5995
f 5966 5995 5994
f 5967 5968 5996
f 5967 5996 5995
f 5968 5969 5997
f 5968 5997 5996
f 5969 5970 5998
f 5969 5998 5997
f 5970 5971 5999
f 5970 5999 5998
f 5971 5972 6000
f 5971 6000 5999
f 5972 5973 6001
f 5972 6001 6000
f 5973 5974 6002
f 5973 6002 6001
f 5974 5975 6003
f 5974 6003 6002
f 5975 5976 6004
f 5975 6004 6003
f 5976 5977 6005
f 5976 6005 6004
f 5977 5978 6006
f 5977 6006 6005
f 5978 5979 6007
f 5978 6007 6006
f 5979 5980 6008
f 5979 6008 6007
f 5980 5981 6009
f 5980 6009 6008
f 5981 5982 6010
f 5981 6010 6009
f 5982 5983 6011
f 5982 6011 6010
f 5983 5984 6012
f 5983 6012 6011
f 5985 5986 6014
f 5985 6014 6013
f 5986 5987 6015
f 5986 6015 6014
f 5987 5988 6016
f 5987 6016 6015
f 5988 5989 6017
f 5988 6017 6016
f 5989 5990 6018
f 5989 6018 6017
f 5990 5991 6019
f 5990 6019 6018
f 5991 5992 6020
f 5991 6020 6019
f 5992 5993 6021
f 5992 6021 6020
f 5993 5994 6022
f 5993 6022 6021
f 5994 5995 6023
f 5994 6023 6022
f 5995 5996 6024
f 5995 6024 6023
f 5996 5997 6025
f 5996 6025 6024
f 5997 5998 6026
f 5997 6026 6025
f 5998 5999 6027
f 5998 6027 6026
f 5999 6000 6028
f 5999 6028 6027
f 6000 6001 6029
f 6000 6029 6028
f 6001 6002 6030
f 6001 6030 6029
f 6002 6003 6031
f 6002 6031 6030
f 6003 6004 6032
f 6003 6032 6031
f 6004 6005 6033
f 6004 6033 6032
f 6005 6006 6034
f 6005 6034 6033
f 6006 6007 6035
f 6006 6035 6034
f 6007 6008 6036
f 6007 6036 6035
f 6008 6009 6037
f 6008 6037 6036
f 6009 6010 6038
f 6009 6038 6037
f 6010 6011 6039
f 6010 6039 6038
f 6011 6012 6040
f 6011 6040 6039
f 6013 6014 6042
f 6013 6042 6041
f 6014 6015 6043
f 6014 6043 6042
f 6015 6016 6044
f 6015 6044 6043
f 6016 6017 6045
f 6016 6045 6044
f 6017 6018 6046
f 6017 6046 6045
f 6018 6019 6047
f 6018 6047 6046
f 6019 6020 6048
f 6019 6048 6047
f 6020 6021 6049
f 6020 6049 6048
f 6021 6022 6050
f 6021 6050 6049
f 6022 6023 6051
f 6022 6051 6050
f 6023 6024 6052
f 6023 6052 6051
f 6024 6025 6053
f 6024 6053 6052
f 6025 6026 6054
f 6025 6054 6053
f 6026 6027 6055
f 6026 6055 6054
f 6027 6028 6056
f 6027 6056 6055
f 6028 6029 6057
f 6028 6057 6056
f 6029 6030 6058
f 6029 6058 6057
f 6030 6031 6059
f 6030 6059 6058
f 6031 6032 6060
f 6031 6060 6059
f 6032 6033 6061
f 6032 6061 6060
f 6033 6034 6062
f 6033 6062 6061
f 6034 6035 6063
f 6034 6063 6062
f 6035 6036 6064
f 6035 6064 6063
f 6036 6037 6065
f 6036 6065 6064
f 6037 6038 6066
f 6037 6066 6065
f 6038 6039 6067
f 6038 6067 6066
f 6039 6040 6068
f 6039 6068 6067
f 6041 6042 6070
f 6041 6070 6069
f 6042 6043 6071
f 6042 6071 6070
f 6043 6044 6072
f 6043 6072 6071
f 6044 6045 6073
f 6044 6073 6072
f 6045 6046 6074
f 6045 6074 6073
f 6046 6047 6075
f 6046 6075 6074
f 6047 6048 6076
f 6047 6076 6075
f 6048 6049 6077
f 6048 6077 6076
f 6049 6050 6078
f 6049 6078 6077
f 6050 6051 6079
f 6050 6079 6078
f 6051 6052 6080
f 6051 6080 6079
f 6052 6053 6081
f 6052 6081 6080
f 6053 6054 6082
f 6053 6082 6081
f 6054 6055 6083
f 6054 6083 6082
f 6055 6056 6084
f 6055 6084 6083
f 6056 6057 6085
f 6056 6085 6084
f 6057 6058 6086
f 6057 6086 6085
f 6058 6059 6087
f 6058 6087 6086
f 6059 6060 6088
f 6059 6088 6087
f 6060 6061 6089
f 6060 6089 6088
f 6061 6062 6090
f 6061 6090 6089
f 6062 6063 6091
f 6062 6091 6090
f 6063 6064 6092
f 6063 6092 6091
f 6064 6065 6093
f 6064 6093 6092
f 6065 6066 6094
f 6065 6094 6093
f 6066 6067 6095
f 6066 6095 6094
f 6067 6068 6096
f 6067 6096 6095
f 6069 6070 6098
f 6069 6098 6097
f 6070 6071 6099
f 6070 6099 6098
f 6071 6072 6100
f 6071 6100 6099
f 6072 6073 6101
f 6072 6101 6100
f 6073 6074 6102
f 6073 6102 6101
f 6074 6075 6103
f 6074 6103 6102
f 6075 6076 6104
f 6075 6104 6103
f 6076 6077 6105
f 6076 6105 6104
f 6077 6078 6106
f 6077 6106 6105
f 6078 6079 6107
f 6078 6107 6106
f 6079 6080 6108
f 6079 6108 6107
f 6080 6081 6109
f 6080 6109 6108
f 6081 6082 6110
f 6081 6110 6109
f 6082 6083 6111
f 6082 6111 6110
f 6083 6084 6112
f 6083 6112 6111
f 6084 6085 6113
f 6084 6113 6112
f 6085 6086 6114
f 6085 6114 6113
f 6086 6087 6115
f 6086 6115 6114
f 6087 6088 6116
f 6087 6116 6115
f 6088 6089 6117
f 6088 6117 6116
f 6089 6090 6118
f 6089 6118 6117
f 6090 6091 6119
f 6090 6119 6118
f 6091 6092 6120
f 6091 6120 6119
f 6092 6093 6121
f 6092 6121 6120
f 6093 6094 6122
f 6093 6122 6121
f 6094 6095 6123
f 6094 6123 6122
f 6095 6096 6124
f 6095 6124 6123
f 6097 6098 6126
f 6097 6126 6125
f 6098 6099 6127
f 6098 6127 6126
f 6099 6100 6128
f 6099 6128 6127
f 6100 6101 6129
f 6100 6129 6128
f 6101 6102 6130
f 6101 6130 6129
f 6102 6103 6131
f 6102 6131 6130
f 6103 6104 6132
f 6103 6132 6131
f 6104 6105 6133
f 6104 6133 6132
f 6105 6106 6134
f 6105 6134 6133
f 6106 6107 6135
f 6106 6135 6134
f 6107 6108 6136
f 6107 6136 6135
f 6108 6109 6137
f 6108 6137 6136
f 6109 6110 6138
f 6109 6138 6137
f 6110 6111 6139
f 6110 6139 6138
f 6111 6112 6140
f 6111 6140 6139
f 6112 6113 6141
f 6112 6141 6140
f 6113 6114 6142
f 6113 6142 6141
f 6114 6115 6143
f 6114 6143 6142
f 6115 6116 6144
f 6115 6144 6143
f 6116 6117 6145
f 6116 6145 6144
f 6117 6118 6146
f 6117 6146 6145
f 6118 6119 6147
f 6118 6147 6146
f 6119 6120 6148
f 6119 6148 6147
f 6120 6121 6149
f 6120 6149 6148
f 6121 6122 6150
f 6121 6150 6149
f 6122 6123 6151
f 6122 6151 6150
f 6123 6124 6152
f 6123 6152 6151
f 6125 6126 6154
f 6125 6154 6153
f 6126 6127 6155
f 6126 6155 6154
f 6127 6128 6156
f 6127 6156 6155
f 6128 6129 6157
f 6128 6157 6156
f 6129 6130 6158
f 6129 6158 6157
f 6130 6131 6159
f 6130 6159 6158
f 6131 6132 6160
f 6131 6160 6159
f 6132 6133 6161
f 6132 6161 6160
f 6133 6134 6162
f 6133 6162 6161
f 6134 6135 6163
f 6134 6163 6162
f 6135 6136 6164
f 6135 6164 6163
f 6136 6137 6165
f 6136 6165 6164
f 6137 6138 6166
f 6137 6166 6165
f 6138 6139 6167
f 6138 6167 6166
f 6139 6140 6168
f 6139 6168 6167
f 6140 6141 6169
f 6140 6169 6168
f 6141 6142 6170
f 6141 6170 6169
f 6142 6143 6171
f 6142 6171 6170
f 6143 6144 6172
f 6143 6172 6171
f 6144 6145 6173
f 6144 6173 6172
f 6145 6146 6174
f 6145 6174 6173
f 6146 6147 6175
f 6146 6175 6174
f 6147 6148 6176
f 6147 6176 6175
f 6148 6149 6177
f 6148 6177 6176
f 6149 6150 6178
f 6149 6178 6177
f 6150 6151 6179
f 6150 6179 6178
f 6151 6152 6180
f 6151 6180 6179
f 6153 6154 6182
f 6153 6182 6181
f 6154 6155 6183
f 6154 6183 6182
f 6155 6156 6184
f 6155 6184 6183
f 6156 6157 6185
f 6156 6185 6184
f 6157 6158 6186
f 6157 6186 6185
f 6158 6159 6187
f 6158 6187 6186
f 6159 6160 6188
f 6159 6188 6187
f 6160 6161 6189
f 6160 6189 6188
f 6161 6162 6190
f 6161 6190 6189
f 6162 6163 6191
f 6162 6191 6190
f 6163 6164 6192
f 6163 6192 6191
f 6164 6165 6193
f 6164 6193 6192
f 6165 6166 6194
f 6165 6194 6193
f 6166 6167 6195
f 6166 6195 6194
f 6167 6168 6196
f 6167 6196 6195
f 6168 6169 6197
f 6168 6197 6196
f 6169 6170 6198
f 6169 6198 6197
f 6170 6171 6199
f 6170 6199 6198
f 6171 6172 6200
f 6171 6200 6199
f 6172 6173 6201
f 6172 6201 6200
f 6173 6174 6202
f 6173 6202 6201
f 6174 6175 6203
f 6174 6203 6202
f 6175 6176 6204
f 6175 6204 6203
f 6176 6177 6205
f 6176 6205 6204
f 6177 6178 6206
f 6177 6206 6205
f 6178 6179 6207
f 6178 6207 6206
f 6179 6180 6208
f 6179 6208 6207
f 6181 6182 6210
f 6181 6210 6209
f 6182 6183 6211
f 6182 6211 6210
f 6183 6184 6212
f 6183 6212 6211
f 6184 6185 6213
f 6184 6213 6212
f 6185 6186 6214
f 6185 6214 6213
f 6186 6187 6215
f 6186 6215 6214
f 6187 6188 6216
f 6187 6216 6215
f 6188 6189 6217
f 6188 6217 6216
f 6189 6190 6218
f 6189 6218 6217
f 6190 6191 6219
f 6190 6219 6218
f 6191 6192 6220
f 6191 6220 6219
f 6192 6193 6221
f 6192 6221 6220
f 6193 6194 6222
f 6193 6222 6221
f 6194 6195 6223
f 6194 6223 6222
f 6195 6196 6224
f 6195 6224 6223
f 6196 6197 6225
f 6196 6225 6224
f 6197 6198 6226
f 6197 6226 6225
f 6198 6199 6227
f 6198 6227 6226
f 6199 6200 6228
f 6199 6228 6227
f 6200 6201 6229
f 6200 6229 6228
f 6201 6202 6230
f 6201 6230 6229
f 6202 6203 6231
f 6202 6231 6230
f 6203 6204 6232
f 6203 6232 6231
f 6204 6205 6233
f 6204 6233 6232
f 6205 6206 6234
f 6205 6234 6233
f 6206 6207 6235
f 6206 6235 6234
f 6207 6208 6236
f 6207 6236 6235
f 6209 6210 6238
f 6209 6238 6237
f 6210 6211 6239
f 6210 6239 6238
f 6211 6212 6240
f 6211 6240 6239
f 6212 6213 6241
f 6212 6241 6240
f 6213 6214 6242
f 6213 6242 6241
f 6214 6215 6243
f 6214 6243 6242
f 6215 6216 6244
f 6215 6244 6243
f 6216 6217 6245
f 6216 6245 6244
f 6217 6218 6246
f 6217 6246 6245
f 6218 6219 6247
f 6218 6247 6246
f 6219 6220 6248
f 6219 6248 6247
f 6220 6221 6249
f 6220 6249 6248
f 6221 6222 6250
f 6221 6250 6249
f 6222 6223 6251
f 6222 6251 6250
f 6223 6224 6252
f 6223 6252 6251
f 6224 6225 6253
f 6224 6253 6252
f 6225 6226 6254
f 6225 6254 6253
f 6226 6227 6255
f 6226 6255 6254
f 6227 6228 6256
f 6227 6256 6255
f 6228 6229 6257
f 6228 6257 6256
f 6229 6230 6258
f 6229 6258 6257
f 6230 6231 6259
f 6230 6259 6258
f 6231 6232 6260
f 6231 6260 6259
f 6232 6233 6261
f 6232 6261 6260
f 6233 6234 6262
f 6233 6262 6261
f 6234 6235 6263
f 6234 6263 6262
f 6235 6236 6264
f 6235 6264 6263
f 6237 6238 6266
f 6237 6266 6265
f 6238 6239 6267
f 6238 6267 6266
f 6239 6240 6268
f 6239 6268 6267
f 6240 6241 6269
f 6240 6269 6268
f 6241 6242 6270
f 6241 6270 6269
f 6242 6243 6271
f 6242 6271 6270
f 6243 6244 6272
f 6243 6272 6271
f 6244 6245 6273
f 6244 6273 6272
f 6245 6246 6274
f 6245 6274 6273
f 6246 6247 6275
f 6246 6275 6274
f 6247 6248 6276
f 6247 6276 6275
f 6248 6249 6277
f 6248 6277 6276
f 6249 6250 6278
f 6249 6278 6277
f 6250 6251 6279
f 6250 6279 6278
f 6251 6252 6280
f 6251 6280 6279
f 6252 6253 6281
f 6252 6281 6280
f 6253 6254 6282
f 6253 6282 6281
f 6254 6255 6283
f 6254 6283 6282
f 6255 6256 6284
f 6255 6284 6283
f 6256 6257 6285
f 6256 6285 6284
f 6257 6258 6286
f 6257 6286 6285
f 6258 6259 6287
f 6258 6287 6286
f 6259 6260 6288
f 6259 6288 6287
f 6260 6261 6289
f 6260 6289 6288
f 6261 6262 6290
f 6261 6290 6289
f 6262 6263 6291
f 6262 6291 6290
f 6263 6264 6292
f 6263 6292 6291
f 6265 6266 6294
f 6265 6294 6293
f 6266 6267 6295
f 6266 6295 6294
f 6267 6268 6296
f 6267 6296 6295
f 6268 6269 6297
f 6268 6297 6296
f 6269 6270 6298
f 6269 6298 6297
f 6270 6271 6299
f 6270 6299 6298
f 6271 6272 6300
f 6271 6300 6299
f 6272 6273 6301
f 6272 6301 6300
f 6273 6274 6302
f 6273 6302 6301
f 6274 6275 6303
f 6274 6303 6302
f 6275 6276 6304
f 6275 6304 6303
f 6276 6277 6305
f 6276 6305 6304
f 6277 6278 6306
f 6277 6306 6305
f 6278 6279 6307
f 6278 6307 6306
f 6279 6280 6308
f 6279 6308 6307
f 6280 6281 6309
f 6280 6309 6308
f 6281 6282 6310
f 6281 6310 6309
f 6282 6283 6311
f 6282 6311 6310
f 6283 6284 6312
f 6283 6312 6311
f 6284 6285 6313
f 6284 6313 6312
f 6285 6286 6314
f 6285 6314 6313
f 6286 6287 6315
f 6286 6315 6314
f 6287 6288 6316
f 6287 6316 6315
f 6288 6289 6317
f 6288 6317 6316
f 6289 6290 6318
f 6289 6318 6317
f 6290 6291 6319
f 6290 6319 6318
f 6291 6292 6320
f 6291 6320 6319
f 6293 6294 6322
f 6293 6322 6321
f 6294 6295 6323
f 6294 6323 6322
f 6295 6296 6324
f 6295 6324 6323
f 6296 6297 6325
f 6296 6325 6324
f 6297 6298 6326
f 6297 6326 6325
f 6298 6299 6327
f 6298 6327 6326
f 6299 6300 6328
f 6299 6328 6327
f 6300 6301 6329
f 6300 6329 6328
f 6301 6302 6330
f 6301 6330 6329
f 6302 6303 6331
f 6302 6331 6330
f 6303 6304 6332
f 6303 6332 6331
f 6304 6305 6333
f 6304 6333 6332
f 6305 6306 6334
f 6305 6334 6333
f 6306 6307 6335
f 6306 6335 6334
f 6307 6308 6336
f 6307 6336 6335
f 6308 6309 6337
f 6308 6337 6336
f 6309 6310 6338
f 6309 6338 6337
f 6310 6311 6339
f 6310 6339 6338
f 6311 6312 6340
f 6311 6340 6339
f 6312 6313 6341
f 6312 6341 6340
f 6313 6314 6342
f 6313 6342 6341
f 6314 6315 6343
f 6314 6343 6342
f 6315 6316 6344
f 6315 6344 6343
f 6316 6317 6345
f 6316 6345 6344
f 6317 6318 6346
f 6317 6346 6345
f 6318 6319 6347
f 6318 6347 6346
f 6319 6320 6348
f 6319 6348 6347
f 6321 6322 6350
f 6321 6350 6349
f 6322 6323 6351
f 6322 6351 6350
f 6323 6324 6352
f 6323 6352 6351
f 6324 6325 6353
f 6324 6353 6352
f 6325 6326 6354
f 6325 6354 6353
f 6326 6327 6355
f 6326 6355 6354
f 6327 6328 6356
f 6327 6356 6355
f 6328 6329 6357
f 6328 6357 6356
f 6329 6330 6358
f 6329 6358 6357
f 6330 6331 6359
f 6330 6359 6358
f 6331 6332 6360
f 6331 6360 6359
f 6332 6333 6361
f 6332 6361 6360
f 6333 6334 6362
f 6333 6362 6361
f 6334 6335 6363
f 6334 6363 6362
f 6335 6336 6364
f 6335 6364 6363
f 6336 6337 6365
f 6336 6365 6364
f 6337 6338 6366
f 6337 6366 6365
f 6338 6339 6367
f 6338 6367 6366
f 6339 6340 6368
f 6339 6368 6367
f 6340 6341 6369
f 6340 6369 6368
f 6341 6342 6370
f 6341 6370 6369
f 6342 6343 6371
f 6342 6371 6370
f 6343 6344 6372
f 6343 6372 6371
f 6344 6345 6373
f 6344 6373 6372
f 6345 6346 6374
f 6345 6374 6373
f 6346 6347 6375
f 6346 6375 6374
f 6347 6348 6376
f 6347 6376 6375
f 6349 6350 6378
f 6349 6378 6377
f 6350 6351 6379
f 6350 6379 6378
f 6351 6352 6380
f 6351 6380 6379
f 6352 6353 6381
f 6352 6381 6380
f 6353 6354 6382
f 6353 6382 6381
f 6354 6355 6383
f 6354 6383 6382
f 6355 6356 6384
f 6355 6384 6383
f 6356 6357 6385
f 6356 6385 6384
f 6357 6358 6386
f 6357 6386 6385
f 6358 6359 6387
f 6358 6387 6386
f 6359 6360 6388
f 6359 6388 6387
f 6360 6361 6389
f 6360 6389 6388
f 6361 6362 6390
f 6361 6390 6389
f 6362 6363 6391
f 6362 6391 6390
f 6363 6364 6392
f 6363 6392 6391
f 6364 6365 6393
f 6364 6393 6392
f 6365 6366 6394
f 6365 6394 6393
f 6366 6367 6395
f 6366 6395 6394
f 6367 6368 6396
f 6367 6396 6395
f 6368 6369 6397
f 6368 6397 6396
f 6369 6370 6398
f 6369 6398 6397
f 6370 6371 6399
f 6370 6399 6398
f 6371 6372 6400
f 6371 6400 6399
f 6372 6373 6401
f 6372 6401 6400
f 6373 6374 6402
f 6373 6402 6401
f 6374 6375 6403
f 6374 6403 6402
f 6375 6376 6404
f 6375 6404 6403
f 6377 6378 6406
f 6377 6406 6405
f 6378 6379 6407
f 6378 6407 6406
f 6379 6380 6408
f 6379 6408 6407
f 6380 6381 6409
f 6380 6409 6408
f 6381 6382 6410
f 6381 6410 6409
f 6382 6383 6411
f 6382 6411 6410
f 6383 6384 6412
f 6383 6412 6411
f 6384 6385 6413
f 6384 6413 6412
f 6385 6386 6414
f 6385 6414 6413
f 6386 6387 6415
f 6386 6415 6414
f 6387 6388 6416
f 6387 6416 6415
f 6388 6389 6417
f 6388 6417 6416
f 6389 6390 6418
f 6389 6418 6417
f 6390 6391 6419
f 6390 6419 6418
f 6391 6392 6420
f 6391 6420 6419
f 6392 6393 6421
f 6392 6421 6420
f 6393 6394 6422
f 6393 6422 6421
f 6394 6395 6423
f 6394 6423 6422
f 6395 6396 6424
f 6395 6424 6423
f 6396 6397 6425
f 6396 6425 6424
f 6397 6398 6426
f 6397 6426 6425
f 6398 6399 6427
f 6398 6427 6426
f 6399 6400 6428
f 6399 6428 6427
f 6400 6401 6429
f 6400 6429 6428
f 6401 6402 6430
f 6401 6430 6429
f 6402 6403 6431
f 6402 6431 6430
f 6403 6404 6432
f 6403 6432 6431
f 6405 6406 6434
f 6405 6434 6433
f 6406 6407 6435
f 6406 6435 6434
f 6407 6408 6436
f 6407 6436 6435
f 6408 6409 6437
f 6408 6437 6436
f 6409 6410 6438
f 6409 6438 6437
f 6410 6411 6439
f 6410 6439 6438
f 6411 6412 6440
f 6411 6440 6439
f 6412 6413 6441
f 6412 6441 6440
f 6413 6414 6442
f 6413 6442 6441
f 6414 6415 6443
f 6414 6443 6442
f 6415 6416 6444
f 6415 6444 6443
f 6416 6417 6445
f 6416 6445 6444
f 6417 6418 6446
f 6417 6446 6445
f 6418 6419 6447
f 6418 6447 6446
f 6419 6420 6448
f 6419 6448 6447
f 6420 6421 6449
f 6420 6449 6448
f 6421 6422 6450
f 6421 6450 6449
f 6422 6423 6451
f 6422 6451 6450
f 6423 6424 6452
f 6423 6452 6451
f 6424 6425 6453
f 6424 6453 6452
f 6425 6426 6454
f 6425 6454 6453
f 6426 6427 6455
f 6426 6455 6454
f 6427 6428 6456
f 6427 6456 6455
f 6428 6429 6457
f 6428 6457 6456
f 6429 6430 6458
f 6429 6458 6457
f 6430 6431 6459
f 6430 6459 6458
f 6431 6432 6460
f 6431 6460 6459
f 6433 6434 6462
f 6433 6462 6461
f 6434 6435 6463
f 6434 6463 6462
f 6435 6436 6464
f 6435 6464 6463
f 6436 6437 6465
f 6436 6465 6464
f 6437 6438 6466
f 6437 6466 6465
f 6438 6439 6467
f 6438 6467 6466
f 6439 6440 6468
f 6439 6468 6467
f 6440 6441 6469
f 6440 6469 6468
f 6441 6442 6470
f 6441 6470 6469
f 6442 6443 6471
f 6442 6471 6470
f 6443 6444 6472
f 6443 6472 6471
f 6444 6445 6473
f 6444 6473 6472
f 6445 6446 6474
f 6445 6474 6473
f 6446 6447 6475
f 6446 6475 6474
f 6447 6448 6476
f 6447 6476 6475
f 6448 6449 6477
f 6448 6477 6476
f 6449 6450 6478
f 6449 6478 6477
f 6450 6451 6479
f 6450 6479 6478
f 6451 6452 6480
f 6451 6480 6479
f 6452 6453 6481
f 6452 6481 6480
f 6453 6454 6482
f 6453 6482 6481
f 6454 6455 6483
f 6454 6483 6482
f 6455 6456 6484
f 6455 6484 6483
f 6456 6457 6485
f 6456 6485 6484
f 6457 6458 6486
f 6457 6486 6485
f 6458 6459 6487
f 6458 6487 6486
f 6459 6460 6488
f 6459 6488 6487
f 6461 6462 6490
f 6461 6490 6489
f 6462 6463 6491
f 6462 6491 6490
f 6463 6464 6492
f 6463 6492 6491
f 6464 6465 6493
f 6464 6493 6492
f 6465 6466 6494
f 6465 6494 6493
f 6466 6467 6495
f 6466 6495 6494
f 6467 6468 6496
f 6467 6496 6495
f 6468 6469 6497
f 6468 6497 6496
f 6469 6470 6498
f 6469 6498 6497
f 6470 6471 6499
f 6470 6499 6498
f 6471 6472 6500
f 6471 6500 6499
f 6472 6473 6501
f 6472 6501 6500
f 6473 6474 6502
f 6473 6502 6501
f 6474 6475 6503
f 6474 6503 6502
f 6475 6476 6504
f 6475 6504 6503
f 6476 6477 6505
f 6476 6505 6504
f 6477 6478 6506
f 6477 6506 6505
f 6478 6479 6507
f 6478 6507 6506
f 6479 6480 6508
f 6479 6508 6507
f 6480 6481 6509
f 6480 6509 6508
f 6481 6482 6510
f 6481 6510 6509
f 6482 6483 6511
f 6482 6511 6510
f 6483 6484 6512
f 6483 6512 6511
f 6484 6485 6513
f 6484 6513 6512
f 6485 6486 6514
f 6485 6514 6513
f 6486 6487 6515
f 6486 6515 6514
f 6487 6488 6516
f 6487 6516 6515
f 6489 6490 6518
f 6489 6518 6517
f 6490 6491 6519
f 6490 6519 6518
f 6491 6492 6520
f 6491 6520 6519
f 6492 6493 6521
f 6492 6521 6520
f 6493 6494 6522
f 6493 6522 6521
f 6494 6495 6523
f 6494 6523 6522
f 6495 6496 6524
f 6495 6524 6523
f 6496 6497 6525
f 6496 6525 6524
f 6497 6498 6526
f 6497 6526 6525
f 6498 6499 6527
f 6498 6527 6526
f 6499 6500 6528
f 6499 6528 6527
f 6500 6501 6529
f 6500 6529 6528
f 6501 6502 6530
f 6501 6530 6529
f 6502 6503 6531
f 6502 6531 6530
f 6503 6504 6532
f 6503 6532 6531
f 6504 6505 6533
f 6504 6533 6532
f 6505 6506 6534
f 6505 6534 6533
f 6506 6507 6535
f 6506 6535 6534
f 6507 6508 6536
f 6507 6536 6535
f 6508 6509 6537
f 6508 6537 6536
f 6509 6510 6538
f 6509 6538 6537
f 6510 6511 6539
f 6510 6539 6538
f 6511 6512 6540
f 6511 6540 6539
f 6512 6513 6541
f 6512 6541 6540
f 6513 6514 6542
f 6513 6542 6541
f 6514 6515 6543
f 6514 6543 6542
f 6515 6516 6544
f 6515 6544 6543
f 6517 6518 6546
f 6517 6546 6545
f 6518 6519 6547
f 6518 6547 6546
f 6519 6520 6548
f 6519 6548 6547
f 6520 6521 6549
f 6520 6549 6548
f 6521 6522 6550
f 6521 6550 6549
f 6522 6523 6551
f 6522 6551 6550
f 6523 6524 6552
f 6523 6552 6551
f 6524 6525 6553
f 6524 6553 6552
f 6525 6526 6554
f 6525 6554 6553
f 6526 6527 6555
f 6526 6555 6554
f 6527 6528 6556
f 6527 6556 6555
f 6528 6529 6557
f 6528 6557 6556
f 6529 6530 6558
f 6529 6558 6557
f 6530 6531 6559
f 6530 6559 6558
f 6531 6532 6560
f 6531 6560 6559
f 6532 6533 6561
f 6532 6561 6560
f 6533 6534 6562
f 6533 6562 6561
f 6534 6535 6563
f 6534 6563 6562
f 6535 6536 6564
f 6535 6564 6563
f 6536 6537 6565
f 6536 6565 6564
f 6537 6538 6566
f 6537 6566 6565
f 6538 6539 6567
f 6538 6567 6566
f 6539 6540 6568
f 6539 6568 6567
f 6540 6541 6569
f 6540 6569 6568
f 6541 6542 6570
f 6541 6570 6569
f 6542 6543 6571
f 6542 6571 6570
f 6543 6544 6572
f 6543 6572 6571
f 6545 6546 6574
f 6545 6574 6573
f 6546 6547 6575
f 6546 6575 6574
f 6547 6548 6576
f 6547 6576 6575
f 6548 6549 6577
f 6548 6577 6576
f 6549 6550 6578
f 6549 6578 6577
f 6550 6551 6579
f 6550 6579 6578
f 6551 6552 6580
f 6551 6580 6579
f 6552 6553 6581
f 6552 6581 6580
f 6553 6554 6582
f 6553 6582 6581
f 6554 6555 6583
f 6554 6583 6582
f 6555 6556 6584
f 6555 6584 6583
f 6556 6557 6585
f 6556 6585 6584
f 6557 6558 6586
f 6557 6586 6585
f 6558 6559 6587
f 6558 6587 6586
f 6559 6560 6588
f 6559 6588 6587
f 6560 6561 6589
f 6560 6589 6588
f 6561 6562 6590
f 6561 6590 6589
f 6562 6563 6591
f 6562 6591 6590
f 6563 6564 6592
f 6563 6592 6591
f 6564 6565 6593
f 6564 6593 6592
f 6565 6566 6594
f 6565 6594 6593
f 6566 6567 6595
f 6566 6595 6594
f 6567 6568 6596
f 6567 6596 6595
f 6568 6569 6597
f 6568 6597 6596
f 6569 6570 6598
f 6569 6598 6597
f 6570 6571 6599
f 6570 6599 6598
f 6571 6572 6600
f 6571 6600 6599
f 6573 6574 6602
f 6573 6602 6601
f 6574 6575 6603
f 6574 6603 6602
f 6575 6576 6604
f 6575 6604 6603
f 6576 6577 6605
f 6576 6605 6604
f 6577 6578 6606
f 6577 6606 6605
f 6578 6579 6607
f 6578 6607 6606
f 6579 6580 6608
f 6579 6608 6607
f 6580 6581 6609
f 6580 6609 6608
f 6581 6582 6610
f 6581 6610 6609
f 6582 6583 6611
f 6582 6611 6610
f 6583 6584 6612
f 6583 6612 6611
f 6584 6585 6613
f 6584 6613 6612
f 6585 6586 6614
f 6585 6614 6613
f 6586 6587 6615
f 6586 6615 6614
f 6587 6588 6616
f 6587 6616 6615
f 6588 6589 6617
f 6588 6617 6616
f 6589 6590 6618
f 6589 6618 6617
f 6590 6591 6619
f 6590 6619 6618
f 6591 6592 6620
f 6591 6620 6619
f 6592 6593 6621
f 6592 6621 6620
f 6593 6594 6622
f 6593 6622 6621
f 6594 6595 6623
f 6594 6623 6622
f 6595 6596 6624
f 6595 6624 6623
f 6596 6597 6625
f 6596 6625 6624
f 6597 6598 6626
f 6597 6626 6625
f 6598 6599 6627
f 6598 6627 6626
f 6599 6600 6628
f 6599 6628 6627
f 6601 6602 6630
f 6601 6630 6629
f 6602 6603 6631
f 6602 6631 6630
f 6603 6604 6632
f 6603 6632 6631
f 6604 6605 6633
f 6604 6633 6632
f 6605 6606 6634
f 6605 6634 6633
f 6606 6607 6635
f 6606 6635 6634
f 6607 6608 6636
f 6607 6636 6635
f 6608 6609 6637
f 6608 6637 6636
f 6609 6610 6638
f 6609 6638 6637
f 6610 6611 6639
f 6610 6639 6638
f 6611 6612 6640
f 6611 6640 6639
f 6612 6613 6641
f 6612 6641 6640
f 6613 6614 6642
f 6613 6642 6641
f 6614 6615 6643
f 6614 6643 6642
f 6615 6616 6644
f 6615 6644 6643
f 6616 6617 6645
f 6616 6645 6644
f 6617 6618 6646
f 6617 6646 6645
f 6618 6619 6647
f 6618 6647 6646
f 6619 6620 6648
f 6619 6648 6647
f 6620 6621 6649
f 6620 6649 6648
f 6621 6622 6650
f 6621 6650 6649
f 6622 6623 6651
f 6622 6651 6650
f 6623 6624 6652
f 6623 6652 6651
f 6624 6625 6653
f 6624 6653 6652
f 6625 6626 6654
f 6625 6654 6653
f 6626 6627 6655
f 6626 6655 6654
f 6627 6628 6656
f 6627 6656 6655
f 6629 6630 6658
f 6629 6658 6657
f 6630 6631 6659
f 6630 6659 6658
f 6631 6632 6660
f 6631 6660 6659
f 6632 6633 6661
f 6632 6661 6660
f 6633 6634 6662
f 6633 6662 6661
f 6634 6635 6663
f 6634 6663 6662
f 6635 6636 6664
f 6635 6664 6663
f 6636 6637 6665
f 6636 6665 6664
f 6637 6638 6666
f 6637 6666 6665
f 6638 6639 6667
f 6638 6667 6666
f 6639 6640 6668
f 6639 6668 6667
f 6640 6641 6669
f 6640 6669 6668
f 6641 6642 6670
f 6641 6670 6669
f 6642 6643 6671
f 6642 6671 6670
f 6643 6644 6672
f 6643 6672 6671
f 6644 6645 6673
f 6644 6673 6672
f 6645 6646 6674
f 6645 6674 6673
f 6646 6647 6675
f 6646 6675 6674
f 6647 6648 6676
f 6647 6676 6675
f 6648 6649 6677
f 6648 6677 6676
f 6649 6650 6678
f 6649 6678 6677
f 6650 6651 6679
f 6650 6679 6678
f 6651 6652 6680
f 6651 6680 6679
f 6652 6653 6681
f 6652 6681 6680
f 6653 6654 6682
f 6653 6682 6681
f 6654 6655 6683
f 6654 6683 6682
f 6655 6656 6684
f 6655 6684 6683
f 6657 6658 6686
f 6657 6686 6685
f 6658 6659 6687
f 6658 6687 6686
f 6659 6660 6688
f 6659 6688 6687
f 6660 6661 6689
f 6660 6689 6688
f 6661 6662 6690
f 6661 6690 6689
f 6662 6663 6691
f 6662 6691 6690
f 6663 6664 6692
f 6663 6692 6691
f 6664 6665 6693
f 6664 6693 6692
f 6665 6666 6694
f 6665 6694 6693
f 6666 6667 6695
f 6666 6695 6694
f 6667 6668 6696
f 6667 6696 6695
f 6668 6669 6697
f 6668 6697 6696
f 6669 6670 6698
f 6669 6698 6697
f 6670 6671 6699
f 6670 6699 6698
f 6671 6672 6700
f 6671 6700 6699
f 6672 6673 6701
f 6672 6701 6700
f 6673 6674 6702
f 6673 6702 6701
f 6674 6675 6703
f 6674 6703 6702
f 6675 6676 6704
f 6675 6704 6703
f 6676 6677 6705
f 6676 6705 6704
f 6677 6678 6706
f 6677 6706 6705
f 6678 6679 6707
f 6678 6707 6706
f 6679 6680 6708
f 6679 6708 6707
f 6680 6681 6709
f 6680 6709 6708
f 6681 6682 6710
f 6681 6710 6709
f 6682 6683 6711
f 6682 6711 6710
f 6683 6684 6712
f 6683 6712 6711
f 6685 6686 6714
f 6685 6714 6713
f 6686 6687 6715
f 6686 6715 6714
f 6687 6688 6716
f 6687 6716 6715
f 6688 6689 6717
f 6688 6717 6716
f 6689 6690 6718
f 6689 6718 6717
f 6690 6691 6719
f 6690 6719 6718
f 6691 6692 6720
f 6691 6720 6719
f 6692 6693 6721
f 6692 6721 6720
f 6693 6694 6722
f 6693 6722 6721
f 6694 6695 6723
f 6694 6723 6722
f 6695 6696 6724
f 6695 6724 6723
f 6696 6697 6725
f 6696 6725 6724
f 6697 6698 6726
f 6697 6726 6725
f 6698 6699 6727
f 6698 6727 6726
f 6699 6700 6728
f 6699 6728 6727
f 6700 6701 6729
f 6700 6729 6728
f 6701 6702 6730
f 6701 6730 6729
f 6702 6703 6731
f 6702 6731 6730
f 6703 6704 6732
f 6703 6732 6731
f 6704 6705 6733
f 6704 6733 6732
f 6705 6706 6734
f 6705 6734 6733
f 6706 6707 6735
f 6706 6735 6734
f 6707 6708 6736
f 6707 6736 6735
f 6708 6709 6737
f 6708 6737 6736
f 6709 6710 6738
f 6709 6738 6737
f 6710 6711 6739
f 6710 6739 6738
f 6711 6712 6740
f 6711 6740 6739
f 6713 6714 6742
f 6713 6742 6741
f 6714 6715 6743
f 6714 6743 6742
f 6715 6716 6744
f 6715 6744 6743
f 6716 6717 6745
f 6716 6745 6744
f 6717 6718 6746
f 6717 6746 6745
f 6718 6719 6747
f 6718 6747 6746
f 6719 6720 6748
f 6719 6748 6747
f 6720 6721 6749
f 6720 6749 6748
f 6721 6722 6750
f 6721 6750 6749
f 6722 6723 6751
f 6722 6751 6750
f 6723 6724 6752
f 6723 6752 6751
f 6724 6725 6753
f 6724 6753 6752
f 6725 6726 6754
f 6725 6754 6753
f 6726 6727 6755
f 6726 6755 6754
f 6727 6728 6756
f 6727 6756 6755
f 6728 6729 6757
f 6728 6757 6756
f 6729 6730 6758
f 6729 6758 6757
f 6730 6731 6759
f 6730 6759 6758
f 6731 6732 6760
f 6731 6760 6759
f 6732 6733 6761
f 6732 6761 6760
f 6733 6734 6762
f 6733 6762 6761
f 6734 6735 6763
f 6734 6763 6762
f 6735 6736 6764
f 6735 6764 6763
f 6736 6737 6765
f 6736 6765 6764
f 6737 6738 6766
f 6737 6766 6765
f 6738 6739 6767
f 6738 6767 6766
f 6739 6740 6768
f 6739 6768 6767
f 6741 6742 5930
f 6741 5930 5929
f 6742 6743 5931
f 6742 5931 5930
f 6743 6744 5932
f 6743 5932 5931
f 6744 6745 5933
f 6744 5933 5932
f 6745 6746 5934
f 6745 5934 5933
f 6746 6747 5935
f 6746 5935 5934
f 6747 6748 5936
f 6747 5936 5935
f 6748 6749 5937
f 6748 5937 5936
f 6749 6750 5938
f 6749 5938 5937
f 6750 6751 5939
f 6750 5939 5938
f 6751 6752 5940
f 6751 5940 5939
f 6752 6753 5941
f 6752 5941 5940
f 6753 6754 5942
f 6753 5942 5941
f 6754 6755 5943
f 6754 5943 5942
f 6755 6756 5944
f 6755 5944 5943
f 6756 6757 5945
f 6756 5945 5944
f 6757 6758 5946
f 6757 5946 5945
f 6758 6759 5947
f 6758 5947 5946
f 6759 6760 5948
f 6759 5948 5947
f 6760 6761 5949
f 6760 5949 5948
f 6761 6762 5950
f 6761 5950 5949
f 6762 6763 5951
f 6762 5951 5950
f 6763 6764 5952
f 6763 5952 5951
f 6764 6765 5953
f 6764 5953 5952
f 6765 6766 5954
f 6765 5954 5953
f 6766 6767 5955
f 6766 5955 5954
f 6767 6768 5956
f 6767 5956 5955
f 6771 6799 6769
f 6799 6827 6769
f 6827 6855 6769
f 6855 6883 6769
f 6883 6911 6769
f 6911 6939 6769
f 6939 6967 6769
f 6967 6995 6769
f 6995 7023 6769
f 7023 7051 6769
f 7051 7079 6769
f 7079 7107 6769
f 7107 7135 6769
f 7135 7163 6769
f 7163 7191 6769
f 7191 7219 6769
f 7219 7247 6769
f 7247 7275 6769
f 7275 7303 6769
f 7303 7331 6769
f 7331 7359 6769
f 7359 7387 6769
f 7387 7415 6769
f 7415 7443 6769
f 7443 7471 6769
f 7471 7499 6769
f 7499 7527 6769
f 7527 7555 6769
f 7555 7583 6769
f 7583 6771 6769
f 6798 6770 6826
f 6826 6770 6854
f 6854 6770 6882
f 6882 6770 6910
f 6910 6770 6938
f 6938 6770 6966
f 6966 6770 6994
f 6994 6770 7022
f 7022 6770 7050
f 7050 6770 7078
f 7078 6770 7106
f 7106 6770 7134
f 7134 6770 7162
f 7162 6770 7190
f 7190 6770 7218
f 7218 6770 7246
f 7246 6770 7274
f 7274 6770 7302
f 7302 6770 7330
f 7330 6770 7358
f 7358 6770 7386
f 7386 6770 7414
f 7414 6770 7442
f 7442 6770 7470
f 7470 6770 7498
f 7498 6770 7526
f 7526 6770 7554
f 7554 6770 7582
f 7582 6770 7610
f 7610 6770 6798
f 6771 6772 6800
f 6771 6800 6799
f 6772 6773 6801
f 6772 6801 6800
f 6773 6774 6802
f 6773 6802 6801
f 6774 6775 6803
f 6774 6803 6802
f 6775 6776 6804
f 6775 6804 6803
f 6776 6777 6805
f 6776 6805 6804
f 6777 6778 6806
f 6777 6806 6805
f 6778 6779 6807
f 6778 6807 6806
f 6779 6780 6808
f 6779 6808 6807
f 6780 6781 6809
f 6780 6809 6808
f 6781 6782 6810
f 6781 6810 6809
f 6782 6783 6811
f 6782 6811 6810
f 6783 6784 6812
f 6783 6812 6811
f 6784 6785 6813
f 6784 6813 6812
f 6785 6786 6814
f 6785 6814 6813
f 6786 6787 6815
f 6786 6815 6814
f 6787 6788 6816
f 6787 6816 6815
f 6788 6789 6817
f 6788 6817 6816
f 6789 6790 6818
f 6789 6818 6817
f 6790 6791 6819
f 6790 6819 6818
f 6791 6792 6820
f 6791 6820 6819
f 6792 6793 6821
f 6792 6821 6820
f 6793 6794 6822
f 6793 6822 6821
f 6794 6795 6823
f 6794 6823 6822
f 6795 6796 6824
f 6795 6824 6823
f 6796 6797 6825
f 6796 6825 6824
f 6797 6798 6826
f 6797 6826 6825
f 6799 6800 6828
f 6799 6828 6827
f 6800 6801 6829
f 6800 6829 6828
f 6801 6802 6830
f 6801 6830 6829
f 6802 6803 6831
f 6802 6831 6830
f 6803 6804 6832
f 6803 6832 6831
f 6804 6805 6833
f 6804 6833 6832
f 6805 6806 6834
f 6805 6834 6833
f 6806 6807 6835
f 6806 6835 6834
f 6807 6808 6836
f 6807 6836 6835
f 6808 6809 6837
f 6808 6837 6836
f 6809 6810 6838
f 6809 6838 6837
f 6810 6811 6839
f 6810 6839 6838
f 6811 6812 6840
f 6811 6840 6839
f 6812 6813 6841
f 6812 6841 6840
f 6813 6814 6842
f 6813 6842 6841
f 6814 6815 6843
f 6814 6843 6842
f 6815 6816 6844
f 6815 6844 6843
f 6816 6817 6845
f 6816 6845 6844
f 6817 6818 6846
f 6817 6846 6845
f 6818 6819 6847
f 6818 6847 6846
f 6819 6820 6848
f 6819 6848 6847
f 6820 6821 6849
f 6820 6849 6848
f 6821 6822 6850
f 6821 6850 6849
f 6822 6823 6851
f 6822 6851 6850
f 6823 6824 6852
f 6823 6852 6851
f 6824 6825 6853
f 6824 6853 6852
f 6825 6826 6854
f 6825 6854 6853
f 6827 6828 6856
f 6827 6856 6855
f 6828 6829 6857
f 6828 6857 6856
f 6829 6830 6858
f 6829 6858 6857
f 6830 6831 6859
f 6830 6859 6858
f 6831 6832 6860
f 6831 6860 6859
f 6832 6833 6861
f 6832 6861 6860
f 6833 6834 6862
f 6833 6862 6861
f 6834 6835 6863
f 6834 6863 6862
f 6835 6836 6864
f 6835 6864 6863
f 6836 6837 6865
f 6836 6865 6864
f 6837 6838 6866
f 6837 6866 6865
f 6838 6839 6867
f 6838 6867 6866
f 6839 6840 6868
f 6839 6868 6867
f 6840 6841 6869
f 6840 6869 6868
f 6841 6842 6870
f 6841 6870 6869
f 6842 6843 6871
f 6842 6871 6870
f 6843 6844 6872
f 6843 6872 6871
f 6844 6845 6873
f 6844 6873 6872
f 6845 6846 6874
f 6845 6874 6873
f 6846 6847 6875
f 6846 6875 6874
f 6847 6848 6876
f 6847 6876 6875
f 6848 6849 6877
f 6848 6877 6876
f 6849 6850 6878
f 6849 6878 6877
f 6850 6851 6879
f 6850 6879 6878
f 6851 6852 6880
f 6851 6880 6879
f 6852 6853 6881
f 6852 6881 6880
f 6853 6854 6882
f 6853 6882 6881
f 6855 6856 6884
f 6855 6884 6883
f 6856 6857 6885
f 6856 6885 6884
f 6857 6858 6886
f 6857 6886 6885
f 6858 6859 6887
f 6858 6887 6886
f 6859 6860 6888
f 6859 6888 6887
f 6860 6861 6889
f 6860 6889 6888
f 6861 6862 6890
f 6861 6890 6889
f 6862 6863 6891
f 6862 6891 6890
f 6863 6864 6892
f 6863 6892 6891
f 6864 6865 6893
f 6864 6893 6892
f 6865 6866 6894
f 6865 6894 6893
f 6866 6867 6895
f 6866 6895 6894
f 6867 6868 6896
f 6867 6896 6895
f 6868 6869 6897
f 6868 6897 6896
f 6869 6870 6898
f 6869 6898 6897
f 6870 6871 6899
f 6870 6899 6898
f 6871 6872 6900
f 6871 6900 6899
f 6872 6873 6901
f 6872 6901 6900
f 6873 6874 6902
f 6873 6902 6901
f 6874 6875 6903
f 6874 6903 6902
f 6875 6876 6904
f 6875 6904 6903
f 6876 6877 6905
f 6876 6905 6904
f 6877 6878 6906
f 6877 6906 6905
f 6878 6879 6907
f 6878 6907 6906
f 6879 6880 6908
f 6879 6908 6907
f 6880 6881 6909
f 6880 6909 6908
f 6881 6882 6910
f 6881 6910 6909
f 6883 6884 6912
f 6883 6912 6911
f 6884 6885 6913
f 6884 6913 6912
f 6885 6886 6914
f 6885 6914 6913
f 6886 6887 6915
f 6886 6915 6914
f 6887 6888 6916
f 6887 6916 6915
f 6888 6889 6917
f 6888 6917 6916
f 6889 6890 6918
f 6889 6918 6917
f 6890 6891 6919
f 6890 6919 6918
f 6891 6892 6920
f 6891 6920 6919
f 6892 6893 6921
f 6892 6921 6920
f 6893 6894 6922
f 6893 6922 6921
f 6894 6895 6923
f 6894 6923 6922
f 6895 6896 6924
f 6895 6924 6923
f 6896 6897 6925
f 6896 6925 6924
f 6897 6898 6926
f 6897 6926 6925
f 6898 6899 6927
f 6898 6927 6926
f 6899 6900 6928
f 6899 6928 6927
f 6900 6901 6929
f 6900 6929 6928
f 6901 6902 6930
f 6901 6930 6929
f 6902 6903 6931
f 6902 6931 6930
f 6903 6904 6932
f 6903 6932 6931
f 6904 6905 6933
f 6904 6933 6932
f 6905 6906 6934
f 6905 6934 6933
f 6906 6907 6935
f 6906 6935 6934
f 6907 6908 6936
f 6907 6936 6935
f 6908 6909 6937
f 6908 6937 6936
f 6909 6910 6938
f 6909 6938 6937
f 6911 6912 6940
f 6911 6940 6939
f 6912 6913 6941
f 6912 6941 6940
f 6913 6914 6942
f 6913 6942 6941
f 6914 6915 6943
f 6914 6943 6942
f 6915 6916 6944
f 6915 6944 6943
f 6916 6917 6945
f 6916 6945 6944
f 6917 6918 6946
f 6917 6946 6945
f 6918 6919 6947
f 6918 6947 6946
f 6919 6920 6948
f 6919 6948 6947
f 6920 6921 6949
f 6920 6949 6948
f 6921 6922 6950
f 6921 6950 6949
f 6922 6923 6951
f 6922 6951 6950
f 6923 6924 6952
f 6923 6952 6951
f 6924 6925 6953
f 6924 6953 6952
f 6925 6926 6954
f 6925 6954 6953
f 6926 6927 6955
f 6926 6955 6954
f 6927 6928 6956
f 6927 6956 6955
f 6928 6929 6957
f 6928 6957 6956
f 6929 6930 6958
f 6929 6958 6957
f 6930 6931 6959
f 6930 6959 6958
f 6931 6932 6960
f 6931 6960 6959
f 6932 6933 6961
f 6932 6961 6960
f 6933 6934 6962
f 6933 6962 6961
f 6934 6935 6963
f 6934 6963 6962
f 6935 6936 6964
f 6935 6964 6963
f 6936 6937 6965
f 6936 6965 6964
f 6937 6938 6966
f 6937 6966 6965
f 6939 6940 6968
f 6939 6968 6967
f 6940 6941 6969
f 6940 6969 6968
f 6941 6942 6970
f 6941 6970 6969
f 6942 6943 6971
f 6942 6971 6970
f 6943 6944 6972
f 6943 6972 6971
f 6944 6945 6973
f 6944 6973 6972
f 6945 6946 6974
f 6945 6974 6973
f 6946 6947 6975
f 6946 6975 6974
f 6947 6948 6976
f 6947 6976 6975
f 6948 6949 6977
f 6948 6977 6976
f 6949 6950 6978
f 6949 6978 6977
f 6950 6951 6979
f 6950 6979 6978
f 6951 6952 6980
f 6951 6980 6979
f 6952 6953 6981
f 6952 6981 6980
f 6953 6954 6982
f 6953 6982 6981
f 6954 6955 6983
f 6954 6983 6982
f 6955 6956 6984
f 6955 6984 6983
f 6956 6957 6985
f 6956 6985 6984
f 6957 6958 6986
f 6957 6986 6985
f 6958 6959 6987
f 6958 6987 6986
f 6959 6960 6988
f 6959 6988 6987
f 6960 6961 6989
f 6960 6989 6988
f 6961 6962 6990
f 6961 6990 6989
f 6962 6963 6991
f 6962 6991 6990
f 6963 6964 6992
f 6963 6992 6991
f 6964 6965 6993
f 6964 6993 6992
f 6965 6966 6994
f 6965 6994 6993
f 6967 6968 6996
f 6967 6996 6995
f 6968 6969 6997
f 6968 6997 6996
f 6969 6970 6998
f 6969 6998 6997
f 6970 6971 6999
f 6970 6999 6998
f 6971 6972 7000
f 6971 7000 6999
f 6972 6973 7001
f 6972 7001 7000
f 6973 6974 7002
f 6973 7002 7001
f 6974 6975 7003
f 6974 7003 7002
f 6975 6976 7004
f 6975 7004 7003
f 6976 6977 7005
f 6976 7005 7004
f 6977 6978 7006
f 6977 7006 7005
f 6978 6979 7007
f 6978 7007 7006
f 6979 6980 7008
f 6979 7008 7007
f 6980 6981 7009
f 6980 7009 7008
f 6981 6982 7010
f 6981 7010 7009
f 6982 6983 7011
f 6982 7011 7010
f 6983 6984 7012
f 6983 7012 7011
f 6984 6985 7013
f 6984 7013 7012
f 6985 6986 7014
f 6985 7014 7013
f 6986 6987 7015
f 6986 7015 7014
f 6987 6988 7016
f 6987 7016 7015
f 6988 6989 7017
f 6988 7017 7016
f 6989 6990 7018
f 6989 7018 7017
f 6990 6991 7019
f 6990 7019 7018
f 6991 6992 7020
f 6991 7020 7019
f 6992 6993 7021
f 6992 7021 7020
f 6993 6994 7022
f 6993 7022 7021
f 6995 6996 7024
f 6995 7024 7023
f 6996 6997 7025
f 6996 7025 7024
f 6997 6998 7026
f 6997 7026 7025
f 6998 6999 7027
f 6998 7027 7026
f 6999 7000 7028
f 6999 7028 7027
f 7000 7001 7029
f 7000 7029 7028
f 7001 7002 7030
f 7001 7030 7029
f 7002 7003 7031
f 7002 7031 7030
f 7003 7004 7032
f 7003 7032 7031
f 7004 7005 7033
f 7004 7033 7032
f 7005 7006 7034
f 7005 7034 7033
f 7006 7007 7035
f 7006 7035 7034
f 7007 7008 7036
f 7007 7036 7035
f 7008 7009 7037
f 7008 7037 7036
f 7009 7010 7038
f 7009 7038 7037
f 7010 7011 7039
f 7010 7039 7038
f 7011 7012 7040
f 7011 7040 7039
f 7012 7013 7041
f 7012 7041 7040
f 7013 7014 7042
f 7013 7042 7041
f 7014 7015 7043
f 7014 7043 7042
f 7015 7016 7044
f 7015 7044 7043
f 7016 7017 7045
f 7016 7045 7044
f 7017 7018 7046
f 7017 7046 7045
f 7018 7019 7047
f 7018 7047 7046
f 7019 7020 7048
f 7019 7048 7047
f 7020 7021 7049
f 7020 7049 7048
f 7021 7022 7050
f 7021 7050 7049
f 7023 7024 7052
f 7023 7052 7051
f 7024 7025 7053
f 7024 7053 7052
f 7025 7026 7054
f 7025 7054 7053
f 7026 7027 7055
f 7026 7055 7054
f 7027 7028 7056
f 7027 7056 7055
f 7028 7029 7057
f 7028 7057 7056
f 7029 7030 7058
f 7029 7058 7057
f 7030 7031 7059
f 7030 7059 7058
f 7031 7032 7060
f 7031 7060 7059
f 7032 7033 7061
f 7032 7061 7060
f 7033 7034 7062
f 7033 7062 7061
f 7034 7035 7063
f 7034 7063 7062
f 7035 7036 7064
f 7035 7064 7063
f 7036 7037 7065
f 7036 7065 7064
f 7037 7038 7066
f 7037 7066 7065
f 7038 7039 7067
f 7038 7067 7066
f 7039 7040 7068
f 7039 7068 7067
f 7040 7041 7069
f 7040 7069 7068
f 7041 7042 7070
f 7041 7070 7069
f 7042 7043 7071
f 7042 7071 7070
f 7043 7044 7072
f 7043 7072 7071
f 7044 7045 7073
f 7044 7073 7072
f 7045 7046 7074
f 7045 7074 7073
f 7046 7047 7075
f 7046 7075 7074
f 7047 7048 7076
f 7047 7076 7075
f 7048 7049 7077
f 7048 7077 7076
f 7049 7050 7078
f 7049 7078 7077
f 7051 7052 7080
f 7051 7080 7079
f 7052 7053 7081
f 7052 7081 7080
f 7053 7054 7082
f 7053 7082 7081
f 7054 7055 7083
f 7054 7083 7082
f 7055 7056 7084
f 7055 7084 7083
f 7056 7057 7085
f 7056 7085 7084
f 7057 7058 7086
f 7057 7086 7085
f 7058 7059 7087
f 7058 7087 7086
f 7059 7060 7088
f 7059 7088 7087
f 7060 7061 7089
f 7060 7089 7088
f 7061 7062 7090
f 7061 7090 7089
f 7062 7063 7091
f 7062 7091 7090
f 7063 7064 7092
f 7063 7092 7091
f 7064 7065 7093
f 7064 7093 7092
f 7065 7066 7094
f 7065 7094 7093
f 7066 7067 7095
f 7066 7095 7094
f 7067 7068 7096
f 7067 7096 7095
f 7068 7069 7097
f 7068 7097 7096
f 7069 7070 7098
f 7069 7098 7097
f 7070 7071 7099
f 7070 7099 7098
f 7071 7072 7100
f 7071 7100 7099
f 7072 7073 7101
f 7072 7101 7100
f 7073 7074 7102
f 7073 7102 7101
f 7074 7075 7103
f 7074 7103 7102
f 7075 7076 7104
f 7075 7104 7103
f 7076 7077 7105
f 7076 7105 7104
f 7077 7078 7106
f 7077 7106 7105
f 7079 7080 7108
f 7079 7108 7107
f 7080 7081 7109
f 7080 7109 7108
f 7081 7082 7110
f 7081 7110 7109
f 7082 7083 7111
f 7082 7111 7110
f 7083 7084 7112
f 7083 7112 7111
f 7084 7085 7113
f 7084 7113 7112
f 7085 7086 7114
f 7085 7114 7113
f 7086 7087 7115
f 7086 7115 7114
f 7087 7088 7116
f 7087 7116 7115
f 7088 7089 7117
f 7088 7117 7116
f 7089 7090 7118
f 7089 7118 7117
f 7090 7091 7119
f 7090 7119 7118
f 7091 7092 7120
f 7091 7120 7119
f 7092 7093 7121
f 7092 7121 7120
f 7093 7094 7122
f 7093 7122 7121
f 7094 7095 7123
f 7094 7123 7122
f 7095 7096 7124
f 7095 7124 7123
f 7096 7097 7125
f 7096 7125 7124
f 7097 7098 7126
f 7097 7126 7125
f 7098 7099 7127
f 7098 7127 7126
f 7099 7100 7128
f 7099 7128 7127
f 7100 7101 7129
f 7100 7129 7128
f 7101 7102 7130
f 7101 7130 7129
f 7102 7103 7131
f 7102 7131 7130
f 7103 7104 7132
f 7103 7132 7131
f 7104 7105 7133
f 7104 7133 7132
f 7105 7106 7134
f 7105 7134 7133
f 7107 7108 7136
f 7107 7136 7135
f 7108 7109 7137
f 7108 7137 7136
f 7109 7110 7138
f 7109 7138 7137
f 7110 7111 7139
f 7110 7139 7138
f 7111 7112 7140
f 7111 7140 7139
f 7112 7113 7141
f 7112 7141 7140
f 7113 7114 7142
f 7113 7142 7141
f 7114 7115 7143
f 7114 7143 7142
f 7115 7116 7144
f 7115 7144 7143
f 7116 7117 7145
f 7116 7145 7144
f 7117 7118 7146
f 7117 7146 7145
f 7118 7119 7147
f 7118 7147 7146
f 7119 7120 7148
f 7119 7148 7147
f 7120 7121 7149
f 7120 7149 7148
f 7121 7122 7150
f 7121 7150 7149
f 7122 7123 7151
f 7122 7151 7150
f 7123 7124 7152
f 7123 7152 7151
f 7124 7125 7153
f 7124 7153 7152
f 7125 7126 7154
f 7125 7154 7153
f 7126 7127 7155
f 7126 7155 7154
f 7127 7128 7156
f 7127 7156 7155
f 7128 7129 7157
f 7128 7157 7156
f 7129 7130 7158
f 7129 7158 7157
f 7130 7131 7159
f 7130 7159 7158
f 7131 7132 7160
f 7131 7160 7159
f 7132 7133 7161
f 7132 7161 7160
f 7133 7134 7162
f 7133 7162 7161
f 7135 7136 7164
f 7135 7164 7163
f 7136 7137 7165
f 7136 7165 7164
f 7137 7138 7166
f 7137 7166 7165
f 7138 7139 7167
f 7138 7167 7166
f 7139 7140 7168
f 7139 7168 7167
f 7140 7141 7169
f 7140 7169 7168
f 7141 7142 7170
f 7141 7170 7169
f 7142 7143 7171
f 7142 7171 7170
f 7143 7144 7172
f 7143 7172 7171
f 7144 7145 7173
f 7144 7173 7172
f 7145 7146 7174
f 7145 7174 7173
f 7146 7147 7175
f 7146 7175 7174
f 7147 7148 7176
f 7147 7176 7175
f 7148 7149 7177
f 7148 7177 7176
f 7149 7150 7178
f 7149 7178 7177
f 7150 7151 7179
f 7150 7179 7178
f 7151 7152 7180
f 7151 7180 7179
f 7152 7153 7181
f 7152 7181 7180
f 7153 7154 7182
f 7153 7182 7181
f 7154 7155 7183
f 7154 7183 7182
f 7155 7156 7184
f 7155 7184 7183
f 7156 7157 7185
f 7156 7185 7184
f 7157 7158 7186
f 7157 7186 7185
f 7158 7159 7187
f 7158 7187 7186
f 7159 7160 7188
f 7159 7188 7187
f 7160 7161 7189
f 7160 7189 7188
f 7161 7162 7190
f 7161 7190 7189
f 7163 7164 7192
f 7163 7192 7191
f 7164 7165 7193
f 7164 7193 7192
f 7165 7166 7194
f 7165 7194 7193
f 7166 7167 7195
f 7166 7195 7194
f 7167 7168 7196
f 7167 7196 7195
f 7168 7169 7197
f 7168 7197 7196
f 7169 7170 7198
f 7169 7198 7197
f 7170 7171 7199
f 7170 7199 7198
f 7171 7172 7200
f 7171 7200 7199
f 7172 7173 7201
f 7172 7201 7200
f 7173 7174 7202
f 7173 7202 7201
f 7174 7175 7203
f 7174 7203 7202
f 7175 7176 7204
f 7175 7204 7203
f 7176 7177 7205
f 7176 7205 7204
f 7177 7178 7206
f 7177 7206 7205
f 7178 7179 7207
f 7178 7207 7206
f 7179 7180 7208
f 7179 7208 7207
f 7180 7181 7209
f 7180 7209 7208
f 7181 7182 7210
f 7181 7210 7209
f 7182 7183 7211
f 7182 7211 7210
f 7183 7184 7212
f 7183 7212 7211
f 7184 7185 7213
f 7184 7213 7212
f 7185 7186 7214
f 7185 7214 7213
f 7186 7187 7215
f 7186 7215 7214
f 7187 7188 7216
f 7187 7216 7215
f 7188 7189 7217
f 7188 7217 7216
f 7189 7190 7218
f 7189 7218 7217
f 7191 7192 7220
f 7191 7220 7219
f 7192 7193 7221
f 7192 7221 7220
f 7193 7194 7222
f 7193 7222 7221
f 7194 7195 7223
f 7194 7223 7222
f 7195 7196 7224
f 7195 7224 7223
f 7196 7197 7225
f 7196 7225 7224
f 7197 7198 7226
f 7197 7226 7225
f 7198 7199 7227
f 7198 7227 7226
f 7199 7200 7228
f 7199 7228 7227
f 7200 7201 7229
f 7200 7229 7228
f 7201 7202 7230
f 7201 7230 7229
f 7202 7203 7231
f 7202 7231 7230
f 7203 7204 7232
f 7203 7232 7231
f 7204 7205 7233
f 7204 7233 7232
f 7205 7206 7234
f 7205 7234 7233
f 7206 7207 7235
f 7206 7235 7234
f 7207 7208 7236
f 7207 7236 7235
f 7208 7209 7237
f 7208 7237 7236
f 7209 7210 7238
f 7209 7238 7237
f 7210 7211 7239
f 7210 7239 7238
f 7211 7212 7240
f 7211 7240 7239
f 7212 7213 7241
f 7212 7241 7240
f 7213 7214 7242
f 7213 7242 7241
f 7214 7215 7243
f 7214 7243 7242
f 7215 7216 7244
f 7215 7244 7243
f 7216 7217 7245
f 7216 7245 7244
f 7217 7218 7246
f 7217 7246 7245
f 7219 7220 7248
f 7219 7248 7247
f 7220 7221 7249
f 7220 7249 7248
f 7221 7222 7250
f 7221 7250 7249
f 7222 7223 7251
f 7222 7251 7250
f 7223 7224 7252
f 7223 7252 7251
f 7224 7225 7253
f 7224 7253 7252
f 7225 7226 7254
f 7225 7254 7253
f 7226 7227 7255
f 7226 7255 7254
f 7227 7228 7256
f 7227 7256 7255
f 7228 7229 7257
f 7228 7257 7256
f 7229 7230 7258
f 7229 7258 7257
f 7230 7231 7259
f 7230 7259 7258
f 7231 7232 7260
f 7231 7260 7259
f 7232 7233 7261
f 7232 7261 7260
f 7233 7234 7262
f 7233 7262 7261
f 7234 7235 7263
f 7234 7263 7262
f 7235 7236 7264
f 7235 7264 7263
f 7236 7237 7265
f 7236 7265 7264
f 7237 7238 7266
f 7237 7266 7265
f 7238 7239 7267
f 7238 7267 7266
f 7239 7240 7268
f 7239 7268 7267
f 7240 7241 7269
f 7240 7269 7268
f 7241 7242 7270
f 7241 7270 7269
f 7242 7243 7271
f 7242 7271 7270
f 7243 7244 7272
f 7243 7272 7271
f 7244 7245 7273
f 7244 7273 7272
f 7245 7246 7274
f 7245 7274 7273
f 7247 7248 7276
f 7247 7276 7275
f 7248 7249 7277
f 7248 7277 7276
f 7249 7250 7278
f 7249 7278 7277
f 7250 7251 7279
f 7250 7279 7278
f 7251 7252 7280
f 7251 7280 7279
f 7252 7253 7281
f 7252 7281 7280
f 7253 7254 7282
f 7253 7282 7281
f 7254 7255 7283
f 7254 7283 7282
f 7255 7256 7284
f 7255 7284 7283
f 7256 7257 7285
f 7256 7285 7284
f 7257 7258 7286
f 7257 7286 7285
f 7258 7259 7287
f 7258 7287 7286
f 7259 7260 7288
f 7259 7288 7287
f 7260 7261 7289
f 7260 7289 7288
f 7261 7262 7290
f 7261 7290 7289
f 7262 7263 7291
f 7262 7291 7290
f 7263 7264 7292
f 7263 7292 7291
f 7264 7265 7293
f 7264 7293 7292
f 7265 7266 7294
f 7265 7294 7293
f 7266 7267 7295
f 7266 7295 7294
f 7267 7268 7296
f 7267 7296 7295
f 7268 7269 7297
f 7268 7297 7296
f 7269 7270 7298
f 7269 7298 7297
f 7270 7271 7299
f 7270 7299 7298
f 7271 7272 7300
f 7271 7300 7299
f 7272 7273 7301
f 7272 7301 7300
f 7273 7274 7302
f 7273 7302 7301
f 7275 7276 7304
f 7275 7304 7303
f 7276 7277 7305
f 7276 7305 7304
f 7277 7278 7306
f 7277 7306 7305
f 7278 7279 7307
f 7278 7307 7306
f 7279 7280 7308
f 7279 7308 7307
f 7280 7281 7309
f 7280 7309 7308
f 7281 7282 7310
f 7281 7310 7309
f 7282 7283 7311
f 7282 7311 7310
f 7283 7284 7312
f 7283 7312 7311
f 7284 7285 7313
f 7284 7313 7312
f 7285 7286 7314
f 7285 7314 7313
f 7286 7287 7315
f 7286 7315 7314
f 7287 7288 7316
f 7287 7316 7315
f 7288 7289 7317
f 7288 7317 7316
f 7289 7290 7318
f 7289 7318 7317
f 7290 7291 7319
f 7290 7319 7318
f 7291 7292 7320
f 7291 7320 7319
f 7292 7293 7321
f 7292 7321 7320
f 7293 7294 7322
f 7293 7322 7321
f 7294 7295 7323
f 7294 7323 7322
f 7295 7296 7324
f 7295 7324 7323
f 7296 7297 7325
f 7296 7325 7324
f 7297 7298 7326
f 7297 7326 7325
f 7298 7299 7327
f 7298 7327 7326
f 7299 7300 7328
f 7299 7328 7327
f 7300 7301 7329
f 7300 7329 7328
f 7301 7302 7330
f 7301 7330 7329
f 7303 7304 7332
f 7303 7332 7331
f 7304 7305 7333
f 7304 7333 7332
f 7305 7306 7334
f 7305 7334 7333
f 7306 7307 7335
f 7306 7335 7334
f 7307 7308 7336
f 7307 7336 7335
f 7308 7309 7337
f 7308 7337 7336
f 7309 7310 7338
f 7309 7338 7337
f 7310 7311 7339
f 7310 7339 7338
f 7311 7312 7340
f 7311 7340 7339
f 7312 7313 7341
f 7312 7341 7340
f 7313 7314 7342
f 7313 7342 7341
f 7314 7315 7343
f 7314 7343 7342
f 7315 7316 7344
f 7315 7344 7343
f 7316 7317 7345
f 7316 7345 7344
f 7317 7318 7346
f 7317 7346 7345
f 7318 7319 7347
f 7318 7347 7346
f 7319 7320 7348
f 7319 7348 7347
f 7320 7321 7349
f 7320 7349 7348
f 7321 7322 7350
f 7321 7350 7349
f 7322 7323 7351
f 7322 7351 7350
f 7323 7324 7352
f 7323 7352 7351
f 7324 7325 7353
f 7324 7353 7352
f 7325 7326 7354
f 7325 7354 7353
f 7326 7327 7355
f 7326 7355 7354
f 7327 7328 7356
f 7327 7356 7355
f 7328 7329 7357
f 7328 7357 7356
f 7329 7330 7358
f 7329 7358 7357
f 7331 7332 7360
f 7331 7360 7359
f 7332 7333 7361
f 7332 7361 7360
f 7333 7334 7362
f 7333 7362 7361
f 7334 7335 7363
f 7334 7363 7362
f 7335 7336 7364
f 7335 7364 7363
f 7336 7337 7365
f 7336 7365 7364
f 7337 7338 7366
f 7337 7366 7365
f 7338 7339 7367
f 7338 7367 7366
f 7339 7340 7368
f 7339 7368 7367
f 7340 7341 7369
f 7340 7369 7368
f 7341 7342 7370
f 7341 7370 7369
f 7342 7343 7371
f 7342 7371 7370
f 7343 7344 7372
f 7343 7372 7371
f 7344 7345 7373
f 7344 7373 7372
f 7345 7346 7374
f 7345 7374 7373
f 7346 7347 7375
f 7346 7375 7374
f 7347 7348 7376
f 7347 7376 7375
f 7348 7349 7377
f 7348 7377 7376
f 7349 7350 7378
f 7349 7378 7377
f 7350 7351 7379
f 7350 7379 7378
f 7351 7352 7380
f 7351 7380 7379
f 7352 7353 7381
f 7352 7381 7380
f 7353 7354 7382
f 7353 7382 7381
f 7354 7355 7383
f 7354 7383 7382
f 7355 7356 7384
f 7355 7384 7383
f 7356 7357 7385
f 7356 7385 7384
f 7357 7358 7386
f 7357 7386 7385
f 7359 7360 7388
f 7359 7388 7387
f 7360 7361 7389
f 7360 7389 7388
f 7361 7362 7390
f 7361 7390 7389
f 7362 7363 7391
f 7362 7391 7390
f 7363 7364 7392
f 7363 7392 7391
f 7364 7365 7393
f 7364 7393 7392
f 7365 7366 7394
f 7365 7394 7393
f 7366 7367 7395
f 7366 7395 7394
f 7367 7368 7396
f 7367 7396 7395
f 7368 7369 7397
f 7368 7397 7396
f 7369 7370 7398
f 7369 7398 7397
f 7370 7371 7399
f 7370 7399 7398
f 7371 7372 7400
f 7371 7400 7399
f 7372 7373 7401
f 7372 7401 7400
f 7373 7374 7402
f 7373 7402 7401
f 7374 7375 7403
f 7374 7403 7402
f 7375 7376 7404
f 7375 7404 7403
f 7376 7377 7405
f 7376 7405 7404
f 7377 7378 7406
f 7377 7406 7405
f 7378 7379 7407
f 7378 7407 7406
f 7379 7380 7408
f 7379 7408 7407
f 7380 7381 7409
f 7380 7409 7408
f 7381 7382 7410
f 7381 7410 7409
f 7382 7383 7411
f 7382 7411 7410
f 7383 7384 7412
f 7383 7412 7411
f 7384 7385 7413
f 7384 7413 7412
f 7385 7386 7414
f 7385 7414 7413
f 7387 7388 7416
f 7387 7416 7415
f 7388 7389 7417
f 7388 7417 7416
f 7389 7390 7418
f 7389 7418 7417
f 7390 7391 7419
f 7390 7419 7418
f 7391 7392 7420
f 7391 7420 7419
f 7392 7393 7421
f 7392 7421 7420
f 7393 7394 7422
f 7393 7422 7421
f 7394 7395 7423
f 7394 7423 7422
f 7395 7396 7424
f 7395 7424 7423
f 7396 7397 7425
f 7396 7425 7424
f 7397 7398 7426
f 7397 7426 7425
f 7398 7399 7427
f 7398 7427 7426
f 7399 7400 7428
f 7399 7428 7427
f 7400 7401 7429
f 7400 7429 7428
f 7401 7402 7430
f 7401 7430 7429
f 7402 7403 7431
f 7402 7431 7430
f 7403 7404 7432
f 7403 7432 7431
f 7404 7405 7433
f 7404 7433 7432
f 7405 7406 7434
f 7405 7434 7433
f 7406 7407 7435
f 7406 7435 7434
f 7407 7408 7436
f 7407 7436 7435
f 7408 7409 7437
f 7408 7437 7436
f 7409 7410 7438
f 7409 7438 7437
f 7410 7411 7439
f 7410 7439 7438
f 7411 7412 7440
f 7411 7440 7439
f 7412 7413 7441
f 7412 7441 7440
f 7413 7414 7442
f 7413 7442 7441
f 7415 7416 7444
f 7415 7444 7443
f 7416 7417 7445
f 7416 7445 7444
f 7417 7418 7446
f 7417 7446 7445
f 7418 7419 7447
f 7418 7447 7446
f 7419 7420 7448
f 7419 7448 7447
f 7420 7421 7449
f 7420 7449 7448
f 7421 7422 7450
f 7421 7450 7449
f 7422 7423 7451
f 7422 7451 7450
f 7423 7424 7452
f 7423 7452 7451
f 7424 7425 7453
f 7424 7453 7452
f 7425 7426 7454
f 7425 7454 7453
f 7426 7427 7455
f 7426 7455 7454
f 7427 7428 7456
f 7427 7456 7455
f 7428 7429 7457
f 7428 7457 7456
f 7429 7430 7458
f 7429 7458 7457
f 7430 7431 7459
f 7430 7459 7458
f 7431 7432 7460
f 7431 7460 7459
f 7432 7433 7461
f 7432 7461 7460
f 7433 7434 7462
f 7433 7462 7461
f 7434 7435 7463
f 7434 7463 7462
f 7435 7436 7464
f 7435 7464 7463
f 7436 7437 7465
f 7436 7465 7464
f 7437 7438 7466
f 7437 7466 7465
f 7438 7439 7467
f 7438 7467 7466
f 7439 7440 7468
f 7439 7468 7467
f 7440 7441 7469
f 7440 7469 7468
f 7441 7442 7470
f 7441 7470 7469
f 7443 7444 7472
f 7443 7472 7471
f 7444 7445 7473
f 7444 7473 7472
f 7445 7446 7474
f 7445 7474 7473
f 7446 7447 7475
f 7446 7475 7474
f 7447 7448 7476
f 7447 7476 7475
f 7448 7449 7477
f 7448 7477 7476
f 7449 7450 7478
f 7449 7478 7477
f 7450 7451 7479
f 7450 7479 7478
f 7451 7452 7480
f 7451 7480 7479
f 7452 7453 7481
f 7452 7481 7480
f 7453 7454 7482
f 7453 7482 7481
f 7454 7455 7483
f 7454 7483 7482
f 7455 7456 7484
f 7455 7484 7483
f 7456 7457 7485
f 7456 7485 7484
f 7457 7458 7486
f 7457 7486 7485
f 7458 7459 7487
f 7458 7487 7486
f 7459 7460 7488
f 7459 7488 7487
f 7460 7461 7489
f 7460 7489 7488
f 7461 7462 7490
f 7461 7490 7489
f 7462 7463 7491
f 7462 7491 7490
f 7463 7464 7492
f 7463 7492 7491
f 7464 7465 7493
f 7464 7493 7492
f 7465 7466 7494
f 7465 7494 7493
f 7466 7467 7495
f 7466 7495 7494
f 7467 7468 7496
f 7467 7496 7495
f 7468 7469 7497
f 7468 7497 7496
f 7469 7470 7498
f 7469 7498 7497
f 7471 7472 7500
f 7471 7500 7499
f 7472 7473 7501
f 7472 7501 7500
f 7473 7474 7502
f 7473 7502 7501
f 7474 7475 7503
f 7474 7503 7502
f 7475 7476 7504
f 7475 7504 7503
f 7476 7477 7505
f 7476 7505 7504
f 7477 7478 7506
f 7477 7506 7505
f 7478 7479 7507
f 7478 7507 7506
f 7479 7480 7508
f 7479 7508 7507
f 7480 7481 7509
f 7480 7509 7508
f 7481 7482 7510
f 7481 7510 7509
f 7482 7483 7511
f 7482 7511 7510
f 7483 7484 7512
f 7483 7512 7511
f 7484 7485 7513
f 7484 7513 7512
f 7485 7486 7514
f 7485 7514 7513
f 7486 7487 7515
f 7486 7515 7514
f 7487 7488 7516
f 7487 7516 7515
f 7488 7489 7517
f 7488 7517 7516
f 7489 7490 7518
f 7489 7518 7517
f 7490 7491 7519
f 7490 7519 7518
f 7491 7492 7520
f 7491 7520 7519
f 7492 7493 7521
f 7492 7521 7520
f 7493 7494 7522
f 7493 7522 7521
f 7494 7495 7523
f 7494 7523 7522
f 7495 7496 7524
f 7495 7524 7523
f 7496 7497 7525
f 7496 7525 7524
f 7497 7498 7526
f 7497 7526 7525
f 7499 7500 7528
f 7499 7528 7527
f 7500 7501 7529
f 7500 7529 7528
f 7501 7502 7530
f 7501 7530 7529
f 7502 7503 7531
f 7502 7531 7530
f 7503 7504 7532
f 7503 7532 7531
f 7504 7505 7533
f 7504 7533 7532
f 7505 7506 7534
f 7505 7534 7533
f 7506 7507 7535
f 7506 7535 7534
f 7507 7508 7536
f 7507 7536 7535
f 7508 7509 7537
f 7508 7537 7536
f 7509 7510 7538
f 7509 7538 7537
f 7510 7511 7539
f 7510 7539 7538
f 7511 7512 7540
f 7511 7540 7539
f 7512 7513 7541
f 7512 7541 7540
f 7513 7514 7542
f 7513 7542 7541
f 7514 7515 7543
f 7514 7543 7542
f 7515 7516 7544
f 7515 7544 7543
f 7516 7517 7545
f 7516 7545 7544
f 7517 7518 7546
f 7517 7546 7545
f 7518 7519 7547
f 7518 7547 7546
f 7519 7520 7548
f 7519 7548 7547
f 7520 7521 7549
f 7520 7549 7548
f 7521 7522 7550
f 7521 7550 7549
f 7522 7523 7551
f 7522 7551 7550
f 7523 7524 7552
f 7523 7552 7551
f 7524 7525 7553
f 7524 7553 7552
f 7525 7526 7554
f 7525 7554 7553
f 7527 7528 7556
f 7527 7556 7555
f 7528 7529 7557
f 7528 7557 7556
f 7529 7530 7558
f 7529 7558 7557
f 7530 7531 7559
f 7530 7559 7558
f 7531 7532 7560
f 7531 7560 7559
f 7532 7533 7561
f 7532 7561 7560
f 7533 7534 7562
f 7533 7562 7561
f 7534 7535 7563
f 7534 7563 7562
f 7535 7536 7564
f 7535 7564 7563
f 7536 7537 7565
f 7536 7565 7564
f 7537 7538 7566
f 7537 7566 7565
f 7538 7539 7567
f 7538 7567 7566
f 7539 7540 7568
f 7539 7568 7567
f 7540 7541 7569
f 7540 7569 7568
f 7541 7542 7570
f 7541 7570 7569
f 7542 7543 7571
f 7542 7571 7570
f 7543 7544 7572
f 7543 7572 7571
f 7544 7545 7573
f 7544 7573 7572
f 7545 7546 7574
f 7545 7574 7573
f 7546 7547 7575
f 7546 7575 7574
f 7547 7548 7576
f 7547 7576 7575
f 7548 7549 7577
f 7548 7577 7576
f 7549 7550 7578
f 7549 7578 7577
f 7550 7551 7579
f 7550 7579 7578
f 7551 7552 7580
f 7551 7580 7579
f 7552 7553 7581
f 7552 7581 7580
f 7553 7554 7582
f 7553 7582 7581
f 7555 7556 7584
f 7555 7584 7583
f 7556 7557 7585
f 7556 7585 7584
f 7557 7558 7586
f 7557 7586 7585
f 7558 7559 7587
f 7558 7587 7586
f 7559 7560 7588
f 7559 7588 7587
f 7560 7561 7589
f 7560 7589 7588
f 7561 7562 7590
f 7561 7590 7589
f 7562 7563 7591
f 7562 7591 7590
f 7563 7564 7592
f 7563 7592 7591
f 7564 7565 7593
f 7564 7593 7592
f 7565 7566 7594
f 7565 7594 7593
f 7566 7567 7595
f 7566 7595 7594
f 7567 7568 7596
f 7567 7596 7595
f 7568 7569 7597
f 7568 7597 7596
f 7569 7570 7598
f 7569 7598 7597
f 7570 7571 7599
f 7570 7599 7598
f 7571 7572 7600
f 7571 7600 7599
f 7572 7573 7601
f 7572 7601 7600
f 7573 7574 7602
f 7573 7602 7601
f 7574 7575 7603
f 7574 7603 7602
f 7575 7576 7604
f 7575 7604 7603
f 7576 7577 7605
f 7576 7605 7604
f 7577 7578 7606
f 7577 7606 7605
f 7578 7579 7607
f 7578 7607 7606
f 7579 7580 7608
f 7579 7608 7607
f 7580 7581 7609
f 7580 7609 7608
f 7581 7582 7610
f 7581 7610 7609
f 7583 7584 6772
f 7583 6772 6771
f 7584 7585 6773
f 7584 6773 6772
f 7585 7586 6774
f 7585 6774 6773
f 7586 7587 6775
f 7586 6775 6774
f 7587 7588 6776
f 7587 6776 6775
f 7588 7589 6777
f 7588 6777 6776
f 7589 7590 6778
f 7589 6778 6777
f 7590 7591 6779
f 7590 6779 6778
f 7591 7592 6780
f 7591 6780 6779
f 7592 7593 6781
f 7592 6781 6780
f 7593 7594 6782
f 7593 6782 6781
f 7594 7595 6783
f 7594 6783 6782
f 7595 7596 6784
f 7595 6784 6783
f 7596 7597 6785
f 7596 6785 6784
f 7597 7598 6786
f 7597 6786 6785
f 7598 7599 6787
f 7598 6787 6786
f 7599 7600 6788
f 7599 6788 6787
f 7600 7601 6789
f 7600 6789 6788
f 7601 7602 6790
f 7601 6790 6789
f 7602 7603 6791
f 7602 6791 6790
f 7603 7604 6792
f 7603 6792 6791
f 7604 7605 6793
f 7604 6793 6792
f 7605 7606 6794
f 7605 6794 6793
f 7606 7607 6795
f 7606 6795 6794
f 7607 7608 6796
f 7607 6796 6795
f 7608 7609 6797
f 7608 6797 6796
f 7609 7610 6798
f 7609 6798 6797
f 7613 7641 7611
f 7641 7669 7611
f 7669 7697 7611
f 7697 7725 7611
f 7725 7753 7611
f 7753 7781 7611
f 7781 7809 7611
f 7809 7837 7611
f 7837 7865 7611
f 7865 7893 7611
f 7893 7921 7611
f 7921 7949 7611
f 7949 7977 7611
f 7977 8005 7611
f 8005 8033 7611
f 8033 8061 7611
f 8061 8089 7611
f 8089 8117 7611
f 8117 8145 7611
f 8145 8173 7611
f 8173 8201 7611
f 8201 8229 7611
f 8229 8257 7611
f 8257 8285 7611
f 8285 8313 7611
f 8313 8341 7611
f 8341 8369 7611
f 8369 8397 7611
f 8397 8425 7611
f 8425 7613 7611
f 7640 7612 7668
f 7668 7612 7696
f 7696 7612 7724
f 7724 7612 7752
f 7752 7612 7780
f 7780 7612 7808
f 7808 7612 7836
f 7836 7612 7864
f 7864 7612 7892
f 7892 7612 7920
f 7920 7612 7948
f 7948 7612 7976
f 7976 7612 8004
f 8004 7612 8032
f 8032 7612 8060
f 8060 7612 8088
f 8088 7612 8116
f 8116 7612 8144
f 8144 7612 8172
f 8172 7612 8200
f 8200 7612 8228
f 8228 7612 8256
f 8256 7612 8284
f 8284 7612 8312
f 8312 7612 8340
f 8340 7612 8368
f 8368 7612 8396
f 8396 7612 8424
f 8424 7612 8452
f 8452 7612 7640
f 7613 7614 7642
f 7613 7642 7641
f 7614 7615 7643
f 7614 7643 7642
f 7615 7616 7644
f 7615 7644 7643
f 7616 7617 7645
f 7616 7645 7644
f 7617 7618 7646
f 7617 7646 7645
f 7618 7619 7647
f 7618 7647 7646
f 7619 7620 7648
f 7619 7648 7647
f 7620 7621 7649
f 7620 7649 7648
f 7621 7622 7650
f 7621 7650 7649
f 7622 7623 7651
f 7622 7651 7650
f 7623 7624 7652
f 7623 7652 7651
f 7624 7625 7653
f 7624 7653 7652
f 7625 7626 7654
f 7625 7654 7653
f 7626 7627 7655
f 7626 7655 7654
f 7627 7628 7656
f 7627 7656 7655
f 7628 7629 7657
f 7628 7657 7656
f 7629 7630 7658
f 7629 7658 7657
f 7630 7631 7659
f 7630 7659 7658
f 7631 7632 7660
f 7631 7660 7659
f 7632 7633 7661
f 7632 7661 7660
f 7633 7634 7662
f 7633 7662 7661
f 7634 7635 7663
f 7634 7663 7662
f 7635 7636 7664
f 7635 7664 7663
f 7636 7637 7665
f 7636 7665 7664
f 7637 7638 7666
f 7637 7666 7665
f 7638 7639 7667
f 7638 7667 7666
f 7639 7640 7668
f 7639 7668 7667
f 7641 7642 7670
f 7641 7670 7669
f 7642 7643 7671
f 7642 7671 7670
f 7643 7644 7672
f 7643 7672 7671
f 7644 7645 7673
f 7644 7673 7672
f 7645 7646 7674
f 7645 7674 7673
f 7646 7647 7675
f 7646 7675 7674
f 7647 7648 7676
f 7647 7676 7675
f 7648 7649 7677
f 7648 7677 7676
f 7649 7650 7678
f 7649 7678 7677
f 7650 7651 7679
f 7650 7679 7678
f 7651 7652 7680
f 7651 7680 7679
f 7652 7653 7681
f 7652 7681 7680
f 7653 7654 7682
f 7653 7682 7681
f 7654 7655 7683
f 7654 7683 7682
f 7655 7656 7684
f 7655 7684 7683
f 7656 7657 7685
f 7656 7685 7684
f 7657 7658 7686
f 7657 7686 7685
f 7658 7659 7687
f 7658 7687 7686
f 7659 7660 7688
f 7659 7688 7687
f 7660 7661 7689
f 7660 7689 7688
f 7661 7662 7690
f 7661 7690 7689
f 7662 7663 7691
f 7662 7691 7690
f 7663 7664 7692
f 7663 7692 7691
f 7664 7665 7693
f 7664 7693 7692
f 7665 7666 7694
f 7665 7694 7693
f 7666 7667 7695
f 7666 7695 7694
f 7667 7668 7696
f 7667 7696 7695
f 7669 7670 7698
f 7669 7698 7697
f 7670 7671 7699
f 7670 7699 7698
f 7671 7672 7700
f 7671 7700 7699
f 7672 7673 7701
f 7672 7701 7700
f 7673 7674 7702
f 7673 7702 7701
f 7674 7675 7703
f 7674 7703 7702
f 7675 7676 7704
f 7675 7704 7703
f 7676 7677 7705
f 7676 7705 7704
f 7677 7678 7706
f 7677 7706 7705
f 7678 7679 7707
f 7678 7707 7706
f 7679 7680 7708
f 7679 7708 7707
f 7680 7681 7709
f 7680 7709 7708
f 7681 7682 7710
f 7681 7710 7709
f 7682 7683 7711
f 7682 7711 7710
f 7683 7684 7712
f 7683 7712 7711
f 7684 7685 7713
f 7684 7713 7712
f 7685 7686 7714
f 7685 7714 7713
f 7686 7687 7715
f 7686 7715 7714
f 7687 7688 7716
f 7687 7716 7715
f 7688 7689 7717
f 7688 7717 7716
f 7689 7690 7718
f 7689 7718 7717
f 7690 7691 7719
f 7690 7719 7718
f 7691 7692 7720
f 7691 7720 7719
f 7692 7693 7721
f 7692 7721 7720
f 7693 7694 7722
f 7693 7722 7721
f 7694 7695 7723
f 7694 7723 7722
f 7695 7696 7724
f 7695 7724 7723
f 7697 7698 7726
f 7697 7726 7725
f 7698 7699 7727
f 7698 7727 7726
f 7699 7700 7728
f 7699 7728 7727
f 7700 7701 7729
f 7700 7729 7728
f 7701 7702 7730
f 7701 7730 7729
f 7702 7703 7731
f 7702 7731 7730
f 7703 7704 7732
f 7703 7732 7731
f 7704 7705 7733
f 7704 7733 7732
f 7705 7706 7734
f 7705 7734 7733
f 7706 7707 7735
f 7706 7735 7734
f 7707 7708 7736
f 7707 7736 7735
f 7708 7709 7737
f 7708 7737 7736
f 7709 7710 7738
f 7709 7738 7737
f 7710 7711 7739
f 7710 7739 7738
f 7711 7712 7740
f 7711 7740 7739
f 7712 7713 7741
f 7712 7741 7740
f 7713 7714 7742
f 7713 7742 7741
f 7714 7715 7743
f 7714 7743 7742
f 7715 7716 7744
f 7715 7744 7743
f 7716 7717 7745
f 7716 7745 7744
f 7717 7718 7746
f 7717 7746 7745
f 7718 7719 7747
f 7718 7747 7746
f 7719 7720 7748
f 7719 7748 7747
f 7720 7721 7749
f 7720 7749 7748
f 7721 7722 7750
f 7721 7750 7749
f 7722 7723 7751
f 7722 7751 7750
f 7723 7724 7752
f 7723 7752 7751
f 7725 7726 7754
f 7725 7754 7753
f 7726 7727 7755
f 7726 7755 7754
f 7727 7728 7756
f 7727 7756 7755
f 7728 7729 7757
f 7728 7757 7756
f 7729 7730 7758
f 7729 7758 7757
f 7730 7731 7759
f 7730 7759 7758
f 7731 7732 7760
f 7731 7760 7759
f 7732 7733 7761
f 7732 7761 7760
f 7733 7734 7762
f 7733 7762 7761
f 7734 7735 7763
f 7734 7763 7762
f 7735 7736 7764
f 7735 7764 7763
f 7736 7737 7765
f 7736 7765 7764
f 7737 7738 7766
f 7737 7766 7765
f 7738 7739 7767
f 7738 7767 7766
f 7739 7740 7768
f 7739 7768 7767
f 7740 7741 7769
f 7740 7769 7768
f 7741 7742 7770
f 7741 7770 7769
f 7742 7743 7771
f 7742 7771 7770
f 7743 7744 7772
f 7743 7772 7771
f 7744 7745 7773
f 7744 7773 7772
f 7745 7746 7774
f 7745 7774 7773
f 7746 7747 7775
f 7746 7775 7774
f 7747 7748 7776
f 7747 7776 7775
f 7748 7749 7777
f 7748 7777 7776
f 7749 7750 7778
f 7749 7778 7777
f 7750 7751 7779
f 7750 7779 7778
f 7751 7752 7780
f 7751 7780 7779
f 7753 7754 7782
f 7753 7782 7781
f 7754 7755 7783
f 7754 7783 7782
f 7755 7756 7784
f 7755 7784 7783
f 7756 7757 7785
f 7756 7785 7784
f 7757 7758 7786
f 7757 7786 7785
f 7758 7759 7787
f 7758 7787 7786
f 7759 7760 7788
f 7759 7788 7787
f 7760 7761 7789
f 7760 7789 7788
f 7761 7762 7790
f 7761 7790 7789
f 7762 7763 7791
f 7762 7791 7790
f 7763 7764 7792
f 7763 7792 7791
f 7764 7765 7793
f 7764 7793 7792
f 7765 7766 7794
f 7765 7794 7793
f 7766 7767 7795
f 7766 7795 7794
f 7767 7768 7796
f 7767 7796 7795
f 7768 7769 7797
f 7768 7797 7796
f 7769 7770 7798
f 7769 7798 7797
f 7770 7771 7799
f 7770 7799 7798
f 7771 7772 7800
f 7771 7800 7799
f 7772 7773 7801
f 7772 7801 7800
f 7773 7774 7802
f 7773 7802 7801
f 7774 7775 7803
f 7774 7803 7802
f 7775 7776 7804
f 7775 7804 7803
f 7776 7777 7805
f 7776 7805 7804
f 7777 7778 7806
f 7777 7806 7805
f 7778 7779 7807
f 7778 7807 7806
f 7779 7780 7808
f 7779 7808 7807
f 7781 7782 7810
f 7781 7810 7809
f 7782 7783 7811
f 7782 7811 7810
f 7783 7784 7812
f 7783 7812 7811
f 7784 7785 7813
f 7784 7813 7812
f 7785 7786 7814
f 7785 7814 7813
f 7786 7787 7815
f 7786 7815 7814
f 7787 7788 7816
f 7787 7816 7815
f 7788 7789 7817
f 7788 7817 7816
f 7789 7790 7818
f 7789 7818 7817
f 7790 7791 7819
f 7790 7819 7818
f 7791 7792 7820
f 7791 7820 7819
f 7792 7793 7821
f 7792 7821 7820
f 7793 7794 7822
f 7793 7822 7821
f 7794 7795 7823
f 7794 7823 7822
f 7795 7796 7824
f 7795 7824 7823
f 7796 7797 7825
f 7796 7825 7824
f 7797 7798 7826
f 7797 7826 7825
f 7798 7799 7827
f 7798 7827 7826
f 7799 7800 7828
f 7799 7828 7827
f 7800 7801 7829
f 7800 7829 7828
f 7801 7802 7830
f 7801 7830 7829
f 7802 7803 7831
f 7802 7831 7830
f 7803 7804 7832
f 7803 7832 7831
f 7804 7805 7833
f 7804 7833 7832
f 7805 7806 7834
f 7805 7834 7833
f 7806 7807 7835
f 7806 7835 7834
f 7807 7808 7836
f 7807 7836 7835
f 7809 7810 7838
f 7809 7838 7837
f 7810 7811 7839
f 7810 7839 7838
f 7811 7812 7840
f 7811 7840 7839
f 7812 7813 7841
f 7812 7841 7840
f 7813 7814 7842
f 7813 7842 7841
f 7814 7815 7843
f 7814 7843 7842
f 7815 7816 7844
f 7815 7844 7843
f 7816 7817 7845
f 7816 7845 7844
f 7817 7818 7846
f 7817 7846 7845
f 7818 7819 7847
f 7818 7847 7846
f 7819 7820 7848
f 7819 7848 7847
f 7820 7821 7849
f 7820 7849 7848
f 7821 7822 7850
f 7821 7850 7849
f 7822 7823 7851
f 7822 7851 7850
f 7823 7824 7852
f 7823 7852 7851
f 7824 7825 7853
f 7824 7853 7852
f 7825 7826 7854
f 7825 7854 7853
f 7826 7827 7855
f 7826 7855 7854
f 7827 7828 7856
f 7827 7856 7855
f 7828 7829 7857
f 7828 7857 7856
f 7829 7830 7858
f 7829 7858 7857
f 7830 7831 7859
f 7830 7859 7858
f 7831 7832 7860
f 7831 7860 7859
f 7832 7833 7861
f 7832 7861 7860
f 7833 7834 7862
f 7833 7862 7861
f 7834 7835 7863
f 7834 7863 7862
f 7835 7836 7864
f 7835 7864 7863
f 7837 7838 7866
f 7837 7866 7865
f 7838 7839 7867
f 7838 7867 7866
f 7839 7840 7868
f 7839 7868 7867
f 7840 7841 7869
f 7840 7869 7868
f 7841 7842 7870
f 7841 7870 7869
f 7842 7843 7871
f 7842 7871 7870
f 7843 7844 7872
f 7843 7872 7871
f 7844 7845 7873
f 7844 7873 7872
f 7845 7846 7874
f 7845 7874 7873
f 7846 7847 7875
f 7846 7875 7874
f 7847 7848 7876
f 7847 7876 7875
f 7848 7849 7877
f 7848 7877 7876
f 7849 7850 7878
f 7849 7878 7877
f 7850 7851 7879
f 7850 7879 7878
f 7851 7852 7880
f 7851 7880 7879
f 7852 7853 7881
f 7852 7881 7880
f 7853 7854 7882
f 7853 7882 7881
f 7854 7855 7883
f 7854 7883 7882
f 7855 7856 7884
f 7855 7884 7883
f 7856 7857 7885
f 7856 7885 7884
f 7857 7858 7886
f 7857 7886 7885
f 7858 7859 7887
f 7858 7887 7886
f 7859 7860 7888
f 7859 7888 7887
f 7860 7861 7889
f 7860 7889 7888
f 7861 7862 7890
f 7861 7890 7889
f 7862 7863 7891
f 7862 7891 7890
f 7863 7864 7892
f 7863 7892 7891
f 7865 7866 7894
f 7865 7894 7893
f 7866 7867 7895
f 7866 7895 7894
f 7867 7868 7896
f 7867 7896 7895
f 7868 7869 7897
f 7868 7897 7896
f 7869 7870 7898
f 7869 7898 7897
f 7870 7871 7899
f 7870 7899 7898
f 7871 7872 7900
f 7871 7900 7899
f 7872 7873 7901
f 7872 7901 7900
f 7873 7874 7902
f 7873 7902 7901
f 7874 7875 7903
f 7874 7903 7902
f 7875 7876 7904
f 7875 7904 7903
f 7876 7877 7905
f 7876 7905 7904
f 7877 7878 7906
f 7877 7906 7905
f 7878 7879 7907
f 7878 7907 7906
f 7879 7880 7908
f 7879 7908 7907
f 7880 7881 7909
f 7880 7909 7908
f 7881 7882 7910
f 7881 7910 7909
f 7882 7883 7911
f 7882 7911 7910
f 7883 7884 7912
f 7883 7912 7911
f 7884 7885 7913
f 7884 7913 7912
f 7885 7886 7914
f 7885 7914 7913
f 7886 7887 7915
f 7886 7915 7914
f 7887 7888 7916
f 7887 7916 7915
f 7888 7889 7917
f 7888 7917 7916
f 7889 7890 7918
f 7889 7918 7917
f 7890 7891 7919
f 7890 7919 7918
f 7891 7892 7920
f 7891 7920 7919
f 7893 7894 7922
f 7893 7922 7921
f 7894 7895 7923
f 7894 7923 7922
f 7895 7896 7924
f 7895 7924 7923
f 7896 7897 7925
f 7896 7925 7924
f 7897 7898 7926
f 7897 7926 7925
f 7898 7899 7927
f 7898 7927 7926
f 7899 7900 7928
f 7899 7928 7927
f 7900 7901 7929
f 7900 7929 7928
f 7901 7902 7930
f 7901 7930 7929
f 7902 7903 7931
f 7902 7931 7930
f 7903 7904 7932
f 7903 7932 7931
f 7904 7905 7933
f 7904 7933 7932
f 7905 7906 7934
f 7905 7934 7933
f 7906 7907 7935
f 7906 7935 7934
f 7907 7908 7936
f 7907 7936 7935
f 7908 7909 7937
f 7908 7937 7936
f 7909 7910 7938
f 7909 7938 7937
f 7910 7911 7939
f 7910 7939 7938
f 7911 7912 7940
f 7911 7940 7939
f 7912 7913 7941
f 7912 7941 7940
f 7913 7914 7942
f 7913 7942 7941
f 7914 7915 7943
f 7914 7943 7942
f 7915 7916 7944
f 7915 7944 7943
f 7916 7917 7945
f 7916 7945 7944
f 7917 7918 7946
f 7917 7946 7945
f 7918 7919 7947
f 7918 7947 7946
f 7919 7920 7948
f 7919 7948 7947
f 7921 7922 7950
f 7921 7950 7949
f 7922 7923 7951
f 7922 7951 7950
f 7923 7924 7952
f 7923 7952 7951
f 7924 7925 7953
f 7924 7953 7952
f 7925 7926 7954
f 7925 7954 7953
f 7926 7927 7955
f 7926 7955 7954
f 7927 7928 7956
f 7927 7956 7955
f 7928 7929 7957
f 7928 7957 7956
f 7929 7930 7958
f 7929 7958 7957
f 7930 7931 7959
f 7930 7959 7958
f 7931 7932 7960
f 7931 7960 7959
f 7932 7933 7961
f 7932 7961 7960
f 7933 7934 7962
f 7933 7962 7961
f 7934 7935 7963
f 7934 7963 7962
f 7935 7936 7964
f 7935 7964 7963
f 7936 7937 7965
f 7936 7965 7964
f 7937 7938 7966
f 7937 7966 7965
f 7938 7939 7967
f 7938 7967 7966
f 7939 7940 7968
f 7939 7968 7967
f 7940 7941 7969
f 7940 7969 7968
f 7941 7942 7970
f 7941 7970 7969
f 7942 7943 7971
f 7942 7971 7970
f 7943 7944 7972
f 7943 7972 7971
f 7944 7945 7973
f 7944 7973 7972
f 7945 7946 7974
f 7945 7974 7973
f 7946 7947 7975
f 7946 7975 7974
f 7947 7948 7976
f 7947 7976 7975
f 7949 7950 7978
f 7949 7978 7977
f 7950 7951 7979
f 7950 7979 7978
f 7951 7952 7980
f 7951 7980 7979
f 7952 7953 7981
f 7952 7981 7980
f 7953 7954 7982
f 7953 7982 7981
f 7954 7955 7983
f 7954 7983 7982
f 7955 7956 7984
f 7955 7984 7983
f 7956 7957 7985
f 7956 7985 7984
f 7957 7958 7986
f 7957 7986 7985
f 7958 7959 7987
f 7958 7987 7986
f 7959 7960 7988
f 7959 7988 7987
f 7960 7961 7989
f 7960 7989 7988
f 7961 7962 7990
f 7961 7990 7989
f 7962 7963 7991
f 7962 7991 7990
f 7963 7964 7992
f 7963 7992 7991
f 7964 7965 7993
f 7964 7993 7992
f 7965 7966 7994
f 7965 7994 7993
f 7966 7967 7995
f 7966 7995 7994
f 7967 7968 7996
f 7967 7996 7995
f 7968 7969 7997
f 7968 7997 7996
f 7969 7970 7998
f 7969 7998 7997
f 7970 7971 7999
f 7970 7999 7998
f 7971 7972 8000
f 7971 8000 7999
f 7972 7973 8001
f 7972 8001 8000
f 7973 7974 8002
f 7973 8002 8001
f 7974 7975 8003
f 7974 8003 8002
f 7975 7976 8004
f 7975 8004 8003
f 7977 7978 8006
f 7977 8006 8005
f 7978 7979 8007
f 7978 8007 8006
f 7979 7980 8008
f 7979 8008 8007
f 7980 7981 8009
f 7980 8009 8008
f 7981 7982 8010
f 7981 8010 8009
f 7982 7983 8011
f 7982 8011 8010
f 7983 7984 8012
f 7983 8012 8011
f 7984 7985 8013
f 7984 8013 8012
f 7985 7986 8014
f 7985 8014 8013
f 7986 7987 8015
f 7986 8015 8014
f 7987 7988 8016
f 7987 8016 8015
f 7988 7989 8017
f 7988 8017 8016
f 7989 7990 8018
f 7989 8018 8017
f 7990 7991 8019
f 7990 8019 8018
f 7991 7992 8020
f 7991 8020 8019
f 7992 7993 8021
f 7992 8021 8020
f 7993 7994 8022
f 7993 8022 8021
f 7994 7995 8023
f 7994 8023 8022
f 7995 7996 8024
f 7995 8024 8023
f 7996 7997 8025
f 7996 8025 8024
f 7997 7998 8026
f 7997 8026 8025
f 7998 7999 8027
f 7998 8027 8026
f 7999 8000 8028
f 7999 8028 8027
f 8000 8001 8029
f 8000 8029 8028
f 8001 8002 8030
f 8001 8030 8029
f 8002 8003 8031
f 8002 8031 8030
f 8003 8004 8032
f 8003 8032 8031
f 8005 8006 8034
f 8005 8034 8033
f 8006 8007 8035
f 8006 8035 8034
f 8007 8008 8036
f 8007 8036 8035
f 8008 8009 8037
f 8008 8037 8036
f 8009 8010 8038
f 8009 8038 8037
f 8010 8011 8039
f 8010 8039 8038
f 8011 8012 8040
f 8011 8040 8039
f 8012 8013 8041
f 8012 8041 8040
f 8013 8014 8042
f 8013 8042 8041
f 8014 8015 8043
f 8014 8043 8042
f 8015 8016 8044
f 8015 8044 8043
f 8016 8017 8045
f 8016 8045 8044
f 8017 8018 8046
f 8017 8046 8045
f 8018 8019 8047
f 8018 8047 8046
f 8019 8020 8048
f 8019 8048 8047
f 8020 8021 8049
f 8020 8049 8048
f 8021 8022 8050
f 8021 8050 8049
f 8022 8023 8051
f 8022 8051 8050
f 8023 8024 8052
f 8023 8052 8051
f 8024 8025 8053
f 8024 8053 8052
f 8025 8026 8054
f 8025 8054 8053
f 8026 8027 8055
f 8026 8055 8054
f 8027 8028 8056
f 8027 8056 8055
f 8028 8029 8057
f 8028 8057 8056
f 8029 8030 8058
f 8029 8058 8057
f 8030 8031 8059
f 8030 8059 8058
f 8031 8032 8060
f 8031 8060 8059
f 8033 8034 8062
f 8033 8062 8061
f 8034 8035 8063
f 8034 8063 8062
f 8035 8036 8064
f 8035 8064 8063
f 8036 8037 8065
f 8036 8065 8064
f 8037 8038 8066
f 8037 8066 8065
f 8038 8039 8067
f 8038 8067 8066
f 8039 8040 8068
f 8039 8068 8067
f 8040 8041 8069
f 8040 8069 8068
f 8041 8042 8070
f 8041 8070 8069
f 8042 8043 8071
f 8042 8071 8070
f 8043 8044 8072
f 8043 8072 8071
f 8044 8045 8073
f 8044 8073 8072
f 8045 8046 8074
f 8045 8074 8073
f 8046 8047 8075
f 8046 8075 8074
f 8047 8048 8076
f 8047 8076 8075
f 8048 8049 8077
f 8048 8077 8076
f 8049 8050 8078
f 8049 8078 8077
f 8050 8051 8079
f 8050 8079 8078
f 8051 8052 8080
f 8051 8080 8079
f 8052 8053 8081
f 8052 8081 8080
f 8053 8054 8082
f 8053 8082 8081
f 8054 8055 8083
f 8054 8083 8082
f 8055 8056 8084
f 8055 8084 8083
f 8056 8057 8085
f 8056 8085 8084
f 8057 8058 8086
f 8057 8086 8085
f 8058 8059 8087
f 8058 8087 8086
f 8059 8060 8088
f 8059 8088 8087
f 8061 8062 8090
f 8061 8090 8089
f 8062 8063 8091
f 8062 8091 8090
f 8063 8064 8092
f 8063 8092 8091
f 8064 8065 8093
f 8064 8093 8092
f 8065 8066 8094
f 8065 8094 8093
f 8066 8067 8095
f 8066 8095 8094
f 8067 8068 8096
f 8067 8096 8095
f 8068 8069 8097
f 8068 8097 8096
f 8069 8070 8098
f 8069 8098 8097
f 8070 8071 8099
f 8070 8099 8098
f 8071 8072 8100
f 8071 8100 8099
f 8072 8073 8101
f 8072 8101 8100
f 8073 8074 8102
f 8073 8102 8101
f 8074 8075 8103
f 8074 8103 8102
f 8075 8076 8104
f 8075 8104 8103
f 8076 8077 8105
f 8076 8105 8104
f 8077 8078 8106
f 8077 8106 8105
f 8078 8079 8107
f 8078 8107 8106
f 8079 8080 8108
f 8079 8108 8107
f 8080 8081 8109
f 8080 8109 8108
f 8081 8082 8110
f 8081 8110 8109
f 8082 8083 8111
f 8082 8111 8110
f 8083 8084 8112
f 8083 8112 8111
f 8084 8085 8113
f 8084 8113 8112
f 8085 8086 8114
f 8085 8114 8113
f 8086 8087 8115
f 8086 8115 8114
f 8087 8088 8116
f 8087 8116 8115
f 8089 8090 8118
f 8089 8118 8117
f 8090 8091 8119
f 8090 8119 8118
f 8091 8092 8120
f 8091 8120 8119
f 8092 8093 8121
f 8092 8121 8120
f 8093 8094 8122
f 8093 8122 8121
f 8094 8095 8123
f 8094 8123 8122
f 8095 8096 8124
f 8095 8124 8123
f 8096 8097 8125
f 8096 8125 8124
f 8097 8098 8126
f 8097 8126 8125
f 8098 8099 8127
f 8098 8127 8126
f 8099 8100 8128
f 8099 8128 8127
f 8100 8101 8129
f 8100 8129 8128
f 8101 8102 8130
f 8101 8130 8129
f 8102 8103 8131
f 8102 8131 8130
f 8103 8104 8132
f 8103 8132 8131
f 8104 8105 8133
f 8104 8133 8132
f 8105 8106 8134
f 8105 8134 8133
f 8106 8107 8135
f 8106 8135 8134
f 8107 8108 8136
f 8107 8136 8135
f 8108 8109 8137
f 8108 8137 8136
f 8109 8110 8138
f 8109 8138 8137
f 8110 8111 8139
f 8110 8139 8138
f 8111 8112 8140
f 8111 8140 8139
f 8112 8113 8141
f 8112 8141 8140
f 8113 8114 8142
f 8113 8142 8141
f 8114 8115 8143
f 8114 8143 8142
f 8115 8116 8144
f 8115 8144 8143
f 8117 8118 8146
f 8117 8146 8145
f 8118 8119 8147
f 8118 8147 8146
f 8119 8120 8148
f 8119 8148 8147
f 8120 8121 8149
f 8120 8149 8148
f 8121 8122 8150
f 8121 8150 8149
f 8122 8123 8151
f 8122 8151 8150
f 8123 8124 8152
f 8123 8152 8151
f 8124 8125 8153
f 8124 8153 8152
f 8125 8126 8154
f 8125 8154 8153
f 8126 8127 8155
f 8126 8155 8154
f 8127 8128 8156
f 8127 8156 8155
f 8128 8129 8157
f 8128 8157 8156
f 8129 8130 8158
f 8129 8158 8157
f 8130 8131 8159
f 8130 8159 8158
f 8131 8132 8160
f 8131 8160 8159
f 8132 8133 8161
f 8132 8161 8160
f 8133 8134 8162
f 8133 8162 8161
f 8134 8135 8163
f 8134 8163 8162
f 8135 8136 8164
f 8135 8164 8163
f 8136 8137 8165
f 8136 8165 8164
f 8137 8138 8166
f 8137 8166 8165
f 8138 8139 8167
f 8138 8167 8166
f 8139 8140 8168
f 8139 8168 8167
f 8140 8141 8169
f 8140 8169 8168
f 8141 8142 8170
f 8141 8170 8169
f 8142 8143 8171
f 8142 8171 8170
f 8143 8144 8172
f 8143 8172 8171
f 8145 8146 8174
f 8145 8174 8173
f 8146 8147 8175
f 8146 8175 8174
f 8147 8148 8176
f 8147 8176 8175
f 8148 8149 8177
f 8148 8177 8176
f 8149 8150 8178
f 8149 8178 8177
f 8150 8151 8179
f 8150 8179 8178
f 8151 8152 8180
f 8151 8180 8179
f 8152 8153 8181
f 8152 8181 8180
f 8153 8154 8182
f 8153 8182 8181
f 8154 8155 8183
f 8154 8183 8182
f 8155 8156 8184
f 8155 8184 8183
f 8156 8157 8185
f 8156 8185 8184
f 8157 8158 8186
f 8157 8186 8185
f 8158 8159 8187
f 8158 8187 8186
f 8159 8160 8188
f 8159 8188 8187
f 8160 8161 8189
f 8160 8189 8188
f 8161 8162 8190
f 8161 8190 8189
f 8162 8163 8191
f 8162 8191 8190
f 8163 8164 8192
f 8163 8192 8191
f 8164 8165 8193
f 8164 8193 8192
f 8165 8166 8194
f 8165 8194 8193
f 8166 8167 8195
f 8166 8195 8194
f 8167 8168 8196
f 8167 8196 8195
f 8168 8169 8197
f 8168 8197 8196
f 8169 8170 8198
f 8169 8198 8197
f 8170 8171 8199
f 8170 8199 8198
f 8171 8172 8200
f 8171 8200 8199
f 8173 8174 8202
f 8173 8202 8201
f 8174 8175 8203
f 8174 8203 8202
f 8175 8176 8204
f 8175 8204 8203
f 8176 8177 8205
f 8176 8205 8204
f 8177 8178 8206
f 8177 8206 8205
f 8178 8179 8207
f 8178 8207 8206
f 8179 8180 8208
f 8179 8208 8207
f 8180 8181 8209
f 8180 8209 8208
f 8181 8182 8210
f 8181 8210 8209
f 8182 8183 8211
f 8182 8211 8210
f 8183 8184 8212
f 8183 8212 8211
f 8184 8185 8213
f 8184 8213 8212
f 8185 8186 8214
f 8185 8214 8213
f 8186 8187 8215
f 8186 8215 8214
f 8187 8188 8216
f 8187 8216 8215
f 8188 8189 8217
f 8188 8217 8216
f 8189 8190 8218
f 8189 8218 8217
f 8190 8191 8219
f 8190 8219 8218
f 8191 8192 8220
f 8191 8220 8219
f 8192 8193 8221
f 8192 8221 8220
f 8193 8194 8222
f 8193 8222 8221
f 8194 8195 8223
f 8194 8223 8222
f 8195 8196 8224
f 8195 8224 8223
f 8196 8197 8225
f 8196 8225 8224
f 8197 8198 8226
f 8197 8226 8225
f 8198 8199 8227
f 8198 8227 8226
f 8199 8200 8228
f 8199 8228 8227
f 8201 8202 8230
f 8201 8230 8229
f 8202 8203 8231
f 8202 8231 8230
f 8203 8204 8232
f 8203 8232 8231
f 8204 8205 8233
f 8204 8233 8232
f 8205 8206 8234
f 8205 8234 8233
f 8206 8207 8235
f 8206 8235 8234
f 8207 8208 8236
f 8207 8236 8235
f 8208 8209 8237
f 8208 8237 8236
f 8209 8210 8238
f 8209 8238 8237
f 8210 8211 8239
f 8210 8239 8238
f 8211 8212 8240
f 8211 8240 8239
f 8212 8213 8241
f 8212 8241 8240
f 8213 8214 8242
f 8213 8242 8241
f 8214 8215 8243
f 8214 8243 8242
f 8215 8216 8244
f 8215 8244 8243
f 8216 8217 8245
f 8216 8245 8244
f 8217 8218 8246
f 8217 8246 8245
f 8218 8219 8247
f 8218 8247 8246
f 8219 8220 8248
f 8219 8248 8247
f 8220 8221 8249
f 8220 8249 8248
f 8221 8222 8250
f 8221 8250 8249
f 8222 8223 8251
f 8222 8251 8250
f 8223 8224 8252
f 8223 8252 8251
f 8224 8225 8253
f 8224 8253 8252
f 8225 8226 8254
f 8225 8254 8253
f 8226 8227 8255
f 8226 8255 8254
f 8227 8228 8256
f 8227 8256 8255
f 8229 8230 8258
f 8229 8258 8257
f 8230 8231 8259
f 8230 8259 8258
f 8231 8232 8260
f 8231 8260 8259
f 8232 8233 8261
f 8232 8261 8260
f 8233 8234 8262
f 8233 8262 8261
f 8234 8235 8263
f 8234 8263 8262
f 8235 8236 8264
f 8235 8264 8263
f 8236 8237 8265
f 8236 8265 8264
f 8237 8238 8266
f 8237 8266 8265
f 8238 8239 8267
f 8238 8267 8266
f 8239 8240 8268
f 8239 8268 8267
f 8240 8241 8269
f 8240 8269 8268
f 8241 8242 8270
f 8241 8270 8269
f 8242 8243 8271
f 8242 8271 8270
f 8243 8244 8272
f 8243 8272 8271
f 8244 8245 8273
f 8244 8273 8272
f 8245 8246 8274
f 8245 8274 8273
f 8246 8247 8275
f 8246 8275 8274
f 8247 8248 8276
f 8247 8276 8275
f 8248 8249 8277
f 8248 8277 8276
f 8249 8250 8278
f 8249 8278 8277
f 8250 8251 8279
f 8250 8279 8278
f 8251 8252 8280
f 8251 8280 8279
f 8252 8253 8281
f 8252 8281 8280
f 8253 8254 8282
f 8253 8282 8281
f 8254 8255 8283
f 8254 8283 8282
f 8255 8256 8284
f 8255 8284 8283
f 8257 8258 8286
f 8257 8286 8285
f 8258 8259 8287
f 8258 8287 8286
f 8259 8260 8288
f 8259 8288 8287
f 8260 8261 8289
f 8260 8289 8288
f 8261 8262 8290
f 8261 8290 8289
f 8262 8263 8291
f 8262 8291 8290
f 8263 8264 8292
f 8263 8292 8291
f 8264 8265 8293
f 8264 8293 8292
f 8265 8266 8294
f 8265 8294 8293
f 8266 8267 8295
f 8266 8295 8294
f 8267 8268 8296
f 8267 8296 8295
f 8268 8269 8297
f 8268 8297 8296
f 8269 8270 8298
f 8269 8298 8297
f 8270 8271 8299
f 8270 8299 8298
f 8271 8272 8300
f 8271 8300 8299
f 8272 8273 8301
f 8272 8301 8300
f 8273 8274 8302
f 8273 8302 8301
f 8274 8275 8303
f 8274 8303 8302
f 8275 8276 8304
f 8275 8304 8303
f 8276 8277 8305
f 8276 8305 8304
f 8277 8278 8306
f 8277 8306 8305
f 8278 8279 8307
f 8278 8307 8306
f 8279 8280 8308
f 8279 8308 8307
f 8280 8281 8309
f 8280 8309 8308
f 8281 8282 8310
f 8281 8310 8309
f 8282 8283 8311
f 8282 8311 8310
f 8283 8284 8312
f 8283 8312 8311
f 8285 8286 8314
f 8285 8314 8313
f 8286 8287 8315
f 8286 8315 8314
f 8287 8288 8316
f 8287 8316 8315
f 8288 8289 8317
f 8288 8317 8316
f 8289 8290 8318
f 8289 8318 8317
f 8290 8291 8319
f 8290 8319 8318
f 8291 8292 8320
f 8291 8320 8319
f 8292 8293 8321
f 8292 8321 8320
f 8293 8294 8322
f 8293 8322 8321
f 8294 8295 8323
f 8294 8323 8322
f 8295 8296 8324
f 8295 8324 8323
f 8296 8297 8325
f 8296 8325 8324
f 8297 8298 8326
f 8297 8326 8325
f 8298 8299 8327
f 8298 8327 8326
f 8299 8300 8328
f 8299 8328 8327
f 8300 8301 8329
f 8300 8329 8328
f 8301 8302 8330
f 8301 8330 8329
f 8302 8303 8331
f 8302 8331 8330
f 8303 8304 8332
f 8303 8332 8331
f 8304 8305 8333
f 8304 8333 8332
f 8305 8306 8334
f 8305 8334 8333
f 8306 8307 8335
f 8306 8335 8334
f 8307 8308 8336
f 8307 8336 8335
f 8308 8309 8337
f 8308 8337 8336
f 8309 8310 8338
f 8309 8338 8337
f 8310 8311 8339
f 8310 8339 8338
f 8311 8312 8340
f 8311 8340 8339
f 8313 8314 8342
f 8313 8342 8341
f 8314 8315 8343
f 8314 8343 8342
f 8315 8316 8344
f 8315 8344 8343
f 8316 8317 8345
f 8316 8345 8344
f 8317 8318 8346
f 8317 8346 8345
f 8318 8319 8347
f 8318 8347 8346
f 8319 8320 8348
f 8319 8348 8347
f 8320 8321 8349
f 8320 8349 8348
f 8321 8322 8350
f 8321 8350 8349
f 8322 8323 8351
f 8322 8351 8350
f 8323 8324 8352
f 8323 8352 8351
f 8324 8325 8353
f 8324 8353 8352
f 8325 8326 8354
f 8325 8354 8353
f 8326 8327 8355
f 8326 8355 8354
f 8327 8328 8356
f 8327 8356 8355
f 8328 8329 8357
f 8328 8357 8356
f 8329 8330 8358
f 8329 8358 8357
f 8330 8331 8359
f 8330 8359 8358
f 8331 8332 8360
f 8331 8360 8359
f 8332 8333 8361
f 8332 8361 8360
f 8333 8334 8362
f 8333 8362 8361
f 8334 8335 8363
f 8334 8363 8362
f 8335 8336 8364
f 8335 8364 8363
f 8336 8337 8365
f 8336 8365 8364
f 8337 8338 8366
f 8337 8366 8365
f 8338 8339 8367
f 8338 8367 8366
f 8339 8340 8368
f 8339 8368 8367
f 8341 8342 8370
f 8341 8370 8369
f 8342 8343 8371
f 8342 8371 8370
f 8343 8344 8372
f 8343 8372 8371
f 8344 8345 8373
f 8344 8373 8372
f 8345 8346 8374
f 8345 8374 8373
f 8346 8347 8375
f 8346 8375 8374
f 8347 8348 8376
f 8347 8376 8375
f 8348 8349 8377
f 8348 8377 8376
f 8349 8350 8378
f 8349 8378 8377
f 8350 8351 8379
f 8350 8379 8378
f 8351 8352 8380
f 8351 8380 8379
f 8352 8353 8381
f 8352 8381 8380
f 8353 8354 8382
f 8353 8382 8381
f 8354 8355 8383
f 8354 8383 8382
f 8355 8356 8384
f 8355 8384 8383
f 8356 8357 8385
f 8356 8385 8384
f 8357 8358 8386
f 8357 8386 8385
f 8358 8359 8387
f 8358 8387 8386
f 8359 8360 8388
f 8359 8388 8387
f 8360 8361 8389
f 8360 8389 8388
f 8361 8362 8390
f 8361 8390 8389
f 8362 8363 8391
f 8362 8391 8390
f 8363 8364 8392
f 8363 8392 8391
f 8364 8365 8393
f 8364 8393 8392
f 8365 8366 8394
f 8365 8394 8393
f 8366 8367 8395
f 8366 8395 8394
f 8367 8368 8396
f 8367 8396 8395
f 8369 8370 8398
f 8369 8398 8397
f 8370 8371 8399
f 8370 8399 8398
f 8371 8372 8400
f 8371 8400 8399
f 8372 8373 8401
f 8372 8401 8400
f 8373 8374 8402
f 8373 8402 8401
f 8374 8375 8403
f 8374 8403 8402
f 8375 8376 8404
f 8375 8404 8403
f 8376 8377 8405
f 8376 8405 8404
f 8377 8378 8406
f 8377 8406 8405
f 8378 8379 8407
f 8378 8407 8406
f 8379 8380 8408
f 8379 8408 8407
f 8380 8381 8409
f 8380 8409 8408
f 8381 8382 8410
f 8381 8410 8409
f 8382 8383 8411
f 8382 8411 8410
f 8383 8384 8412
f 8383 8412 8411
f 8384 8385 8413
f 8384 8413 8412
f 8385 8386 8414
f 8385 8414 8413
f 8386 8387 8415
f 8386 8415 8414
f 8387 8388 8416
f 8387 8416 8415
f 8388 8389 8417
f 8388 8417 8416
f 8389 8390 8418
f 8389 8418 8417
f 8390 8391 8419
f 8390 8419 8418
f 8391 8392 8420
f 8391 8420 8419
f 8392 8393 8421
f 8392 8421 8420
f 8393 8394 8422
f 8393 8422 8421
f 8394 8395 8423
f 8394 8423 8422
f 8395 8396 8424
f 8395 8424 8423
f 8397 8398 8426
f 8397 8426 8425
f 8398 8399 8427
f 8398 8427 8426
f 8399 8400 8428
f 8399 8428 8427
f 8400 8401 8429
f 8400 8429 8428
f 8401 8402 8430
f 8401 8430 8429
f 8402 8403 8431
f 8402 8431 8430
f 8403 8404 8432
f 8403 8432 8431
f 8404 8405 8433
f 8404 8433 8432
f 8405 8406 8434
f 8405 8434 8433
f 8406 8407 8435
f 8406 8435 8434
f 8407 8408 8436
f 8407 8436 8435
f 8408 8409 8437
f 8408 8437 8436
f 8409 8410 8438
f 8409 8438 8437
f 8410 8411 8439
f 8410 8439 8438
f 8411 8412 8440
f 8411 8440 8439
f 8412 8413 8441
f 8412 8441 8440
f 8413 8414 8442
f 8413 8442 8441
f 8414 8415 8443
f 8414 8443 8442
f 8415 8416 8444
f 8415 8444 8443
f 8416 8417 8445
f 8416 8445 8444
f 8417 8418 8446
f 8417 8446 8445
f 8418 8419 8447
f 8418 8447 8446
f 8419 8420 8448
f 8419 8448 8447
f 8420 8421 8449
f 8420 8449 8448
f 8421 8422 8450
f 8421 8450 8449
f 8422 8423 8451
f 8422 8451 8450
f 8423 8424 8452
f 8423 8452 8451
f 8425 8426 7614
f 8425 7614 7613
f 8426 8427 7615
f 8426 7615 7614
f 8427 8428 7616
f 8427 7616 7615
f 8428 8429 7617
f 8428 7617 7616
f 8429 8430 7618
f 8429 7618 7617
f 8430 8431 7619
f 8430 7619 7618
f 8431 8432 7620
f 8431 7620 7619
f 8432 8433 7621
f 8432 7621 7620
f 8433 8434 7622
f 8433 7622 7621
f 8434 8435 7623
f 8434 7623 7622
f 8435 8436 7624
f 8435 7624 7623
f 8436 8437 7625
f 8436 7625 7624
f 8437 8438 7626
f 8437 7626 7625
f 8438 8439 7627
f 8438 7627 7626
f 8439 8440 7628
f 8439 7628 7627
f 8440 8441 7629
f 8440 7629 7628
f 8441 8442 7630
f 8441 7630 7629
f 8442 8443 7631
f 8442 7631 7630
f 8443 8444 7632
f 8443 7632 7631
f 8444 8445 7633
f 8444 7633 7632
f 8445 8446 7634
f 8445 7634 7633
f 8446 8447 7635
f 8446 7635 7634
f 8447 8448 7636
f 8447 7636 7635
f 8448 8449 7637
f 8448 7637 7636
f 8449 8450 7638
f 8449 7638 7637
f 8450 8451 7639
f 8450 7639 7638
f 8451 8452 7640
f 8451 7640 7639
f 8455 8483 8453
f 8483 8511 8453
f 8511 8539 8453
f 8539 8567 8453
f 8567 8595 8453
f 8595 8623 8453
f 8623 8651 8453
f 8651 8679 8453
f 8679 8707 8453
f 8707 8735 8453
f 8735 8763 8453
f 8763 8791 8453
f 8791 8819 8453
f 8819 8847 8453
f 8847 8875 8453
f 8875 8903 8453
f 8903 8931 8453
f 8931 8959 8453
f 8959 8987 8453
f 8987 9015 8453
f 9015 9043 8453
f 9043 9071 8453
f 9071 9099 8453
f 9099 9127 8453
f 9127 9155 8453
f 9155 9183 8453
f 9183 9211 8453
f 9211 9239 8453
f 9239 9267 8453
f 9267 8455 8453
f 8482 8454 8510
f 8510 8454 8538
f 8538 8454 8566
f 8566 8454 8594
f 8594 8454 8622
f 8622 8454 8650
f 8650 8454 8678
f 8678 8454 8706
f 8706 8454 8734
f 8734 8454 8762
f 8762 8454 8790
f 8790 8454 8818
f 8818 8454 8846
f 8846 8454 8874
f 8874 8454 8902
f 8902 8454 8930
f 8930 8454 8958
f 8958 8454 8986
f 8986 8454 9014
f 9014 8454 9042
f 9042 8454 9070
f 9070 8454 9098
f 9098 8454 9126
f 9126 8454 9154
f 9154 8454 9182
f 9182 8454 9210
f 9210 8454 9238
f 9238 8454 9266
f 9266 8454 9294
f 9294 8454 8482
f 8455 8456 8484
f 8455 8484 8483
f 8456 8457 8485
f 8456 8485 8484
f 8457 8458 8486
f 8457 8486 8485
f 8458 8459 8487
f 8458 8487 8486
f 8459 8460 8488
f 8459 8488 8487
f 8460 8461 8489
f 8460 8489 8488
f 8461 8462 8490
f 8461 8490 8489
f 8462 8463 8491
f 8462 8491 8490
f 8463 8464 8492
f 8463 8492 8491
f 8464 8465 8493
f 8464 8493 8492
f 8465 8466 8494
f 8465 8494 8493
f 8466 8467 8495
f 8466 8495 8494
f 8467 8468 8496
f 8467 8496 8495
f 8468 8469 8497
f 8468 8497 8496
f 8469 8470 8498
f 8469 8498 8497
f 8470 8471 8499
f 8470 8499 8498
f 8471 8472 8500
f 8471 8500 8499
f 8472 8473 8501
f 8472 8501 8500
f 8473 8474 8502
f 8473 8502 8501
f 8474 8475 8503
f 8474 8503 8502
f 8475 8476 8504
f 8475 8504 8503
f 8476 8477 8505
f 8476 8505 8504
f 8477 8478 8506
f 8477 8506 8505
f 8478 8479 8507
f 8478 8507 8506
f 8479 8480 8508
f 8479 8508 8507
f 8480 8481 8509
f 8480 8509 8508
f 8481 8482 8510
f 8481 8510 8509
f 8483 8484 8512
f 8483 8512 8511
f 8484 8485 8513
f 8484 8513 8512
f 8485 8486 8514
f 8485 8514 8513
f 8486 8487 8515
f 8486 8515 8514
f 8487 8488 8516
f 8487 8516 8515
f 8488 8489 8517
f 8488 8517 8516
f 8489 8490 8518
f 8489 8518 8517
f 8490 8491 8519
f 8490 8519 8518
f 8491 8492 8520
f 8491 8520 8519
f 8492 8493 8521
f 8492 8521 8520
f 8493 8494 8522
f 8493 8522 8521
f 8494 8495 8523
f 8494 8523 8522
f 8495 8496 8524
f 8495 8524 8523
f 8496 8497 8525
f 8496 8525 8524
f 8497 8498 8526
f 8497 8526 8525
f 8498 8499 8527
f 8498 8527 8526
f 8499 8500 8528
f 8499 8528 8527
f 8500 8501 8529
f 8500 8529 8528
f 8501 8502 8530
f 8501 8530 8529
f 8502 8503 8531
f 8502 8531 8530
f 8503 8504 8532
f 8503 8532 8531
f 8504 8505 8533
f 8504 8533 8532
f 8505 8506 8534
f 8505 8534 8533
f 8506 8507 8535
f 8506 8535 8534
f 8507 8508 8536
f 8507 8536 8535
f 8508 8509 8537
f 8508 8537 8536
f 8509 8510 8538
f 8509 8538 8537
f 8511 8512 8540
f 8511 8540 8539
f 8512 8513 8541
f 8512 8541 8540
f 8513 8514 8542
f 8513 8542 8541
f 8514 8515 8543
f 8514 8543 8542
f 8515 8516 8544
f 8515 8544 8543
f 8516 8517 8545
f 8516 8545 8544
f 8517 8518 8546
f 8517 8546 8545
f 8518 8519 8547
f 8518 8547 8546
f 8519 8520 8548
f 8519 8548 8547
f 8520 8521 8549
f 8520 8549 8548
f 8521 8522 8550
f 8521 8550 8549
f 8522 8523 8551
f 8522 8551 8550
f 8523 8524 8552
f 8523 8552 8551
f 8524 8525 8553
f 8524 8553 8552
f 8525 8526 8554
f 8525 8554 8553
f 8526 8527 8555
f 8526 8555 8554
f 8527 8528 8556
f 8527 8556 8555
f 8528 8529 8557
f 8528 8557 8556
f 8529 8530 8558
f 8529 8558 8557
f 8530 8531 8559
f 8530 8559 8558
f 8531 8532 8560
f 8531 8560 8559
f 8532 8533 8561
f 8532 8561 8560
f 8533 8534 8562
f 8533 8562 8561
f 8534 8535 8563
f 8534 8563 8562
f 8535 8536 8564
f 8535 8564 8563
f 8536 8537 8565
f 8536 8565 8564
f 8537 8538 8566
f 8537 8566 8565
f 8539 8540 8568
f 8539 8568 8567
f 8540 8541 8569
f 8540 8569 8568
f 8541 8542 8570
f 8541 8570 8569
f 8542 8543 8571
f 8542 8571 8570
f 8543 8544 8572
f 8543 8572 8571
f 8544 8545 8573
f 8544 8573 8572
f 8545 8546 8574
f 8545 8574 8573
f 8546 8547 8575
f 8546 8575 8574
f 8547 8548 8576
f 8547 8576 8575
f 8548 8549 8577
f 8548 8577 8576
f 8549 8550 8578
f 8549 8578 8577
f 8550 8551 8579
f 8550 8579 8578
f 8551 8552 8580
f 8551 8580 8579
f 8552 8553 8581
f 8552 8581 8580
f 8553 8554 8582
f 8553 8582 8581
f 8554 8555 8583
f 8554 8583 8582
f 8555 8556 8584
f 8555 8584 8583
f 8556 8557 8585
f 8556 8585 8584
f 8557 8558 8586
f 8557 8586 8585
f 8558 8559 8587
f 8558 8587 8586
f 8559 8560 8588
f 8559 8588 8587
f 8560 8561 8589
f 8560 8589 8588
f 8561 8562 8590
f 8561 8590 8589
f 8562 8563 8591
f 8562 8591 8590
f 8563 8564 8592
f 8563 8592 8591
f 8564 8565 8593
f 8564 8593 8592
f 8565 8566 8594
f 8565 8594 8593
f 8567 8568 8596
f 8567 8596 8595
f 8568 8569 8597
f 8568 8597 8596
f 8569 8570 8598
f 8569 8598 8597
f 8570 8571 8599
f 8570 8599 8598
f 8571 8572 8600
f 8571 8600 8599
f 8572 8573 8601
f 8572 8601 8600
f 8573 8574 8602
f 8573 8602 8601
f 8574 8575 8603
f 8574 8603 8602
f 8575 8576 8604
f 8575 8604 8603
f 8576 8577 8605
f 8576 8605 8604
f 8577 8578 8606
f 8577 8606 8605
f 8578 8579 8607
f 8578 8607 8606
f 8579 8580 8608
f 8579 8608 8607
f 8580 8581 8609
f 8580 8609 8608
f 8581 8582 8610
f 8581 8610 8609
f 8582 8583 8611
f 8582 8611 8610
f 8583 8584 8612
f 8583 8612 8611
f 8584 8585 8613
f 8584 8613 8612
f 8585 8586 8614
f 8585 8614 8613
f 8586 8587 8615
f 8586 8615 8614
f 8587 8588 8616
f 8587 8616 8615
f 8588 8589 8617
f 8588 8617 8616
f 8589 8590 8618
f 8589 8618 8617
f 8590 8591 8619
f 8590 8619 8618
f 8591 8592 8620
f 8591 8620 8619
f 8592 8593 8621
f 8592 8621 8620
f 8593 8594 8622
f 8593 8622 8621
f 8595 8596 8624
f 8595 8624 8623
f 8596 8597 8625
f 8596 8625 8624
f 8597 8598 8626
f 8597 8626 8625
f 8598 8599 8627
f 8598 8627 8626
f 8599 8600 8628
f 8599 8628 8627
f 8600 8601 8629
f 8600 8629 8628
f 8601 8602 8630
f 8601 8630 8629
f 8602 8603 8631
f 8602 8631 8630
f 8603 8604 8632
f 8603 8632 8631
f 8604 8605 8633
f 8604 8633 8632
f 8605 8606 8634
f 8605 8634 8633
f 8606 8607 8635
f 8606 8635 8634
f 8607 8608 8636
f 8607 8636 8635
f 8608 8609 8637
f 8608 8637 8636
f 8609 8610 8638
f 8609 8638 8637
f 8610 8611 8639
f 8610 8639 8638
f 8611 8612 8640
f 8611 8640 8639
f 8612 8613 8641
f 8612 8641 8640
f 8613 8614 8642
f 8613 8642 8641
f 8614 8615 8643
f 8614 8643 8642
f 8615 8616 8644
f 8615 8644 8643
f 8616 8617 8645
f 8616 8645 8644
f 8617 8618 8646
f 8617 8646 8645
f 8618 8619 8647
f 8618 8647 8646
f 8619 8620 8648
f 8619 8648 8647
f 8620 8621 8649
f 8620 8649 8648
f 8621 8622 8650
f 8621 8650 8649
f 8623 8624 8652
f 8623 8652 8651
f 8624 8625 8653
f 8624 8653 8652
f 8625 8626 8654
f 8625 8654 8653
f 8626 8627 8655
f 8626 8655 8654
f 8627 8628 8656
f 8627 8656 8655
f 8628 8629 8657
f 8628 8657 8656
f 8629 8630 8658
f 8629 8658 8657
f 8630 8631 8659
f 8630 8659 8658
f 8631 8632 8660
f 8631 8660 8659
f 8632 8633 8661
f 8632 8661 8660
f 8633 8634 8662
f 8633 8662 8661
f 8634 8635 8663
f 8634 8663 8662
f 8635 8636 8664
f 8635 8664 8663
f 8636 8637 8665
f 8636 8665 8664
f 8637 8638 8666
f 8637 8666 8665
f 8638 8639 8667
f 8638 8667 8666
f 8639 8640 8668
f 8639 8668 8667
f 8640 8641 8669
f 8640 8669 8668
f 8641 8642 8670
f 8641 8670 8669
f 8642 8643 8671
f 8642 8671 8670
f 8643 8644 8672
f 8643 8672 8671
f 8644 8645 8673
f 8644 8673 8672
f 8645 8646 8674
f 8645 8674 8673
f 8646 8647 8675
f 8646 8675 8674
f 8647 8648 8676
f 8647 8676 8675
f 8648 8649 8677
f 8648 8677 8676
f 8649 8650 8678
f 8649 8678 8677
f 8651 8652 8680
f 8651 8680 8679
f 8652 8653 8681
f 8652 8681 8680
f 8653 8654 8682
f 8653 8682 8681
f 8654 8655 8683
f 8654 8683 8682
f 8655 8656 8684
f 8655 8684 8683
f 8656 8657 8685
f 8656 8685 8684
f 8657 8658 8686
f 8657 8686 8685
f 8658 8659 8687
f 8658 8687 8686
f 8659 8660 8688
f 8659 8688 8687
f 8660 8661 8689
f 8660 8689 8688
f 8661 8662 8690
f 8661 8690 8689
f 8662 8663 8691
f 8662 8691 8690
f 8663 8664 8692
f 8663 8692 8691
f 8664 8665 8693
f 8664 8693 8692
f 8665 8666 8694
f 8665 8694 8693
f 8666 8667 8695
f 8666 8695 8694
f 8667 8668 8696
f 8667 8696 8695
f 8668 8669 8697
f 8668 8697 8696
f 8669 8670 8698
f 8669 8698 8697
f 8670 8671 8699
f 8670 8699 8698
f 8671 8672 8700
f 8671 8700 8699
f 8672 8673 8701
f 8672 8701 8700
f 8673 8674 8702
f 8673 8702 8701
f 8674 8675 8703
f 8674 8703 8702
f 8675 8676 8704
f 8675 8704 8703
f 8676 8677 8705
f 8676 8705 8704
f 8677 8678 8706
f 8677 8706 8705
f 8679 8680 8708
f 8679 8708 8707
f 8680 8681 8709
f 8680 8709 8708
f 8681 8682 8710
f 8681 8710 8709
f 8682 8683 8711
f 8682 8711 8710
f 8683 8684 8712
f 8683 8712 8711
f 8684 8685 8713
f 8684 8713 8712
f 8685 8686 8714
f 8685 8714 8713
f 8686 8687 8715
f 8686 8715 8714
f 8687 8688 8716
f 8687 8716 8715
f 8688 8689 8717
f 8688 8717 8716
f 8689 8690 8718
f 8689 8718 8717
f 8690 8691 8719
f 8690 8719 8718
f 8691 8692 8720
f 8691 8720 8719
f 8692 8693 8721
f 8692 8721 8720
f 8693 8694 8722
f 8693 8722 8721
f 8694 8695 8723
f 8694 8723 8722
f 8695 8696 8724
f 8695 8724 8723
f 8696 8697 8725
f 8696 8725 8724
f 8697 8698 8726
f 8697 8726 8725
f 8698 8699 8727
f 8698 8727 8726
f 8699 8700 8728
f 8699 8728 8727
f 8700 8701 8729
f 8700 8729 8728
f 8701 8702 8730
f 8701 8730 8729
f 8702 8703 8731
f 8702 8731 8730
f 8703 8704 8732
f 8703 8732 8731
f 8704 8705 8733
f 8704 8733 8732
f 8705 8706 8734
f 8705 8734 8733
f 8707 8708 8736
f 8707 8736 8735
f 8708 8709 8737
f 8708 8737 8736
f 8709 8710 8738
f 8709 8738 8737
f 8710 8711 8739
f 8710 8739 8738
f 8711 8712 8740
f 8711 8740 8739
f 8712 8713 8741
f 8712 8741 8740
f 8713 8714 8742
f 8713 8742 8741
f 8714 8715 8743
f 8714 8743 8742
f 8715 8716 8744
f 8715 8744 8743
f 8716 8717 8745
f 8716 8745 8744
f 8717 8718 8746
f 8717 8746 8745
f 8718 8719 8747
f 8718 8747 8746
f 8719 8720 8748
f 8719 8748 8747
f 8720 8721 8749
f 8720 8749 8748
f 8721 8722 8750
f 8721 8750 8749
f 8722 8723 8751
f 8722 8751 8750
f 8723 8724 8752
f 8723 8752 8751
f 8724 8725 8753
f 8724 8753 8752
f 8725 8726 8754
f 8725 8754 8753
f 8726 8727 8755
f 8726 8755 8754
f 8727 8728 8756
f 8727 8756 8755
f 8728 8729 8757
f 8728 8757 8756
f 8729 8730 8758
f 8729 8758 8757
f 8730 8731 8759
f 8730 8759 8758
f 8731 8732 8760
f 8731 8760 8759
f 8732 8733 8761
f 8732 8761 8760
f 8733 8734 8762
f 8733 8762 8761
f 8735 8736 8764
f 8735 8764 8763
f 8736 8737 8765
f 8736 8765 8764
f 8737 8738 8766
f 8737 8766 8765
f 8738 8739 8767
f 8738 8767 8766
f 8739 8740 8768
f 8739 8768 8767
f 8740 8741 8769
f 8740 8769 8768
f 8741 8742 8770
f 8741 8770 8769
f 8742 8743 8771
f 8742 8771 8770
f 8743 8744 8772
f 8743 8772 8771
f 8744 8745 8773
f 8744 8773 8772
f 8745 8746 8774
f 8745 8774 8773
f 8746 8747 8775
f 8746 8775 8774
f 8747 8748 8776
f 8747 8776 8775
f 8748 8749 8777
f 8748 8777 8776
f 8749 8750 8778
f 8749 8778 8777
f 8750 8751 8779
f 8750 8779 8778
f 8751 8752 8780
f 8751 8780 8779
f 8752 8753 8781
f 8752 8781 8780
f 8753 8754 8782
f 8753 8782 8781
f 8754 8755 8783
f 8754 8783 8782
f 8755 8756 8784
f 8755 8784 8783
f 8756 8757 8785
f 8756 8785 8784
f 8757 8758 8786
f 8757 8786 8785
f 8758 8759 8787
f 8758 8787 8786
f 8759 8760 8788
f 8759 8788 8787
f 8760 8761 8789
f 8760 8789 8788
f 8761 8762 8790
f 8761 8790 8789
f 8763 8764 8792
f 8763 8792 8791
f 8764 8765 8793
f 8764 8793 8792
f 8765 8766 8794
f 8765 8794 8793
f 8766 8767 8795
f 8766 8795 8794
f 8767 8768 8796
f 8767 8796 8795
f 8768 8769 8797
f 8768 8797 8796
f 8769 8770 8798
f 8769 8798 8797
f 8770 8771 8799
f 8770 8799 8798
f 8771 8772 8800
f 8771 8800 8799
f 8772 8773 8801
f 8772 8801 8800
f 8773 8774 8802
f 8773 8802 8801
f 8774 8775 8803
f 8774 8803 8802
f 8775 8776 8804
f 8775 8804 8803
f 8776 8777 8805
f 8776 8805 8804
f 8777 8778 8806
f 8777 8806 8805
f 8778 8779 8807
f 8778 8807 8806
f 8779 8780 8808
f 8779 8808 8807
f 8780 8781 8809
f 8780 8809 8808
f 8781 8782 8810
f 8781 8810 8809
f 8782 8783 8811
f 8782 8811 8810
f 8783 8784 8812
f 8783 8812 8811
f 8784 8785 8813
f 8784 8813 8812
f 8785 8786 8814
f 8785 8814 8813
f 8786 8787 8815
f 8786 8815 8814
f 8787 8788 8816
f 8787 8816 8815
f 8788 8789 8817
f 8788 8817 8816
f 8789 8790 8818
f 8789 8818 8817
f 8791 8792 8820
f 8791 8820 8819
f 8792 8793 8821
f 8792 8821 8820
f 8793 8794 8822
f 8793 8822 8821
f 8794 8795 8823
f 8794 8823 8822
f 8795 8796 8824
f 8795 8824 8823
f 8796 8797 8825
f 8796 8825 8824
f 8797 8798 8826
f 8797 8826 8825
f 8798 8799 8827
f 8798 8827 8826
f 8799 8800 8828
f 8799 8828 8827
f 8800 8801 8829
f 8800 8829 8828
f 8801 8802 8830
f 8801 8830 8829
f 8802 8803 8831
f 8802 8831 8830
f 8803 8804 8832
f 8803 8832 8831
f 8804 8805 8833
f 8804 8833 8832
f 8805 8806 8834
f 8805 8834 8833
f 8806 8807 8835
f 8806 8835 8834
f 8807 8808 8836
f 8807 8836 8835
f 8808 8809 8837
f 8808 8837 8836
f 8809 8810 8838
f 8809 8838 8837
f 8810 8811 8839
f 8810 8839 8838
f 8811 8812 8840
f 8811 8840 8839
f 8812 8813 8841
f 8812 8841 8840
f 8813 8814 8842
f 8813 8842 8841
f 8814 8815 8843
f 8814 8843 8842
f 8815 8816 8844
f 8815 8844 8843
f 8816 8817 8845
f 8816 8845 8844
f 8817 8818 8846
f 8817 8846 8845
f 8819 8820 8848
f 8819 8848 8847
f 8820 8821 8849
f 8820 8849 8848
f 8821 8822 8850
f 8821 8850 8849
f 8822 8823 8851
f 8822 8851 8850
f 8823 8824 8852
f 8823 8852 8851
f 8824 8825 8853
f 8824 8853 8852
f 8825 8826 8854
f 8825 8854 8853
f 8826 8827 8855
f 8826 8855 8854
f 8827 8828 8856
f 8827 8856 8855
f 8828 8829 8857
f 8828 8857 8856
f 8829 8830 8858
f 8829 8858 8857
f 8830 8831 8859
f 8830 8859 8858
f 8831 8832 8860
f 8831 8860 8859
f 8832 8833 8861
f 8832 8861 8860
f 8833 8834 8862
f 8833 8862 8861
f 8834 8835 8863
f 8834 8863 8862
f 8835 8836 8864
f 8835 8864 8863
f 8836 8837 8865
f 8836 8865 8864
f 8837 8838 8866
f 8837 8866 8865
f 8838 8839 8867
f 8838 8867 8866
f 8839 8840 8868
f 8839 8868 8867
f 8840 8841 8869
f 8840 8869 8868
f 8841 8842 8870
f 8841 8870 8869
f 8842 8843 8871
f 8842 8871 8870
f 8843 8844 8872
f 8843 8872 8871
f 8844 8845 8873
f 8844 8873 8872
f 8845 8846 8874
f 8845 8874 8873
f 8847 8848 8876
f 8847 8876 8875
f 8848 8849 8877
f 8848 8877 8876
f 8849 8850 8878
f 8849 8878 8877
f 8850 8851 8879
f 8850 8879 8878
f 8851 8852 8880
f 8851 8880 8879
f 8852 8853 8881
f 8852 8881 8880
f 8853 8854 8882
f 8853 8882 8881
f 8854 8855 8883
f 8854 8883 8882
f 8855 8856 8884
f 8855 8884 8883
f 8856 8857 8885
f 8856 8885 8884
f 8857 8858 8886
f 8857 8886 8885
f 8858 8859 8887
f 8858 8887 8886
f 8859 8860 8888
f 8859 8888 8887
f 8860 8861 8889
f 8860 8889 8888
f 8861 8862 8890
f 8861 8890 8889
f 8862 8863 8891
f 8862 8891 8890
f 8863 8864 8892
f 8863 8892 8891
f 8864 8865 8893
f 8864 8893 8892
f 8865 8866 8894
f 8865 8894 8893
f 8866 8867 8895
f 8866 8895 8894
f 8867 8868 8896
f 8867 8896 8895
f 8868 8869 8897
f 8868 8897 8896
f 8869 8870 8898
f 8869 8898 8897
f 8870 8871 8899
f 8870 8899 8898
f 8871 8872 8900
f 8871 8900 8899
f 8872 8873 8901
f 8872 8901 8900
f 8873 8874 8902
f 8873 8902 8901
f 8875 8876 8904
f 8875 8904 8903
f 8876 8877 8905
f 8876 8905 8904
f 8877 8878 8906
f 8877 8906 8905
f 8878 8879 8907
f 8878 8907 8906
f 8879 8880 8908
f 8879 8908 8907
f 8880 8881 8909
f 8880 8909 8908
f 8881 8882 8910
f 8881 8910 8909
f 8882 8883 8911
f 8882 8911 8910
f 8883 8884 8912
f 8883 8912 8911
f 8884 8885 8913
f 8884 8913 8912
f 8885 8886 8914
f 8885 8914 8913
f 8886 8887 8915
f 8886 8915 8914
f 8887 8888 8916
f 8887 8916 8915
f 8888 8889 8917
f 8888 8917 8916
f 8889 8890 8918
f 8889 8918 8917
f 8890 8891 8919
f 8890 8919 8918
f 8891 8892 8920
f 8891 8920 8919
f 8892 8893 8921
f 8892 8921 8920
f 8893 8894 8922
f 8893 8922 8921
f 8894 8895 8923
f 8894 8923 8922
f 8895 8896 8924
f 8895 8924 8923
f 8896 8897 8925
f 8896 8925 8924
f 8897 8898 8926
f 8897 8926 8925
f 8898 8899 8927
f 8898 8927 8926
f 8899 8900 8928
f 8899 8928 8927
f 8900 8901 8929
f 8900 8929 8928
f 8901 8902 8930
f 8901 8930 8929
f 8903 8904 8932
f 8903 8932 8931
f 8904 8905 8933
f 8904 8933 8932
f 8905 8906 8934
f 8905 8934 8933
f 8906 8907 8935
f 8906 8935 8934
f 8907 8908 8936
f 8907 8936 8935
f 8908 8909 8937
f 8908 8937 8936
f 8909 8910 8938
f 8909 8938 8937
f 8910 8911 8939
f 8910 8939 8938
f 8911 8912 8940
f 8911 8940 8939
f 8912 8913 8941
f 8912 8941 8940
f 8913 8914 8942
f 8913 8942 8941
f 8914 8915 8943
f 8914 8943 8942
f 8915 8916 8944
f 8915 8944 8943
f 8916 8917 8945
f 8916 8945 8944
f 8917 8918 8946
f 8917 8946 8945
f 8918 8919 8947
f 8918 8947 8946
f 8919 8920 8948
f 8919 8948 8947
f 8920 8921 8949
f 8920 8949 8948
f 8921 8922 8950
f 8921 8950 8949
f 8922 8923 8951
f 8922 8951 8950
f 8923 8924 8952
f 8923 8952 8951
f 8924 8925 8953
f 8924 8953 8952
f 8925 8926 8954
f 8925 8954 8953
f 8926 8927 8955
f 8926 8955 8954
f 8927 8928 8956
f 8927 8956 8955
f 8928 8929 8957
f 8928 8957 8956
f 8929 8930 8958
f 8929 8958 8957
f 8931 8932 8960
f 8931 8960 8959
f 8932 8933 8961
f 8932 8961 8960
f 8933 8934 8962
f 8933 8962 8961
f 8934 8935 8963
f 8934 8963 8962
f 8935 8936 8964
f 8935 8964 8963
f 8936 8937 8965
f 8936 8965 8964
f 8937 8938 8966
f 8937 8966 8965
f 8938 8939 8967
f 8938 8967 8966
f 8939 8940 8968
f 8939 8968 8967
f 8940 8941 8969
f 8940 8969 8968
f 8941 8942 8970
f 8941 8970 8969
f 8942 8943 8971
f 8942 8971 8970
f 8943 8944 8972
f 8943 8972 8971
f 8944 8945 8973
f 8944 8973 8972
f 8945 8946 8974
f 8945 8974 8973
f 8946 8947 8975
f 8946 8975 8974
f 8947 8948 8976
f 8947 8976 8975
f 8948 8949 8977
f 8948 8977 8976
f 8949 8950 8978
f 8949 8978 8977
f 8950 8951 8979
f 8950 8979 8978
f 8951 8952 8980
f 8951 8980 8979
f 8952 8953 8981
f 8952 8981 8980
f 8953 8954 8982
f 8953 8982 8981
f 8954 8955 8983
f 8954 8983 8982
f 8955 8956 8984
f 8955 8984 8983
f 8956 8957 8985
f 8956 8985 8984
f 8957 8958 8986
f 8957 8986 8985
f 8959 8960 8988
f 8959 8988 8987
f 8960 8961 8989
f 8960 8989 8988
f 8961 8962 8990
f 8961 8990 8989
f 8962 8963 8991
f 8962 8991 8990
f 8963 8964 8992
f 8963 8992 8991
f 8964 8965 8993
f 8964 8993 8992
f 8965 8966 8994
f 8965 8994 8993
f 8966 8967 8995
f 8966 8995 8994
f 8967 8968 8996
f 8967 8996 8995
f 8968 8969 8997
f 8968 8997 8996
f 8969 8970 8998
f 8969 8998 8997
f 8970 8971 8999
f 8970 8999 8998
f 8971 8972 9000
f 8971 9000 8999
f 8972 8973 9001
f 8972 9001 9000
f 8973 8974 9002
f 8973 9002 9001
f 8974 8975 9003
f 8974 9003 9002
f 8975 8976 9004
f 8975 9004 9003
f 8976 8977 9005
f 8976 9005 9004
f 8977 8978 9006
f 8977 9006 9005
f 8978 8979 9007
f 8978 9007 9006
f 8979 8980 9008
f 8979 9008 9007
f 8980 8981 9009
f 8980 9009 9008
f 8981 8982 9010
f 8981 9010 9009
f 8982 8983 9011
f 8982 9011 9010
f 8983 8984 9012
f 8983 9012 9011
f 8984 8985 9013
f 8984 9013 9012
f 8985 8986 9014
f 8985 9014 9013
f 8987 8988 9016
f 8987 9016 9015
f 8988 8989 9017
f 8988 9017 9016
f 8989 8990 9018
f 8989 9018 9017
f 8990 8991 9019
f 8990 9019 9018
f 8991 8992 9020
f 8991 9020 9019
f 8992 8993 9021
f 8992 9021 9020
f 8993 8994 9022
f 8993 9022 9021
f 8994 8995 9023
f 8994 9023 9022
f 8995 8996 9024
f 8995 9024 9023
f 8996 8997 9025
f 8996 9025 9024
f 8997 8998 9026
f 8997 9026 9025
f 8998 8999 9027
f 8998 9027 9026
f 8999 9000 9028
f 8999 9028 9027
f 9000 9001 9029
f 9000 9029 9028
f 9001 9002 9030
f 9001 9030 9029
f 9002 9003 9031
f 9002 9031 9030
f 9003 9004 9032
f 9003 9032 9031
f 9004 9005 9033
f 9004 9033 9032
f 9005 9006 9034
f 9005 9034 9033
f 9006 9007 9035
f 9006 9035 9034
f 9007 9008 9036
f 9007 9036 9035
f 9008 9009 9037
f 9008 9037 9036
f 9009 9010 9038
f 9009 9038 9037
f 9010 9011 9039
f 9010 9039 9038
f 9011 9012 9040
f 9011 9040 9039
f 9012 9013 9041
f 9012 9041 9040
f 9013 9014 9042
f 9013 9042 9041
f 9015 9016 9044
f 9015 9044 9043
f 9016 9017 9045
f 9016 9045 9044
f 9017 9018 9046
f 9017 9046 9045
f 9018 9019 9047
f 9018 9047 9046
f 9019 9020 9048
f 9019 9048 9047
f 9020 9021 9049
f 9020 9049 9048
f 9021 9022 9050
f 9021 9050 9049
f 9022 9023 9051
f 9022 9051 9050
f 9023 9024 9052
f 9023 9052 9051
f 9024 9025 9053
f 9024 9053 9052
f 9025 9026 9054
f 9025 9054 9053
f 9026 9027 9055
f 9026 9055 9054
f 9027 9028 9056
f 9027 9056 9055
f 9028 9029 9057
f 9028 9057 9056
f 9029 9030 9058
f 9029 9058 9057
f 9030 9031 9059
f 9030 9059 9058
f 9031 9032 9060
f 9031 9060 9059
f 9032 9033 9061
f 9032 9061 9060
f 9033 9034 9062
f 9033 9062 9061
f 9034 9035 9063
f 9034 9063 9062
f 9035 9036 9064
f 9035 9064 9063
f 9036 9037 9065
f 9036 9065 9064
f 9037 9038 9066
f 9037 9066 9065
f 9038 9039 9067
f 9038 9067 9066
f 9039 9040 9068
f 9039 9068 9067
f 9040 9041 9069
f 9040 9069 9068
f 9041 9042 9070
f 9041 9070 9069
f 9043 9044 9072
f 9043 9072 9071
f 9044 9045 9073
f 9044 9073 9072
f 9045 9046 9074
f 9045 9074 9073
f 9046 9047 9075
f 9046 9075 9074
f 9047 9048 9076
f 9047 9076 9075
f 9048 9049 9077
f 9048 9077 9076
f 9049 9050 9078
f 9049 9078 9077
f 9050 9051 9079
f 9050 9079 9078
f 9051 9052 9080
f 9051 9080 9079
f 9052 9053 9081
f 9052 9081 9080
f 9053 9054 9082
f 9053 9082 9081
f 9054 9055 9083
f 9054 9083 9082
f 9055 9056 9084
f 9055 9084 9083
f 9056 9057 9085
f 9056 9085 9084
f 9057 9058 9086
f 9057 9086 9085
f 9058 9059 9087
f 9058 9087 9086
f 9059 9060 9088
f 9059 9088 9087
f 9060 9061 9089
f 9060 9089 9088
f 9061 9062 9090
f 9061 9090 9089
f 9062 9063 9091
f 9062 9091 9090
f 9063 9064 9092
f 9063 9092 9091
f 9064 9065 9093
f 9064 9093 9092
f 9065 9066 9094
f 9065 9094 9093
f 9066 9067 9095
f 9066 9095 9094
f 9067 9068 9096
f 9067 9096 9095
f 9068 9069 9097
f 9068 9097 9096
f 9069 9070 9098
f 9069 9098 9097
f 9071 9072 9100
f 9071 9100 9099
f 9072 9073 9101
f 9072 9101 9100
f 9073 9074 9102
f 9073 9102 9101
f 9074 9075 9103
f 9074 9103 9102
f 9075 9076 9104
f 9075 9104 9103
f 9076 9077 9105
f 9076 9105 9104
f 9077 9078 9106
f 9077 9106 9105
f 9078 9079 9107
f 9078 9107 9106
f 9079 9080 9108
f 9079 9108 9107
f 9080 9081 9109
f 9080 9109 9108
f 9081 9082 9110
f 9081 9110 9109
f 9082 9083 9111
f 9082 9111 9110
f 9083 9084 9112
f 9083 9112 9111
f 9084 9085 9113
f 9084 9113 9112
f 9085 9086 9114
f 9085 9114 9113
f 9086 9087 9115
f 9086 9115 9114
f 9087 9088 9116
f 9087 9116 9115
f 9088 9089 9117
f 9088 9117 9116
f 9089 9090 9118
f 9089 9118 9117
f 9090 9091 9119
f 9090 9119 9118
f 9091 9092 9120
f 9091 9120 9119
f 9092 9093 9121
f 9092 9121 9120
f 9093 9094 9122
f 9093 9122 9121
f 9094 9095 9123
f 9094 9123 9122
f 9095 9096 9124
f 9095 9124 9123
f 9096 9097 9125
f 9096 9125 9124
f 9097 9098 9126
f 9097 9126 9125
f 9099 9100 9128
f 9099 9128 9127
f 9100 9101 9129
f 9100 9129 9128
f 9101 9102 9130
f 9101 9130 9129
f 9102 9103 9131
f 9102 9131 9130
f 9103 9104 9132
f 9103 9132 9131
f 9104 9105 9133
f 9104 9133 9132
f 9105 9106 9134
f 9105 9134 9133
f 9106 9107 9135
f 9106 9135 9134
f 9107 9108 9136
f 9107 9136 9135
f 9108 9109 9137
f 9108 9137 9136
f 9109 9110 9138
f 9109 9138 9137
f 9110 9111 9139
f 9110 9139 9138
f 9111 9112 9140
f 9111 9140 9139
f 9112 9113 9141
f 9112 9141 9140
f 9113 9114 9142
f 9113 9142 9141
f 9114 9115 9143
f 9114 9143 9142
f 9115 9116 9144
f 9115 9144 9143
f 9116 9117 9145
f 9116 9145 9144
f 9117 9118 9146
f 9117 9146 9145
f 9118 9119 9147
f 9118 9147 9146
f 9119 9120 9148
f 9119 9148 9147
f 9120 9121 9149
f 9120 9149 9148
f 9121 9122 9150
f 9121 9150 9149
f 9122 9123 9151
f 9122 9151 9150
f 9123 9124 9152
f 9123 9152 9151
f 9124 9125 9153
f 9124 9153 9152
f 9125 9126 9154
f 9125 9154 9153
f 9127 9128 9156
f 9127 9156 9155
f 9128 9129 9157
f 9128 9157 9156
f 9129 9130 9158
f 9129 9158 9157
f 9130 9131 9159
f 9130 9159 9158
f 9131 9132 9160
f 9131 9160 9159
f 9132 9133 9161
f 9132 9161 9160
f 9133 9134 9162
f 9133 9162 9161
f 9134 9135 9163
f 9134 9163 9162
f 9135 9136 9164
f 9135 9164 9163
f 9136 9137 9165
f 9136 9165 9164
f 9137 9138 9166
f 9137 9166 9165
f 9138 9139 9167
f 9138 9167 9166
f 9139 9140 9168
f 9139 9168 9167
f 9140 9141 9169
f 9140 9169 9168
f 9141 9142 9170
f 9141 9170 9169
f 9142 9143 9171
f 9142 9171 9170
f 9143 9144 9172
f 9143 9172 9171
f 9144 9145 9173
f 9144 9173 9172
f 9145 9146 9174
f 9145 9174 9173
f 9146 9147 9175
f 9146 9175 9174
f 9147 9148 9176
f 9147 9176 9175
f 9148 9149 9177
f 9148 9177 9176
f 9149 9150 9178
f 9149 9178 9177
f 9150 9151 9179
f 9150 9179 9178
f 9151 9152 9180
f 9151 9180 9179
f 9152 9153 9181
f 9152 9181 9180
f 9153 9154 9182
f 9153 9182 9181
f 9155 9156 9184
f 9155 9184 9183
f 9156 9157 9185
f 9156 9185 9184
f 9157 9158 9186
f 9157 9186 9185
f 9158 9159 9187
f 9158 9187 9186
f 9159 9160 9188
f 9159 9188 9187
f 9160 9161 9189
f 9160 9189 9188
f 9161 9162 9190
f 9161 9190 9189
f 9162 9163 9191
f 9162 9191 9190
f 9163 9164 9192
f 9163 9192 9191
f 9164 9165 9193
f 9164 9193 9192
f 9165 9166 9194
f 9165 9194 9193
f 9166 9167 9195
f 9166 9195 9194
f 9167 9168 9196
f 9167 9196 9195
f 9168 9169 9197
f 9168 9197 9196
f 9169 9170 9198
f 9169 9198 9197
f 9170 9171 9199
f 9170 9199 9198
f 9171 9172 9200
f 9171 9200 9199
f 9172 9173 9201
f 9172 9201 9200
f 9173 9174 9202
f 9173 9202 9201
f 9174 9175 9203
f 9174 9203 9202
f 9175 9176 9204
f 9175 9204 9203
f 9176 9177 9205
f 9176 9205 9204
f 9177 9178 9206
f 9177 9206 9205
f 9178 9179 9207
f 9178 9207 9206
f 9179 9180 9208
f 9179 9208 9207
f 9180 9181 9209
f 9180 9209 9208
f 9181 9182 9210
f 9181 9210 9209
f 9183 9184 9212
f 9183 9212 9211
f 9184 9185 9213
f 9184 9213 9212
f 9185 9186 9214
f 9185 9214 9213
f 9186 9187 9215
f 9186 9215 9214
f 9187 9188 9216
f 9187 9216 9215
f 9188 9189 9217
f 9188 9217 9216
f 9189 9190 9218
f 9189 9218 9217
f 9190 9191 9219
f 9190 9219 9218
f 9191 9192 9220
f 9191 9220 9219
f 9192 9193 9221
f 9192 9221 9220
f 9193 9194 9222
f 9193 9222 9221
f 9194 9195 9223
f 9194 9223 9222
f 9195 9196 9224
f 9195 9224 9223
f 9196 9197 9225
f 9196 9225 9224
f 9197 9198 9226
f 9197 9226 9225
f 9198 9199 9227
f 9198 9227 9226
f 9199 9200 9228
f 9199 9228 9227
f 9200 9201 9229
f 9200 9229 9228
f 9201 9202 9230
f 9201 9230 9229
f 9202 9203 9231
f 9202 9231 9230
f 9203 9204 9232
f 9203 9232 9231
f 9204 9205 9233
f 9204 9233 9232
f 9205 9206 9234
f 9205 9234 9233
f 9206 9207 9235
f 9206 9235 9234
f 9207 9208 9236
f 9207 9236 9235
f 9208 9209 9237
f 9208 9237 9236
f 9209 9210 9238
f 9209 9238 9237
f 9211 9212 9240
f 9211 9240 9239
f 9212 9213 9241
f 9212 9241 9240
f 9213 9214 9242
f 9213 9242 9241
f 9214 9215 9243
f 9214 9243 9242
f 9215 9216 9244
f 9215 9244 9243
f 9216 9217 9245
f 9216 9245 9244
f 9217 9218 9246
f 9217 9246 9245
f 9218 9219 9247
f 9218 9247 9246
f 9219 9220 9248
f 9219 9248 9247
f 9220 9221 9249
f 9220 9249 9248
f 9221 9222 9250
f 9221 9250 9249
f 9222 9223 9251
f 9222 9251 9250
f 9223 9224 9252
f 9223 9252 9251
f 9224 9225 9253
f 9224 9253 9252
f 9225 9226 9254
f 9225 9254 9253
f 9226 9227 9255
f 9226 9255 9254
f 9227 9228 9256
f 9227 9256 9255
f 9228 9229 9257
f 9228 9257 9256
f 9229 9230 9258
f 9229 9258 9257
f 9230 9231 9259
f 9230 9259 9258
f 9231 9232 9260
f 9231 9260 9259
f 9232 9233 9261
f 9232 9261 9260
f 9233 9234 9262
f 9233 9262 9261
f 9234 9235 9263
f 9234 9263 9262
f 9235 9236 9264
f 9235 9264 9263
f 9236 9237 9265
f 9236 9265 9264
f 9237 9238 9266
f 9237 9266 9265
f 9239 9240 9268
f 9239 9268 9267
f 9240 9241 9269
f 9240 9269 9268
f 9241 9242 9270
f 9241 9270 9269
f 9242 9243 9271
f 9242 9271 9270
f 9243 9244 9272
f 9243 9272 9271
f 9244 9245 9273
f 9244 9273 9272
f 9245 9246 9274
f 9245 9274 9273
f 9246 9247 9275
f 9246 9275 9274
f 9247 9248 9276
f 9247 9276 9275
f 9248 9249 9277
f 9248 9277 9276
f 9249 9250 9278
f 9249 9278 9277
f 9250 9251 9279
f 9250 9279 9278
f 9251 9252 9280
f 9251 9280 9279
f 9252 9253 9281
f 9252 9281 9280
f 9253 9254 9282
f 9253 9282 9281
f 9254 9255 9283
f 9254 9283 9282
f 9255 9256 9284
f 9255 9284 9283
f 9256 9257 9285
f 9256 9285 9284
f 9257 9258 9286
f 9257 9286 9285
f 9258 9259 9287
f 9258 9287 9286
f 9259 9260 9288
f 9259 9288 9287
f 9260 9261 9289
f 9260 9289 9288
f 9261 9262 9290
f 9261 9290 9289
f 9262 9263 9291
f 9262 9291 9290
f 9263 9264 9292
f 9263 9292 9291
f 9264 9265 9293
f 9264 9293 9292
f 9265 9266 9294
f 9265 9294 9293
f 9267 9268 8456
f 9267 8456 8455
f 9268 9269 8457
f 9268 8457 8456
f 9269 9270 8458
f 9269 8458 8457
f 9270 9271 8459
f 9270 8459 8458
f 9271 9272 8460
f 9271 8460 8459
f 9272 9273 8461
f 9272 8461 8460
f 9273 9274 8462
f 9273 8462 8461
f 9274 9275 8463
f 9274 8463 8462
f 9275 9276 8464
f 9275 8464 8463
f 9276 9277 8465
f 9276 8465 8464
f 9277 9278 8466
f 9277 8466 8465
f 9278 9279 8467
f 9278 8467 8466
f 9279 9280 8468
f 9279 8468 8467
f 9280 9281 8469
f 9280 8469 8468
f 9281 9282 8470
f 9281 8470 8469
f 9282 9283 8471
f 9282 8471 8470
f 9283 9284 8472
f 9283 8472 8471
f 9284 9285 8473
f 9284 8473 8472
f 9285 9286 8474
f 9285 8474 8473
f 9286 9287 8475
f 9286 8475 8474
f 9287 9288 8476
f 9287 8476 8475
f 9288 9289 8477
f 9288 8477 8476
f 9289 9290 8478
f 9289 8478 8477
f 9290 9291 8479
f 9290 8479 8478
f 9291 9292 8480
f 9291 8480 8479
f 9292 9293 8481
f 9292 8481 8480
f 9293 9294 8482
f 9293 8482 8481
f 9297 9325 9295
f 9325 9353 9295
f 9353 9381 9295
f 9381 9409 9295
f 9409 9437 9295
f 9437 9465 9295
f 9465 9493 9295
f 9493 9521 9295
f 9521 9549 9295
f 9549 9577 9295
f 9577 9605 9295
f 9605 9633 9295
f 9633 9661 9295
f 9661 9689 9295
f 9689 9717 9295
f 9717 9745 9295
f 9745 9773 9295
f 9773 9801 9295
f 9801 9829 9295
f 9829 9857 9295
f 9857 9885 9295
f 9885 9913 9295
f 9913 9941 9295
f 9941 9969 9295
f 9969 9997 9295
f 9997 10025 9295
f 10025 10053 9295
f 10053 10081 9295
f 10081 10109 9295
f 10109 9297 9295
f 9324 9296 9352
f 9352 9296 9380
f 9380 9296 9408
f 9408 9296 9436
f 9436 9296 9464
f 9464 9296 9492
f 9492 9296 9520
f 9520 9296 9548
f 9548 9296 9576
f 9576 9296 9604
f 9604 9296 9632
f 9632 9296 9660
f 9660 9296 9688
f 9688 9296 9716
f 9716 9296 9744
f 9744 9296 9772
f 9772 9296 9800
f 9800 9296 9828
f 9828 9296 9856
f 9856 9296 9884
f 9884 9296 9912
f 9912 9296 9940
f 9940 9296 9968
f 9968 9296 9996
f 9996 9296 10024
f 10024 9296 10052
f 10052 9296 10080
f 10080 9296 10108
f 10108 9296 10136
f 10136 9296 9324
f 9297 9298 9326
f 9297 9326 9325
f 9298 9299 9327
f 9298 9327 9326
f 9299 9300 9328
f 9299 9328 9327
f 9300 9301 9329
f 9300 9329 9328
f 9301 9302 9330
f 9301 9330 9329
f 9302 9303 9331
f 9302 9331 9330
f 9303 9304 9332
f 9303 9332 9331
f 9304 9305 9333
f 9304 9333 9332
f 9305 9306 9334
f 9305 9334 9333
f 9306 9307 9335
f 9306 9335 9334
f 9307 9308 9336
f 9307 9336 9335
f 9308 9309 9337
f 9308 9337 9336
f 9309 9310 9338
f 9309 9338 9337
f 9310 9311 9339
f 9310 9339 9338
f 9311 9312 9340
f 9311 9340 9339
f 9312 9313 9341
f 9312 9341 9340
f 9313 9314 9342
f 9313 9342 9341
f 9314 9315 9343
f 9314 9343 9342
f 9315 9316 9344
f 9315 9344 9343
f 9316 9317 9345
f 9316 9345 9344
f 9317 9318 9346
f 9317 9346 9345
f 9318 9319 9347
f 9318 9347 9346
f 9319 9320 9348
f 9319 9348 9347
f 9320 9321 9349
f 9320 9349 9348
f 9321 9322 9350
f 9321 9350 9349
f 9322 9323 9351
f 9322 9351 9350
f 9323 9324 9352
f 9323 9352 9351
f 9325 9326 9354
f 9325 9354 9353
f 9326 9327 9355
f 9326 9355 9354
f 9327 9328 9356
f 9327 9356 9355
f 9328 9329 9357
f 9328 9357 9356
f 9329 9330 9358
f 9329 9358 9357
f 9330 9331 9359
f 9330 9359 9358
f 9331 9332 9360
f 9331 9360 9359
f 9332 9333 9361
f 9332 9361 9360
f 9333 9334 9362
f 9333 9362 9361
f 9334 9335 9363
f 9334 9363 9362
f 9335 9336 9364
f 9335 9364 9363
f 9336 9337 9365
f 9336 9365 9364
f 9337 9338 9366
f 9337 9366 9365
f 9338 9339 9367
f 9338 9367 9366
f 9339 9340 9368
f 9339 9368 9367
f 9340 9341 9369
f 9340 9369 9368
f 9341 9342 9370
f 9341 9370 9369
f 9342 9343 9371
f 9342 9371 9370
f 9343 9344 9372
f 9343 9372 9371
f 9344 9345 9373
f 9344 9373 9372
f 9345 9346 9374
f 9345 9374 9373
f 9346 9347 9375
f 9346 9375 9374
f 9347 9348 9376
f 9347 9376 9375
f 9348 9349 9377
f 9348 9377 9376
f 9349 9350 9378
f 9349 9378 9377
f 9350 9351 9379
f 9350 9379 9378
f 9351 9352 9380
f 9351 9380 9379
f 9353 9354 9382
f 9353 9382 9381
f 9354 9355 9383
f 9354 9383 9382
f 9355 9356 9384
f 9355 9384 9383
f 9356 9357 9385
f 9356 9385 9384
f 9357 9358 9386
f 9357 9386 9385
f 9358 9359 9387
f 9358 9387 9386
f 9359 9360 9388
f 9359 9388 9387
f 9360 9361 9389
f 9360 9389 9388
f 9361 9362 9390
f 9361 9390 9389
f 9362 9363 9391
f 9362 9391 9390
f 9363 9364 9392
f 9363 9392 9391
f 9364 9365 9393
f 9364 9393 9392
f 9365 9366 9394
f 9365 9394 9393
f 9366 9367 9395
f 9366 9395 9394
f 9367 9368 9396
f 9367 9396 9395
f 9368 9369 9397
f 9368 9397 9396
f 9369 9370 9398
f 9369 9398 9397
f 9370 9371 9399
f 9370 9399 9398
f 9371 9372 9400
f 9371 9400 9399
f 9372 9373 9401
f 9372 9401 9400
f 9373 9374 9402
f 9373 9402 9401
f 9374 9375 9403
f 9374 9403 9402
f 9375 9376 9404
f 9375 9404 9403
f 9376 9377 9405
f 9376 9405 9404
f 9377 9378 9406
f 9377 9406 9405
f 9378 9379 9407
f 9378 9407 9406
f 9379 9380 9408
f 9379 9408 9407
f 9381 9382 9410
f 9381 9410 9409
f 9382 9383 9411
f 9382 9411 9410
f 9383 9384 9412
f 9383 9412 9411
f 9384 9385 9413
f 9384 9413 9412
f 9385 9386 9414
f 9385 9414 9413
f 9386 9387 9415
f 9386 9415 9414
f 9387 9388 9416
f 9387 9416 9415
f 9388 9389 9417
f 9388 9417 9416
f 9389 9390 9418
f 9389 9418 9417
f 9390 9391 9419
f 9390 9419 9418
f 9391 9392 9420
f 9391 9420 9419
f 9392 9393 9421
f 9392 9421 9420
f 9393 9394 9422
f 9393 9422 9421
f 9394 9395 9423
f 9394 9423 9422
f 9395 9396 9424
f 9395 9424 9423
f 9396 9397 9425
f 9396 9425 9424
f 9397 9398 9426
f 9397 9426 9425
f 9398 9399 9427
f 9398 9427 9426
f 9399 9400 9428
f 9399 9428 9427
f 9400 9401 9429
f 9400 9429 9428
f 9401 9402 9430
f 9401 9430 9429
f 9402 9403 9431
f 9402 9431 9430
f 9403 9404 9432
f 9403 9432 9431
f 9404 9405 9433
f 9404 9433 9432
f 9405 9406 9434
f 9405 9434 9433
f 9406 9407 9435
f 9406 9435 9434
f 9407 9408 9436
f 9407 9436 9435
f 9409 9410 9438
f 9409 9438 9437
f 9410 9411 9439
f 9410 9439 9438
f 9411 9412 9440
f 9411 9440 9439
f 9412 9413 9441
f 9412 9441 9440
f 9413 9414 9442
f 9413 9442 9441
f 9414 9415 9443
f 9414 9443 9442
f 9415 9416 9444
f 9415 9444 9443
f 9416 9417 9445
f 9416 9445 9444
f 9417 9418 9446
f 9417 9446 9445
f 9418 9419 9447
f 9418 9447 9446
f 9419 9420 9448
f 9419 9448 9447
f 9420 9421 9449
f 9420 9449 9448
f 9421 9422 9450
f 9421 9450 9449
f 9422 9423 9451
f 9422 9451 9450
f 9423 9424 9452
f 9423 9452 9451
f 9424 9425 9453
f 9424 9453 9452
f 9425 9426 9454
f 9425 9454 9453
f 9426 9427 9455
f 9426 9455 9454
f 9427 9428 9456
f 9427 9456 9455
f 9428 9429 9457
f 9428 9457 9456
f 9429 9430 9458
f 9429 9458 9457
f 9430 9431 9459
f 9430 9459 9458
f 9431 9432 9460
f 9431 9460 9459
f 9432 9433 9461
f 9432 9461 9460
f 9433 9434 9462
f 9433 9462 9461
f 9434 9435 9463
f 9434 9463 9462
f 9435 9436 9464
f 9435 9464 9463
f 9437 9438 9466
f 9437 9466 9465
f 9438 9439 9467
f 9438 9467 9466
f 9439 9440 9468
f 9439 9468 9467
f 9440 9441 9469
f 9440 9469 9468
f 9441 9442 9470
f 9441 9470 9469
f 9442 9443 9471
f 9442 9471 9470
f 9443 9444 9472
f 9443 9472 9471
f 9444 9445 9473
f 9444 9473 9472
f 9445 9446 9474
f 9445 9474 9473
f 9446 9447 9475
f 9446 9475 9474
f 9447 9448 9476
f 9447 9476 9475
f 9448 9449 9477
f 9448 9477 9476
f 9449 9450 9478
f 9449 9478 9477
f 9450 9451 9479
f 9450 9479 9478
f 9451 9452 9480
f 9451 9480 9479
f 9452 9453 9481
f 9452 9481 9480
f 9453 9454 9482
f 9453 9482 9481
f 9454 9455 9483
f 9454 9483 9482
f 9455 9456 9484
f 9455 9484 9483
f 9456 9457 9485
f 9456 9485 9484
f 9457 9458 9486
f 9457 9486 9485
f 9458 9459 9487
f 9458 9487 9486
f 9459 9460 9488
f 9459 9488 9487
f 9460 9461 9489
f 9460 9489 9488
f 9461 9462 9490
f 9461 9490 9489
f 9462 9463 9491
f 9462 9491 9490
f 9463 9464 9492
f 9463 9492 9491
f 9465 9466 9494
f 9465 9494 9493
f 9466 9467 9495
f 9466 9495 9494
f 9467 9468 9496
f 9467 9496 9495
f 9468 9469 9497
f 9468 9497 9496
f 9469 9470 9498
f 9469 9498 9497
f 9470 9471 9499
f 9470 9499 9498
f 9471 9472 9500
f 9471 9500 9499
f 9472 9473 9501
f 9472 9501 9500
f 9473 9474 9502
f 9473 9502 9501
f 9474 9475 9503
f 9474 9503 9502
f 9475 9476 9504
f 9475 9504 9503
f 9476 9477 9505
f 9476 9505 9504
f 9477 9478 9506
f 9477 9506 9505
f 9478 9479 9507
f 9478 9507 9506
f 9479 9480 9508
f 9479 9508 9507
f 9480 9481 9509
f 9480 9509 9508
f 9481 9482 9510
f 9481 9510 9509
f 9482 9483 9511
f 9482 9511 9510
f 9483 9484 9512
f 9483 9512 9511
f 9484 9485 9513
f 9484 9513 9512
f 9485 9486 9514
f 9485 9514 9513
f 9486 9487 9515
f 9486 9515 9514
f 9487 9488 9516
f 9487 9516 9515
f 9488 9489 9517
f 9488 9517 9516
f 9489 9490 9518
f 9489 9518 9517
f 9490 9491 9519
f 9490 9519 9518
f 9491 9492 9520
f 9491 9520 9519
f 9493 9494 9522
f 9493 9522 9521
f 9494 9495 9523
f 9494 9523 9522
f 9495 9496 9524
f 9495 9524 9523
f 9496 9497 9525
f 9496 9525 9524
f 9497 9498 9526
f 9497 9526 9525
f 9498 9499 9527
f 9498 9527 9526
f 9499 9500 9528
f 9499 9528 9527
f 9500 9501 9529
f 9500 9529 9528
f 9501 9502 9530
f 9501 9530 9529
f 9502 9503 9531
f 9502 9531 9530
f 9503 9504 9532
f 9503 9532 9531
f 9504 9505 9533
f 9504 9533 9532
f 9505 9506 9534
f 9505 9534 9533
f 9506 9507 9535
f 9506 9535 9534
f 9507 9508 9536
f 9507 9536 9535
f 9508 9509 9537
f 9508 9537 9536
f 9509 9510 9538
f 9509 9538 9537
f 9510 9511 9539
f 9510 9539 9538
f 9511 9512 9540
f 9511 9540 9539
f 9512 9513 9541
f 9512 9541 9540
f 9513 9514 9542
f 9513 9542 9541
f 9514 9515 9543
f 9514 9543 9542
f 9515 9516 9544
f 9515 9544 9543
f 9516 9517 9545
f 9516 9545 9544
f 9517 9518 9546
f 9517 9546 9545
f 9518 9519 9547
f 9518 9547 9546
f 9519 9520 9548
f 9519 9548 9547
f 9521 9522 9550
f 9521 9550 9549
f 9522 9523 9551
f 9522 9551 9550
f 9523 9524 9552
f 9523 9552 9551
f 9524 9525 9553
f 9524 9553 9552
f 9525 9526 9554
f 9525 9554 9553
f 9526 9527 9555
f 9526 9555 9554
f 9527 9528 9556
f 9527 9556 9555
f 9528 9529 9557
f 9528 9557 9556
f 9529 9530 9558
f 9529 9558 9557
f 9530 9531 9559
f 9530 9559 9558
f 9531 9532 9560
f 9531 9560 9559
f 9532 9533 9561
f 9532 9561 9560
f 9533 9534 9562
f 9533 9562 9561
f 9534 9535 9563
f 9534 9563 9562
f 9535 9536 9564
f 9535 9564 9563
f 9536 9537 9565
f 9536 9565 9564
f 9537 9538 9566
f 9537 9566 9565
f 9538 9539 9567
f 9538 9567 9566
f 9539 9540 9568
f 9539 9568 9567
f 9540 9541 9569
f 9540 9569 9568
f 9541 9542 9570
f 9541 9570 9569
f 9542 9543 9571
f 9542 9571 9570
f 9543 9544 9572
f 9543 9572 9571
f 9544 9545 9573
f 9544 9573 9572
f 9545 9546 9574
f 9545 9574 9573
f 9546 9547 9575
f 9546 9575 9574
f 9547 9548 9576
f 9547 9576 9575
f 9549 9550 9578
f 9549 9578 9577
f 9550 9551 9579
f 9550 9579 9578
f 9551 9552 9580
f 9551 9580 9579
f 9552 9553 9581
f 9552 9581 9580
f 9553 9554 9582
f 9553 9582 9581
f 9554 9555 9583
f 9554 9583 9582
f 9555 9556 9584
f 9555 9584 9583
f 9556 9557 9585
f 9556 9585 9584
f 9557 9558 9586
f 9557 9586 9585
f 9558 9559 9587
f 9558 9587 9586
f 9559 9560 9588
f 9559 9588 9587
f 9560 9561 9589
f 9560 9589 9588
f 9561 9562 9590
f 9561 9590 9589
f 9562 9563 9591
f 9562 9591 9590
f 9563 9564 9592
f 9563 9592 9591
f 9564 9565 9593
f 9564 9593 9592
f 9565 9566 9594
f 9565 9594 9593
f 9566 9567 9595
f 9566 9595 9594
f 9567 9568 9596
f 9567 9596 9595
f 9568 9569 9597
f 9568 9597 9596
f 9569 9570 9598
f 9569 9598 9597
f 9570 9571 9599
f 9570 9599 9598
f 9571 9572 9600
f 9571 9600 9599
f 9572 9573 9601
f 9572 9601 9600
f 9573 9574 9602
f 9573 9602 9601
f 9574 9575 9603
f 9574 9603 9602
f 9575 9576 9604
f 9575 9604 9603
f 9577 9578 9606
f 9577 9606 9605
f 9578 9579 9607
f 9578 9607 9606
f 9579 9580 9608
f 9579 9608 9607
f 9580 9581 9609
f 9580 9609 9608
f 9581 9582 9610
f 9581 9610 9609
f 9582 9583 9611
f 9582 9611 9610
f 9583 9584 9612
f 9583 9612 9611
f 9584 9585 9613
f 9584 9613 9612
f 9585 9586 9614
f 9585 9614 9613
f 9586 9587 9615
f 9586 9615 9614
f 9587 9588 9616
f 9587 9616 9615
f 9588 9589 9617
f 9588 9617 9616
f 9589 9590 9618
f 9589 9618 9617
f 9590 9591 9619
f 9590 9619 9618
f 9591 9592 9620
f 9591 9620 9619
f 9592 9593 9621
f 9592 9621 9620
f 9593 9594 9622
f 9593 9622 9621
f 9594 9595 9623
f 9594 9623 9622
f 9595 9596 9624
f 9595 9624 9623
f 9596 9597 9625
f 9596 9625 9624
f 9597 9598 9626
f 9597 9626 9625
f 9598 9599 9627
f 9598 9627 9626
f 9599 9600 9628
f 9599 9628 9627
f 9600 9601 9629
f 9600 9629 9628
f 9601 9602 9630
f 9601 9630 9629
f 9602 9603 9631
f 9602 9631 9630
f 9603 9604 9632
f 9603 9632 9631
f 9605 9606 9634
f 9605 9634 9633
f 9606 9607 9635
f 9606 9635 9634
f 9607 9608 9636
f 9607 9636 9635
f 9608 9609 9637
f 9608 9637 9636
f 9609 9610 9638
f 9609 9638 9637
f 9610 9611 9639
f 9610 9639 9638
f 9611 9612 9640
f 9611 9640 9639
f 9612 9613 9641
f 9612 9641 9640
f 9613 9614 9642
f 9613 9642 9641
f 9614 9615 9643
f 9614 9643 9642
f 9615 9616 9644
f 9615 9644 9643
f 9616 9617 9645
f 9616 9645 9644
f 9617 9618 9646
f 9617 9646 9645
f 9618 9619 9647
f 9618 9647 9646
f 9619 9620 9648
f 9619 9648 9647
f 9620 9621 9649
f 9620 9649 9648
f 9621 9622 9650
f 9621 9650 9649
f 9622 9623 9651
f 9622 9651 9650
f 9623 9624 9652
f 9623 9652 9651
f 9624 9625 9653
f 9624 9653 9652
f 9625 9626 9654
f 9625 9654 9653
f 9626 9627 9655
f 9626 9655 9654
f 9627 9628 9656
f 9627 9656 9655
f 9628 9629 9657
f 9628 9657 9656
f 9629 9630 9658
f 9629 9658 9657
f 9630 9631 9659
f 9630 9659 9658
f 9631 9632 9660
f 9631 9660 9659
f 9633 9634 9662
f 9633 9662 9661
f 9634 9635 9663
f 9634 9663 9662
f 9635 9636 9664
f 9635 9664 9663
f 9636 9637 9665
f 9636 9665 9664
f 9637 9638 9666
f 9637 9666 9665
f 9638 9639 9667
f 9638 9667 9666
f 9639 9640 9668
f 9639 9668 9667
f 9640 9641 9669
f 9640 9669 9668
f 9641 9642 9670
f 9641 9670 9669
f 9642 9643 9671
f 9642 9671 9670
f 9643 9644 9672
f 9643 9672 9671
f 9644 9645 9673
f 9644 9673 9672
f 9645 9646 9674
f 9645 9674 9673
f 9646 9647 9675
f 9646 9675 9674
f 9647 9648 9676
f 9647 9676 9675
f 9648 9649 9677
f 9648 9677 9676
f 9649 9650 9678
f 9649 9678 9677
f 9650 9651 9679
f 9650 9679 9678
f 9651 9652 9680
f 9651 9680 9679
f 9652 9653 9681
f 9652 9681 9680
f 9653 9654 9682
f 9653 9682 9681
f 9654 9655 9683
f 9654 9683 9682
f 9655 9656 9684
f 9655 9684 9683
f 9656 9657 9685
f 9656 9685 9684
f 9657 9658 9686
f 9657 9686 9685
f 9658 9659 9687
f 9658 9687 9686
f 9659 9660 9688
f 9659 9688 9687
f 9661 9662 9690
f 9661 9690 9689
f 9662 9663 9691
f 9662 9691 9690
f 9663 9664 9692
f 9663 9692 9691
f 9664 9665 9693
f 9664 9693 9692
f 9665 9666 9694
f 9665 9694 9693
f 9666 9667 9695
f 9666 9695 9694
f 9667 9668 9696
f 9667 9696 9695
f 9668 9669 9697
f 9668 9697 9696
f 9669 9670 9698
f 9669 9698 9697
f 9670 9671 9699
f 9670 9699 9698
f 9671 9672 9700
f 9671 9700 9699
f 9672 9673 9701
f 9672 9701 9700
f 9673 9674 9702
f 9673 9702 9701
f 9674 9675 9703
f 9674 9703 9702
f 9675 9676 9704
f 9675 9704 9703
f 9676 9677 9705
f 9676 9705 9704
f 9677 9678 9706
f 9677 9706 9705
f 9678 9679 9707
f 9678 9707 9706
f 9679 9680 9708
f 9679 9708 9707
f 9680 9681 9709
f 9680 9709 9708
f 9681 9682 9710
f 9681 9710 9709
f 9682 9683 9711
f 9682 9711 9710
f 9683 9684 9712
f 9683 9712 9711
f 9684 9685 9713
f 9684 9713 9712
f 9685 9686 9714
f 9685 9714 9713
f 9686 9687 9715
f 9686 9715 9714
f 9687 9688 9716
f 9687 9716 9715
f 9689 9690 9718
f 9689 9718 9717
f 9690 9691 9719
f 9690 9719 9718
f 9691 9692 9720
f 9691 9720 9719
f 9692 9693 9721
f 9692 9721 9720
f 9693 9694 9722
f 9693 9722 9721
f 9694 9695 9723
f 9694 9723 9722
f 9695 9696 9724
f 9695 9724 9723
f 9696 9697 9725
f 9696 9725 9724
f 9697 9698 9726
f 9697 9726 9725
f 9698 9699 9727
f 9698 9727 9726
f 9699 9700 9728
f 9699 9728 9727
f 9700 9701 9729
f 9700 9729 9728
f 9701 9702 9730
f 9701 9730 9729
f 9702 9703 9731
f 9702 9731 9730
f 9703 9704 9732
f 9703 9732 9731
f 9704 9705 9733
f 9704 9733 9732
f 9705 9706 9734
f 9705 9734 9733
f 9706 9707 9735
f 9706 9735 9734
f 9707 9708 9736
f 9707 9736 9735
f 9708 9709 9737
f 9708 9737 9736
f 9709 9710 9738
f 9709 9738 9737
f 9710 9711 9739
f 9710 9739 9738
f 9711 9712 9740
f 9711 9740 9739
f 9712 9713 9741
f 9712 9741 9740
f 9713 9714 9742
f 9713 9742 9741
f 9714 9715 9743
f 9714 9743 9742
f 9715 9716 9744
f 9715 9744 9743
f 9717 9718 9746
f 9717 9746 9745
f 9718 9719 9747
f 9718 9747 9746
f 9719 9720 9748
f 9719 9748 9747
f 9720 9721 9749
f 9720 9749 9748
f 9721 9722 9750
f 9721 9750 9749
f 9722 9723 9751
f 9722 9751 9750
f 9723 9724 9752
f 9723 9752 9751
f 9724 9725 9753
f 9724 9753 9752
f 9725 9726 9754
f 9725 9754 9753
f 9726 9727 9755
f 9726 9755 9754
f 9727 9728 9756
f 9727 9756 9755
f 9728 9729 9757
f 9728 9757 9756
f 9729 9730 9758
f 9729 9758 9757
f 9730 9731 9759
f 9730 9759 9758
f 9731 9732 9760
f 9731 9760 9759
f 9732 9733 9761
f 9732 9761 9760
f 9733 9734 9762
f 9733 9762 9761
f 9734 9735 9763
f 9734 9763 9762
f 9735 9736 9764
f 9735 9764 9763
f 9736 9737 9765
f 9736 9765 9764
f 9737 9738 9766
f 9737 9766 9765
f 9738 9739 9767
f 9738 9767 9766
f 9739 9740 9768
f 9739 9768 9767
f 9740 9741 9769
f 9740 9769 9768
f 9741 9742 9770
f 9741 9770 9769
f 9742 9743 9771
f 9742 9771 9770
f 9743 9744 9772
f 9743 9772 9771
f 9745 9746 9774
f 9745 9774 9773
f 9746 9747 9775
f 9746 9775 9774
f 9747 9748 9776
f 9747 9776 9775
f 9748 9749 9777
f 9748 9777 9776
f 9749 9750 9778
f 9749 9778 9777
f 9750 9751 9779
f 9750 9779 9778
f 9751 9752 9780
f 9751 9780 9779
f 9752 9753 9781
f 9752 9781 9780
f 9753 9754 9782
f 9753 9782 9781
f 9754 9755 9783
f 9754 9783 9782
f 9755 9756 9784
f 9755 9784 9783
f 9756 9757 9785
f 9756 9785 9784
f 9757 9758 9786
f 9757 9786 9785
f 9758 9759 9787
f 9758 9787 9786
f 9759 9760 9788
f 9759 9788 9787
f 9760 9761 9789
f 9760 9789 9788
f 9761 9762 9790
f 9761 9790 9789
f 9762 9763 9791
f 9762 9791 9790
f 9763 9764 9792
f 9763 9792 9791
f 9764 9765 9793
f 9764 9793 9792
f 9765 9766 9794
f 9765 9794 9793
f 9766 9767 9795
f 9766 9795 9794
f 9767 9768 9796
f 9767 9796 9795
f 9768 9769 9797
f 9768 9797 9796
f 9769 9770 9798
f 9769 9798 9797
f 9770 9771 9799
f 9770 9799 9798
f 9771 9772 9800
f 9771 9800 9799
f 9773 9774 9802
f 9773 9802 9801
f 9774 9775 9803
f 9774 9803 9802
f 9775 9776 9804
f 9775 9804 9803
f 9776 9777 9805
f 9776 9805 9804
f 9777 9778 9806
f 9777 9806 9805
f 9778 9779 9807
f 9778 9807 9806
f 9779 9780 9808
f 9779 9808 9807
f 9780 9781 9809
f 9780 9809 9808
f 9781 9782 9810
f 9781 9810 9809
f 9782 9783 9811
f 9782 9811 9810
f 9783 9784 9812
f 9783 9812 9811
f 9784 9785 9813
f 9784 9813 9812
f 9785 9786 9814
f 9785 9814 9813
f 9786 9787 9815
f 9786 9815 9814
f 9787 9788 9816
f 9787 9816 9815
f 9788 9789 9817
f 9788 9817 9816
f 9789 9790 9818
f 9789 9818 9817
f 9790 9791 9819
f 9790 9819 9818
f 9791 9792 9820
f 9791 9820 9819
f 9792 9793 9821
f 9792 9821 9820
f 9793 9794 9822
f 9793 9822 9821
f 9794 9795 9823
f 9794 9823 9822
f 9795 9796 9824
f 9795 9824 9823
f 9796 9797 9825
f 9796 9825 9824
f 9797 9798 9826
f 9797 9826 9825
f 9798 9799 9827
f 9798 9827 9826
f 9799 9800 9828
f 9799 9828 9827
f 9801 9802 9830
f 9801 9830 9829
f 9802 9803 9831
f 9802 9831 9830
f 9803 9804 9832
f 9803 9832 9831
f 9804 9805 9833
f 9804 9833 9832
f 9805 9806 9834
f 9805 9834 9833
f 9806 9807 9835
f 9806 9835 9834
f 9807 9808 9836
f 9807 9836 9835
f 9808 9809 9837
f 9808 9837 9836
f 9809 9810 9838
f 9809 9838 9837
f 9810 9811 9839
f 9810 9839 9838
f 9811 9812 9840
f 9811 9840 9839
f 9812 9813 9841
f 9812 9841 9840
f 9813 9814 9842
f 9813 9842 9841
f 9814 9815 9843
f 9814 9843 9842
f 9815 9816 9844
f 9815 9844 9843
f 9816 9817 9845
f 9816 9845 9844
f 9817 9818 9846
f 9817 9846 9845
f 9818 9819 9847
f 9818 9847 9846
f 9819 9820 9848
f 9819 9848 9847
f 9820 9821 9849
f 9820 9849 9848
f 9821 9822 9850
f 9821 9850 9849
f 9822 9823 9851
f 9822 9851 9850
f 9823 9824 9852
f 9823 9852 9851
f 9824 9825 9853
f 9824 9853 9852
f 9825 9826 9854
f 9825 9854 9853
f 9826 9827 9855
f 9826 9855 9854
f 9827 9828 9856
f 9827 9856 9855
f 9829 9830 9858
f 9829 9858 9857
f 9830 9831 9859
f 9830 9859 9858
f 9831 9832 9860
f 9831 9860 9859
f 9832 9833 9861
f 9832 9861 9860
f 9833 9834 9862
f 9833 9862 9861
f 9834 9835 9863
f 9834 9863 9862
f 9835 9836 9864
f 9835 9864 9863
f 9836 9837 9865
f 9836 9865 9864
f 9837 9838 9866
f 9837 9866 9865
f 9838 9839 9867
f 9838 9867 9866
f 9839 9840 9868
f 9839 9868 9867
f 9840 9841 9869
f 9840 9869 9868
f 9841 9842 9870
f 9841 9870 9869
f 9842 9843 9871
f 9842 9871 9870
f 9843 9844 9872
f 9843 9872 9871
f 9844 9845 9873
f 9844 9873 9872
f 9845 9846 9874
f 9845 9874 9873
f 9846 9847 9875
f 9846 9875 9874
f 9847 9848 9876
f 9847 9876 9875
f 9848 9849 9877
f 9848 9877 9876
f 9849 9850 9878
f 9849 9878 9877
f 9850 9851 9879
f 9850 9879 9878
f 9851 9852 9880
f 9851 9880 9879
f 9852 9853 9881
f 9852 9881 9880
f 9853 9854 9882
f 9853 9882 9881
f 9854 9855 9883
f 9854 9883 9882
f 9855 9856 9884
f 9855 9884 9883
f 9857 9858 9886
f 9857 9886 9885
f 9858 9859 9887
f 9858 9887 9886
f 9859 9860 9888
f 9859 9888 9887
f 9860 9861 9889
f 9860 9889 9888
f 9861 9862 9890
f 9861 9890 9889
f 9862 9863 9891
f 9862 9891 9890
f 9863 9864 9892
f 9863 9892 9891
f 9864 9865 9893
f 9864 9893 9892
f 9865 9866 9894
f 9865 9894 9893
f 9866 9867 9895
f 9866 9895 9894
f 9867 9868 9896
f 9867 9896 9895
f 9868 9869 9897
f 9868 9897 9896
f 9869 9870 9898
f 9869 9898 9897
f 9870 9871 9899
f 9870 9899 9898
f 9871 9872 9900
f 9871 9900 9899
f 9872 9873 9901
f 9872 9901 9900
f 9873 9874 9902
f 9873 9902 9901
f 9874 9875 9903
f 9874 9903 9902
f 9875 9876 9904
f 9875 9904 9903
f 9876 9877 9905
f 9876 9905 9904
f 9877 9878 9906
f 9877 9906 9905
f 9878 9879 9907
f 9878 9907 9906
f 9879 9880 9908
f 9879 9908 9907
f 9880 9881 9909
f 9880 9909 9908
f 9881 9882 9910
f 9881 9910 9909
f 9882 9883 9911
f 9882 9911 9910
f 9883 9884 9912
f 9883 9912 9911
f 9885 9886 9914
f 9885 9914 9913
f 9886 9887 9915
f 9886 9915 9914
f 9887 9888 9916
f 9887 9916 9915
f 9888 9889 9917
f 9888 9917 9916
f 9889 9890 9918
f 9889 9918 9917
f 9890 9891 9919
f 9890 9919 9918
f 9891 9892 9920
f 9891 9920 9919
f 9892 9893 9921
f 9892 9921 9920
f 9893 9894 9922
f 9893 9922 9921
f 9894 9895 9923
f 9894 9923 9922
f 9895 9896 9924
f 9895 9924 9923
f 9896 9897 9925
f 9896 9925 9924
f 9897 9898 9926
f 9897 9926 9925
f 9898 9899 9927
f 9898 9927 9926
f 9899 9900 9928
f 9899 9928 9927
f 9900 9901 9929
f 9900 9929 9928
f 9901 9902 9930
f 9901 9930 9929
f 9902 9903 9931
f 9902 9931 9930
f 9903 9904 9932
f 9903 9932 9931
f 9904 9905 9933
f 9904 9933 9932
f 9905 9906 9934
f 9905 9934 9933
f 9906 9907 9935
f 9906 9935 9934
f 9907 9908 9936
f 9907 9936 9935
f 9908 9909 9937
f 9908 9937 9936
f 9909 9910 9938
f 9909 9938 9937
f 9910 9911 9939
f 9910 9939 9938
f 9911 9912 9940
f 9911 9940 9939
f 9913 9914 9942
f 9913 9942 9941
f 9914 9915 9943
f 9914 9943 9942
f 9915 9916 9944
f 9915 9944 9943
f 9916 9917 9945
f 9916 9945 9944
f 9917 9918 9946
f 9917 9946 9945
f 9918 9919 9947
f 9918 9947 9946
f 9919 9920 9948
f 9919 9948 9947
f 9920 9921 9949
f 9920 9949 9948
f 9921 9922 9950
f 9921 9950 9949
f 9922 9923 9951
f 9922 9951 9950
f 9923 9924 9952
f 9923 9952 9951
f 9924 9925 9953
f 9924 9953 9952
f 9925 9926 9954
f 9925 9954 9953
f 9926 9927 9955
f 9926 9955 9954
f 9927 9928 9956
f 9927 9956 9955
f 9928 9929 9957
f 9928 9957 9956
f 9929 9930 9958
f 9929 9958 9957
f 9930 9931 9959
f 9930 9959 9958
f 9931 9932 9960
f 9931 9960 9959
f 9932 9933 9961
f 9932 9961 9960
f 9933 9934 9962
f 9933 9962 9961
f 9934 9935 9963
f 9934 9963 9962
f 9935 9936 9964
f 9935 9964 9963
f 9936 9937 9965
f 9936 9965 9964
f 9937 9938 9966
f 9937 9966 9965
f 9938 9939 9967
f 9938 9967 9966
f 9939 9940 9968
f 9939 9968 9967
f 9941 9942 9970
f 9941 9970 9969
f 9942 9943 9971
f 9942 9971 9970
f 9943 9944 9972
f 9943 9972 9971
f 9944 9945 9973
f 9944 9973 9972
f 9945 9946 9974
f 9945 9974 9973
f 9946 9947 9975
f 9946 9975 9974
f 9947 9948 9976
f 9947 9976 9975
f 9948 9949 9977
f 9948 9977 9976
f 9949 9950 9978
f 9949 9978 9977
f 9950 9951 9979
f 9950 9979 9978
f 9951 9952 9980
f 9951 9980 9979
f 9952 9953 9981
f 9952 9981 9980
f 9953 9954 9982
f 9953 9982 9981
f 9954 9955 9983
f 9954 9983 9982
f 9955 9956 9984
f 9955 9984 9983
f 9956 9957 9985
f 9956 9985 9984
f 9957 9958 9986
f 9957 9986 9985
f 9958 9959 9987
f 9958 9987 9986
f 9959 9960 9988
f 9959 9988 9987
f 9960 9961 9989
f 9960 9989 9988
f 9961 9962 9990
f 9961 9990 9989
f 9962 9963 9991
f 9962 9991 9990
f 9963 9964 9992
f 9963 9992 9991
f 9964 9965 9993
f 9964 9993 9992
f 9965 9966 9994
f 9965 9994 9993
f 9966 9967 9995
f 9966 9995 9994
f 9967 9968 9996
f 9967 9996 9995
f 9969 9970 9998
f 9969 9998 9997
f 9970 9971 9999
f 9970 9999 9998
f 9971 9972 10000
f 9971 10000 9999
f 9972 9973 10001
f 9972 10001 10000
f 9973 9974 10002
f 9973 10002 10001
f 9974 9975 10003
f 9974 10003 10002
f 9975 9976 10004
f 9975 10004 10003
f 9976 9977 10005
f 9976 10005 10004
f 9977 9978 10006
f 9977 10006 10005
f 9978 9979 10007
f 9978 10007 10006
f 9979 9980 10008
f 9979 10008 10007
f 9980 9981 10009
f 9980 10009 10008
f 9981 9982 10010
f 9981 10010 10009
f 9982 9983 10011
f 9982 10011 10010
f 9983 9984 10012
f 9983 10012 10011
f 9984 9985 10013
f 9984 10013 10012
f 9985 9986 10014
f 9985 10014 10013
f 9986 9987 10015
f 9986 10015 10014
f 9987 9988 10016
f 9987 10016 10015
f 9988 9989 10017
f 9988 10017 10016
f 9989 9990 10018
f 9989 10018 10017
f 9990 9991 10019
f 9990 10019 10018
f 9991 9992 10020
f 9991 10020 10019
f 9992 9993 10021
f 9992 10021 10020
f 9993 9994 10022
f 9993 10022 10021
f 9994 9995 10023
f 9994 10023 10022
f 9995 9996 10024
f 9995 10024 10023
f 9997 9998 10026
f 9997 10026 10025
f 9998 9999 10027
f 9998 10027 10026
f 9999 10000 10028
f 9999 10028 10027
f 10000 10001 10029
f 10000 10029 10028
f 10001 10002 10030
f 10001 10030 10029
f 10002 10003 10031
f 10002 10031 10030
f 10003 10004 10032
f 10003 10032 10031
f 10004 10005 10033
f 10004 10033 10032
f 10005 10006 10034
f 10005 10034 10033
f 10006 10007 10035
f 10006 10035 10034
f 10007 10008 10036
f 10007 10036 10035
f 10008 10009 10037
f 10008 10037 10036
f 10009 10010 10038
f 10009 10038 10037
f 10010 10011 10039
f 10010 10039 10038
f 10011 10012 10040
f 10011 10040 10039
f 10012 10013 10041
f 10012 10041 10040
f 10013 10014 10042
f 10013 10042 10041
f 10014 10015 10043
f 10014 10043 10042
f 10015 10016 10044
f 10015 10044 10043
f 10016 10017 10045
f 10016 10045 10044
f 10017 10018 10046
f 10017 10046 10045
f 10018 10019 10047
f 10018 10047 10046
f 10019 10020 10048
f 10019 10048 10047
f 10020 10021 10049
f 10020 10049 10048
f 10021 10022 10050
f 10021 10050 10049
f 10022 10023 10051
f 10022 10051 10050
f 10023 10024 10052
f 10023 10052 10051
f 10025 10026 10054
f 10025 10054 10053
f 10026 10027 10055
f 10026 10055 10054
f 10027 10028 10056
f 10027 10056 10055
f 10028 10029 10057
f 10028 10057 10056
f 10029 10030 10058
f 10029 10058 10057
f 10030 10031 10059
f 10030 10059 10058
f 10031 10032 10060
f 10031 10060 10059
f 10032 10033 10061
f 10032 10061 10060
f 10033 10034 10062
f 10033 10062 10061
f 10034 10035 10063
f 10034 10063 10062
f 10035 10036 10064
f 10035 10064 10063
f 10036 10037 10065
f 10036 10065 10064
f 10037 10038 10066
f 10037 10066 10065
f 10038 10039 10067
f 10038 10067 10066
f 10039 10040 10068
f 10039 10068 10067
f 10040 10041 10069
f 10040 10069 10068
f 10041 10042 10070
f 10041 10070 10069
f 10042 10043 10071
f 10042 10071 10070
f 10043 10044 10072
f 10043 10072 10071
f 10044 10045 10073
f 10044 10073 10072
f 10045 10046 10074
f 10045 10074 10073
f 10046 10047 10075
f 10046 10075 10074
f 10047 10048 10076
f 10047 10076 10075
f 10048 10049 10077
f 10048 10077 10076
f 10049 10050 10078
f 10049 10078 10077
f 10050 10051 10079
f 10050 10079 10078
f 10051 10052 10080
f 10051 10080 10079
f 10053 10054 10082
f 10053 10082 10081
f 10054 10055 10083
f 10054 10083 10082
f 10055 10056 10084
f 10055 10084 10083
f 10056 10057 10085
f 10056 10085 10084
f 10057 10058 10086
f 10057 10086 10085
f 10058 10059 10087
f 10058 10087 10086
f 10059 10060 10088
f 10059 10088 10087
f 10060 10061 10089
f 10060 10089 10088
f 10061 10062 10090
f 10061 10090 10089
f 10062 10063 10091
f 10062 10091 10090
f 10063 10064 10092
f 10063 10092 10091
f 10064 10065 10093
f 10064 10093 10092
f 10065 10066 10094
f 10065 10094 10093
f 10066 10067 10095
f 10066 10095 10094
f 10067 10068 10096
f 10067 10096 10095
f 10068 10069 10097
f 10068 10097 10096
f 10069 10070 10098
f 10069 10098 10097
f 10070 10071 10099
f 10070 10099 10098
f 10071 10072 10100
f 10071 10100 10099
f 10072 10073 10101
f 10072 10101 10100
f 10073 10074 10102
f 10073 10102 10101
f 10074 10075 10103
f 10074 10103 10102
f 10075 10076 10104
f 10075 10104 10103
f 10076 10077 10105
f 10076 10105 10104
f 10077 10078 10106
f 10077 10106 10105
f 10078 10079 10107
f 10078 10107 10106
f 10079 10080 10108
f 10079 10108 10107
f 10081 10082 10110
f 10081 10110 10109
f 10082 10083 10111
f 10082 10111 10110
f 10083 10084 10112
f 10083 10112 10111
f 10084 10085 10113
f 10084 10113 10112
f 10085 10086 10114
f 10085 10114 10113
f 10086 10087 10115
f 10086 10115 10114
f 10087 10088 10116
f 10087 10116 10115
f 10088 10089 10117
f 10088 10117 10116
f 10089 10090 10118
f 10089 10118 10117
f 10090 10091 10119
f 10090 10119 10118
f 10091 10092 10120
f 10091 10120 10119
f 10092 10093 10121
f 10092 10121 10120
f 10093 10094 10122
f 10093 10122 10121
f 10094 10095 10123
f 10094 10123 10122
f 10095 10096 10124
f 10095 10124 10123
f 10096 10097 10125
f 10096 10125 10124
f 10097 10098 10126
f 10097 10126 10125
f 10098 10099 10127
f 10098 10127 10126
f 10099 10100 10128
f 10099 10128 10127
f 10100 10101 10129
f 10100 10129 10128
f 10101 10102 10130
f 10101 10130 10129
f 10102 10103 10131
f 10102 10131 10130
f 10103 10104 10132
f 10103 10132 10131
f 10104 10105 10133
f 10104 10133 10132
f 10105 10106 10134
f 10105 10134 10133
f 10106 10107 10135
f 10106 10135 10134
f 10107 10108 10136
f 10107 10136 10135
f 10109 10110 9298
f 10109 9298 9297
f 10110 10111 9299
f 10110 9299 9298
f 10111 10112 9300
f 10111 9300 9299
f 10112 10113 9301
f 10112 9301 9300
f 10113 10114 9302
f 10113 9302 9301
f 10114 10115 9303
f 10114 9303 9302
f 10115 10116 9304
f 10115 9304 9303
f 10116 10117 9305
f 10116 9305 9304
f 10117 10118 9306
f 10117 9306 9305
f 10118 10119 9307
f 10118 9307 9306
f 10119 10120 9308
f 10119 9308 9307
f 10120 10121 9309
f 10120 9309 9308
f 10121 10122 9310
f 10121 9310 9309
f 10122 10123 9311
f 10122 9311 9310
f 10123 10124 9312
f 10123 9312 9311
f 10124 10125 9313
f 10124 9313 9312
f 10125 10126 9314
f 10125 9314 9313
f 10126 10127 9315
f 10126 9315 9314
f 10127 10128 9316
f 10127 9316 9315
f 10128 10129 9317
f 10128 9317 9316
f 10129 10130 9318
f 10129 9318 9317
f 10130 10131 9319
f 10130 9319 9318
f 10131 10132 9320
f 10131 9320 9319
f 10132 10133 9321
f 10132 9321 9320
f 10133 10134 9322
f 10133 9322 9321
f 10134 10135 9323
f 10134 9323 9322
f 10135 10136 9324
f 10135 9324 9323
