# Generated by Visualization Toolkit
v -4.320497989654541 -0.9188706278800964 -1.6676193475723267
v -4.368689060211182 -1.3858554363250732 -1.403795838356018
v -4.384906768798828 -1.3746949434280396 -1.3881990909576416
v -4.39866304397583 -1.3618597984313965 -1.3715604543685913
v -4.409740924835205 -1.3475520610809326 -1.3541423082351685
v -4.417966365814209 -1.3319977521896362 -1.336219310760498
v -4.423208713531494 -1.3154418468475342 -1.3180742263793945
v -4.42538595199585 -1.2981456518173218 -1.2999931573867798
v -4.424463272094727 -1.2803819179534912 -1.2822612524032593
v -4.420455455780029 -1.2624306678771973 -1.2651581764221191
v -4.413425922393799 -1.244575023651123 -1.2489537000656128
v -4.4034857749938965 -1.2270967960357666 -1.233903169631958
v -4.3907904624938965 -1.2102713584899902 -1.2202441692352295
v -4.375541687011719 -1.194364070892334 -1.208191990852356
v -4.3579792976379395 -1.1796261072158813 -1.197936773300171
v -4.338379859924316 -1.1662895679473877 -1.1896401643753052
v -4.317053318023682 -1.1545648574829102 -1.1834330558776855
v -4.29433536529541 -1.1446369886398315 -1.1794133186340332
v -4.270584583282471 -1.1366623640060425 -1.1776443719863892
v -4.246175289154053 -1.1307668685913086 -1.1781541109085083
v -4.221492767333984 -1.1270434856414795 -1.1809345483779907
v -4.196926116943359 -1.1255508661270142 -1.1859416961669922
v -4.172862529754639 -1.1263126134872437 -1.1930967569351196
v -4.14968204498291 -1.1293166875839233 -1.202286720275879
v -4.127749919891357 -1.1345157623291016 -1.2133667469024658
v -4.107411861419678 -1.1418277025222778 -1.2261621952056885
v -4.088988304138184 -1.1511372327804565 -1.2404710054397583
v -4.072771072387695 -1.1622977256774902 -1.2560678720474243
v -4.059014797210693 -1.1751329898834229 -1.2727065086364746
v -4.04793643951416 -1.1894406080245972 -1.2901246547698975
v -4.0397114753723145 -1.2049949169158936 -1.3080475330352783
v -4.034469127655029 -1.2215508222579956 -1.3261926174163818
v -4.032291889190674 -1.238847017288208 -1.3442736864089966
v -4.033214092254639 -1.2566108703613281 -1.362005591392517
v -4.037221908569336 -1.2745620012283325 -1.3791086673736572
v -4.044251441955566 -1.2924176454544067 -1.3953132629394531
v -4.054192066192627 -1.3098959922790527 -1.410363793373108
v -4.066886901855469 -1.326721429824829 -1.4240227937698364
v -4.0821356773376465 -1.3426285982131958 -1.43607497215271
v -4.099698543548584 -1.357366681098938 -1.446330189704895
v -4.119297504425049 -1.3707032203674316 -1.4546267986297607
v -4.140624523162842 -1.3824278116226196 -1.4608339071273804
v -4.163341999053955 -1.3923557996749878 -1.4648536443710327
v -4.1870927810668945 -1.4003303050994873 -1.4666224718093872
v -4.2115020751953125 -1.4062258005142212 -1.466112732887268
v -4.236184597015381 -1.4099491834640503 -1.4633324146270752
v -4.260751247406006 -1.4114418029785156 -1.4583251476287842
v -4.284814834594727 -1.4106800556182861 -1.4511702060699463
v -4.307995796203613 -1.4076759815216064 -1.4419801235198975
v -4.329927921295166 -1.4024770259857178 -1.4309000968933105
v -4.350265979766846 -1.395164966583252 -1.4181047677993774
v 7.253002166748047 0.5318178534507751 -4.161564826965332
v 6.89976167678833 0.17448453605175018 -3.967827320098877
v 6.888739585876465 0.17402923107147217 -3.990391254425049
v 6.876820087432861 0.1765376180410385 -4.012356281280518
v 6.864190578460693 0.18197016417980194 -4.033375263214111
v 6.851050853729248 0.19024120271205902 -4.053117752075195
v 6.8376078605651855 0.20122027397155762 -4.0712714195251465
v 6.824073314666748 0.2147342413663864 -4.087550640106201
v 6.8106608390808105 0.2305699735879898 -4.101698875427246
v 6.797582149505615 0.2484777569770813 -4.113492012023926
v 6.785043239593506 0.2681751549243927 -4.122744560241699
v 6.773241996765137 0.28935152292251587 -4.1293110847473145
v 6.762364387512207 0.3116728961467743 -4.133087158203125
v 6.75258207321167 0.3347872793674469 -4.134014129638672
v 6.744049549102783 0.3583301305770874 -4.132076740264893
v 6.73690128326416 0.3819301426410675 -4.127305507659912
v 6.731249809265137 0.40521517395973206 -4.119776248931885
v 6.727184295654297 0.4278179705142975 -4.109607219696045
v 6.72476863861084 0.44938206672668457 -4.096959114074707
v 6.72404146194458 0.4695673882961273 -4.082030773162842
v 6.725013732910156 0.48805564641952515 -4.06505823135376
v 6.727670669555664 0.5045552253723145 -4.046309471130371
v 6.731969833374023 0.5188059210777283 -4.026079177856445
v 6.737843990325928 0.5305830240249634 -4.0046868324279785
v 6.745199680328369 0.5397007465362549 -3.9824702739715576
v 6.7539215087890625 0.5460153222084045 -3.9597795009613037
v 6.763872146606445 0.5494271516799927 -3.936972141265869
v 6.774893760681152 0.5498824715614319 -3.9144082069396973
v 6.786813259124756 0.5473740696907043 -3.8924431800842285
v 6.799442768096924 0.5419415235519409 -3.8714239597320557
v 6.812582492828369 0.5336704850196838 -3.851681709289551
v 6.82602596282959 0.5226914286613464 -3.8335278034210205
v 6.839560508728027 0.5091774463653564 -3.817248582839966
v 6.852972984313965 0.49334174394607544 -3.803100824356079
v 6.86605167388916 0.47543394565582275 -3.7913074493408203
v 6.8785905838012695 0.45573654770851135 -3.7820546627044678
v 6.890391826629639 0.4345601797103882 -3.7754883766174316
v 6.901269435882568 0.41223880648612976 -3.771712064743042
v 6.911051273345947 0.38912442326545715 -3.770785331726074
v 6.919583797454834 0.36558157205581665 -3.7727227210998535
v 6.926732540130615 0.34198155999183655 -3.777493953704834
v 6.932384014129639 0.3186965584754944 -3.7850232124328613
v 6.9364495277404785 0.29609376192092896 -3.795192241668701
v 6.9388651847839355 0.27452966570854187 -3.807840585708618
v 6.939592361450195 0.25434431433677673 -3.8227686882019043
v 6.938619613647461 0.2358560711145401 -3.8397409915924072
v 6.935963153839111 0.2193564921617508 -3.858490228652954
v 6.931663513183594 0.20510579645633698 -3.878720283508301
v 6.925789833068848 0.19332870841026306 -3.9001123905181885
v 6.918433666229248 0.18421098589897156 -3.9223289489746094
v 6.909711837768555 0.1778964102268219 -3.9450199604034424
v -1.3239850997924805 6.031373500823975 -3.4853570461273193
v -1.247272253036499 5.519441604614258 -3.33689546585083
v -1.2592211961746216 5.512213230133057 -3.357771158218384
v -1.27377188205719 5.506196975708008 -3.3773391246795654
v -1.2906949520111084 5.5014872550964355 -3.3952906131744385
v -1.3097233772277832 5.4981584548950195 -3.4113426208496094
v -1.330557107925415 5.49626350402832 -3.425241708755493
v -1.352867603302002 5.4958319664001465 -3.4367690086364746
v -1.3763030767440796 5.496870517730713 -3.445742607116699
v -1.4004937410354614 5.499363422393799 -3.4520211219787598
v -1.425058364868164 5.503270626068115 -3.455505132675171
v -1.449609398841858 5.508530616760254 -3.4561402797698975
v -1.473759651184082 5.515060901641846 -3.453916072845459
v -1.4971282482147217 5.5227580070495605 -3.4488677978515625
v -1.5193467140197754 5.531500816345215 -3.441075086593628
v -1.5400645732879639 5.541151523590088 -3.4306607246398926
v -1.558955192565918 5.551557540893555 -3.4177889823913574
v -1.5757205486297607 5.562554836273193 -3.402662754058838
v -1.590096354484558 5.573970794677734 -3.3855209350585938
v -1.601855754852295 5.5856242179870605 -3.366633415222168
v -1.6108134984970093 5.597332000732422 -3.3462984561920166
v -1.6168280839920044 5.6089091300964355 -3.324836492538452
v -1.619804859161377 5.620173454284668 -3.302586317062378
v -1.6196967363357544 5.630947113037109 -3.2798984050750732
v -1.61650550365448 5.6410603523254395 -3.2571306228637695
v -1.6102814674377441 5.65035343170166 -3.234642267227173
v -1.6011227369308472 5.658679485321045 -3.2127878665924072
v -1.5891737937927246 5.665907859802246 -3.1919121742248535
v -1.5746231079101562 5.671924591064453 -3.172344446182251
v -1.5577001571655273 5.676634311676025 -3.154392957687378
v -1.5386717319488525 5.679962635040283 -3.138340950012207
v -1.5178380012512207 5.681858062744141 -3.1244418621063232
v -1.4955273866653442 5.6822896003723145 -3.112914562225342
v -1.4720920324325562 5.68125057220459 -3.103940963745117
v -1.4479012489318848 5.678758144378662 -3.0976624488830566
v -1.4233367443084717 5.674850940704346 -3.0941781997680664
v -1.3987857103347778 5.669590950012207 -3.093543291091919
v -1.3746354579925537 5.663060665130615 -3.0957674980163574
v -1.351266860961914 5.6553635597229 -3.100815773010254
v -1.3290483951568604 5.646620750427246 -3.1086084842681885
v -1.3083305358886719 5.636970043182373 -3.119022846221924
v -1.2894399166107178 5.626564025878906 -3.131894588470459
v -1.2726744413375854 5.615566253662109 -3.1470205783843994
v -1.2582987546920776 5.604150772094727 -3.1641626358032227
v -1.2465392351150513 5.5924973487854 -3.1830499172210693
v -1.2375816106796265 5.580789566040039 -3.2033848762512207
v -1.2315669059753418 5.569211959838867 -3.224846839904785
v -1.2285902500152588 5.557947635650635 -3.2470972537994385
v -1.2286982536315918 5.547173976898193 -3.269785165786743
v -1.2318894863128662 5.5370612144470215 -3.2925527095794678
v -1.2381136417388916 5.527768135070801 -3.3150410652160645
v -4.474968910217285 2.6503279209136963 6.784853935241699
v -4.57233190536499 2.1761841773986816 6.548828601837158
v -4.554882049560547 2.165879964828491 6.563665866851807
v -4.535330772399902 2.1572744846343994 6.576876163482666
v -4.513986110687256 2.150502920150757 6.588251113891602
v -4.491185188293457 2.145672559738159 6.597610950469971
v -4.467287540435791 2.1428589820861816 6.604808330535889
v -4.442669868469238 2.1421072483062744 6.609729766845703
v -4.417720317840576 2.1434285640716553 6.612297534942627
v -4.392832279205322 2.1468026638031006 6.612471103668213
v -4.368398189544678 2.1521759033203125 6.61024808883667
v -4.344804286956787 2.15946364402771 6.605662822723389
v -4.322421550750732 2.168551206588745 6.598788261413574
v -4.301603317260742 2.1792948246002197 6.589732646942139
v -4.282678127288818 2.191525459289551 6.578639030456543
v -4.265944480895996 2.205050230026245 6.5656819343566895
v -4.251666069030762 2.2196555137634277 6.551065444946289
v -4.240067958831787 2.2351112365722656 6.53502082824707
v -4.231333255767822 2.251173496246338 6.517800807952881
v -4.225599765777588 2.2675890922546387 6.499676704406738
v -4.222957611083984 2.2840993404388428 6.480935096740723
v -4.223448753356934 2.300443410873413 6.4618706703186035
v -4.227065563201904 2.31636381149292 6.442784309387207
v -4.233750820159912 2.3316092491149902 6.423977375030518
v -4.243398666381836 2.3459396362304688 6.405745983123779
v -4.255857467651367 2.359128952026367 6.388378143310547
v -4.270930767059326 2.370968818664551 6.372147083282471
v -4.2883806228637695 2.381273031234741 6.357309818267822
v -4.307931900024414 2.389878511428833 6.344099521636963
v -4.3292765617370605 2.3966500759124756 6.332724571228027
v -4.352077484130859 2.4014804363250732 6.323364734649658
v -4.375975131988525 2.404294013977051 6.31616735458374
v -4.400592803955078 2.405045747756958 6.311245918273926
v -4.425542831420898 2.403724431991577 6.308678150177002
v -4.450430393218994 2.400350332260132 6.308504104614258
v -4.474864482879639 2.39497709274292 6.310727596282959
v -4.498458385467529 2.3876893520355225 6.31531286239624
v -4.520841121673584 2.3786017894744873 6.3221869468688965
v -4.541659355163574 2.3678581714630127 6.33124303817749
v -4.560584545135498 2.3556275367736816 6.342336654663086
v -4.57731819152832 2.3421027660369873 6.3552937507629395
v -4.591596603393555 2.3274974822998047 6.36991024017334
v -4.603194713592529 2.312041759490967 6.385954856872559
v -4.611929416656494 2.2959794998168945 6.403174877166748
v -4.6176629066467285 2.2795639038085938 6.421298980712891
v -4.620305061340332 2.2630538940429688 6.440040588378906
v -4.619813919067383 2.2467095851898193 6.459105014801025
v -4.616197109222412 2.2307891845703125 6.478191375732422
v -4.609511852264404 2.215543746948242 6.496998310089111
v -4.5998640060424805 2.2012133598327637 6.51522970199585
v -4.587405204772949 2.1880240440368652 6.532597541809082
v -2.2362475395202637 -1.566507339477539 -5.93325138092041
v -2.2636547088623047 -1.900119423866272 -5.511407852172852
v -2.287656784057617 -1.904623031616211 -5.517276763916016
v -2.312218189239502 -1.9061390161514282 -5.522302627563477
v -2.336951732635498 -1.9046436548233032 -5.526406764984131
v -2.361467123031616 -1.900160312652588 -5.529523849487305
v -2.385377883911133 -1.892759919166565 -5.531605243682861
v -2.408306837081909 -1.882559061050415 -5.532618045806885
v -2.4298925399780273 -1.8697185516357422 -5.532546043395996
v -2.4497945308685303 -1.8544410467147827 -5.53139066696167
v -2.467698812484741 -1.8369673490524292 -5.529170036315918
v -2.483323097229004 -1.817573070526123 -5.525918960571289
v -2.4964208602905273 -1.7965642213821411 -5.521688461303711
v -2.5067858695983887 -1.774271845817566 -5.516546249389648
v -2.514254331588745 -1.7510476112365723 -5.51057243347168
v -2.5187084674835205 -1.7272579669952393 -5.503861904144287
v -2.520078420639038 -1.703277826309204 -5.496520042419434
v -2.5183420181274414 -1.679485559463501 -5.488663196563721
v -2.5135271549224854 -1.6562561988830566 -5.480414390563965
v -2.505709648132324 -1.6339563131332397 -5.471904277801514
v -2.4950125217437744 -1.612937331199646 -5.4632673263549805
v -2.48160457611084 -1.5935310125350952 -5.454638957977295
v -2.4656975269317627 -1.5760431289672852 -5.446156024932861
v -2.4475419521331787 -1.5607496500015259 -5.437951564788818
v -2.427424192428589 -1.5478918552398682 -5.4301557540893555
v -2.4056615829467773 -1.5376721620559692 -5.422891139984131
v -2.3825974464416504 -1.5302520990371704 -5.416272163391113
v -2.358595371246338 -1.525748610496521 -5.410403251647949
v -2.334033966064453 -1.5242325067520142 -5.405377388000488
v -2.309300422668457 -1.5257279872894287 -5.401273250579834
v -2.284785032272339 -1.5302112102508545 -5.39815616607666
v -2.2608742713928223 -1.5376116037368774 -5.3960747718811035
v -2.237945079803467 -1.547812581062317 -5.39506196975708
v -2.2163596153259277 -1.5606529712677002 -5.395133972167969
v -2.196457624435425 -1.5759304761886597 -5.396289348602295
v -2.178553342819214 -1.5934041738510132 -5.398509979248047
v -2.162929058074951 -1.6127984523773193 -5.401761054992676
v -2.1498312950134277 -1.6338074207305908 -5.405991554260254
v -2.1394662857055664 -1.656099796295166 -5.411133766174316
v -2.13199782371521 -1.6793239116668701 -5.417107582092285
v -2.1275436878204346 -1.7031136751174927 -5.423818111419678
v -2.126173734664917 -1.7270936965942383 -5.431159973144531
v -2.1279098987579346 -1.750886082649231 -5.439016819000244
v -2.1327250003814697 -1.7741153240203857 -5.447265625
v -2.140542507171631 -1.7964153289794922 -5.455775737762451
v -2.1512396335601807 -1.8174341917037964 -5.464412689208984
v -2.1646475791931152 -1.8368406295776367 -5.47304105758667
v -2.1805546283721924 -1.8543283939361572 -5.4815239906311035
v -2.1987102031707764 -1.8696218729019165 -5.4897284507751465
v -2.218827962875366 -1.8824797868728638 -5.497524261474609
v -2.2405905723571777 -1.8926993608474731 -5.504788875579834
v -5.4195942878723145 6.931609153747559 1.671034336090088
v -5.531315326690674 6.404996871948242 1.656954288482666
v -5.528698921203613 6.4043731689453125 1.6819260120391846
v -5.5230183601379395 6.404301643371582 1.706391453742981
v -5.514364242553711 6.404782772064209 1.7299644947052002
v -5.502871513366699 6.40580940246582 1.7522735595703125
v -5.488722801208496 6.407365798950195 1.7729668617248535
v -5.472140312194824 6.409426689147949 1.7917178869247437
v -5.453386306762695 6.411960124969482 1.808230996131897
v -5.432755470275879 6.414925575256348 1.8222458362579346
v -5.410574436187744 6.418276786804199 1.8335412740707397
v -5.387192249298096 6.421960830688477 1.8419393301010132
v -5.362977981567383 6.425919055938721 1.8473074436187744
v -5.338313102722168 6.430089950561523 1.8495608568191528
v -5.313587188720703 6.434406757354736 1.8486642837524414
v -5.289189338684082 6.438802242279053 1.8446316719055176
v -5.265505313873291 6.443206787109375 1.8375266790390015
v -5.242907524108887 6.4475507736206055 1.8274612426757812
v -5.2217535972595215 6.451766014099121 1.8145943880081177
v -5.202376365661621 6.455785751342773 1.799128770828247
v -5.185081481933594 6.4595465660095215 1.7813084125518799
v -5.170141696929932 6.46298885345459 1.7614142894744873
v -5.157792568206787 6.46605920791626 1.739760160446167
v -5.148229122161865 6.4687089920043945 1.716687560081482
v -5.141602039337158 6.470895767211914 1.6925603151321411
v -5.138016223907471 6.472585201263428 1.6677589416503906
v -5.1375274658203125 6.473751068115234 1.6426745653152466
v -5.140143871307373 6.474375247955322 1.6177027225494385
v -5.145823955535889 6.474446773529053 1.5932374000549316
v -5.154478549957275 6.473965644836426 1.5696643590927124
v -5.165970802307129 6.472938537597656 1.5473551750183105
v -5.18011999130249 6.4713826179504395 1.526661992073059
v -5.196702003479004 6.4693217277526855 1.507910966873169
v -5.215456485748291 6.466788291931152 1.491397738456726
v -5.236086845397949 6.463822841644287 1.4773828983306885
v -5.258267879486084 6.4604716300964355 1.4660874605178833
v -5.281650066375732 6.456787586212158 1.4576895236968994
v -5.3058648109436035 6.452829360961914 1.4523214101791382
v -5.33052921295166 6.448658466339111 1.4500678777694702
v -5.355255603790283 6.44434118270874 1.4509645700454712
v -5.379652976989746 6.439945697784424 1.454997181892395
v -5.403337478637695 6.43554162979126 1.4621021747589111
v -5.425934791564941 6.431197643280029 1.4721674919128418
v -5.447088718414307 6.426982402801514 1.485034465789795
v -5.466466426849365 6.422962665557861 1.5005000829696655
v -5.483761310577393 6.419201850891113 1.5183204412460327
v -5.498701095581055 6.415759086608887 1.5382145643234253
v -5.511049747467041 6.412688732147217 1.5598686933517456
v -5.520613193511963 6.41003942489624 1.5829412937164307
v -5.52724027633667 6.407852649688721 1.6070685386657715
v -5.530826568603516 6.406163215637207 1.631869912147522
v -3.6956865787506104 -3.162276268005371 0.687450647354126
v -4.256737232208252 -1.0221960544586182 -1.427289366722107
v -3.707942247390747 -3.162839889526367 0.690131664276123
v -4.268992900848389 -1.0227596759796143 -1.4246083498001099
v -3.720287322998047 -3.164522171020508 0.6917046308517456
v -4.281337738037109 -1.0244419574737549 -1.4230355024337769
v -3.732527256011963 -3.1672964096069336 0.6921443939208984
v -4.293577671051025 -1.0272161960601807 -1.4225956201553345
v -3.744469165802002 -3.17111873626709 0.6914443969726562
v -4.3055195808410645 -1.031038522720337 -1.4232957363128662
v -3.7559242248535156 -3.175929069519043 0.6896154880523682
v -4.316974639892578 -1.0358489751815796 -1.4251246452331543
v -3.766712188720703 -3.1816515922546387 0.686686635017395
v -4.327762603759766 -1.0415713787078857 -1.4280534982681274
v -3.776662826538086 -3.1881959438323975 0.6827038526535034
v -4.337713241577148 -1.0481157302856445 -1.432036280632019
v -3.7856192588806152 -3.1954588890075684 0.6777300834655762
v -4.346669673919678 -1.0553786754608154 -1.4370100498199463
v -3.793440103530884 -3.2033257484436035 0.6718436479568481
v -4.354490756988525 -1.0632456541061401 -1.4428964853286743
v -3.800002336502075 -3.211672782897949 0.665137529373169
v -4.361052513122559 -1.0715926885604858 -1.4496026039123535
v -3.805202007293701 -3.2203683853149414 0.6577173471450806
v -4.366252422332764 -1.0802881717681885 -1.4570226669311523
v -3.80895733833313 -3.2292752265930176 0.6497002840042114
v -4.3700079917907715 -1.089194893836975 -1.465039849281311
v -3.811209201812744 -3.238252639770508 0.6412127017974854
v -4.372259616851807 -1.0981723070144653 -1.473527431488037
v -3.8119218349456787 -3.247159242630005 0.6323883533477783
v -4.37297248840332 -1.107079029083252 -1.4823517799377441
v -3.811084270477295 -3.255854606628418 0.6233664751052856
v -4.372134685516357 -1.1157745122909546 -1.4913736581802368
v -3.8087096214294434 -3.2642016410827637 0.614289402961731
v -4.369760036468506 -1.1241215467453003 -1.5004507303237915
v -3.804835319519043 -3.272068738937378 0.6053001880645752
v -4.3658857345581055 -1.131988525390625 -1.5094398260116577
v -3.7995223999023438 -3.279331684112549 0.5965406894683838
v -4.360572814941406 -1.139251470565796 -1.5181994438171387
v -3.7928547859191895 -3.2858760356903076 0.5881490707397461
v -4.353905200958252 -1.1457958221435547 -1.5265910625457764
v -3.7849373817443848 -3.291598320007324 0.5802575349807739
v -4.345987796783447 -1.1515183448791504 -1.5344825983047485
v -3.775895357131958 -3.2964088916778564 0.5729905366897583
v -4.3369460105896 -1.1563286781311035 -1.5417494773864746
v -3.765871286392212 -3.3002312183380127 0.5664628744125366
v -4.3269219398498535 -1.1601511240005493 -1.5482772588729858
v -3.7550230026245117 -3.3030054569244385 0.5607773661613464
v -4.316073417663574 -1.1629252433776855 -1.5539627075195312
v -3.7435216903686523 -3.304687738418579 0.5560236573219299
v -4.304572105407715 -1.1646075248718262 -1.5587164163589478
v -3.73154878616333 -3.305251359939575 0.5522767305374146
v -4.292599201202393 -1.1651711463928223 -1.5624632835388184
v -3.7192933559417725 -3.304687738418579 0.5495957136154175
v -4.280344009399414 -1.1646075248718262 -1.5651443004608154
v -3.7069482803344727 -3.3030054569244385 0.5480228662490845
v -4.267998695373535 -1.1629252433776855 -1.566717267036438
v -3.6947081089019775 -3.3002312183380127 0.5475829839706421
v -4.255758762359619 -1.1601511240005493 -1.5671570301055908
v -3.6827664375305176 -3.2964088916778564 0.548283040523529
v -4.24381685256958 -1.1563286781311035 -1.5664570331573486
v -3.671311378479004 -3.291598320007324 0.5501119494438171
v -4.232361793518066 -1.1515183448791504 -1.5646281242370605
v -3.6605234146118164 -3.2858760356903076 0.5530408620834351
v -4.221573829650879 -1.1457958221435547 -1.5616992712020874
v -3.6505725383758545 -3.279331684112549 0.5570236444473267
v -4.211623191833496 -1.139251470565796 -1.5577164888381958
v -3.6416163444519043 -3.272068738937378 0.5619974136352539
v -4.202666759490967 -1.131988525390625 -1.5527427196502686
v -3.6337952613830566 -3.2642016410827637 0.5678838491439819
v -4.194845676422119 -1.1241215467453003 -1.5468562841415405
v -3.6272332668304443 -3.255854606628418 0.5745899677276611
v -4.188283920288086 -1.1157745122909546 -1.5401501655578613
v -3.6220335960388184 -3.247159242630005 0.58201003074646
v -4.183084011077881 -1.107079029083252 -1.532729983329773
v -3.6182782649993896 -3.238252639770508 0.5900272130966187
v -4.179328918457031 -1.0981723070144653 -1.5247129201889038
v -3.6160264015197754 -3.2292752265930176 0.5985147953033447
v -4.177076816558838 -1.089194893836975 -1.5162253379821777
v -3.6153135299682617 -3.2203683853149414 0.6073391437530518
v -4.176363945007324 -1.0802881717681885 -1.5074009895324707
v -3.6161513328552246 -3.211672782897949 0.6163610219955444
v -4.177201747894287 -1.0715926885604858 -1.498379111289978
v -3.618525981903076 -3.2033257484436035 0.6254380941390991
v -4.179576396942139 -1.0632456541061401 -1.4893020391464233
v -3.6224002838134766 -3.1954588890075684 0.6344271898269653
v -4.183450698852539 -1.0553786754608154 -1.4803128242492676
v -3.627713203430176 -3.1881959438323975 0.6431868076324463
v -4.188763618469238 -1.0481157302856445 -1.4715533256530762
v -3.63438081741333 -3.1816515922546387 0.651578426361084
v -4.195431232452393 -1.0415713787078857 -1.4631617069244385
v -3.6422979831695557 -3.175929069519043 0.6594699621200562
v -4.203348636627197 -1.0358489751815796 -1.4552701711654663
v -3.6513400077819824 -3.17111873626709 0.6667368412017822
v -4.212390422821045 -1.031038522720337 -1.4480031728744507
v -3.6613643169403076 -3.1672964096069336 0.6732646226882935
v -4.222414970397949 -1.0272161960601807 -1.441475510597229
v -3.672212600708008 -3.164522171020508 0.6789500713348389
v -4.23326301574707 -1.0244419574737549 -1.4357900619506836
v -3.683713674545288 -3.162839889526367 0.6837037801742554
v -4.24476432800293 -1.0227596759796143 -1.4310362339019775
v -2.8722097873687744 -3.445309638977051 0.8667197227478027
v 7.0119829177856445 0.540939450263977 -4.041872024536133
v -2.8775441646575928 -3.4460511207580566 0.8553752899169922
v 7.006648063659668 0.5401977300643921 -4.053215980529785
v -2.882314920425415 -3.4482643604278564 0.8439714908599854
v 7.0018768310546875 0.5379844903945923 -4.064620018005371
v -2.886446237564087 -3.4519143104553223 0.8326880931854248
v 6.997745513916016 0.5343345403671265 -4.07590389251709
v -2.889873743057251 -3.4569430351257324 0.8217029571533203
v 6.994318008422852 0.5293055772781372 -4.086888313293457
v -2.8925421237945557 -3.4632720947265625 0.8111896514892578
v 6.991649627685547 0.5229769945144653 -4.0974016189575195
v -2.8944103717803955 -3.4708006381988525 0.8013136386871338
v 6.989781379699707 0.5154482126235962 -4.107277870178223
v -2.8954484462738037 -3.4794106483459473 0.7922310829162598
v 6.988743782043457 0.5068382024765015 -4.116360664367676
v -2.8956406116485596 -3.4889659881591797 0.7840845584869385
v 6.988551139831543 0.49728262424468994 -4.124506950378418
v -2.8949830532073975 -3.4993162155151367 0.777003288269043
v 6.989209175109863 0.4869323968887329 -4.131587982177734
v -2.893486261367798 -3.510298252105713 0.7710983753204346
v 6.990705490112305 0.47595059871673584 -4.137493133544922
v -2.891174554824829 -3.521738290786743 0.7664632797241211
v 6.993017196655273 0.46451056003570557 -4.142127990722656
v -2.8880836963653564 -3.533456325531006 0.7631709575653076
v 6.996108055114746 0.4527924060821533 -4.145420551300049
v -2.884262800216675 -3.5452675819396973 0.7612733840942383
v 6.999929428100586 0.44098126888275146 -4.147317886352539
v -2.8797714710235596 -3.556985855102539 0.7608006000518799
v 7.004420280456543 0.4292631149291992 -4.147790908813477
v -2.8746817111968994 -3.5684256553649902 0.7617597579956055
v 7.009510040283203 0.4178229570388794 -4.146831512451172
v -2.869072675704956 -3.5794076919555664 0.7641358375549316
v 7.015119552612305 0.4068411588668823 -4.144455909729004
v -2.8630330562591553 -3.5897579193115234 0.7678916454315186
v 7.0211591720581055 0.3964909315109253 -4.140699863433838
v -2.856658697128296 -3.599313259124756 0.7729675769805908
v 7.027533531188965 0.3869354724884033 -4.135623931884766
v -2.8500497341156006 -3.6079235076904297 0.7792837619781494
v 7.03414249420166 0.3783254623413086 -4.129307746887207
v -2.8433101177215576 -3.615452289581299 0.7867405414581299
v 7.040882110595703 0.370796799659729 -4.121850967407227
v -2.8365466594696045 -3.6217808723449707 0.7952203750610352
v 7.047645568847656 0.364467978477478 -4.113370895385742
v -2.8298656940460205 -3.626809597015381 0.8045895099639893
v 7.054326057434082 0.35943901538848877 -4.104001998901367
v -2.8233726024627686 -3.630459785461426 0.8147001266479492
v 7.060819625854492 0.3557891845703125 -4.093891143798828
v -2.8171699047088623 -3.6326727867126465 0.8253929615020752
v 7.067022323608398 0.3535759449005127 -4.083198547363281
v -2.8113558292388916 -3.6334147453308105 0.8364989757537842
v 7.072836875915527 0.3528343439102173 -4.072092533111572
v -2.806020975112915 -3.6326727867126465 0.8478434085845947
v 7.0781707763671875 0.3535759449005127 -4.060748100280762
v -2.8012502193450928 -3.630459785461426 0.8592474460601807
v 7.082942008972168 0.3557891845703125 -4.049344062805176
v -2.797118902206421 -3.626809597015381 0.8705308437347412
v 7.08707332611084 0.35943901538848877 -4.038061141967773
v -2.793691396713257 -3.6217808723449707 0.8815157413482666
v 7.090500831604004 0.364467978477478 -4.02707576751709
v -2.791023015975952 -3.615452289581299 0.8920290470123291
v 7.093169212341309 0.370796799659729 -4.016562461853027
v -2.7891547679901123 -3.6079235076904297 0.9019050598144531
v 7.095037460327148 0.3783254623413086 -4.006686210632324
v -2.788116693496704 -3.599313259124756 0.9109878540039062
v 7.096075057983398 0.3869354724884033 -3.9976038932800293
v -2.7879245281219482 -3.5897579193115234 0.9191341400146484
v 7.0962677001953125 0.3964909315109253 -3.989457368850708
v -2.7885820865631104 -3.5794076919555664 0.926215410232544
v 7.095609664916992 0.4068411588668823 -3.9823760986328125
v -2.79007887840271 -3.5684256553649902 0.9321203231811523
v 7.094113349914551 0.4178229570388794 -3.976471185684204
v -2.7923905849456787 -3.556985855102539 0.9367554187774658
v 7.091801643371582 0.4292631149291992 -3.9718360900878906
v -2.7954814434051514 -3.5452675819396973 0.9400477409362793
v 7.088710784912109 0.44098126888275146 -3.968543767929077
v -2.799302339553833 -3.533456325531006 0.9419453144073486
v 7.0848894119262695 0.4527924060821533 -3.966646194458008
v -2.8037936687469482 -3.521738290786743 0.942418098449707
v 7.0803985595703125 0.46451056003570557 -3.9661734104156494
v -2.8088834285736084 -3.510298252105713 0.9414589405059814
v 7.075308799743652 0.47595059871673584 -3.967132568359375
v -2.8144924640655518 -3.4993162155151367 0.9390828609466553
v 7.069699287414551 0.4869323968887329 -3.969508647918701
v -2.8205320835113525 -3.4889659881591797 0.9353270530700684
v 7.06365966796875 0.49728262424468994 -3.973264455795288
v -2.826906442642212 -3.4794106483459473 0.9302511215209961
v 7.057285308837891 0.5068382024765015 -3.9783403873443604
v -2.8335154056549072 -3.4708006381988525 0.9239349365234375
v 7.050676345825195 0.5154482126235962 -3.984656572341919
v -2.84025502204895 -3.4632720947265625 0.916478157043457
v 7.043936729431152 0.5229769945144653 -3.9921133518218994
v -2.8470184803009033 -3.4569430351257324 0.9079983234405518
v 7.037173271179199 0.5293055772781372 -4.000593185424805
v -2.8536994457244873 -3.4519143104553223 0.8986291885375977
v 7.030492782592773 0.5343345403671265 -4.00996208190918
v -2.8601925373077393 -3.4482643604278564 0.8885185718536377
v 7.023999214172363 0.5379844903945923 -4.020072937011719
v -2.8663952350616455 -3.4460511207580566 0.8778259754180908
v 7.017796516418457 0.5401977300643921 -4.030765533447266
v -3.425459146499634 -3.0295653343200684 0.9291883707046509
v -1.412114143371582 5.856847286224365 -3.300225257873535
v -3.4364757537841797 -3.029932975769043 0.9231714010238647
v -1.423130750656128 5.856479644775391 -3.306241989135742
v -3.446719169616699 -3.0310301780700684 0.9159897565841675
v -1.4333741664886475 5.855382442474365 -3.3134236335754395
v -3.4560275077819824 -3.032839775085449 0.9077564477920532
v -1.4426825046539307 5.853572845458984 -3.3216567039489746
v -3.464254379272461 -3.0353331565856934 0.8986016511917114
v -1.45090913772583 5.85107946395874 -3.3308115005493164
v -3.4712696075439453 -3.03847074508667 0.8886696100234985
v -1.4579243659973145 5.847941875457764 -3.3407440185546875
v -3.4769625663757324 -3.042203426361084 0.8781167268753052
v -1.4636175632476807 5.84420919418335 -3.3512964248657227
v -3.481243848800659 -3.0464720726013184 0.8671096563339233
v -1.4678987264633179 5.839940547943115 -3.3623037338256836
v -3.4840455055236816 -3.0512094497680664 0.855821967124939
v -1.4707005023956299 5.835203170776367 -3.373591423034668
v -3.485323905944824 -3.0563411712646484 0.8444317579269409
v -1.471978783607483 5.830071449279785 -3.384981632232666
v -3.485058307647705 -3.0617856979370117 0.8331183195114136
v -1.4717133045196533 5.824626922607422 -3.3962950706481934
v -3.4832534790039062 -3.067457675933838 0.8220604658126831
v -1.4699082374572754 5.818954944610596 -3.407352924346924
v -3.4799370765686035 -3.0732674598693848 0.8114322423934937
v -1.4665920734405518 5.813145160675049 -3.4179811477661133
v -3.4751620292663574 -3.079123020172119 0.8014017343521118
v -1.4618170261383057 5.8072896003723145 -3.428011894226074
v -3.469003677368164 -3.084932804107666 0.7921265363693237
v -1.4556586742401123 5.801479816436768 -3.437286853790283
v -3.4615588188171387 -3.090604782104492 0.7837532758712769
v -1.448213815689087 5.795807838439941 -3.44566011428833
v -3.4529452323913574 -3.0960493087768555 0.7764140367507935
v -1.4396001100540161 5.790363311767578 -3.4529991149902344
v -3.44329833984375 -3.1011810302734375 0.7702244520187378
v -1.4299532175064087 5.785231590270996 -3.459188938140869
v -3.4327704906463623 -3.1059184074401855 0.7652822732925415
v -1.419425368309021 5.780494213104248 -3.4641313552856445
v -3.421527624130249 -3.11018705368042 0.7616649866104126
v -1.4081826210021973 5.776225566864014 -3.4677481651306152
v -3.4097471237182617 -3.113919734954834 0.7594302892684937
v -1.39640212059021 5.7724928855896 -3.4699831008911133
v -3.3976149559020996 -3.1170573234558105 0.7586129903793335
v -1.3842698335647583 5.769355297088623 -3.4708003997802734
v -3.385322093963623 -3.1195507049560547 0.7592262029647827
v -1.3719769716262817 5.766861915588379 -3.470187187194824
v -3.3730626106262207 -3.1213603019714355 0.761259913444519
v -1.3597174882888794 5.765052318572998 -3.468153476715088
v -3.361029863357544 -3.122457504272461 0.7646826505661011
v -1.3476847410202026 5.763955116271973 -3.464730739593506
v -3.3494133949279785 -3.1228251457214355 0.7694398164749146
v -1.3360683917999268 5.763587474822998 -3.4599738121032715
v -3.3383967876434326 -3.122457504272461 0.7754565477371216
v -1.3250516653060913 5.763955116271973 -3.4539566040039062
v -3.328153371810913 -3.1213603019714355 0.782638430595398
v -1.3148083686828613 5.765052318572998 -3.446774959564209
v -3.31884503364563 -3.1195507049560547 0.7908715009689331
v -1.3054999113082886 5.766861915588379 -3.438541889190674
v -3.3106184005737305 -3.1170573234558105 0.8000262975692749
v -1.2972732782363892 5.769355297088623 -3.429387092590332
v -3.303603172302246 -3.113919734954834 0.8099585771560669
v -1.2902580499649048 5.7724928855896 -3.419455051422119
v -3.29790997505188 -3.11018705368042 0.8205112218856812
v -1.2845649719238281 5.776225566864014 -3.408902168273926
v -3.293628692626953 -3.1059184074401855 0.831518292427063
v -1.2802836894989014 5.780494213104248 -3.397894859313965
v -3.2908270359039307 -3.1011810302734375 0.8428059816360474
v -1.2774819135665894 5.785231590270996 -3.3866071701049805
v -3.289548873901367 -3.0960493087768555 0.8541964292526245
v -1.2762036323547363 5.790363311767578 -3.3752169609069824
v -3.2898142337799072 -3.090604782104492 0.8655096292495728
v -1.276469111442566 5.795807838439941 -3.363903522491455
v -3.291619300842285 -3.084932804107666 0.8765677213668823
v -1.2782741785049438 5.801479816436768 -3.3528456687927246
v -3.294935464859009 -3.079123020172119 0.8871957063674927
v -1.2815903425216675 5.8072896003723145 -3.342217445373535
v -3.299710512161255 -3.0732674598693848 0.8972264528274536
v -1.2863653898239136 5.813145160675049 -3.3321871757507324
v -3.3058688640594482 -3.067457675933838 0.9065014123916626
v -1.292523741722107 5.818954944610596 -3.3229117393493652
v -3.3133137226104736 -3.0617856979370117 0.9148746728897095
v -1.2999686002731323 5.824626922607422 -3.3145384788513184
v -3.321927547454834 -3.0563411712646484 0.9222139120101929
v -1.3085823059082031 5.830071449279785 -3.307199478149414
v -3.3315744400024414 -3.0512094497680664 0.9284034967422485
v -1.3182291984558105 5.835203170776367 -3.3010096549987793
v -3.34210205078125 -3.0464720726013184 0.9333459138870239
v -1.3287570476531982 5.839940547943115 -3.296067714691162
v -3.3533449172973633 -3.042203426361084 0.9369629621505737
v -1.3399999141693115 5.84420919418335 -3.292450428009033
v -3.3651254177093506 -3.03847074508667 0.9391976594924927
v -1.3517802953720093 5.847941875457764 -3.290215492248535
v -3.377257823944092 -3.0353331565856934 0.9400149583816528
v -1.363912582397461 5.85107946395874 -3.289398193359375
v -3.3895506858825684 -3.032839775085449 0.9394019842147827
v -1.3762054443359375 5.853572845458984 -3.290011405944824
v -3.4018101692199707 -3.0310301780700684 0.9373680353164673
v -1.3884649276733398 5.855382442474365 -3.2920451164245605
v -3.4138426780700684 -3.029932975769043 0.9339455366134644
v -1.4004976749420166 5.856479644775391 -3.2954678535461426
v -3.6362452507019043 -3.121905565261841 1.6842608451843262
v -4.4360737800598145 2.5276966094970703 6.548319339752197
v -3.623974323272705 -3.1224241256713867 1.6868808269500732
v -4.423802852630615 2.5271782875061035 6.550939559936523
v -3.6120898723602295 -3.1239712238311768 1.6906318664550781
v -4.411918640136719 2.5256311893463135 6.554690361022949
v -3.6007790565490723 -3.1265225410461426 1.6954553127288818
v -4.400607585906982 2.5230798721313477 6.559513568878174
v -3.5902204513549805 -3.130037784576416 1.7012746334075928
v -4.390048980712891 2.519564390182495 6.565332889556885
v -3.580580472946167 -3.1344616413116455 1.7079980373382568
v -4.380409240722656 2.5151405334472656 6.572056770324707
v -3.5720112323760986 -3.1397244930267334 1.715519905090332
v -4.371840000152588 2.5098776817321777 6.579578399658203
v -3.564647674560547 -3.145742893218994 1.7237212657928467
v -4.364476680755615 2.503859281539917 6.587779998779297
v -3.5586061477661133 -3.1524224281311035 1.7324728965759277
v -4.358435153961182 2.4971797466278076 6.596531391143799
v -3.5539820194244385 -3.1596574783325195 1.7416367530822754
v -4.353810787200928 2.4899446964263916 6.6056952476501465
v -3.5508477687835693 -3.1673338413238525 1.751068353652954
v -4.350676536560059 2.4822683334350586 6.615126609802246
v -3.549253225326538 -3.175330877304077 1.7606189250946045
v -4.349081993103027 2.474271297454834 6.624677658081055
v -3.5492234230041504 -3.1835219860076904 1.7701377868652344
v -4.3490519523620605 2.4660801887512207 6.6341962814331055
v -3.5507588386535645 -3.1917781829833984 1.7794749736785889
v -4.350587368011475 2.4578239917755127 6.643533706665039
v -3.553835153579712 -3.1999692916870117 1.7884831428527832
v -4.353663921356201 2.4496328830718994 6.652541637420654
v -3.558403968811035 -3.2079663276672363 1.7970201969146729
v -4.358232498168945 2.441635847091675 6.661078453063965
v -3.5643932819366455 -3.2156426906585693 1.8049516677856445
v -4.364222049713135 2.433959484100342 6.669010162353516
v -3.5717084407806396 -3.2228777408599854 1.8121521472930908
v -4.371537208557129 2.426724433898926 6.676210403442383
v -3.5802342891693115 -3.2295572757720947 1.8185083866119385
v -4.380063056945801 2.4200448989868164 6.6825666427612305
v -3.5898361206054688 -3.2355756759643555 1.8239200115203857
v -4.389664649963379 2.4140264987945557 6.687978744506836
v -3.600362777709961 -3.2408385276794434 1.8283016681671143
v -4.400191307067871 2.4087636470794678 6.692359924316406
v -3.6116480827331543 -3.245262384414673 1.8315844535827637
v -4.411477088928223 2.4043397903442383 6.695642948150635
v -3.623514175415039 -3.2487778663635254 1.8337163925170898
v -4.423342704772949 2.400824546813965 6.697774887084961
v -3.6357738971710205 -3.251329183578491 1.8346636295318604
v -4.43560266494751 2.398273229598999 6.698721885681152
v -3.6482338905334473 -3.2528762817382812 1.834411859512329
v -4.448062419891357 2.396726131439209 6.698470115661621
v -3.6606974601745605 -3.253394603729248 1.8329644203186035
v -4.460525989532471 2.396207571029663 6.697022914886475
v -3.6729681491851807 -3.2528762817382812 1.8303444385528564
v -4.47279691696167 2.396726131439209 6.694402694702148
v -3.6848528385162354 -3.251329183578491 1.8265933990478516
v -4.484681606292725 2.398273229598999 6.690651893615723
v -3.6961634159088135 -3.2487778663635254 1.821770191192627
v -4.495992183685303 2.400824546813965 6.68582820892334
v -3.7067220211029053 -3.245262384414673 1.815950870513916
v -4.5065507888793945 2.4043397903442383 6.680008888244629
v -3.7163619995117188 -3.2408385276794434 1.8092272281646729
v -4.516190528869629 2.4087636470794678 6.673285484313965
v -3.724931240081787 -3.2355756759643555 1.8017055988311768
v -4.5247602462768555 2.4140264987945557 6.665763854980469
v -3.732294797897339 -3.2295572757720947 1.793503999710083
v -4.532123565673828 2.4200448989868164 6.657562255859375
v -3.7383363246917725 -3.2228777408599854 1.784752368927002
v -4.538165092468262 2.426724433898926 6.648810863494873
v -3.7429604530334473 -3.2156426906585693 1.7755885124206543
v -4.542789459228516 2.433959484100342 6.639647006988525
v -3.7460947036743164 -3.2079663276672363 1.7661569118499756
v -4.545923233032227 2.441635847091675 6.630215644836426
v -3.7476892471313477 -3.1999692916870117 1.7566063404083252
v -4.547517776489258 2.4496328830718994 6.620664596557617
v -3.7477190494537354 -3.1917781829833984 1.7470874786376953
v -4.547547817230225 2.4578239917755127 6.611145973205566
v -3.7461836338043213 -3.1835219860076904 1.7377502918243408
v -4.5460124015808105 2.4660801887512207 6.601808547973633
v -3.743107318878174 -3.175330877304077 1.7287421226501465
v -4.542935848236084 2.474271297454834 6.592800617218018
v -3.7385385036468506 -3.1673338413238525 1.7202050685882568
v -4.53836727142334 2.4822683334350586 6.584263801574707
v -3.7325491905212402 -3.1596574783325195 1.7122738361358643
v -4.532378196716309 2.4899446964263916 6.576332092285156
v -3.725234031677246 -3.1524224281311035 1.7050731182098389
v -4.525062561035156 2.4971797466278076 6.569131851196289
v -3.716708183288574 -3.145742893218994 1.6987168788909912
v -4.516537189483643 2.503859281539917 6.562775611877441
v -3.707106351852417 -3.1397244930267334 1.693305253982544
v -4.506935119628906 2.5098776817321777 6.557363510131836
v -3.696579694747925 -3.1344616413116455 1.6889235973358154
v -4.496408462524414 2.5151405334472656 6.552982330322266
v -3.6852943897247314 -3.130037784576416 1.685640811920166
v -4.485123157501221 2.519564390182495 6.549699306488037
v -3.6734282970428467 -3.1265225410461426 1.683509111404419
v -4.473257064819336 2.5230798721313477 6.547567367553711
v -3.6611685752868652 -3.1239712238311768 1.6825616359710693
v -4.460997581481934 2.5256311893463135 6.5466203689575195
v -3.6487088203430176 -3.1224241256713867 1.6828136444091797
v -4.448537349700928 2.5271782875061035 6.546872138977051
v -3.415515899658203 -3.4798972606658936 0.4384300708770752
v -2.2850985527038574 -1.5453697443008423 -5.669306755065918
v -3.427797317504883 -3.4806501865386963 0.43591856956481934
v -2.297379970550537 -1.546122670173645 -5.671817779541016
v -3.4397995471954346 -3.4828968048095703 0.4329855442047119
v -2.309382200241089 -1.548369288444519 -5.674751281738281
v -3.451333522796631 -3.4866020679473877 0.42967724800109863
v -2.320916175842285 -1.5520744323730469 -5.6780595779418945
v -3.462217330932617 -3.4917070865631104 0.42604589462280273
v -2.3317999839782715 -1.557179570198059 -5.681690692901611
v -3.4722793102264404 -3.49813175201416 0.4221487045288086
v -2.3418619632720947 -1.5636042356491089 -5.6855878829956055
v -3.481360673904419 -3.50577449798584 0.4180471897125244
v -2.3509433269500732 -1.5712469816207886 -5.6896891593933105
v -3.489318370819092 -3.514514923095703 0.4138062000274658
v -2.358901023864746 -1.5799872875213623 -5.693930625915527
v -3.4960267543792725 -3.52421498298645 0.40949225425720215
v -2.3656094074249268 -1.589687466621399 -5.698244094848633
v -3.50137996673584 -3.534721851348877 0.40517354011535645
v -2.3709628582000732 -1.6001944541931152 -5.702563285827637
v -3.505293846130371 -3.545870065689087 0.40091800689697266
v -2.3748767375946045 -1.611342430114746 -5.706818580627441
v -3.507706642150879 -3.557483434677124 0.3967931270599365
v -2.377289295196533 -1.6229557991027832 -5.710943222045898
v -3.508580207824707 -3.5693788528442383 0.39286375045776367
v -2.3781628608703613 -1.6348514556884766 -5.714872360229492
v -3.5079004764556885 -3.581368923187256 0.3891918659210205
v -2.3774831295013428 -1.6468414068222046 -5.7185444831848145
v -3.505678653717041 -3.593264579772949 0.3858354091644287
v -2.3752613067626953 -1.6587369441986084 -5.721900939941406
v -3.5019493103027344 -3.6048779487609863 0.38284730911254883
v -2.3715322017669678 -1.6703503131866455 -5.724889278411865
v -3.496771812438965 -3.616025924682617 0.38027453422546387
v -2.366354465484619 -1.681498408317566 -5.727461814880371
v -3.490227460861206 -3.626533031463623 0.3781578540802002
v -2.3598101139068604 -1.6920053958892822 -5.729578971862793
v -3.482419490814209 -3.63623309135437 0.37653064727783203
v -2.3520021438598633 -1.7017054557800293 -5.731205940246582
v -3.47347092628479 -3.6449732780456543 0.37541842460632324
v -2.3430535793304443 -1.7104458808898926 -5.732317924499512
v -3.4635231494903564 -3.652616024017334 0.37483882904052734
v -2.3331058025360107 -1.7180886268615723 -5.732897758483887
v -3.452733039855957 -3.659040927886963 0.3748011589050293
v -2.3223156929016113 -1.724513292312622 -5.732935428619385
v -3.441270351409912 -3.6641459465026855 0.3753056526184082
v -2.3108530044555664 -1.7296183109283447 -5.732430934906006
v -3.429316520690918 -3.667850971221924 0.3763444423675537
v -2.2988991737365723 -1.7333234548568726 -5.731391906738281
v -3.4170594215393066 -3.670097827911377 0.3779013156890869
v -2.286642074584961 -1.7355701923370361 -5.729835510253906
v -3.4046926498413086 -3.6708507537841797 0.37995171546936035
v -2.274275302886963 -1.7363231182098389 -5.727785110473633
v -3.392411231994629 -3.670097827911377 0.3824632167816162
v -2.261993885040283 -1.7355701923370361 -5.725273132324219
v -3.380409002304077 -3.667850971221924 0.38539624214172363
v -2.2499916553497314 -1.7333234548568726 -5.7223405838012695
v -3.368875026702881 -3.6641459465026855 0.3887045383453369
v -2.238457679748535 -1.7296183109283447 -5.719032287597656
v -3.3579912185668945 -3.659040927886963 0.3923358917236328
v -2.227573871612549 -1.724513292312622 -5.715400695800781
v -3.3479292392730713 -3.652616024017334 0.39623308181762695
v -2.2175118923187256 -1.7180886268615723 -5.711503505706787
v -3.3388478755950928 -3.6449732780456543 0.40033435821533203
v -2.208430528640747 -1.7104458808898926 -5.707402229309082
v -3.33089017868042 -3.63623309135437 0.4045755863189697
v -2.200472831726074 -1.7017054557800293 -5.703161239624023
v -3.3241817951202393 -3.626533031463623 0.4088895320892334
v -2.1937644481658936 -1.6920053958892822 -5.698846817016602
v -3.3188283443450928 -3.616025924682617 0.4132082462310791
v -2.188411235809326 -1.681498408317566 -5.694528579711914
v -3.3149144649505615 -3.6048779487609863 0.4174637794494629
v -2.184497356414795 -1.6703503131866455 -5.690272808074951
v -3.312501907348633 -3.593264579772949 0.421588659286499
v -2.182084560394287 -1.6587369441986084 -5.686147689819336
v -3.3116283416748047 -3.581368923187256 0.4255177974700928
v -2.181210994720459 -1.6468414068222046 -5.682218551635742
v -3.3123080730438232 -3.5693788528442383 0.42918968200683594
v -2.1818907260894775 -1.6348514556884766 -5.678546905517578
v -3.3145298957824707 -3.557483434677124 0.43254637718200684
v -2.184112548828125 -1.6229557991027832 -5.675189971923828
v -3.3182590007781982 -3.545870065689087 0.4355344772338867
v -2.1878418922424316 -1.611342430114746 -5.672202110290527
v -3.323436737060547 -3.534721851348877 0.4381072521209717
v -2.193019390106201 -1.6001944541931152 -5.669629096984863
v -3.3299810886383057 -3.52421498298645 0.44022393226623535
v -2.19956374168396 -1.589687466621399 -5.667512893676758
v -3.3377890586853027 -3.514514923095703 0.4418511390686035
v -2.207371711730957 -1.5799872875213623 -5.6658854484558105
v -3.3467376232147217 -3.50577449798584 0.4429633617401123
v -2.216320276260376 -1.5712469816207886 -5.664772987365723
v -3.3566854000091553 -3.49813175201416 0.4435429573059082
v -2.2262680530548096 -1.5636042356491089 -5.664193630218506
v -3.3674755096435547 -3.4917070865631104 0.44358062744140625
v -2.237058162689209 -1.557179570198059 -5.664155960083008
v -3.3789381980895996 -3.4866020679473877 0.44307613372802734
v -2.248520851135254 -1.5520744323730469 -5.664660453796387
v -3.3908920288085938 -3.4828968048095703 0.44203734397888184
v -2.260474681854248 -1.548369288444519 -5.665699005126953
v -3.403149127960205 -3.4806501865386963 0.44048047065734863
v -2.2727317810058594 -1.546122670173645 -5.6672563552856445
v -3.607064723968506 -2.9737730026245117 1.2194641828536987
v -5.28148078918457 6.703046798706055 1.6366249322891235
v -3.604788064956665 -2.9739112854003906 1.2318134307861328
v -5.27920389175415 6.702908515930176 1.6489741802215576
v -3.6040539741516113 -2.9743242263793945 1.2443432807922363
v -5.278470039367676 6.702495098114014 1.6615040302276611
v -3.6048736572265625 -2.975005626678467 1.2568559646606445
v -5.279289722442627 6.7018141746521 1.6740168333053589
v -3.607234477996826 -2.9759445190429688 1.26915442943573
v -5.281650543212891 6.700875282287598 1.6863151788711548
v -3.6110992431640625 -2.977125644683838 1.281044602394104
v -5.285515308380127 6.6996941566467285 1.6982053518295288
v -3.6164069175720215 -2.9785308837890625 1.2923388481140137
v -5.290822505950928 6.698288917541504 1.7094995975494385
v -3.6230735778808594 -2.980137825012207 1.3028591871261597
v -5.297489643096924 6.696681499481201 1.7200199365615845
v -3.6309943199157715 -2.981921672821045 1.3124396800994873
v -5.305410385131836 6.6948981285095215 1.729600429534912
v -3.6400442123413086 -2.983853340148926 1.3209291696548462
v -5.314460277557373 6.692965984344482 1.7380900382995605
v -3.650080680847168 -2.985903263092041 1.3281939029693604
v -5.324496746063232 6.690916538238525 1.7453546524047852
v -3.660945177078247 -2.9880385398864746 1.334119200706482
v -5.335361003875732 6.688781261444092 1.7512799501419067
v -3.672466278076172 -2.9902257919311523 1.3386116027832031
v -5.346882343292236 6.686594009399414 1.755772352218628
v -3.684462785720825 -2.9924306869506836 1.3416004180908203
v -5.3588786125183105 6.684389114379883 1.7587611675262451
v -3.696744918823242 -2.9946179389953613 1.3430383205413818
v -5.371160984039307 6.682201862335205 1.7601990699768066
v -3.7091195583343506 -2.996753215789795 1.3429027795791626
v -5.383535385131836 6.6800665855407715 1.7600635290145874
v -3.721391201019287 -2.998802661895752 1.341195821762085
v -5.395806789398193 6.678016662597656 1.7583565711975098
v -3.733366012573242 -3.000734806060791 1.3379443883895874
v -5.407782077789307 6.676084995269775 1.7551051378250122
v -3.7448558807373047 -3.0025181770324707 1.3331997394561768
v -5.419271945953369 6.6743011474609375 1.7503606081008911
v -3.755679130554199 -3.0041255950927734 1.3270368576049805
v -5.4300947189331055 6.672694206237793 1.7441976070404053
v -3.765665054321289 -3.005530834197998 1.3195527791976929
v -5.4400811195373535 6.671288967132568 1.7367136478424072
v -3.774656295776367 -3.006711959838867 1.3108656406402588
v -5.449072360992432 6.670107841491699 1.7280263900756836
v -3.7825112342834473 -3.007650852203369 1.3011122941970825
v -5.4569268226623535 6.669168949127197 1.7182730436325073
v -3.7891054153442383 -3.008331775665283 1.2904466390609741
v -5.463521480560303 6.668487548828125 1.707607388496399
v -3.7943356037139893 -3.0087451934814453 1.2790368795394897
v -5.468751430511475 6.668074607849121 1.6961976289749146
v -3.7981185913085938 -3.008883476257324 1.267063021659851
v -5.472534656524658 6.667936325073242 1.6842237710952759
v -3.8003952503204346 -3.0087451934814453 1.254713773727417
v -5.47481107711792 6.668074607849121 1.6718745231628418
v -3.8011295795440674 -3.008331775665283 1.2421839237213135
v -5.475545406341553 6.668487548828125 1.6593446731567383
v -3.800309658050537 -3.007650852203369 1.2296711206436157
v -5.474725723266602 6.669168949127197 1.64683198928833
v -3.7979488372802734 -3.006711959838867 1.2173727750778198
v -5.472364902496338 6.670107841491699 1.6345335245132446
v -3.794084310531616 -3.005530834197998 1.2054826021194458
v -5.468500137329102 6.671288967132568 1.6226433515548706
v -3.7887766361236572 -3.0041255950927734 1.1941883563995361
v -5.463192462921143 6.672694206237793 1.611349105834961
v -3.7821099758148193 -3.0025181770324707 1.1836680173873901
v -5.456525802612305 6.6743011474609375 1.600828766822815
v -3.774188995361328 -3.000734806060791 1.1740875244140625
v -5.448605060577393 6.676084995269775 1.5912482738494873
v -3.765139102935791 -2.998802661895752 1.165597915649414
v -5.4395551681518555 6.678016662597656 1.5827587842941284
v -3.7551028728485107 -2.996753215789795 1.1583333015441895
v -5.429518699645996 6.6800665855407715 1.5754940509796143
v -3.7442383766174316 -2.9946179389953613 1.1524080038070679
v -5.418654441833496 6.682201862335205 1.5695687532424927
v -3.7327170372009277 -2.9924306869506836 1.1479156017303467
v -5.407133102416992 6.684389114379883 1.5650763511657715
v -3.7207207679748535 -2.9902257919311523 1.1449267864227295
v -5.395136833190918 6.686594009399414 1.5620875358581543
v -3.7084383964538574 -2.9880385398864746 1.143488883972168
v -5.382854461669922 6.688781261444092 1.5606496334075928
v -3.696063995361328 -2.985903263092041 1.1436244249343872
v -5.370479583740234 6.690916538238525 1.560785174369812
v -3.6837923526763916 -2.983853340148926 1.1453313827514648
v -5.358208179473877 6.692965984344482 1.5624921321868896
v -3.6718173027038574 -2.981921672821045 1.1485828161239624
v -5.346233367919922 6.6948981285095215 1.5657435655593872
v -3.660327672958374 -2.980137825012207 1.1533273458480835
v -5.334743499755859 6.696681499481201 1.5704882144927979
v -3.6495044231414795 -2.9785308837890625 1.1594903469085693
v -5.323920249938965 6.698288917541504 1.5766510963439941
v -3.6395184993743896 -2.977125644683838 1.1669743061065674
v -5.313934326171875 6.6996941566467285 1.5841351747512817
v -3.6305270195007324 -2.9759445190429688 1.175661563873291
v -5.304943084716797 6.700875282287598 1.5928223133087158
v -3.6226723194122314 -2.975005626678467 1.1854149103164673
v -5.297088146209717 6.7018141746521 1.602575659751892
v -3.6160778999328613 -2.9743242263793945 1.1960805654525757
v -5.290493965148926 6.702495098114014 1.6132413148880005
v -3.6108479499816895 -2.9739112854003906 1.20749032497406
v -5.285264015197754 6.702908515930176 1.6246510744094849
v -4.430488586425781 -0.49931982159614563 -1.482202410697937
v -4.430488586425781 -0.49931982159614563 -2.6822023391723633
v -4.365617275238037 -0.49931982159614563 -1.4857196807861328
v -4.301506519317627 -0.49931982159614563 -1.496230125427246
v -4.238907814025879 -0.49931982159614563 -1.513610601425171
v -4.178555011749268 -0.49931982159614563 -1.5376572608947754
v -4.121156215667725 -0.49931982159614563 -1.5680880546569824
v -4.067384243011475 -0.49931982159614563 -1.6045465469360352
v -4.017868995666504 -0.49931982159614563 -1.646605134010315
v -3.973191261291504 -0.49931982159614563 -1.6937706470489502
v -3.93387508392334 -0.49931982159614563 -1.7454901933670044
v -3.900381326675415 -0.49931982159614563 -1.8011573553085327
v -3.8731026649475098 -0.49931982159614563 -1.8601195812225342
v -3.85235857963562 -0.49931982159614563 -1.9216854572296143
v -3.838392734527588 -0.49931982159614563 -1.9851332902908325
v -3.8313684463500977 -0.49931982159614563 -2.0497190952301025
v -3.8313684463500977 -0.49931982159614563 -2.1146857738494873
v -3.838392734527588 -0.49931982159614563 -2.179271697998047
v -3.85235857963562 -0.49931982159614563 -2.2427194118499756
v -3.8731026649475098 -0.49931982159614563 -2.3042852878570557
v -3.900381326675415 -0.49931982159614563 -2.3632473945617676
v -3.93387508392334 -0.49931982159614563 -2.418914794921875
v -3.973191261291504 -0.49931982159614563 -2.4706342220306396
v -4.017868995666504 -0.49931982159614563 -2.5177998542785645
v -4.067384243011475 -0.49931982159614563 -2.5598583221435547
v -4.121156215667725 -0.49931982159614563 -2.5963168144226074
v -4.178555011749268 -0.49931982159614563 -2.6267476081848145
v -4.238907814025879 -0.49931982159614563 -2.650794267654419
v -4.301506519317627 -0.49931982159614563 -2.6681747436523438
v -4.365617275238037 -0.49931982159614563 -2.678685188293457
v -4.367034912109375 -0.4858323037624359 -1.4857196807861328
v -4.304325103759766 -0.4725028872489929 -1.496230125427246
v -4.243093967437744 -0.4594879150390625 -1.513610601425171
v -4.184060573577881 -0.4469399154186249 -1.5376572608947754
v -4.127915859222412 -0.4350060224533081 -1.5680880546569824
v -4.075318813323975 -0.4238261580467224 -1.6045465469360352
v -4.026885509490967 -0.4135313630104065 -1.646605134010315
v -3.983184337615967 -0.4042423963546753 -1.6937706470489502
v -3.9447274208068848 -0.39606809616088867 -1.7454901933670044
v -3.9119653701782227 -0.38910433650016785 -1.8011573553085327
v -3.8852827548980713 -0.3834327459335327 -1.8601195812225342
v -3.864992141723633 -0.3791198432445526 -1.9216854572296143
v -3.8513314723968506 -0.37621617317199707 -1.9851332902908325
v -3.8444607257843018 -0.37475576996803284 -2.0497190952301025
v -3.8444607257843018 -0.37475576996803284 -2.1146857738494873
v -3.8513314723968506 -0.37621617317199707 -2.179271697998047
v -3.864992141723633 -0.3791198432445526 -2.2427194118499756
v -3.8852827548980713 -0.3834327459335327 -2.3042852878570557
v -3.9119653701782227 -0.38910433650016785 -2.3632473945617676
v -3.9447274208068848 -0.39606809616088867 -2.418914794921875
v -3.983184337615967 -0.4042423963546753 -2.4706342220306396
v -4.026885509490967 -0.4135313630104065 -2.5177998542785645
v -4.075318813323975 -0.4238261580467224 -2.5598583221435547
v -4.127915859222412 -0.4350060224533081 -2.5963168144226074
v -4.184060573577881 -0.4469399154186249 -2.6267476081848145
v -4.243093967437744 -0.4594879150390625 -2.650794267654419
v -4.304325103759766 -0.4725028872489929 -2.6681747436523438
v -4.367034912109375 -0.4858323037624359 -2.678685188293457
v -4.371225833892822 -0.4729342460632324 -1.4857196807861328
v -4.312657356262207 -0.4468580186367035 -1.496230125427246
v -4.2554707527160645 -0.4213968515396118 -1.513610601425171
v -4.20033597946167 -0.39684924483299255 -1.5376572608947754
v -4.147899627685547 -0.37350302934646606 -1.5680880546569824
v -4.098775863647461 -0.35163190960884094 -1.6045465469360352
v -4.053541660308838 -0.33149227499961853 -1.646605134010315
v -4.012726783752441 -0.3133202791213989 -1.6937706470489502
v -3.9768097400665283 -0.2973289489746094 -1.7454901933670044
v -3.946211576461792 -0.28370577096939087 -1.8011573553085327
v -3.9212911128997803 -0.27261048555374146 -1.8601195812225342
v -3.9023404121398926 -0.26417315006256104 -1.9216854572296143
v -3.8895821571350098 -0.25849270820617676 -1.9851332902908325
v -3.883165121078491 -0.25563573837280273 -2.0497190952301025
v -3.883165121078491 -0.25563573837280273 -2.1146857738494873
v -3.8895821571350098 -0.25849270820617676 -2.179271697998047
v -3.9023404121398926 -0.26417315006256104 -2.2427194118499756
v -3.9212911128997803 -0.27261048555374146 -2.3042852878570557
v -3.946211576461792 -0.28370577096939087 -2.3632473945617676
v -3.9768097400665283 -0.2973289489746094 -2.418914794921875
v -4.012726783752441 -0.3133202791213989 -2.4706342220306396
v -4.053541660308838 -0.33149227499961853 -2.5177998542785645
v -4.098775863647461 -0.35163190960884094 -2.5598583221435547
v -4.147899627685547 -0.37350302934646606 -2.5963168144226074
v -4.20033597946167 -0.39684924483299255 -2.6267476081848145
v -4.2554707527160645 -0.4213968515396118 -2.650794267654419
v -4.312657356262207 -0.4468580186367035 -2.6681747436523438
v -4.371225833892822 -0.4729342460632324 -2.678685188293457
v -4.378006458282471 -0.4611893594264984 -1.4857196807861328
v -4.3261399269104 -0.423505961894989 -1.496230125427246
v -4.275496482849121 -0.38671138882637024 -1.513610601425171
v -4.226670265197754 -0.35123705863952637 -1.5376572608947754
v -4.180233478546143 -0.3174988627433777 -1.5680880546569824
v -4.136730670928955 -0.2858923375606537 -1.6045465469360352
v -4.096672058105469 -0.25678807497024536 -1.646605134010315
v -4.060527324676514 -0.23052725195884705 -1.6937706470489502
v -4.028719902038574 -0.2074177861213684 -1.7454901933670044
v -4.001622676849365 -0.187730610370636 -1.8011573553085327
v -3.979553699493408 -0.17169654369354248 -1.8601195812225342
v -3.9627716541290283 -0.15950354933738708 -1.9216854572296143
v -3.9514729976654053 -0.15129458904266357 -1.9851332902908325
v -3.9457902908325195 -0.14716589450836182 -2.0497190952301025
v -3.9457902908325195 -0.14716589450836182 -2.1146857738494873
v -3.9514729976654053 -0.15129458904266357 -2.179271697998047
v -3.9627716541290283 -0.15950354933738708 -2.2427194118499756
v -3.979553699493408 -0.17169654369354248 -2.3042852878570557
v -4.001622676849365 -0.187730610370636 -2.3632473945617676
v -4.028719902038574 -0.2074177861213684 -2.418914794921875
v -4.060527324676514 -0.23052725195884705 -2.4706342220306396
v -4.096672058105469 -0.25678807497024536 -2.5177998542785645
v -4.136730670928955 -0.2858923375606537 -2.5598583221435547
v -4.180233478546143 -0.3174988627433777 -2.5963168144226074
v -4.226670265197754 -0.35123705863952637 -2.6267476081848145
v -4.275496482849121 -0.38671138882637024 -2.650794267654419
v -4.3261399269104 -0.423505961894989 -2.6681747436523438
v -4.378006458282471 -0.4611893594264984 -2.678685188293457
v -4.387081146240234 -0.45111095905303955 -1.4857196807861328
v -4.34418249130249 -0.4034673273563385 -1.496230125427246
v -4.302295684814453 -0.3569474518299103 -1.513610601425171
v -4.2619123458862305 -0.3120967745780945 -1.5376572608947754
v -4.223505020141602 -0.2694411277770996 -1.5680880546569824
v -4.187524318695068 -0.2294805645942688 -1.6045465469360352
v -4.154392242431641 -0.1926836371421814 -1.646605134010315
v -4.124496936798096 -0.15948176383972168 -1.6937706470489502
v -4.098189353942871 -0.13026413321495056 -1.7454901933670044
v -4.075777530670166 -0.10537338256835938 -1.8011573553085327
v -4.057524681091309 -0.08510127663612366 -1.8601195812225342
v -4.043643951416016 -0.06968551874160767 -1.9216854572296143
v -4.034298896789551 -0.059306800365448 -1.9851332902908325
v -4.029599189758301 -0.05408686399459839 -2.0497190952301025
v -4.029599189758301 -0.05408686399459839 -2.1146857738494873
v -4.034298896789551 -0.059306800365448 -2.179271697998047
v -4.043643951416016 -0.06968551874160767 -2.2427194118499756
v -4.057524681091309 -0.08510127663612366 -2.3042852878570557
v -4.075777530670166 -0.10537338256835938 -2.3632473945617676
v -4.098189353942871 -0.13026413321495056 -2.418914794921875
v -4.124496936798096 -0.15948176383972168 -2.4706342220306396
v -4.154392242431641 -0.1926836371421814 -2.5177998542785645
v -4.187524318695068 -0.2294805645942688 -2.5598583221435547
v -4.223505020141602 -0.2694411277770996 -2.5963168144226074
v -4.2619123458862305 -0.3120967745780945 -2.6267476081848145
v -4.302295684814453 -0.3569474518299103 -2.650794267654419
v -4.34418249130249 -0.4034673273563385 -2.6681747436523438
v -4.387081146240234 -0.45111095905303955 -2.678685188293457
v -4.39805269241333 -0.44313952326774597 -1.4857196807861328
v -4.365997314453125 -0.38761788606643677 -1.496230125427246
v -4.33469820022583 -0.33340588212013245 -1.513610601425171
v -4.3045220375061035 -0.2811390459537506 -1.5376572608947754
v -4.275822639465332 -0.23143017292022705 -1.5680880546569824
v -4.248936176300049 -0.18486207723617554 -1.6045465469360352
v -4.224178791046143 -0.14198070764541626 -1.646605134010315
v -4.201839923858643 -0.10328879952430725 -1.6937706470489502
v -4.1821818351745605 -0.06924000382423401 -1.7454901933670044
v -4.165434837341309 -0.040233492851257324 -1.8011573553085327
v -4.151795387268066 -0.016609370708465576 -1.8601195812225342
v -4.14142370223999 0.0013554394245147705 -1.9216854572296143
v -4.1344404220581055 0.013450294733047485 -1.9851332902908325
v -4.1309285163879395 0.019533365964889526 -2.0497190952301025
v -4.1309285163879395 0.019533365964889526 -2.1146857738494873
v -4.1344404220581055 0.013450294733047485 -2.179271697998047
v -4.14142370223999 0.0013554394245147705 -2.2427194118499756
v -4.151795387268066 -0.016609370708465576 -2.3042852878570557
v -4.165434837341309 -0.040233492851257324 -2.3632473945617676
v -4.1821818351745605 -0.06924000382423401 -2.418914794921875
v -4.201839923858643 -0.10328879952430725 -2.4706342220306396
v -4.224178791046143 -0.14198070764541626 -2.5177998542785645
v -4.248936176300049 -0.18486207723617554 -2.5598583221435547
v -4.275822639465332 -0.23143017292022705 -2.5963168144226074
v -4.3045220375061035 -0.2811390459537506 -2.6267476081848145
v -4.33469820022583 -0.33340588212013245 -2.650794267654419
v -4.365997314453125 -0.38761788606643677 -2.6681747436523438
v -4.39805269241333 -0.44313952326774597 -2.678685188293457
v -4.410442352294922 -0.43762344121932983 -1.4857196807861328
v -4.390630722045898 -0.3766503930091858 -1.496230125427246
v -4.371286869049072 -0.31711554527282715 -1.513610601425171
v -4.352636814117432 -0.25971686840057373 -1.5376572608947754
v -4.334899425506592 -0.2051272988319397 -1.5680880546569824
v -4.3182830810546875 -0.15398690104484558 -1.6045465469360352
v -4.302982330322266 -0.10689517855644226 -1.646605134010315
v -4.289175987243652 -0.06440430879592896 -1.6937706470489502
v -4.277026653289795 -0.027012407779693604 -1.7454901933670044
v -4.266676425933838 0.004842132329940796 -1.8011573553085327
v -4.258246898651123 0.03078576922416687 -1.8601195812225342
v -4.251836776733398 0.05051448941230774 -1.9216854572296143
v -4.247520923614502 0.06379684805870056 -1.9851332902908325
v -4.245350360870361 0.07047721743583679 -2.0497190952301025
v -4.245350360870361 0.07047721743583679 -2.1146857738494873
v -4.247520923614502 0.06379684805870056 -2.179271697998047
v -4.251836776733398 0.05051448941230774 -2.2427194118499756
v -4.258246898651123 0.03078576922416687 -2.3042852878570557
v -4.266676425933838 0.004842132329940796 -2.3632473945617676
v -4.277026653289795 -0.027012407779693604 -2.418914794921875
v -4.289175987243652 -0.06440430879592896 -2.4706342220306396
v -4.302982330322266 -0.10689517855644226 -2.5177998542785645
v -4.3182830810546875 -0.15398690104484558 -2.5598583221435547
v -4.334899425506592 -0.2051272988319397 -2.5963168144226074
v -4.352636814117432 -0.25971686840057373 -2.6267476081848145
v -4.371286869049072 -0.31711554527282715 -2.650794267654419
v -4.390630722045898 -0.3766503930091858 -2.6681747436523438
v -4.410442352294922 -0.43762344121932983 -2.678685188293457
v -4.423707485198975 -0.4348037838935852 -1.4857196807861328
v -4.417006492614746 -0.3710441291332245 -1.496230125427246
v -4.410462856292725 -0.3087884187698364 -1.513610601425171
v -4.404154300689697 -0.2487664818763733 -1.5376572608947754
v -4.3981547355651855 -0.19168207049369812 -1.5680880546569824
v -4.392533779144287 -0.138204425573349 -1.6045465469360352
v -4.38735818862915 -0.08896052837371826 -1.646605134010315
v -4.382688045501709 -0.04452770948410034 -1.6937706470489502
v -4.378578186035156 -0.005426913499832153 -1.7454901933670044
v -4.375077247619629 0.027883440256118774 -1.8011573553085327
v -4.372225761413574 0.055012792348861694 -1.8601195812225342
v -4.370057582855225 0.07564309239387512 -1.9216854572296143
v -4.368597507476807 0.0895325243473053 -1.9851332902908325
v -4.367863655090332 0.09651818871498108 -2.0497190952301025
v -4.367863655090332 0.09651818871498108 -2.1146857738494873
v -4.368597507476807 0.0895325243473053 -2.179271697998047
v -4.370057582855225 0.07564309239387512 -2.2427194118499756
v -4.372225761413574 0.055012792348861694 -2.3042852878570557
v -4.375077247619629 0.027883440256118774 -2.3632473945617676
v -4.378578186035156 -0.005426913499832153 -2.418914794921875
v -4.382688045501709 -0.04452770948410034 -2.4706342220306396
v -4.38735818862915 -0.08896052837371826 -2.5177998542785645
v -4.392533779144287 -0.138204425573349 -2.5598583221435547
v -4.3981547355651855 -0.19168207049369812 -2.5963168144226074
v -4.404154300689697 -0.2487664818763733 -2.6267476081848145
v -4.410462856292725 -0.3087884187698364 -2.650794267654419
v -4.417006492614746 -0.3710441291332245 -2.6681747436523438
v -4.423707485198975 -0.4348037838935852 -2.678685188293457
v -4.437269687652588 -0.4348037838935852 -1.4857196807861328
v -4.443970680236816 -0.3710441291332245 -1.496230125427246
v -4.450514316558838 -0.3087884187698364 -1.513610601425171
v -4.456822872161865 -0.2487664818763733 -1.5376572608947754
v -4.462822437286377 -0.19168207049369812 -1.5680880546569824
v -4.468443393707275 -0.138204425573349 -1.6045465469360352
v -4.473618984222412 -0.08896052837371826 -1.646605134010315
v -4.4782891273498535 -0.04452770948410034 -1.6937706470489502
v -4.482398986816406 -0.005426913499832153 -1.7454901933670044
v -4.485899925231934 0.027883440256118774 -1.8011573553085327
v -4.488751411437988 0.055012792348861694 -1.8601195812225342
v -4.490919589996338 0.07564309239387512 -1.9216854572296143
v -4.492379665374756 0.0895325243473053 -1.9851332902908325
v -4.4931135177612305 0.09651818871498108 -2.0497190952301025
v -4.4931135177612305 0.09651818871498108 -2.1146857738494873
v -4.492379665374756 0.0895325243473053 -2.179271697998047
v -4.490919589996338 0.07564309239387512 -2.2427194118499756
v -4.488751411437988 0.055012792348861694 -2.3042852878570557
v -4.485899925231934 0.027883440256118774 -2.3632473945617676
v -4.482398986816406 -0.005426913499832153 -2.418914794921875
v -4.4782891273498535 -0.04452770948410034 -2.4706342220306396
v -4.473618984222412 -0.08896052837371826 -2.5177998542785645
v -4.468443393707275 -0.138204425573349 -2.5598583221435547
v -4.462822437286377 -0.19168207049369812 -2.5963168144226074
v -4.456822872161865 -0.2487664818763733 -2.6267476081848145
v -4.450514316558838 -0.3087884187698364 -2.650794267654419
v -4.443970680236816 -0.3710441291332245 -2.6681747436523438
v -4.437269687652588 -0.4348037838935852 -2.678685188293457
v -4.450534820556641 -0.43762344121932983 -1.4857196807861328
v -4.470346450805664 -0.3766503930091858 -1.496230125427246
v -4.48969030380249 -0.31711554527282715 -1.513610601425171
v -4.508340358734131 -0.25971686840057373 -1.5376572608947754
v -4.526077747344971 -0.2051272988319397 -1.5680880546569824
v -4.542694091796875 -0.15398690104484558 -1.6045465469360352
v -4.557994842529297 -0.10689517855644226 -1.646605134010315
v -4.57180118560791 -0.06440430879592896 -1.6937706470489502
v -4.583950519561768 -0.027012407779693604 -1.7454901933670044
v -4.594300746917725 0.004842132329940796 -1.8011573553085327
v -4.6027302742004395 0.03078576922416687 -1.8601195812225342
v -4.609140396118164 0.05051448941230774 -1.9216854572296143
v -4.6134562492370605 0.06379684805870056 -1.9851332902908325
v -4.615626811981201 0.07047721743583679 -2.0497190952301025
v -4.615626811981201 0.07047721743583679 -2.1146857738494873
v -4.6134562492370605 0.06379684805870056 -2.179271697998047
v -4.609140396118164 0.05051448941230774 -2.2427194118499756
v -4.6027302742004395 0.03078576922416687 -2.3042852878570557
v -4.594300746917725 0.004842132329940796 -2.3632473945617676
v -4.583950519561768 -0.027012407779693604 -2.418914794921875
v -4.57180118560791 -0.06440430879592896 -2.4706342220306396
v -4.557994842529297 -0.10689517855644226 -2.5177998542785645
v -4.542694091796875 -0.15398690104484558 -2.5598583221435547
v -4.526077747344971 -0.2051272988319397 -2.5963168144226074
v -4.508340358734131 -0.25971686840057373 -2.6267476081848145
v -4.48969030380249 -0.31711554527282715 -2.650794267654419
v -4.470346450805664 -0.3766503930091858 -2.6681747436523438
v -4.450534820556641 -0.43762344121932983 -2.678685188293457
v -4.462924480438232 -0.44313952326774597 -1.4857196807861328
v -4.4949798583984375 -0.38761788606643677 -1.496230125427246
v -4.526278972625732 -0.33340588212013245 -1.513610601425171
v -4.556455135345459 -0.2811390459537506 -1.5376572608947754
v -4.5851545333862305 -0.23143017292022705 -1.5680880546569824
v -4.612040996551514 -0.18486207723617554 -1.6045465469360352
v -4.63679838180542 -0.14198070764541626 -1.646605134010315
v -4.65913724899292 -0.10328879952430725 -1.6937706470489502
v -4.678795337677002 -0.06924000382423401 -1.7454901933670044
v -4.695542335510254 -0.040233492851257324 -1.8011573553085327
v -4.709181785583496 -0.016609370708465576 -1.8601195812225342
v -4.719553470611572 0.0013554394245147705 -1.9216854572296143
v -4.726536750793457 0.013450294733047485 -1.9851332902908325
v -4.730048656463623 0.019533365964889526 -2.0497190952301025
v -4.730048656463623 0.019533365964889526 -2.1146857738494873
v -4.726536750793457 0.013450294733047485 -2.179271697998047
v -4.719553470611572 0.0013554394245147705 -2.2427194118499756
v -4.709181785583496 -0.016609370708465576 -2.3042852878570557
v -4.695542335510254 -0.040233492851257324 -2.3632473945617676
v -4.678795337677002 -0.06924000382423401 -2.418914794921875
v -4.65913724899292 -0.10328879952430725 -2.4706342220306396
v -4.63679838180542 -0.14198070764541626 -2.5177998542785645
v -4.612040996551514 -0.18486207723617554 -2.5598583221435547
v -4.5851545333862305 -0.23143017292022705 -2.5963168144226074
v -4.556455135345459 -0.2811390459537506 -2.6267476081848145
v -4.526278972625732 -0.33340588212013245 -2.650794267654419
v -4.4949798583984375 -0.38761788606643677 -2.6681747436523438
v -4.462924480438232 -0.44313952326774597 -2.678685188293457
v -4.473896026611328 -0.45111095905303955 -1.4857196807861328
v -4.516794681549072 -0.4034673273563385 -1.496230125427246
v -4.558681488037109 -0.3569474518299103 -1.513610601425171
v -4.599064826965332 -0.3120967745780945 -1.5376572608947754
v -4.637472152709961 -0.2694411277770996 -1.5680880546569824
v -4.673452854156494 -0.2294805645942688 -1.6045465469360352
v -4.706584930419922 -0.1926836371421814 -1.646605134010315
v -4.736480236053467 -0.15948176383972168 -1.6937706470489502
v -4.762787818908691 -0.13026413321495056 -1.7454901933670044
v -4.7851996421813965 -0.10537338256835938 -1.8011573553085327
v -4.803452491760254 -0.08510127663612366 -1.8601195812225342
v -4.817333221435547 -0.06968551874160767 -1.9216854572296143
v -4.826678276062012 -0.059306800365448 -1.9851332902908325
v -4.831377983093262 -0.05408686399459839 -2.0497190952301025
v -4.831377983093262 -0.05408686399459839 -2.1146857738494873
v -4.826678276062012 -0.059306800365448 -2.179271697998047
v -4.817333221435547 -0.06968551874160767 -2.2427194118499756
v -4.803452491760254 -0.08510127663612366 -2.3042852878570557
v -4.7851996421813965 -0.10537338256835938 -2.3632473945617676
v -4.762787818908691 -0.13026413321495056 -2.418914794921875
v -4.736480236053467 -0.15948176383972168 -2.4706342220306396
v -4.706584930419922 -0.1926836371421814 -2.5177998542785645
v -4.673452854156494 -0.2294805645942688 -2.5598583221435547
v -4.637472152709961 -0.2694411277770996 -2.5963168144226074
v -4.599064826965332 -0.3120967745780945 -2.6267476081848145
v -4.558681488037109 -0.3569474518299103 -2.650794267654419
v -4.516794681549072 -0.4034673273563385 -2.6681747436523438
v -4.473896026611328 -0.45111095905303955 -2.678685188293457
v -4.482970714569092 -0.4611893594264984 -1.4857196807861328
v -4.534837245941162 -0.423505961894989 -1.496230125427246
v -4.585480690002441 -0.38671138882637024 -1.513610601425171
v -4.634306907653809 -0.35123705863952637 -1.5376572608947754
v -4.68074369430542 -0.3174988627433777 -1.5680880546569824
v -4.724246501922607 -0.2858923375606537 -1.6045465469360352
v -4.764305114746094 -0.25678807497024536 -1.646605134010315
v -4.800449848175049 -0.23052725195884705 -1.6937706470489502
v -4.832257270812988 -0.2074177861213684 -1.7454901933670044
v -4.859354496002197 -0.187730610370636 -1.8011573553085327
v -4.881423473358154 -0.17169654369354248 -1.8601195812225342
v -4.898205757141113 -0.15950354933738708 -1.9216854572296143
v -4.909504413604736 -0.15129458904266357 -1.9851332902908325
v -4.915186882019043 -0.14716589450836182 -2.0497190952301025
v -4.915186882019043 -0.14716589450836182 -2.1146857738494873
v -4.909504413604736 -0.15129458904266357 -2.179271697998047
v -4.898205757141113 -0.15950354933738708 -2.2427194118499756
v -4.881423473358154 -0.17169654369354248 -2.3042852878570557
v -4.859354496002197 -0.187730610370636 -2.3632473945617676
v -4.832257270812988 -0.2074177861213684 -2.418914794921875
v -4.800449848175049 -0.23052725195884705 -2.4706342220306396
v -4.764305114746094 -0.25678807497024536 -2.5177998542785645
v -4.724246501922607 -0.2858923375606537 -2.5598583221435547
v -4.68074369430542 -0.3174988627433777 -2.5963168144226074
v -4.634306907653809 -0.35123705863952637 -2.6267476081848145
v -4.585480690002441 -0.38671138882637024 -2.650794267654419
v -4.534837245941162 -0.423505961894989 -2.6681747436523438
v -4.482970714569092 -0.4611893594264984 -2.678685188293457
v -4.48975133895874 -0.4729342460632324 -1.4857196807861328
v -4.5483198165893555 -0.4468580186367035 -1.496230125427246
v -4.605506420135498 -0.4213968515396118 -1.513610601425171
v -4.660641193389893 -0.39684924483299255 -1.5376572608947754
v -4.713077545166016 -0.37350302934646606 -1.5680880546569824
v -4.762201309204102 -0.35163190960884094 -1.6045465469360352
v -4.807435512542725 -0.33149227499961853 -1.646605134010315
v -4.848250389099121 -0.3133202791213989 -1.6937706470489502
v -4.884167671203613 -0.2973289489746094 -1.7454901933670044
v -4.91476583480835 -0.28370577096939087 -1.8011573553085327
v -4.939685821533203 -0.27261048555374146 -1.8601195812225342
v -4.95863676071167 -0.26417315006256104 -1.9216854572296143
v -4.971395015716553 -0.25849270820617676 -1.9851332902908325
v -4.977811813354492 -0.25563573837280273 -2.0497190952301025
v -4.977811813354492 -0.25563573837280273 -2.1146857738494873
v -4.971395015716553 -0.25849270820617676 -2.179271697998047
v -4.95863676071167 -0.26417315006256104 -2.2427194118499756
v -4.939685821533203 -0.27261048555374146 -2.3042852878570557
v -4.91476583480835 -0.28370577096939087 -2.3632473945617676
v -4.884167671203613 -0.2973289489746094 -2.418914794921875
v -4.848250389099121 -0.3133202791213989 -2.4706342220306396
v -4.807435512542725 -0.33149227499961853 -2.5177998542785645
v -4.762201309204102 -0.35163190960884094 -2.5598583221435547
v -4.713077545166016 -0.37350302934646606 -2.5963168144226074
v -4.660641193389893 -0.39684924483299255 -2.6267476081848145
v -4.605506420135498 -0.4213968515396118 -2.650794267654419
v -4.5483198165893555 -0.4468580186367035 -2.6681747436523438
v -4.48975133895874 -0.4729342460632324 -2.678685188293457
v -4.4939422607421875 -0.4858323037624359 -1.4857196807861328
v -4.556652069091797 -0.4725028872489929 -1.496230125427246
v -4.617883205413818 -0.4594879150390625 -1.513610601425171
v -4.676916599273682 -0.4469399154186249 -1.5376572608947754
v -4.73306131362915 -0.4350060224533081 -1.5680880546569824
v -4.785658359527588 -0.4238261580467224 -1.6045465469360352
v -4.834091663360596 -0.4135313630104065 -1.646605134010315
v -4.877792835235596 -0.4042423963546753 -1.6937706470489502
v -4.916249752044678 -0.39606809616088867 -1.7454901933670044
v -4.94901180267334 -0.38910433650016785 -1.8011573553085327
v -4.97569465637207 -0.3834327459335327 -1.8601195812225342
v -4.99598503112793 -0.3791198432445526 -1.9216854572296143
v -5.009645938873291 -0.37621617317199707 -1.9851332902908325
v -5.01651668548584 -0.37475576996803284 -2.0497190952301025
v -5.01651668548584 -0.37475576996803284 -2.1146857738494873
v -5.009645938873291 -0.37621617317199707 -2.179271697998047
v -4.99598503112793 -0.3791198432445526 -2.2427194118499756
v -4.97569465637207 -0.3834327459335327 -2.3042852878570557
v -4.94901180267334 -0.38910433650016785 -2.3632473945617676
v -4.916249752044678 -0.39606809616088867 -2.418914794921875
v -4.877792835235596 -0.4042423963546753 -2.4706342220306396
v -4.834091663360596 -0.4135313630104065 -2.5177998542785645
v -4.785658359527588 -0.4238261580467224 -2.5598583221435547
v -4.73306131362915 -0.4350060224533081 -2.5963168144226074
v -4.676916599273682 -0.4469399154186249 -2.6267476081848145
v -4.617883205413818 -0.4594879150390625 -2.650794267654419
v -4.556652069091797 -0.4725028872489929 -2.6681747436523438
v -4.4939422607421875 -0.4858323037624359 -2.678685188293457
v -4.495359897613525 -0.49931982159614563 -1.4857196807861328
v -4.5594706535339355 -0.49931982159614563 -1.496230125427246
v -4.622069358825684 -0.49931982159614563 -1.513610601425171
v -4.682422161102295 -0.49931982159614563 -1.5376572608947754
v -4.739820957183838 -0.49931982159614563 -1.5680880546569824
v -4.793592929840088 -0.49931982159614563 -1.6045465469360352
v -4.843108177185059 -0.49931982159614563 -1.646605134010315
v -4.887785911560059 -0.49931982159614563 -1.6937706470489502
v -4.927102088928223 -0.49931982159614563 -1.7454901933670044
v -4.960595607757568 -0.49931982159614563 -1.8011573553085327
v -4.987874507904053 -0.49931982159614563 -1.8601195812225342
v -5.008618354797363 -0.49931982159614563 -1.9216854572296143
v -5.022584438323975 -0.49931982159614563 -1.9851332902908325
v -5.029608726501465 -0.49931982159614563 -2.0497190952301025
v -5.029608726501465 -0.49931982159614563 -2.1146857738494873
v -5.022584438323975 -0.49931982159614563 -2.179271697998047
v -5.008618354797363 -0.49931982159614563 -2.2427194118499756
v -4.987874507904053 -0.49931982159614563 -2.3042852878570557
v -4.960595607757568 -0.49931982159614563 -2.3632473945617676
v -4.927102088928223 -0.49931982159614563 -2.418914794921875
v -4.887785911560059 -0.49931982159614563 -2.4706342220306396
v -4.843108177185059 -0.49931982159614563 -2.5177998542785645
v -4.793592929840088 -0.49931982159614563 -2.5598583221435547
v -4.739820957183838 -0.49931982159614563 -2.5963168144226074
v -4.682422161102295 -0.49931982159614563 -2.6267476081848145
v -4.622069358825684 -0.49931982159614563 -2.650794267654419
v -4.5594706535339355 -0.49931982159614563 -2.6681747436523438
v -4.495359897613525 -0.49931982159614563 -2.678685188293457
v -4.4939422607421875 -0.5128073692321777 -1.4857196807861328
v -4.556652069091797 -0.5261367559432983 -1.496230125427246
v -4.617883205413818 -0.5391517281532288 -1.513610601425171
v -4.676916599273682 -0.5516997575759888 -1.5376572608947754
v -4.73306131362915 -0.5636336207389832 -1.5680880546569824
v -4.785658359527588 -0.5748134851455688 -1.6045465469360352
v -4.834091663360596 -0.5851082801818848 -1.646605134010315
v -4.877792835235596 -0.594397246837616 -1.6937706470489502
v -4.916249752044678 -0.6025715470314026 -1.7454901933670044
v -4.94901180267334 -0.6095353364944458 -1.8011573553085327
v -4.97569465637207 -0.6152068972587585 -1.8601195812225342
v -4.99598503112793 -0.619519829750061 -1.9216854572296143
v -5.009645938873291 -0.6224234700202942 -1.9851332902908325
v -5.01651668548584 -0.6238839030265808 -2.0497190952301025
v -5.01651668548584 -0.6238839030265808 -2.1146857738494873
v -5.009645938873291 -0.6224234700202942 -2.179271697998047
v -4.99598503112793 -0.619519829750061 -2.2427194118499756
v -4.97569465637207 -0.6152068972587585 -2.3042852878570557
v -4.94901180267334 -0.6095353364944458 -2.3632473945617676
v -4.916249752044678 -0.6025715470314026 -2.418914794921875
v -4.877792835235596 -0.594397246837616 -2.4706342220306396
v -4.834091663360596 -0.5851082801818848 -2.5177998542785645
v -4.785658359527588 -0.5748134851455688 -2.5598583221435547
v -4.73306131362915 -0.5636336207389832 -2.5963168144226074
v -4.676916599273682 -0.5516997575759888 -2.6267476081848145
v -4.617883205413818 -0.5391517281532288 -2.650794267654419
v -4.556652069091797 -0.5261367559432983 -2.6681747436523438
v -4.4939422607421875 -0.5128073692321777 -2.678685188293457
v -4.48975133895874 -0.5257053971290588 -1.4857196807861328
v -4.5483198165893555 -0.5517816543579102 -1.496230125427246
v -4.605506420135498 -0.5772427916526794 -1.513610601425171
v -4.660641193389893 -0.6017903685569763 -1.5376572608947754
v -4.713077545166016 -0.6251366138458252 -1.5680880546569824
v -4.762201309204102 -0.6470077037811279 -1.6045465469360352
v -4.807435512542725 -0.6671473979949951 -1.646605134010315
v -4.848250389099121 -0.6853193640708923 -1.6937706470489502
v -4.884167671203613 -0.7013106942176819 -1.7454901933670044
v -4.91476583480835 -0.7149338722229004 -1.8011573553085327
v -4.939685821533203 -0.7260291576385498 -1.8601195812225342
v -4.95863676071167 -0.7344664931297302 -1.9216854572296143
v -4.971395015716553 -0.7401469349861145 -1.9851332902908325
v -4.977811813354492 -0.7430039048194885 -2.0497190952301025
v -4.977811813354492 -0.7430039048194885 -2.1146857738494873
v -4.971395015716553 -0.7401469349861145 -2.179271697998047
v -4.95863676071167 -0.7344664931297302 -2.2427194118499756
v -4.939685821533203 -0.7260291576385498 -2.3042852878570557
v -4.91476583480835 -0.7149338722229004 -2.3632473945617676
v -4.884167671203613 -0.7013106942176819 -2.418914794921875
v -4.848250389099121 -0.6853193640708923 -2.4706342220306396
v -4.807435512542725 -0.6671473979949951 -2.5177998542785645
v -4.762201309204102 -0.6470077037811279 -2.5598583221435547
v -4.713077545166016 -0.6251366138458252 -2.5963168144226074
v -4.660641193389893 -0.6017903685569763 -2.6267476081848145
v -4.605506420135498 -0.5772427916526794 -2.650794267654419
v -4.5483198165893555 -0.5517816543579102 -2.6681747436523438
v -4.48975133895874 -0.5257053971290588 -2.678685188293457
v -4.482970714569092 -0.5374502539634705 -1.4857196807861328
v -4.534837245941162 -0.5751336812973022 -1.496230125427246
v -4.585480690002441 -0.6119282841682434 -1.513610601425171
v -4.634306907653809 -0.6474025845527649 -1.5376572608947754
v -4.68074369430542 -0.6811407804489136 -1.5680880546569824
v -4.724246501922607 -0.71274733543396 -1.6045465469360352
v -4.764305114746094 -0.7418515682220459 -1.646605134010315
v -4.800449848175049 -0.7681124210357666 -1.6937706470489502
v -4.832257270812988 -0.7912218570709229 -1.7454901933670044
v -4.859354496002197 -0.8109090328216553 -1.8011573553085327
v -4.881423473358154 -0.8269430994987488 -1.8601195812225342
v -4.898205757141113 -0.8391361236572266 -1.9216854572296143
v -4.909504413604736 -0.8473450541496277 -1.9851332902908325
v -4.915186882019043 -0.8514737486839294 -2.0497190952301025
v -4.915186882019043 -0.8514737486839294 -2.1146857738494873
v -4.909504413604736 -0.8473450541496277 -2.179271697998047
v -4.898205757141113 -0.8391361236572266 -2.2427194118499756
v -4.881423473358154 -0.8269430994987488 -2.3042852878570557
v -4.859354496002197 -0.8109090328216553 -2.3632473945617676
v -4.832257270812988 -0.7912218570709229 -2.418914794921875
v -4.800449848175049 -0.7681124210357666 -2.4706342220306396
v -4.764305114746094 -0.7418515682220459 -2.5177998542785645
v -4.724246501922607 -0.71274733543396 -2.5598583221435547
v -4.68074369430542 -0.6811407804489136 -2.5963168144226074
v -4.634306907653809 -0.6474025845527649 -2.6267476081848145
v -4.585480690002441 -0.6119282841682434 -2.650794267654419
v -4.534837245941162 -0.5751336812973022 -2.6681747436523438
v -4.482970714569092 -0.5374502539634705 -2.678685188293457
v -4.473896026611328 -0.5475286841392517 -1.4857196807861328
v -4.516794681549072 -0.5951723456382751 -1.496230125427246
v -4.558681488037109 -0.6416921615600586 -1.513610601425171
v -4.599064826965332 -0.6865428686141968 -1.5376572608947754
v -4.637472152709961 -0.7291985154151917 -1.5680880546569824
v -4.673452854156494 -0.7691590785980225 -1.6045465469360352
v -4.706584930419922 -0.8059560060501099 -1.646605134010315
v -4.736480236053467 -0.8391578793525696 -1.6937706470489502
v -4.762787818908691 -0.8683755397796631 -1.7454901933670044
v -4.7851996421813965 -0.8932662606239319 -1.8011573553085327
v -4.803452491760254 -0.9135383367538452 -1.8601195812225342
v -4.817333221435547 -0.9289541244506836 -1.9216854572296143
v -4.826678276062012 -0.9393328428268433 -1.9851332902908325
v -4.831377983093262 -0.9445527791976929 -2.0497190952301025
v -4.831377983093262 -0.9445527791976929 -2.1146857738494873
v -4.826678276062012 -0.9393328428268433 -2.179271697998047
v -4.817333221435547 -0.9289541244506836 -2.2427194118499756
v -4.803452491760254 -0.9135383367538452 -2.3042852878570557
v -4.7851996421813965 -0.8932662606239319 -2.3632473945617676
v -4.762787818908691 -0.8683755397796631 -2.418914794921875
v -4.736480236053467 -0.8391578793525696 -2.4706342220306396
v -4.706584930419922 -0.8059560060501099 -2.5177998542785645
v -4.673452854156494 -0.7691590785980225 -2.5598583221435547
v -4.637472152709961 -0.7291985154151917 -2.5963168144226074
v -4.599064826965332 -0.6865428686141968 -2.6267476081848145
v -4.558681488037109 -0.6416921615600586 -2.650794267654419
v -4.516794681549072 -0.5951723456382751 -2.6681747436523438
v -4.473896026611328 -0.5475286841392517 -2.678685188293457
v -4.462924480438232 -0.5555000901222229 -1.4857196807861328
v -4.4949798583984375 -0.6110217571258545 -1.496230125427246
v -4.526278972625732 -0.6652337312698364 -1.513610601425171
v -4.556455135345459 -0.7175005674362183 -1.5376572608947754
v -4.5851545333862305 -0.7672094702720642 -1.5680880546569824
v -4.612040996551514 -0.8137775659561157 -1.6045465469360352
v -4.63679838180542 -0.856658935546875 -1.646605134010315
v -4.65913724899292 -0.8953508138656616 -1.6937706470489502
v -4.678795337677002 -0.9293996095657349 -1.7454901933670044
v -4.695542335510254 -0.9584061503410339 -1.8011573553085327
v -4.709181785583496 -0.9820302724838257 -1.8601195812225342
v -4.719553470611572 -0.9999951124191284 -1.9216854572296143
v -4.726536750793457 -1.0120899677276611 -1.9851332902908325
v -4.730048656463623 -1.0181729793548584 -2.0497190952301025
v -4.730048656463623 -1.0181729793548584 -2.1146857738494873
v -4.726536750793457 -1.0120899677276611 -2.179271697998047
v -4.719553470611572 -0.9999951124191284 -2.2427194118499756
v -4.709181785583496 -0.9820302724838257 -2.3042852878570557
v -4.695542335510254 -0.9584061503410339 -2.3632473945617676
v -4.678795337677002 -0.9293996095657349 -2.418914794921875
v -4.65913724899292 -0.8953508138656616 -2.4706342220306396
v -4.63679838180542 -0.856658935546875 -2.5177998542785645
v -4.612040996551514 -0.8137775659561157 -2.5598583221435547
v -4.5851545333862305 -0.7672094702720642 -2.5963168144226074
v -4.556455135345459 -0.7175005674362183 -2.6267476081848145
v -4.526278972625732 -0.6652337312698364 -2.650794267654419
v -4.4949798583984375 -0.6110217571258545 -2.6681747436523438
v -4.462924480438232 -0.5555000901222229 -2.678685188293457
v -4.450534820556641 -0.5610162019729614 -1.4857196807861328
v -4.470346450805664 -0.6219892501831055 -1.496230125427246
v -4.48969030380249 -0.6815240979194641 -1.513610601425171
v -4.508340358734131 -0.7389227747917175 -1.5376572608947754
v -4.526077747344971 -0.7935123443603516 -1.5680880546569824
v -4.542694091796875 -0.8446527719497681 -1.6045465469360352
v -4.557994842529297 -0.8917444944381714 -1.646605134010315
v -4.57180118560791 -0.9342353343963623 -1.6937706470489502
v -4.583950519561768 -0.9716272354125977 -1.7454901933670044
v -4.594300746917725 -1.0034817457199097 -1.8011573553085327
v -4.6027302742004395 -1.0294253826141357 -1.8601195812225342
v -4.609140396118164 -1.0491541624069214 -1.9216854572296143
v -4.6134562492370605 -1.0624364614486694 -1.9851332902908325
v -4.615626811981201 -1.0691168308258057 -2.0497190952301025
v -4.615626811981201 -1.0691168308258057 -2.1146857738494873
v -4.6134562492370605 -1.0624364614486694 -2.179271697998047
v -4.609140396118164 -1.0491541624069214 -2.2427194118499756
v -4.6027302742004395 -1.0294253826141357 -2.3042852878570557
v -4.594300746917725 -1.0034817457199097 -2.3632473945617676
v -4.583950519561768 -0.9716272354125977 -2.418914794921875
v -4.57180118560791 -0.9342353343963623 -2.4706342220306396
v -4.557994842529297 -0.8917444944381714 -2.5177998542785645
v -4.542694091796875 -0.8446527719497681 -2.5598583221435547
v -4.526077747344971 -0.7935123443603516 -2.5963168144226074
v -4.508340358734131 -0.7389227747917175 -2.6267476081848145
v -4.48969030380249 -0.6815240979194641 -2.650794267654419
v -4.470346450805664 -0.6219892501831055 -2.6681747436523438
v -4.450534820556641 -0.5610162019729614 -2.678685188293457
v -4.437269687652588 -0.563835859298706 -1.4857196807861328
v -4.443970680236816 -0.6275955438613892 -1.496230125427246
v -4.450514316558838 -0.6898512244224548 -1.513610601425171
v -4.456822872161865 -0.749873161315918 -1.5376572608947754
v -4.462822437286377 -0.8069576025009155 -1.5680880546569824
v -4.468443393707275 -0.8604352474212646 -1.6045465469360352
v -4.473618984222412 -0.909679114818573 -1.646605134010315
v -4.4782891273498535 -0.9541119337081909 -1.6937706470489502
v -4.482398986816406 -0.9932126998901367 -1.7454901933670044
v -4.485899925231934 -1.0265231132507324 -1.8011573553085327
v -4.488751411437988 -1.0536524057388306 -1.8601195812225342
v -4.490919589996338 -1.0742827653884888 -1.9216854572296143
v -4.492379665374756 -1.088172197341919 -1.9851332902908325
v -4.4931135177612305 -1.0951578617095947 -2.0497190952301025
v -4.4931135177612305 -1.0951578617095947 -2.1146857738494873
v -4.492379665374756 -1.088172197341919 -2.179271697998047
v -4.490919589996338 -1.0742827653884888 -2.2427194118499756
v -4.488751411437988 -1.0536524057388306 -2.3042852878570557
v -4.485899925231934 -1.0265231132507324 -2.3632473945617676
v -4.482398986816406 -0.9932126998901367 -2.418914794921875
v -4.4782891273498535 -0.9541119337081909 -2.4706342220306396
v -4.473618984222412 -0.909679114818573 -2.5177998542785645
v -4.468443393707275 -0.8604352474212646 -2.5598583221435547
v -4.462822437286377 -0.8069576025009155 -2.5963168144226074
v -4.456822872161865 -0.749873161315918 -2.6267476081848145
v -4.450514316558838 -0.6898512244224548 -2.650794267654419
v -4.443970680236816 -0.6275955438613892 -2.6681747436523438
v -4.437269687652588 -0.563835859298706 -2.678685188293457
v -4.423707485198975 -0.563835859298706 -1.4857196807861328
v -4.417006492614746 -0.6275955438613892 -1.496230125427246
v -4.410462856292725 -0.6898512244224548 -1.513610601425171
v -4.404154300689697 -0.749873161315918 -1.5376572608947754
v -4.3981547355651855 -0.8069576025009155 -1.5680880546569824
v -4.392533779144287 -0.8604352474212646 -1.6045465469360352
v -4.38735818862915 -0.909679114818573 -1.646605134010315
v -4.382688045501709 -0.9541119337081909 -1.6937706470489502
v -4.378578186035156 -0.9932126998901367 -1.7454901933670044
v -4.375077247619629 -1.0265231132507324 -1.8011573553085327
v -4.372225761413574 -1.0536524057388306 -1.8601195812225342
v -4.370057582855225 -1.0742827653884888 -1.9216854572296143
v -4.368597507476807 -1.088172197341919 -1.9851332902908325
v -4.367863655090332 -1.0951578617095947 -2.0497190952301025
v -4.367863655090332 -1.0951578617095947 -2.1146857738494873
v -4.368597507476807 -1.088172197341919 -2.179271697998047
v -4.370057582855225 -1.0742827653884888 -2.2427194118499756
v -4.372225761413574 -1.0536524057388306 -2.3042852878570557
v -4.375077247619629 -1.0265231132507324 -2.3632473945617676
v -4.378578186035156 -0.9932126998901367 -2.418914794921875
v -4.382688045501709 -0.9541119337081909 -2.4706342220306396
v -4.38735818862915 -0.909679114818573 -2.5177998542785645
v -4.392533779144287 -0.8604352474212646 -2.5598583221435547
v -4.3981547355651855 -0.8069576025009155 -2.5963168144226074
v -4.404154300689697 -0.749873161315918 -2.6267476081848145
v -4.410462856292725 -0.6898512244224548 -2.650794267654419
v -4.417006492614746 -0.6275955438613892 -2.6681747436523438
v -4.423707485198975 -0.563835859298706 -2.678685188293457
v -4.410442352294922 -0.5610162019729614 -1.4857196807861328
v -4.390630722045898 -0.6219892501831055 -1.496230125427246
v -4.371286869049072 -0.6815240979194641 -1.513610601425171
v -4.352636814117432 -0.7389227747917175 -1.5376572608947754
v -4.334899425506592 -0.7935123443603516 -1.5680880546569824
v -4.3182830810546875 -0.8446527719497681 -1.6045465469360352
v -4.302982330322266 -0.8917444944381714 -1.646605134010315
v -4.289175987243652 -0.9342353343963623 -1.6937706470489502
v -4.277026653289795 -0.9716272354125977 -1.7454901933670044
v -4.266676425933838 -1.0034817457199097 -1.8011573553085327
v -4.258246898651123 -1.0294253826141357 -1.8601195812225342
v -4.251836776733398 -1.0491541624069214 -1.9216854572296143
v -4.247520923614502 -1.0624364614486694 -1.9851332902908325
v -4.245350360870361 -1.0691168308258057 -2.0497190952301025
v -4.245350360870361 -1.0691168308258057 -2.1146857738494873
v -4.247520923614502 -1.0624364614486694 -2.179271697998047
v -4.251836776733398 -1.0491541624069214 -2.2427194118499756
v -4.258246898651123 -1.0294253826141357 -2.3042852878570557
v -4.266676425933838 -1.0034817457199097 -2.3632473945617676
v -4.277026653289795 -0.9716272354125977 -2.418914794921875
v -4.289175987243652 -0.9342353343963623 -2.4706342220306396
v -4.302982330322266 -0.8917444944381714 -2.5177998542785645
v -4.3182830810546875 -0.8446527719497681 -2.5598583221435547
v -4.334899425506592 -0.7935123443603516 -2.5963168144226074
v -4.352636814117432 -0.7389227747917175 -2.6267476081848145
v -4.371286869049072 -0.6815240979194641 -2.650794267654419
v -4.390630722045898 -0.6219892501831055 -2.6681747436523438
v -4.410442352294922 -0.5610162019729614 -2.678685188293457
v -4.39805269241333 -0.5555000901222229 -1.4857196807861328
v -4.365997314453125 -0.6110217571258545 -1.496230125427246
v -4.33469820022583 -0.6652337312698364 -1.513610601425171
v -4.3045220375061035 -0.7175005674362183 -1.5376572608947754
v -4.275822639465332 -0.7672094702720642 -1.5680880546569824
v -4.248936176300049 -0.8137775659561157 -1.6045465469360352
v -4.224178791046143 -0.856658935546875 -1.646605134010315
v -4.201839923858643 -0.8953508138656616 -1.6937706470489502
v -4.1821818351745605 -0.9293996095657349 -1.7454901933670044
v -4.165434837341309 -0.9584061503410339 -1.8011573553085327
v -4.151795387268066 -0.9820302724838257 -1.8601195812225342
v -4.14142370223999 -0.9999951124191284 -1.9216854572296143
v -4.1344404220581055 -1.0120899677276611 -1.9851332902908325
v -4.1309285163879395 -1.0181729793548584 -2.0497190952301025
v -4.1309285163879395 -1.0181729793548584 -2.1146857738494873
v -4.1344404220581055 -1.0120899677276611 -2.179271697998047
v -4.14142370223999 -0.9999951124191284 -2.2427194118499756
v -4.151795387268066 -0.9820302724838257 -2.3042852878570557
v -4.165434837341309 -0.9584061503410339 -2.3632473945617676
v -4.1821818351745605 -0.9293996095657349 -2.418914794921875
v -4.201839923858643 -0.8953508138656616 -2.4706342220306396
v -4.224178791046143 -0.856658935546875 -2.5177998542785645
v -4.248936176300049 -0.8137775659561157 -2.5598583221435547
v -4.275822639465332 -0.7672094702720642 -2.5963168144226074
v -4.3045220375061035 -0.7175005674362183 -2.6267476081848145
v -4.33469820022583 -0.6652337312698364 -2.650794267654419
v -4.365997314453125 -0.6110217571258545 -2.6681747436523438
v -4.39805269241333 -0.5555000901222229 -2.678685188293457
v -4.387081146240234 -0.5475286841392517 -1.4857196807861328
v -4.34418249130249 -0.5951723456382751 -1.496230125427246
v -4.302295684814453 -0.6416921615600586 -1.513610601425171
v -4.2619123458862305 -0.6865428686141968 -1.5376572608947754
v -4.223505020141602 -0.7291985154151917 -1.5680880546569824
v -4.187524318695068 -0.7691590785980225 -1.6045465469360352
v -4.154392242431641 -0.8059560060501099 -1.646605134010315
v -4.124496936798096 -0.8391578793525696 -1.6937706470489502
v -4.098189353942871 -0.8683755397796631 -1.7454901933670044
v -4.075777530670166 -0.8932662606239319 -1.8011573553085327
v -4.057524681091309 -0.9135383367538452 -1.8601195812225342
v -4.043643951416016 -0.9289541244506836 -1.9216854572296143
v -4.034298896789551 -0.9393328428268433 -1.9851332902908325
v -4.029599189758301 -0.9445527791976929 -2.0497190952301025
v -4.029599189758301 -0.9445527791976929 -2.1146857738494873
v -4.034298896789551 -0.9393328428268433 -2.179271697998047
v -4.043643951416016 -0.9289541244506836 -2.2427194118499756
v -4.057524681091309 -0.9135383367538452 -2.3042852878570557
v -4.075777530670166 -0.8932662606239319 -2.3632473945617676
v -4.098189353942871 -0.8683755397796631 -2.418914794921875
v -4.124496936798096 -0.8391578793525696 -2.4706342220306396
v -4.154392242431641 -0.8059560060501099 -2.5177998542785645
v -4.187524318695068 -0.7691590785980225 -2.5598583221435547
v -4.223505020141602 -0.7291985154151917 -2.5963168144226074
v -4.2619123458862305 -0.6865428686141968 -2.6267476081848145
v -4.302295684814453 -0.6416921615600586 -2.650794267654419
v -4.34418249130249 -0.5951723456382751 -2.6681747436523438
v -4.387081146240234 -0.5475286841392517 -2.678685188293457
v -4.378006458282471 -0.5374502539634705 -1.4857196807861328
v -4.3261399269104 -0.5751336812973022 -1.496230125427246
v -4.275496482849121 -0.6119282841682434 -1.513610601425171
v -4.226670265197754 -0.6474025845527649 -1.5376572608947754
v -4.180233478546143 -0.6811407804489136 -1.5680880546569824
v -4.136730670928955 -0.71274733543396 -1.6045465469360352
v -4.096672058105469 -0.7418515682220459 -1.646605134010315
v -4.060527324676514 -0.7681124210357666 -1.6937706470489502
v -4.028719902038574 -0.7912218570709229 -1.7454901933670044
v -4.001622676849365 -0.8109090328216553 -1.8011573553085327
v -3.979553699493408 -0.8269430994987488 -1.8601195812225342
v -3.9627716541290283 -0.8391361236572266 -1.9216854572296143
v -3.9514729976654053 -0.8473450541496277 -1.9851332902908325
v -3.9457902908325195 -0.8514737486839294 -2.0497190952301025
v -3.9457902908325195 -0.8514737486839294 -2.1146857738494873
v -3.9514729976654053 -0.8473450541496277 -2.179271697998047
v -3.9627716541290283 -0.8391361236572266 -2.2427194118499756
v -3.979553699493408 -0.8269430994987488 -2.3042852878570557
v -4.001622676849365 -0.8109090328216553 -2.3632473945617676
v -4.028719902038574 -0.7912218570709229 -2.418914794921875
v -4.060527324676514 -0.7681124210357666 -2.4706342220306396
v -4.096672058105469 -0.7418515682220459 -2.5177998542785645
v -4.136730670928955 -0.71274733543396 -2.5598583221435547
v -4.180233478546143 -0.6811407804489136 -2.5963168144226074
v -4.226670265197754 -0.6474025845527649 -2.6267476081848145
v -4.275496482849121 -0.6119282841682434 -2.650794267654419
v -4.3261399269104 -0.5751336812973022 -2.6681747436523438
v -4.378006458282471 -0.5374502539634705 -2.678685188293457
v -4.371225833892822 -0.5257053971290588 -1.4857196807861328
v -4.312657356262207 -0.5517816543579102 -1.496230125427246
v -4.2554707527160645 -0.5772427916526794 -1.513610601425171
v -4.20033597946167 -0.6017903685569763 -1.5376572608947754
v -4.147899627685547 -0.6251366138458252 -1.5680880546569824
v -4.098775863647461 -0.6470077037811279 -1.6045465469360352
v -4.053541660308838 -0.6671473979949951 -1.646605134010315
v -4.012726783752441 -0.6853193640708923 -1.6937706470489502
v -3.9768097400665283 -0.7013106942176819 -1.7454901933670044
v -3.946211576461792 -0.7149338722229004 -1.8011573553085327
v -3.9212911128997803 -0.7260291576385498 -1.8601195812225342
v -3.9023404121398926 -0.7344664931297302 -1.9216854572296143
v -3.8895821571350098 -0.7401469349861145 -1.9851332902908325
v -3.883165121078491 -0.7430039048194885 -2.0497190952301025
v -3.883165121078491 -0.7430039048194885 -2.1146857738494873
v -3.8895821571350098 -0.7401469349861145 -2.179271697998047
v -3.9023404121398926 -0.7344664931297302 -2.2427194118499756
v -3.9212911128997803 -0.7260291576385498 -2.3042852878570557
v -3.946211576461792 -0.7149338722229004 -2.3632473945617676
v -3.9768097400665283 -0.7013106942176819 -2.418914794921875
v -4.012726783752441 -0.6853193640708923 -2.4706342220306396
v -4.053541660308838 -0.6671473979949951 -2.5177998542785645
v -4.098775863647461 -0.6470077037811279 -2.5598583221435547
v -4.147899627685547 -0.6251366138458252 -2.5963168144226074
v -4.20033597946167 -0.6017903685569763 -2.6267476081848145
v -4.2554707527160645 -0.5772427916526794 -2.650794267654419
v -4.312657356262207 -0.5517816543579102 -2.6681747436523438
v -4.371225833892822 -0.5257053971290588 -2.678685188293457
v -4.367034912109375 -0.5128073692321777 -1.4857196807861328
v -4.304325103759766 -0.5261367559432983 -1.496230125427246
v -4.243093967437744 -0.5391517281532288 -1.513610601425171
v -4.184060573577881 -0.5516997575759888 -1.5376572608947754
v -4.127915859222412 -0.5636336207389832 -1.5680880546569824
v -4.075318813323975 -0.5748134851455688 -1.6045465469360352
v -4.026885509490967 -0.5851082801818848 -1.646605134010315
v -3.983184337615967 -0.594397246837616 -1.6937706470489502
v -3.9447274208068848 -0.6025715470314026 -1.7454901933670044
v -3.9119653701782227 -0.6095353364944458 -1.8011573553085327
v -3.8852827548980713 -0.6152068972587585 -1.8601195812225342
v -3.864992141723633 -0.619519829750061 -1.9216854572296143
v -3.8513314723968506 -0.6224234700202942 -1.9851332902908325
v -3.8444607257843018 -0.6238839030265808 -2.0497190952301025
v -3.8444607257843018 -0.6238839030265808 -2.1146857738494873
v -3.8513314723968506 -0.6224234700202942 -2.179271697998047
v -3.864992141723633 -0.619519829750061 -2.2427194118499756
v -3.8852827548980713 -0.6152068972587585 -2.3042852878570557
v -3.9119653701782227 -0.6095353364944458 -2.3632473945617676
v -3.9447274208068848 -0.6025715470314026 -2.418914794921875
v -3.983184337615967 -0.594397246837616 -2.4706342220306396
v -4.026885509490967 -0.5851082801818848 -2.5177998542785645
v -4.075318813323975 -0.5748134851455688 -2.5598583221435547
v -4.127915859222412 -0.5636336207389832 -2.5963168144226074
v -4.184060573577881 -0.5516997575759888 -2.6267476081848145
v -4.243093967437744 -0.5391517281532288 -2.650794267654419
v -4.304325103759766 -0.5261367559432983 -2.6681747436523438
v -4.367034912109375 -0.5128073692321777 -2.678685188293457
v 7.758424282073975 0.7356523275375366 -3.8125624656677246
v 7.758424282073975 0.7356523275375366 -5.012562274932861
v 7.823295593261719 0.7356523275375366 -3.816079616546631
v 7.887406349182129 0.7356523275375366 -3.826590061187744
v 7.950005054473877 0.7356523275375366 -3.843970537185669
v 8.010357856750488 0.7356523275375366 -3.8680171966552734
v 8.067756652832031 0.7356523275375366 -3.8984479904174805
v 8.121528625488281 0.7356523275375366 -3.934906482696533
v 8.17104434967041 0.7356523275375366 -3.9769649505615234
v 8.215721130371094 0.7356523275375366 -4.024130821228027
v 8.255037307739258 0.7356523275375366 -4.075850009918213
v 8.288531303405762 0.7356523275375366 -4.13151741027832
v 8.315810203552246 0.7356523275375366 -4.190479278564453
v 8.336554527282715 0.7356523275375366 -4.252045154571533
v 8.350520133972168 0.7356523275375366 -4.315493106842041
v 8.3575439453125 0.7356523275375366 -4.3800787925720215
v 8.3575439453125 0.7356523275375366 -4.4450459480285645
v 8.350520133972168 0.7356523275375366 -4.509631633758545
v 8.336554527282715 0.7356523275375366 -4.573079586029053
v 8.315810203552246 0.7356523275375366 -4.634645462036133
v 8.288531303405762 0.7356523275375366 -4.693607330322266
v 8.255037307739258 0.7356523275375366 -4.749274730682373
v 8.215721130371094 0.7356523275375366 -4.800993919372559
v 8.17104434967041 0.7356523275375366 -4.8481597900390625
v 8.121528625488281 0.7356523275375366 -4.890218257904053
v 8.067756652832031 0.7356523275375366 -4.9266767501831055
v 8.010357856750488 0.7356523275375366 -4.9571075439453125
v 7.950005054473877 0.7356523275375366 -4.981154441833496
v 7.887406349182129 0.7356523275375366 -4.998534679412842
v 7.823295593261719 0.7356523275375366 -5.009045124053955
v 7.821877956390381 0.7491398453712463 -3.816079616546631
v 7.88458776473999 0.7624692320823669 -3.826590061187744
v 7.945818901062012 0.7754842638969421 -3.843970537185669
v 8.004852294921875 0.7880322337150574 -3.8680171966552734
v 8.060997009277344 0.7999661564826965 -3.8984479904174805
v 8.113594055175781 0.8111460208892822 -3.934906482696533
v 8.162027359008789 0.8214407563209534 -3.9769649505615234
v 8.205728530883789 0.8307297825813293 -4.024130821228027
v 8.244185447692871 0.838904082775116 -4.075850009918213
v 8.276947021484375 0.8458678126335144 -4.13151741027832
v 8.303629875183105 0.8515393733978271 -4.190479278564453
v 8.323921203613281 0.8558523058891296 -4.252045154571533
v 8.337581634521484 0.8587560057640076 -4.315493106842041
v 8.344451904296875 0.8602163791656494 -4.3800787925720215
v 8.344451904296875 0.8602163791656494 -4.4450459480285645
v 8.337581634521484 0.8587560057640076 -4.509631633758545
v 8.323921203613281 0.8558523058891296 -4.573079586029053
v 8.303629875183105 0.8515393733978271 -4.634645462036133
v 8.276947021484375 0.8458678126335144 -4.693607330322266
v 8.244185447692871 0.838904082775116 -4.749274730682373
v 8.205728530883789 0.8307297825813293 -4.800993919372559
v 8.162027359008789 0.8214407563209534 -4.8481597900390625
v 8.113594055175781 0.8111460208892822 -4.890218257904053
v 8.060997009277344 0.7999661564826965 -4.9266767501831055
v 8.004852294921875 0.7880322337150574 -4.9571075439453125
v 7.945818901062012 0.7754842638969421 -4.981154441833496
v 7.88458776473999 0.7624692320823669 -4.998534679412842
v 7.821877956390381 0.7491398453712463 -5.009045124053955
v 7.817687034606934 0.7620379328727722 -3.816079616546631
v 7.876255512237549 0.7881141304969788 -3.826590061187744
v 7.933442115783691 0.8135753273963928 -3.843970537185669
v 7.988576889038086 0.8381229043006897 -3.8680171966552734
v 8.041013717651367 0.8614691495895386 -3.8984479904174805
v 8.090136528015137 0.8833402395248413 -3.934906482696533
v 8.135371208190918 0.9034798741340637 -3.9769649505615234
v 8.176185607910156 0.9216518402099609 -4.024130821228027
v 8.212102890014648 0.9376431703567505 -4.075850009918213
v 8.242701530456543 0.951266348361969 -4.13151741027832
v 8.267621994018555 0.9623616337776184 -4.190479278564453
v 8.286572456359863 0.9707989692687988 -4.252045154571533
v 8.299330711364746 0.9764794111251831 -4.315493106842041
v 8.305747985839844 0.9793363809585571 -4.3800787925720215
v 8.305747985839844 0.9793363809585571 -4.4450459480285645
v 8.299330711364746 0.9764794111251831 -4.509631633758545
v 8.286572456359863 0.9707989692687988 -4.573079586029053
v 8.267621994018555 0.9623616337776184 -4.634645462036133
v 8.242701530456543 0.951266348361969 -4.693607330322266
v 8.212102890014648 0.9376431703567505 -4.749274730682373
v 8.176185607910156 0.9216518402099609 -4.800993919372559
v 8.135371208190918 0.9034798741340637 -4.8481597900390625
v 8.090136528015137 0.8833402395248413 -4.890218257904053
v 8.041013717651367 0.8614691495895386 -4.9266767501831055
v 7.988576889038086 0.8381229043006897 -4.9571075439453125
v 7.933442115783691 0.8135753273963928 -4.981154441833496
v 7.876255512237549 0.7881141304969788 -4.998534679412842
v 7.817687034606934 0.7620379328727722 -5.009045124053955
v 7.810906410217285 0.7737827897071838 -3.816079616546631
v 7.8627729415893555 0.8114662170410156 -3.826590061187744
v 7.913416385650635 0.848260760307312 -3.843970537185669
v 7.962242603302002 0.8837351202964783 -3.8680171966552734
v 8.008679389953613 0.917473316192627 -3.8984479904174805
v 8.0521821975708 0.9490798115730286 -3.934906482696533
v 8.092240333557129 0.9781841039657593 -3.9769649505615234
v 8.128385543823242 1.0044448375701904 -4.024130821228027
v 8.160192489624023 1.0275543928146362 -4.075850009918213
v 8.18729019165039 1.0472415685653687 -4.13151741027832
v 8.209359169006348 1.0632755756378174 -4.190479278564453
v 8.226140975952148 1.0754685401916504 -4.252045154571533
v 8.23744010925293 1.0836775302886963 -4.315493106842041
v 8.243122100830078 1.087806224822998 -4.3800787925720215
v 8.243122100830078 1.087806224822998 -4.4450459480285645
v 8.23744010925293 1.0836775302886963 -4.509631633758545
v 8.226140975952148 1.0754685401916504 -4.573079586029053
v 8.209359169006348 1.0632755756378174 -4.634645462036133
v 8.18729019165039 1.0472415685653687 -4.693607330322266
v 8.160192489624023 1.0275543928146362 -4.749274730682373
v 8.128385543823242 1.0044448375701904 -4.800993919372559
v 8.092240333557129 0.9781841039657593 -4.8481597900390625
v 8.0521821975708 0.9490798115730286 -4.890218257904053
v 8.008679389953613 0.917473316192627 -4.9266767501831055
v 7.962242603302002 0.8837351202964783 -4.9571075439453125
v 7.913416385650635 0.848260760307312 -4.981154441833496
v 7.8627729415893555 0.8114662170410156 -4.998534679412842
v 7.810906410217285 0.7737827897071838 -5.009045124053955
v 7.8018317222595215 0.7838611602783203 -3.816079616546631
v 7.844730377197266 0.8315048217773438 -3.826590061187744
v 7.8866167068481445 0.878024697303772 -3.843970537185669
v 7.927000522613525 0.9228754043579102 -3.8680171966552734
v 7.965407848358154 0.965531051158905 -3.8984479904174805
v 8.001388549804688 1.0054916143417358 -3.934906482696533
v 8.034521102905273 1.0422885417938232 -3.9769649505615234
v 8.06441593170166 1.0754903554916382 -4.024130821228027
v 8.090723037719727 1.104707956314087 -4.075850009918213
v 8.11313533782959 1.1295987367630005 -4.13151741027832
v 8.131388664245605 1.1498708724975586 -4.190479278564453
v 8.145268440246582 1.165286660194397 -4.252045154571533
v 8.154613494873047 1.1756653785705566 -4.315493106842041
v 8.159314155578613 1.1808853149414062 -4.3800787925720215
v 8.159314155578613 1.1808853149414062 -4.4450459480285645
v 8.154613494873047 1.1756653785705566 -4.509631633758545
v 8.145268440246582 1.165286660194397 -4.573079586029053
v 8.131388664245605 1.1498708724975586 -4.634645462036133
v 8.11313533782959 1.1295987367630005 -4.693607330322266
v 8.090723037719727 1.104707956314087 -4.749274730682373
v 8.06441593170166 1.0754903554916382 -4.800993919372559
v 8.034521102905273 1.0422885417938232 -4.8481597900390625
v 8.001388549804688 1.0054916143417358 -4.890218257904053
v 7.965407848358154 0.965531051158905 -4.9266767501831055
v 7.927000522613525 0.9228754043579102 -4.9571075439453125
v 7.8866167068481445 0.878024697303772 -4.981154441833496
v 7.844730377197266 0.8315048217773438 -4.998534679412842
v 7.8018317222595215 0.7838611602783203 -5.009045124053955
v 7.790860176086426 0.7918326258659363 -3.816079616546631
v 7.822915554046631 0.8473542332649231 -3.826590061187744
v 7.854214668273926 0.9015662670135498 -3.843970537185669
v 7.884390830993652 0.9538331031799316 -3.8680171966552734
v 7.913090229034424 1.0035419464111328 -3.8984479904174805
v 7.939976692199707 1.050110101699829 -3.934906482696533
v 7.964734077453613 1.0929914712905884 -3.9769649505615234
v 7.987072944641113 1.131683349609375 -4.024130821228027
v 8.006731033325195 1.1657321453094482 -4.075850009918213
v 8.023477554321289 1.1947386264801025 -4.13151741027832
v 8.037117004394531 1.218362808227539 -4.190479278564453
v 8.047489166259766 1.2363276481628418 -4.252045154571533
v 8.054471969604492 1.248422384262085 -4.315493106842041
v 8.057984352111816 1.2545055150985718 -4.3800787925720215
v 8.057984352111816 1.2545055150985718 -4.4450459480285645
v 8.054471969604492 1.248422384262085 -4.509631633758545
v 8.047489166259766 1.2363276481628418 -4.573079586029053
v 8.037117004394531 1.218362808227539 -4.634645462036133
v 8.023477554321289 1.1947386264801025 -4.693607330322266
v 8.006731033325195 1.1657321453094482 -4.749274730682373
v 7.987072944641113 1.131683349609375 -4.800993919372559
v 7.964734077453613 1.0929914712905884 -4.8481597900390625
v 7.939976692199707 1.050110101699829 -4.890218257904053
v 7.913090229034424 1.0035419464111328 -4.9266767501831055
v 7.884390830993652 0.9538331031799316 -4.9571075439453125
v 7.854214668273926 0.9015662670135498 -4.981154441833496
v 7.822915554046631 0.8473542332649231 -4.998534679412842
v 7.790860176086426 0.7918326258659363 -5.009045124053955
v 7.778470516204834 0.79734867811203 -3.816079616546631
v 7.798282146453857 0.8583217263221741 -3.826590061187744
v 7.817625999450684 0.9178565740585327 -3.843970537185669
v 7.836276054382324 0.9752552509307861 -3.8680171966552734
v 7.854013442993164 1.029844880104065 -3.8984479904174805
v 7.870629787445068 1.0809853076934814 -3.934906482696533
v 7.885931015014648 1.1280770301818848 -3.9769649505615234
v 7.8997368812561035 1.1705678701400757 -4.024130821228027
v 7.911886215209961 1.207959771156311 -4.075850009918213
v 7.922236442565918 1.239814281463623 -4.13151741027832
v 7.930665969848633 1.2657579183578491 -4.190479278564453
v 7.937076091766357 1.2854866981506348 -4.252045154571533
v 7.941391944885254 1.2987689971923828 -4.315493106842041
v 7.9435625076293945 1.305449366569519 -4.3800787925720215
v 7.9435625076293945 1.305449366569519 -4.4450459480285645
v 7.941391944885254 1.2987689971923828 -4.509631633758545
v 7.937076091766357 1.2854866981506348 -4.573079586029053
v 7.930665969848633 1.2657579183578491 -4.634645462036133
v 7.922236442565918 1.239814281463623 -4.693607330322266
v 7.911886215209961 1.207959771156311 -4.749274730682373
v 7.8997368812561035 1.1705678701400757 -4.800993919372559
v 7.885931015014648 1.1280770301818848 -4.8481597900390625
v 7.870629787445068 1.0809853076934814 -4.890218257904053
v 7.854013442993164 1.029844880104065 -4.9266767501831055
v 7.836276054382324 0.9752552509307861 -4.9571075439453125
v 7.817625999450684 0.9178565740585327 -4.981154441833496
v 7.798282146453857 0.8583217263221741 -4.998534679412842
v 7.778470516204834 0.79734867811203 -5.009045124053955
v 7.765205383300781 0.8001683950424194 -3.816079616546631
v 7.77190637588501 0.8639280200004578 -3.826590061187744
v 7.778450012207031 0.9261837601661682 -3.843970537185669
v 7.784758567810059 0.9862056970596313 -3.8680171966552734
v 7.79075813293457 1.043290138244629 -3.8984479904174805
v 7.796379089355469 1.0967676639556885 -3.934906482696533
v 7.8015546798706055 1.1460115909576416 -3.9769649505615234
v 7.806224822998047 1.1904444694519043 -4.024130821228027
v 7.8103346824646 1.22954523563385 -4.075850009918213
v 7.813835620880127 1.2628555297851562 -4.13151741027832
v 7.816687107086182 1.289984941482544 -4.190479278564453
v 7.818855285644531 1.3106153011322021 -4.252045154571533
v 7.820315361022949 1.3245046138763428 -4.315493106842041
v 7.821049213409424 1.3314902782440186 -4.3800787925720215
v 7.821049213409424 1.3314902782440186 -4.4450459480285645
v 7.820315361022949 1.3245046138763428 -4.509631633758545
v 7.818855285644531 1.3106153011322021 -4.573079586029053
v 7.816687107086182 1.289984941482544 -4.634645462036133
v 7.813835620880127 1.2628555297851562 -4.693607330322266
v 7.8103346824646 1.22954523563385 -4.749274730682373
v 7.806224822998047 1.1904444694519043 -4.800993919372559
v 7.8015546798706055 1.1460115909576416 -4.8481597900390625
v 7.796379089355469 1.0967676639556885 -4.890218257904053
v 7.79075813293457 1.043290138244629 -4.9266767501831055
v 7.784758567810059 0.9862056970596313 -4.9571075439453125
v 7.778450012207031 0.9261837601661682 -4.981154441833496
v 7.77190637588501 0.8639280200004578 -4.998534679412842
v 7.765205383300781 0.8001683950424194 -5.009045124053955
v 7.751643180847168 0.8001683950424194 -3.816079616546631
v 7.7449421882629395 0.8639280200004578 -3.826590061187744
v 7.738398551940918 0.9261837601661682 -3.843970537185669
v 7.732089996337891 0.9862056970596313 -3.8680171966552734
v 7.726090431213379 1.043290138244629 -3.8984479904174805
v 7.7204694747924805 1.0967676639556885 -3.934906482696533
v 7.715293884277344 1.1460115909576416 -3.9769649505615234
v 7.710623741149902 1.1904444694519043 -4.024130821228027
v 7.70651388168335 1.22954523563385 -4.075850009918213
v 7.703012943267822 1.2628555297851562 -4.13151741027832
v 7.700161457061768 1.289984941482544 -4.190479278564453
v 7.697993278503418 1.3106153011322021 -4.252045154571533
v 7.696533203125 1.3245046138763428 -4.315493106842041
v 7.695799350738525 1.3314902782440186 -4.3800787925720215
v 7.695799350738525 1.3314902782440186 -4.4450459480285645
v 7.696533203125 1.3245046138763428 -4.509631633758545
v 7.697993278503418 1.3106153011322021 -4.573079586029053
v 7.700161457061768 1.289984941482544 -4.634645462036133
v 7.703012943267822 1.2628555297851562 -4.693607330322266
v 7.70651388168335 1.22954523563385 -4.749274730682373
v 7.710623741149902 1.1904444694519043 -4.800993919372559
v 7.715293884277344 1.1460115909576416 -4.8481597900390625
v 7.7204694747924805 1.0967676639556885 -4.890218257904053
v 7.726090431213379 1.043290138244629 -4.9266767501831055
v 7.732089996337891 0.9862056970596313 -4.9571075439453125
v 7.738398551940918 0.9261837601661682 -4.981154441833496
v 7.7449421882629395 0.8639280200004578 -4.998534679412842
v 7.751643180847168 0.8001683950424194 -5.009045124053955
v 7.738378047943115 0.79734867811203 -3.816079616546631
v 7.718566417694092 0.8583217263221741 -3.826590061187744
v 7.699222564697266 0.9178565740585327 -3.843970537185669
v 7.680572509765625 0.9752552509307861 -3.8680171966552734
v 7.662835121154785 1.029844880104065 -3.8984479904174805
v 7.646218776702881 1.0809853076934814 -3.934906482696533
v 7.630917549133301 1.1280770301818848 -3.9769649505615234
v 7.617111682891846 1.1705678701400757 -4.024130821228027
v 7.604962348937988 1.207959771156311 -4.075850009918213
v 7.594612121582031 1.239814281463623 -4.13151741027832
v 7.586182594299316 1.2657579183578491 -4.190479278564453
v 7.579772472381592 1.2854866981506348 -4.252045154571533
v 7.575456619262695 1.2987689971923828 -4.315493106842041
v 7.573286056518555 1.305449366569519 -4.3800787925720215
v 7.573286056518555 1.305449366569519 -4.4450459480285645
v 7.575456619262695 1.2987689971923828 -4.509631633758545
v 7.579772472381592 1.2854866981506348 -4.573079586029053
v 7.586182594299316 1.2657579183578491 -4.634645462036133
v 7.594612121582031 1.239814281463623 -4.693607330322266
v 7.604962348937988 1.207959771156311 -4.749274730682373
v 7.617111682891846 1.1705678701400757 -4.800993919372559
v 7.630917549133301 1.1280770301818848 -4.8481597900390625
v 7.646218776702881 1.0809853076934814 -4.890218257904053
v 7.662835121154785 1.029844880104065 -4.9266767501831055
v 7.680572509765625 0.9752552509307861 -4.9571075439453125
v 7.699222564697266 0.9178565740585327 -4.981154441833496
v 7.718566417694092 0.8583217263221741 -4.998534679412842
v 7.738378047943115 0.79734867811203 -5.009045124053955
v 7.725988388061523 0.7918326258659363 -3.816079616546631
v 7.693933010101318 0.8473542332649231 -3.826590061187744
v 7.662633895874023 0.9015662670135498 -3.843970537185669
v 7.632457733154297 0.9538331031799316 -3.8680171966552734
v 7.603758335113525 1.0035419464111328 -3.8984479904174805
v 7.576871871948242 1.050110101699829 -3.934906482696533
v 7.552114486694336 1.0929914712905884 -3.9769649505615234
v 7.529775619506836 1.131683349609375 -4.024130821228027
v 7.510117530822754 1.1657321453094482 -4.075850009918213
v 7.493370532989502 1.1947386264801025 -4.13151741027832
v 7.47973108291626 1.218362808227539 -4.190479278564453
v 7.469359397888184 1.2363276481628418 -4.252045154571533
v 7.462376117706299 1.248422384262085 -4.315493106842041
v 7.458864212036133 1.2545055150985718 -4.3800787925720215
v 7.458864212036133 1.2545055150985718 -4.4450459480285645
v 7.462376117706299 1.248422384262085 -4.509631633758545
v 7.469359397888184 1.2363276481628418 -4.573079586029053
v 7.47973108291626 1.218362808227539 -4.634645462036133
v 7.493370532989502 1.1947386264801025 -4.693607330322266
v 7.510117530822754 1.1657321453094482 -4.749274730682373
v 7.529775619506836 1.131683349609375 -4.800993919372559
v 7.552114486694336 1.0929914712905884 -4.8481597900390625
v 7.576871871948242 1.050110101699829 -4.890218257904053
v 7.603758335113525 1.0035419464111328 -4.9266767501831055
v 7.632457733154297 0.9538331031799316 -4.9571075439453125
v 7.662633895874023 0.9015662670135498 -4.981154441833496
v 7.693933010101318 0.8473542332649231 -4.998534679412842
v 7.725988388061523 0.7918326258659363 -5.009045124053955
v 7.715016841888428 0.7838611602783203 -3.816079616546631
v 7.672118186950684 0.8315048217773438 -3.826590061187744
v 7.630231857299805 0.878024697303772 -3.843970537185669
v 7.589848041534424 0.9228754043579102 -3.8680171966552734
v 7.551440715789795 0.965531051158905 -3.8984479904174805
v 7.515460014343262 1.0054916143417358 -3.934906482696533
v 7.482327938079834 1.0422885417938232 -3.9769649505615234
v 7.452432632446289 1.0754903554916382 -4.024130821228027
v 7.4261250495910645 1.104707956314087 -4.075850009918213
v 7.403713226318359 1.1295987367630005 -4.13151741027832
v 7.385460376739502 1.1498708724975586 -4.190479278564453
v 7.371579647064209 1.165286660194397 -4.252045154571533
v 7.362234592437744 1.1756653785705566 -4.315493106842041
v 7.357534885406494 1.1808853149414062 -4.3800787925720215
v 7.357534885406494 1.1808853149414062 -4.4450459480285645
v 7.362234592437744 1.1756653785705566 -4.509631633758545
v 7.371579647064209 1.165286660194397 -4.573079586029053
v 7.385460376739502 1.1498708724975586 -4.634645462036133
v 7.403713226318359 1.1295987367630005 -4.693607330322266
v 7.4261250495910645 1.104707956314087 -4.749274730682373
v 7.452432632446289 1.0754903554916382 -4.800993919372559
v 7.482327938079834 1.0422885417938232 -4.8481597900390625
v 7.515460014343262 1.0054916143417358 -4.890218257904053
v 7.551440715789795 0.965531051158905 -4.9266767501831055
v 7.589848041534424 0.9228754043579102 -4.9571075439453125
v 7.630231857299805 0.878024697303772 -4.981154441833496
v 7.672118186950684 0.8315048217773438 -4.998534679412842
v 7.715016841888428 0.7838611602783203 -5.009045124053955
v 7.705942153930664 0.7737827897071838 -3.816079616546631
v 7.654075622558594 0.8114662170410156 -3.826590061187744
v 7.6034321784973145 0.848260760307312 -3.843970537185669
v 7.554605960845947 0.8837351202964783 -3.8680171966552734
v 7.508169174194336 0.917473316192627 -3.8984479904174805
v 7.464666366577148 0.9490798115730286 -3.934906482696533
v 7.424607753753662 0.9781841039657593 -3.9769649505615234
v 7.388463020324707 1.0044448375701904 -4.024130821228027
v 7.356655597686768 1.0275543928146362 -4.075850009918213
v 7.329558372497559 1.0472415685653687 -4.13151741027832
v 7.307489395141602 1.0632755756378174 -4.190479278564453
v 7.290707111358643 1.0754685401916504 -4.252045154571533
v 7.2794084548950195 1.0836775302886963 -4.315493106842041
v 7.273725986480713 1.087806224822998 -4.3800787925720215
v 7.273725986480713 1.087806224822998 -4.4450459480285645
v 7.2794084548950195 1.0836775302886963 -4.509631633758545
v 7.290707111358643 1.0754685401916504 -4.573079586029053
v 7.307489395141602 1.0632755756378174 -4.634645462036133
v 7.329558372497559 1.0472415685653687 -4.693607330322266
v 7.356655597686768 1.0275543928146362 -4.749274730682373
v 7.388463020324707 1.0044448375701904 -4.800993919372559
v 7.424607753753662 0.9781841039657593 -4.8481597900390625
v 7.464666366577148 0.9490798115730286 -4.890218257904053
v 7.508169174194336 0.917473316192627 -4.9266767501831055
v 7.554605960845947 0.8837351202964783 -4.9571075439453125
v 7.6034321784973145 0.848260760307312 -4.981154441833496
v 7.654075622558594 0.8114662170410156 -4.998534679412842
v 7.705942153930664 0.7737827897071838 -5.009045124053955
v 7.699161529541016 0.7620379328727722 -3.816079616546631
v 7.6405930519104 0.7881141304969788 -3.826590061187744
v 7.583406448364258 0.8135753273963928 -3.843970537185669
v 7.528271675109863 0.8381229043006897 -3.8680171966552734
v 7.47583532333374 0.8614691495895386 -3.8984479904174805
v 7.4267120361328125 0.8833402395248413 -3.934906482696533
v 7.381477355957031 0.9034798741340637 -3.9769649505615234
v 7.340662479400635 0.9216518402099609 -4.024130821228027
v 7.304745197296143 0.9376431703567505 -4.075850009918213
v 7.274147033691406 0.951266348361969 -4.13151741027832
v 7.2492265701293945 0.9623616337776184 -4.190479278564453
v 7.230276107788086 0.9707989692687988 -4.252045154571533
v 7.217517852783203 0.9764794111251831 -4.315493106842041
v 7.211101055145264 0.9793363809585571 -4.3800787925720215
v 7.211101055145264 0.9793363809585571 -4.4450459480285645
v 7.217517852783203 0.9764794111251831 -4.509631633758545
v 7.230276107788086 0.9707989692687988 -4.573079586029053
v 7.2492265701293945 0.9623616337776184 -4.634645462036133
v 7.274147033691406 0.951266348361969 -4.693607330322266
v 7.304745197296143 0.9376431703567505 -4.749274730682373
v 7.340662479400635 0.9216518402099609 -4.800993919372559
v 7.381477355957031 0.9034798741340637 -4.8481597900390625
v 7.4267120361328125 0.8833402395248413 -4.890218257904053
v 7.47583532333374 0.8614691495895386 -4.9266767501831055
v 7.528271675109863 0.8381229043006897 -4.9571075439453125
v 7.583406448364258 0.8135753273963928 -4.981154441833496
v 7.6405930519104 0.7881141304969788 -4.998534679412842
v 7.699161529541016 0.7620379328727722 -5.009045124053955
v 7.694970607757568 0.7491398453712463 -3.816079616546631
v 7.632260799407959 0.7624692320823669 -3.826590061187744
v 7.5710296630859375 0.7754842638969421 -3.843970537185669
v 7.511996269226074 0.7880322337150574 -3.8680171966552734
v 7.4558515548706055 0.7999661564826965 -3.8984479904174805
v 7.403254508972168 0.8111460208892822 -3.934906482696533
v 7.35482120513916 0.8214407563209534 -3.9769649505615234
v 7.31112003326416 0.8307297825813293 -4.024130821228027
v 7.272663116455078 0.838904082775116 -4.075850009918213
v 7.239901065826416 0.8458678126335144 -4.13151741027832
v 7.213218688964844 0.8515393733978271 -4.190479278564453
v 7.192927837371826 0.8558523058891296 -4.252045154571533
v 7.179266929626465 0.8587560057640076 -4.315493106842041
v 7.172396659851074 0.8602163791656494 -4.3800787925720215
v 7.172396659851074 0.8602163791656494 -4.4450459480285645
v 7.179266929626465 0.8587560057640076 -4.509631633758545
v 7.192927837371826 0.8558523058891296 -4.573079586029053
v 7.213218688964844 0.8515393733978271 -4.634645462036133
v 7.239901065826416 0.8458678126335144 -4.693607330322266
v 7.272663116455078 0.838904082775116 -4.749274730682373
v 7.31112003326416 0.8307297825813293 -4.800993919372559
v 7.35482120513916 0.8214407563209534 -4.8481597900390625
v 7.403254508972168 0.8111460208892822 -4.890218257904053
v 7.4558515548706055 0.7999661564826965 -4.9266767501831055
v 7.511996269226074 0.7880322337150574 -4.9571075439453125
v 7.5710296630859375 0.7754842638969421 -4.981154441833496
v 7.632260799407959 0.7624692320823669 -4.998534679412842
v 7.694970607757568 0.7491398453712463 -5.009045124053955
v 7.6935529708862305 0.7356523275375366 -3.816079616546631
v 7.62944221496582 0.7356523275375366 -3.826590061187744
v 7.566843509674072 0.7356523275375366 -3.843970537185669
v 7.506490707397461 0.7356523275375366 -3.8680171966552734
v 7.449091911315918 0.7356523275375366 -3.8984479904174805
v 7.395319938659668 0.7356523275375366 -3.934906482696533
v 7.345804691314697 0.7356523275375366 -3.9769649505615234
v 7.301126956939697 0.7356523275375366 -4.024130821228027
v 7.261810779571533 0.7356523275375366 -4.075850009918213
v 7.2283172607421875 0.7356523275375366 -4.13151741027832
v 7.201038360595703 0.7356523275375366 -4.190479278564453
v 7.180294036865234 0.7356523275375366 -4.252045154571533
v 7.166328430175781 0.7356523275375366 -4.315493106842041
v 7.159304141998291 0.7356523275375366 -4.3800787925720215
v 7.159304141998291 0.7356523275375366 -4.4450459480285645
v 7.166328430175781 0.7356523275375366 -4.509631633758545
v 7.180294036865234 0.7356523275375366 -4.573079586029053
v 7.201038360595703 0.7356523275375366 -4.634645462036133
v 7.2283172607421875 0.7356523275375366 -4.693607330322266
v 7.261810779571533 0.7356523275375366 -4.749274730682373
v 7.301126956939697 0.7356523275375366 -4.800993919372559
v 7.345804691314697 0.7356523275375366 -4.8481597900390625
v 7.395319938659668 0.7356523275375366 -4.890218257904053
v 7.449091911315918 0.7356523275375366 -4.9266767501831055
v 7.506490707397461 0.7356523275375366 -4.9571075439453125
v 7.566843509674072 0.7356523275375366 -4.981154441833496
v 7.62944221496582 0.7356523275375366 -4.998534679412842
v 7.6935529708862305 0.7356523275375366 -5.009045124053955
v 7.694970607757568 0.7221648097038269 -3.816079616546631
v 7.632260799407959 0.7088354229927063 -3.826590061187744
v 7.5710296630859375 0.6958203911781311 -3.843970537185669
v 7.511996269226074 0.6832724213600159 -3.8680171966552734
v 7.4558515548706055 0.6713384985923767 -3.8984479904174805
v 7.403254508972168 0.660158634185791 -3.934906482696533
v 7.35482120513916 0.6498638987541199 -3.9769649505615234
v 7.31112003326416 0.6405748724937439 -4.024130821228027
v 7.272663116455078 0.6324005722999573 -4.075850009918213
v 7.239901065826416 0.6254368424415588 -4.13151741027832
v 7.213218688964844 0.6197652816772461 -4.190479278564453
v 7.192927837371826 0.6154523491859436 -4.252045154571533
v 7.179266929626465 0.6125486493110657 -4.315493106842041
v 7.172396659851074 0.6110882759094238 -4.3800787925720215
v 7.172396659851074 0.6110882759094238 -4.4450459480285645
v 7.179266929626465 0.6125486493110657 -4.509631633758545
v 7.192927837371826 0.6154523491859436 -4.573079586029053
v 7.213218688964844 0.6197652816772461 -4.634645462036133
v 7.239901065826416 0.6254368424415588 -4.693607330322266
v 7.272663116455078 0.6324005722999573 -4.749274730682373
v 7.31112003326416 0.6405748724937439 -4.800993919372559
v 7.35482120513916 0.6498638987541199 -4.8481597900390625
v 7.403254508972168 0.660158634185791 -4.890218257904053
v 7.4558515548706055 0.6713384985923767 -4.9266767501831055
v 7.511996269226074 0.6832724213600159 -4.9571075439453125
v 7.5710296630859375 0.6958203911781311 -4.981154441833496
v 7.632260799407959 0.7088354229927063 -4.998534679412842
v 7.694970607757568 0.7221648097038269 -5.009045124053955
v 7.699161529541016 0.709266722202301 -3.816079616546631
v 7.6405930519104 0.6831905245780945 -3.826590061187744
v 7.583406448364258 0.6577293276786804 -3.843970537185669
v 7.528271675109863 0.6331817507743835 -3.8680171966552734
v 7.47583532333374 0.6098355054855347 -3.8984479904174805
v 7.4267120361328125 0.5879644155502319 -3.934906482696533
v 7.381477355957031 0.5678247809410095 -3.9769649505615234
v 7.340662479400635 0.5496528148651123 -4.024130821228027
v 7.304745197296143 0.5336614847183228 -4.075850009918213
v 7.274147033691406 0.5200383067131042 -4.13151741027832
v 7.2492265701293945 0.5089430212974548 -4.190479278564453
v 7.230276107788086 0.5005056858062744 -4.252045154571533
v 7.217517852783203 0.49482524394989014 -4.315493106842041
v 7.211101055145264 0.4919682443141937 -4.3800787925720215
v 7.211101055145264 0.4919682443141937 -4.4450459480285645
v 7.217517852783203 0.49482524394989014 -4.509631633758545
v 7.230276107788086 0.5005056858062744 -4.573079586029053
v 7.2492265701293945 0.5089430212974548 -4.634645462036133
v 7.274147033691406 0.5200383067131042 -4.693607330322266
v 7.304745197296143 0.5336614847183228 -4.749274730682373
v 7.340662479400635 0.5496528148651123 -4.800993919372559
v 7.381477355957031 0.5678247809410095 -4.8481597900390625
v 7.4267120361328125 0.5879644155502319 -4.890218257904053
v 7.47583532333374 0.6098355054855347 -4.9266767501831055
v 7.528271675109863 0.6331817507743835 -4.9571075439453125
v 7.583406448364258 0.6577293276786804 -4.981154441833496
v 7.6405930519104 0.6831905245780945 -4.998534679412842
v 7.699161529541016 0.709266722202301 -5.009045124053955
v 7.705942153930664 0.6975218653678894 -3.816079616546631
v 7.654075622558594 0.6598384380340576 -3.826590061187744
v 7.6034321784973145 0.6230438947677612 -3.843970537185669
v 7.554605960845947 0.587569534778595 -3.8680171966552734
v 7.508169174194336 0.5538313388824463 -3.8984479904174805
v 7.464666366577148 0.5222248435020447 -3.934906482696533
v 7.424607753753662 0.49312055110931396 -3.9769649505615234
v 7.388463020324707 0.46685975790023804 -4.024130821228027
v 7.356655597686768 0.4437502920627594 -4.075850009918213
v 7.329558372497559 0.424063116312027 -4.13151741027832
v 7.307489395141602 0.40802904963493347 -4.190479278564453
v 7.290707111358643 0.3958360552787781 -4.252045154571533
v 7.2794084548950195 0.38762709498405457 -4.315493106842041
v 7.273725986480713 0.3834984004497528 -4.3800787925720215
v 7.273725986480713 0.3834984004497528 -4.4450459480285645
v 7.2794084548950195 0.38762709498405457 -4.509631633758545
v 7.290707111358643 0.3958360552787781 -4.573079586029053
v 7.307489395141602 0.40802904963493347 -4.634645462036133
v 7.329558372497559 0.424063116312027 -4.693607330322266
v 7.356655597686768 0.4437502920627594 -4.749274730682373
v 7.388463020324707 0.46685975790023804 -4.800993919372559
v 7.424607753753662 0.49312055110931396 -4.8481597900390625
v 7.464666366577148 0.5222248435020447 -4.890218257904053
v 7.508169174194336 0.5538313388824463 -4.9266767501831055
v 7.554605960845947 0.587569534778595 -4.9571075439453125
v 7.6034321784973145 0.6230438947677612 -4.981154441833496
v 7.654075622558594 0.6598384380340576 -4.998534679412842
v 7.705942153930664 0.6975218653678894 -5.009045124053955
v 7.715016841888428 0.6874434947967529 -3.816079616546631
v 7.672118186950684 0.6397998332977295 -3.826590061187744
v 7.630231857299805 0.5932799577713013 -3.843970537185669
v 7.589848041534424 0.5484292507171631 -3.8680171966552734
v 7.551440715789795 0.5057736039161682 -3.8984479904174805
v 7.515460014343262 0.4658130705356598 -3.934906482696533
v 7.482327938079834 0.4290161430835724 -3.9769649505615234
v 7.452432632446289 0.39581426978111267 -4.024130821228027
v 7.4261250495910645 0.36659663915634155 -4.075850009918213
v 7.403713226318359 0.34170588850975037 -4.13151741027832
v 7.385460376739502 0.32143378257751465 -4.190479278564453
v 7.371579647064209 0.30601802468299866 -4.252045154571533
v 7.362234592437744 0.295639306306839 -4.315493106842041
v 7.357534885406494 0.2904193699359894 -4.3800787925720215
v 7.357534885406494 0.2904193699359894 -4.4450459480285645
v 7.362234592437744 0.295639306306839 -4.509631633758545
v 7.371579647064209 0.30601802468299866 -4.573079586029053
v 7.385460376739502 0.32143378257751465 -4.634645462036133
v 7.403713226318359 0.34170588850975037 -4.693607330322266
v 7.4261250495910645 0.36659663915634155 -4.749274730682373
v 7.452432632446289 0.39581426978111267 -4.800993919372559
v 7.482327938079834 0.4290161430835724 -4.8481597900390625
v 7.515460014343262 0.4658130705356598 -4.890218257904053
v 7.551440715789795 0.5057736039161682 -4.9266767501831055
v 7.589848041534424 0.5484292507171631 -4.9571075439453125
v 7.630231857299805 0.5932799577713013 -4.981154441833496
v 7.672118186950684 0.6397998332977295 -4.998534679412842
v 7.715016841888428 0.6874434947967529 -5.009045124053955
v 7.725988388061523 0.679472029209137 -3.816079616546631
v 7.693933010101318 0.6239504218101501 -3.826590061187744
v 7.662633895874023 0.5697383880615234 -3.843970537185669
v 7.632457733154297 0.5174715518951416 -3.8680171966552734
v 7.603758335113525 0.46776267886161804 -3.8984479904174805
v 7.576871871948242 0.42119458317756653 -3.934906482696533
v 7.552114486694336 0.37831321358680725 -3.9769649505615234
v 7.529775619506836 0.33962130546569824 -4.024130821228027
v 7.510117530822754 0.305572509765625 -4.075850009918213
v 7.493370532989502 0.2765659987926483 -4.13151741027832
v 7.47973108291626 0.25294187664985657 -4.190479278564453
v 7.469359397888184 0.23497706651687622 -4.252045154571533
v 7.462376117706299 0.2228822112083435 -4.315493106842041
v 7.458864212036133 0.21679913997650146 -4.3800787925720215
v 7.458864212036133 0.21679913997650146 -4.4450459480285645
v 7.462376117706299 0.2228822112083435 -4.509631633758545
v 7.469359397888184 0.23497706651687622 -4.573079586029053
v 7.47973108291626 0.25294187664985657 -4.634645462036133
v 7.493370532989502 0.2765659987926483 -4.693607330322266
v 7.510117530822754 0.305572509765625 -4.749274730682373
v 7.529775619506836 0.33962130546569824 -4.800993919372559
v 7.552114486694336 0.37831321358680725 -4.8481597900390625
v 7.576871871948242 0.42119458317756653 -4.890218257904053
v 7.603758335113525 0.46776267886161804 -4.9266767501831055
v 7.632457733154297 0.5174715518951416 -4.9571075439453125
v 7.662633895874023 0.5697383880615234 -4.981154441833496
v 7.693933010101318 0.6239504218101501 -4.998534679412842
v 7.725988388061523 0.679472029209137 -5.009045124053955
v 7.738378047943115 0.6739559769630432 -3.816079616546631
v 7.718566417694092 0.6129829287528992 -3.826590061187744
v 7.699222564697266 0.5534480810165405 -3.843970537185669
v 7.680572509765625 0.4960493743419647 -3.8680171966552734
v 7.662835121154785 0.4414598047733307 -3.8984479904174805
v 7.646218776702881 0.3903194069862366 -3.934906482696533
v 7.630917549133301 0.34322768449783325 -3.9769649505615234
v 7.617111682891846 0.30073681473731995 -4.024130821228027
v 7.604962348937988 0.2633449137210846 -4.075850009918213
v 7.594612121582031 0.2314903736114502 -4.13151741027832
v 7.586182594299316 0.20554673671722412 -4.190479278564453
v 7.579772472381592 0.18581801652908325 -4.252045154571533
v 7.575456619262695 0.17253565788269043 -4.315493106842041
v 7.573286056518555 0.1658552885055542 -4.3800787925720215
v 7.573286056518555 0.1658552885055542 -4.4450459480285645
v 7.575456619262695 0.17253565788269043 -4.509631633758545
v 7.579772472381592 0.18581801652908325 -4.573079586029053
v 7.586182594299316 0.20554673671722412 -4.634645462036133
v 7.594612121582031 0.2314903736114502 -4.693607330322266
v 7.604962348937988 0.2633449137210846 -4.749274730682373
v 7.617111682891846 0.30073681473731995 -4.800993919372559
v 7.630917549133301 0.34322768449783325 -4.8481597900390625
v 7.646218776702881 0.3903194069862366 -4.890218257904053
v 7.662835121154785 0.4414598047733307 -4.9266767501831055
v 7.680572509765625 0.4960493743419647 -4.9571075439453125
v 7.699222564697266 0.5534480810165405 -4.981154441833496
v 7.718566417694092 0.6129829287528992 -4.998534679412842
v 7.738378047943115 0.6739559769630432 -5.009045124053955
v 7.751643180847168 0.6711362600326538 -3.816079616546631
v 7.7449421882629395 0.6073766350746155 -3.826590061187744
v 7.738398551940918 0.545120894908905 -3.843970537185669
v 7.732089996337891 0.4850989878177643 -3.8680171966552734
v 7.726090431213379 0.4280145764350891 -3.8984479904174805
v 7.7204694747924805 0.37453693151474 -3.934906482696533
v 7.715293884277344 0.32529303431510925 -3.9769649505615234
v 7.710623741149902 0.28086021542549133 -4.024130821228027
v 7.70651388168335 0.24175941944122314 -4.075850009918213
v 7.703012943267822 0.20844906568527222 -4.13151741027832
v 7.700161457061768 0.1813197135925293 -4.190479278564453
v 7.697993278503418 0.16068941354751587 -4.252045154571533
v 7.696533203125 0.1467999815940857 -4.315493106842041
v 7.695799350738525 0.1398143172264099 -4.3800787925720215
v 7.695799350738525 0.1398143172264099 -4.4450459480285645
v 7.696533203125 0.1467999815940857 -4.509631633758545
v 7.697993278503418 0.16068941354751587 -4.573079586029053
v 7.700161457061768 0.1813197135925293 -4.634645462036133
v 7.703012943267822 0.20844906568527222 -4.693607330322266
v 7.70651388168335 0.24175941944122314 -4.749274730682373
v 7.710623741149902 0.28086021542549133 -4.800993919372559
v 7.715293884277344 0.32529303431510925 -4.8481597900390625
v 7.7204694747924805 0.37453693151474 -4.890218257904053
v 7.726090431213379 0.4280145764350891 -4.9266767501831055
v 7.732089996337891 0.4850989878177643 -4.9571075439453125
v 7.738398551940918 0.545120894908905 -4.981154441833496
v 7.7449421882629395 0.6073766350746155 -4.998534679412842
v 7.751643180847168 0.6711362600326538 -5.009045124053955
v 7.765205383300781 0.6711362600326538 -3.816079616546631
v 7.77190637588501 0.6073766350746155 -3.826590061187744
v 7.778450012207031 0.545120894908905 -3.843970537185669
v 7.784758567810059 0.4850989878177643 -3.8680171966552734
v 7.79075813293457 0.4280145764350891 -3.8984479904174805
v 7.796379089355469 0.37453693151474 -3.934906482696533
v 7.8015546798706055 0.32529303431510925 -3.9769649505615234
v 7.806224822998047 0.28086021542549133 -4.024130821228027
v 7.8103346824646 0.24175941944122314 -4.075850009918213
v 7.813835620880127 0.20844906568527222 -4.13151741027832
v 7.816687107086182 0.1813197135925293 -4.190479278564453
v 7.818855285644531 0.16068941354751587 -4.252045154571533
v 7.820315361022949 0.1467999815940857 -4.315493106842041
v 7.821049213409424 0.1398143172264099 -4.3800787925720215
v 7.821049213409424 0.1398143172264099 -4.4450459480285645
v 7.820315361022949 0.1467999815940857 -4.509631633758545
v 7.818855285644531 0.16068941354751587 -4.573079586029053
v 7.816687107086182 0.1813197135925293 -4.634645462036133
v 7.813835620880127 0.20844906568527222 -4.693607330322266
v 7.8103346824646 0.24175941944122314 -4.749274730682373
v 7.806224822998047 0.28086021542549133 -4.800993919372559
v 7.8015546798706055 0.32529303431510925 -4.8481597900390625
v 7.796379089355469 0.37453693151474 -4.890218257904053
v 7.79075813293457 0.4280145764350891 -4.9266767501831055
v 7.784758567810059 0.4850989878177643 -4.9571075439453125
v 7.778450012207031 0.545120894908905 -4.981154441833496
v 7.77190637588501 0.6073766350746155 -4.998534679412842
v 7.765205383300781 0.6711362600326538 -5.009045124053955
v 7.778470516204834 0.6739559769630432 -3.816079616546631
v 7.798282146453857 0.6129829287528992 -3.826590061187744
v 7.817625999450684 0.5534480810165405 -3.843970537185669
v 7.836276054382324 0.4960493743419647 -3.8680171966552734
v 7.854013442993164 0.4414598047733307 -3.8984479904174805
v 7.870629787445068 0.3903194069862366 -3.934906482696533
v 7.885931015014648 0.34322768449783325 -3.9769649505615234
v 7.8997368812561035 0.30073681473731995 -4.024130821228027
v 7.911886215209961 0.2633449137210846 -4.075850009918213
v 7.922236442565918 0.2314903736114502 -4.13151741027832
v 7.930665969848633 0.20554673671722412 -4.190479278564453
v 7.937076091766357 0.18581801652908325 -4.252045154571533
v 7.941391944885254 0.17253565788269043 -4.315493106842041
v 7.9435625076293945 0.1658552885055542 -4.3800787925720215
v 7.9435625076293945 0.1658552885055542 -4.4450459480285645
v 7.941391944885254 0.17253565788269043 -4.509631633758545
v 7.937076091766357 0.18581801652908325 -4.573079586029053
v 7.930665969848633 0.20554673671722412 -4.634645462036133
v 7.922236442565918 0.2314903736114502 -4.693607330322266
v 7.911886215209961 0.2633449137210846 -4.749274730682373
v 7.8997368812561035 0.30073681473731995 -4.800993919372559
v 7.885931015014648 0.34322768449783325 -4.8481597900390625
v 7.870629787445068 0.3903194069862366 -4.890218257904053
v 7.854013442993164 0.4414598047733307 -4.9266767501831055
v 7.836276054382324 0.4960493743419647 -4.9571075439453125
v 7.817625999450684 0.5534480810165405 -4.981154441833496
v 7.798282146453857 0.6129829287528992 -4.998534679412842
v 7.778470516204834 0.6739559769630432 -5.009045124053955
v 7.790860176086426 0.679472029209137 -3.816079616546631
v 7.822915554046631 0.6239504218101501 -3.826590061187744
v 7.854214668273926 0.5697383880615234 -3.843970537185669
v 7.884390830993652 0.5174715518951416 -3.8680171966552734
v 7.913090229034424 0.46776267886161804 -3.8984479904174805
v 7.939976692199707 0.42119458317756653 -3.934906482696533
v 7.964734077453613 0.37831321358680725 -3.9769649505615234
v 7.987072944641113 0.33962130546569824 -4.024130821228027
v 8.006731033325195 0.305572509765625 -4.075850009918213
v 8.023477554321289 0.2765659987926483 -4.13151741027832
v 8.037117004394531 0.25294187664985657 -4.190479278564453
v 8.047489166259766 0.23497706651687622 -4.252045154571533
v 8.054471969604492 0.2228822112083435 -4.315493106842041
v 8.057984352111816 0.21679913997650146 -4.3800787925720215
v 8.057984352111816 0.21679913997650146 -4.4450459480285645
v 8.054471969604492 0.2228822112083435 -4.509631633758545
v 8.047489166259766 0.23497706651687622 -4.573079586029053
v 8.037117004394531 0.25294187664985657 -4.634645462036133
v 8.023477554321289 0.2765659987926483 -4.693607330322266
v 8.006731033325195 0.305572509765625 -4.749274730682373
v 7.987072944641113 0.33962130546569824 -4.800993919372559
v 7.964734077453613 0.37831321358680725 -4.8481597900390625
v 7.939976692199707 0.42119458317756653 -4.890218257904053
v 7.913090229034424 0.46776267886161804 -4.9266767501831055
v 7.884390830993652 0.5174715518951416 -4.9571075439453125
v 7.854214668273926 0.5697383880615234 -4.981154441833496
v 7.822915554046631 0.6239504218101501 -4.998534679412842
v 7.790860176086426 0.679472029209137 -5.009045124053955
v 7.8018317222595215 0.6874434947967529 -3.816079616546631
v 7.844730377197266 0.6397998332977295 -3.826590061187744
v 7.8866167068481445 0.5932799577713013 -3.843970537185669
v 7.927000522613525 0.5484292507171631 -3.8680171966552734
v 7.965407848358154 0.5057736039161682 -3.8984479904174805
v 8.001388549804688 0.4658130705356598 -3.934906482696533
v 8.034521102905273 0.4290161430835724 -3.9769649505615234
v 8.06441593170166 0.39581426978111267 -4.024130821228027
v 8.090723037719727 0.36659663915634155 -4.075850009918213
v 8.11313533782959 0.34170588850975037 -4.13151741027832
v 8.131388664245605 0.32143378257751465 -4.190479278564453
v 8.145268440246582 0.30601802468299866 -4.252045154571533
v 8.154613494873047 0.295639306306839 -4.315493106842041
v 8.159314155578613 0.2904193699359894 -4.3800787925720215
v 8.159314155578613 0.2904193699359894 -4.4450459480285645
v 8.154613494873047 0.295639306306839 -4.509631633758545
v 8.145268440246582 0.30601802468299866 -4.573079586029053
v 8.131388664245605 0.32143378257751465 -4.634645462036133
v 8.11313533782959 0.34170588850975037 -4.693607330322266
v 8.090723037719727 0.36659663915634155 -4.749274730682373
v 8.06441593170166 0.39581426978111267 -4.800993919372559
v 8.034521102905273 0.4290161430835724 -4.8481597900390625
v 8.001388549804688 0.4658130705356598 -4.890218257904053
v 7.965407848358154 0.5057736039161682 -4.9266767501831055
v 7.927000522613525 0.5484292507171631 -4.9571075439453125
v 7.8866167068481445 0.5932799577713013 -4.981154441833496
v 7.844730377197266 0.6397998332977295 -4.998534679412842
v 7.8018317222595215 0.6874434947967529 -5.009045124053955
v 7.810906410217285 0.6975218653678894 -3.816079616546631
v 7.8627729415893555 0.6598384380340576 -3.826590061187744
v 7.913416385650635 0.6230438947677612 -3.843970537185669
v 7.962242603302002 0.587569534778595 -3.8680171966552734
v 8.008679389953613 0.5538313388824463 -3.8984479904174805
v 8.0521821975708 0.5222248435020447 -3.934906482696533
v 8.092240333557129 0.49312055110931396 -3.9769649505615234
v 8.128385543823242 0.46685975790023804 -4.024130821228027
v 8.160192489624023 0.4437502920627594 -4.075850009918213
v 8.18729019165039 0.424063116312027 -4.13151741027832
v 8.209359169006348 0.40802904963493347 -4.190479278564453
v 8.226140975952148 0.3958360552787781 -4.252045154571533
v 8.23744010925293 0.38762709498405457 -4.315493106842041
v 8.243122100830078 0.3834984004497528 -4.3800787925720215
v 8.243122100830078 0.3834984004497528 -4.4450459480285645
v 8.23744010925293 0.38762709498405457 -4.509631633758545
v 8.226140975952148 0.3958360552787781 -4.573079586029053
v 8.209359169006348 0.40802904963493347 -4.634645462036133
v 8.18729019165039 0.424063116312027 -4.693607330322266
v 8.160192489624023 0.4437502920627594 -4.749274730682373
v 8.128385543823242 0.46685975790023804 -4.800993919372559
v 8.092240333557129 0.49312055110931396 -4.8481597900390625
v 8.0521821975708 0.5222248435020447 -4.890218257904053
v 8.008679389953613 0.5538313388824463 -4.9266767501831055
v 7.962242603302002 0.587569534778595 -4.9571075439453125
v 7.913416385650635 0.6230438947677612 -4.981154441833496
v 7.8627729415893555 0.6598384380340576 -4.998534679412842
v 7.810906410217285 0.6975218653678894 -5.009045124053955
v 7.817687034606934 0.709266722202301 -3.816079616546631
v 7.876255512237549 0.6831905245780945 -3.826590061187744
v 7.933442115783691 0.6577293276786804 -3.843970537185669
v 7.988576889038086 0.6331817507743835 -3.8680171966552734
v 8.041013717651367 0.6098355054855347 -3.8984479904174805
v 8.090136528015137 0.5879644155502319 -3.934906482696533
v 8.135371208190918 0.5678247809410095 -3.9769649505615234
v 8.176185607910156 0.5496528148651123 -4.024130821228027
v 8.212102890014648 0.5336614847183228 -4.075850009918213
v 8.242701530456543 0.5200383067131042 -4.13151741027832
v 8.267621994018555 0.5089430212974548 -4.190479278564453
v 8.286572456359863 0.5005056858062744 -4.252045154571533
v 8.299330711364746 0.49482524394989014 -4.315493106842041
v 8.305747985839844 0.4919682443141937 -4.3800787925720215
v 8.305747985839844 0.4919682443141937 -4.4450459480285645
v 8.299330711364746 0.49482524394989014 -4.509631633758545
v 8.286572456359863 0.5005056858062744 -4.573079586029053
v 8.267621994018555 0.5089430212974548 -4.634645462036133
v 8.242701530456543 0.5200383067131042 -4.693607330322266
v 8.212102890014648 0.5336614847183228 -4.749274730682373
v 8.176185607910156 0.5496528148651123 -4.800993919372559
v 8.135371208190918 0.5678247809410095 -4.8481597900390625
v 8.090136528015137 0.5879644155502319 -4.890218257904053
v 8.041013717651367 0.6098355054855347 -4.9266767501831055
v 7.988576889038086 0.6331817507743835 -4.9571075439453125
v 7.933442115783691 0.6577293276786804 -4.981154441833496
v 7.876255512237549 0.6831905245780945 -4.998534679412842
v 7.817687034606934 0.709266722202301 -5.009045124053955
v 7.821877956390381 0.7221648097038269 -3.816079616546631
v 7.88458776473999 0.7088354229927063 -3.826590061187744
v 7.945818901062012 0.6958203911781311 -3.843970537185669
v 8.004852294921875 0.6832724213600159 -3.8680171966552734
v 8.060997009277344 0.6713384985923767 -3.8984479904174805
v 8.113594055175781 0.660158634185791 -3.934906482696533
v 8.162027359008789 0.6498638987541199 -3.9769649505615234
v 8.205728530883789 0.6405748724937439 -4.024130821228027
v 8.244185447692871 0.6324005722999573 -4.075850009918213
v 8.276947021484375 0.6254368424415588 -4.13151741027832
v 8.303629875183105 0.6197652816772461 -4.190479278564453
v 8.323921203613281 0.6154523491859436 -4.252045154571533
v 8.337581634521484 0.6125486493110657 -4.315493106842041
v 8.344451904296875 0.6110882759094238 -4.3800787925720215
v 8.344451904296875 0.6110882759094238 -4.4450459480285645
v 8.337581634521484 0.6125486493110657 -4.509631633758545
v 8.323921203613281 0.6154523491859436 -4.573079586029053
v 8.303629875183105 0.6197652816772461 -4.634645462036133
v 8.276947021484375 0.6254368424415588 -4.693607330322266
v 8.244185447692871 0.6324005722999573 -4.749274730682373
v 8.205728530883789 0.6405748724937439 -4.800993919372559
v 8.162027359008789 0.6498638987541199 -4.8481597900390625
v 8.113594055175781 0.660158634185791 -4.890218257904053
v 8.060997009277344 0.6713384985923767 -4.9266767501831055
v 8.004852294921875 0.6832724213600159 -4.9571075439453125
v 7.945818901062012 0.6958203911781311 -4.981154441833496
v 7.88458776473999 0.7088354229927063 -4.998534679412842
v 7.821877956390381 0.7221648097038269 -5.009045124053955
v -1.2037302255630493 6.562149524688721 -3.1379752159118652
v -1.2037302255630493 6.562149524688721 -4.337975025177002
v -1.1388587951660156 6.562149524688721 -3.1414923667907715
v -1.074747920036316 6.562149524688721 -3.1520028114318848
v -1.0121493339538574 6.562149524688721 -3.1693832874298096
v -0.9517967700958252 6.562149524688721 -3.193429946899414
v -0.8943979144096375 6.562149524688721 -3.223860740661621
v -0.8406257033348083 6.562149524688721 -3.260319232940674
v -0.7911105155944824 6.562149524688721 -3.302377700805664
v -0.7464330196380615 6.562149524688721 -3.349543333053589
v -0.7071168422698975 6.562149524688721 -3.4012627601623535
v -0.6736230254173279 6.562149524688721 -3.456930160522461
v -0.6463441848754883 6.562149524688721 -3.515892267227173
v -0.6256002187728882 6.562149524688721 -3.577458143234253
v -0.6116343140602112 6.562149524688721 -3.6409058570861816
v -0.6046102046966553 6.562149524688721 -3.705491781234741
v -0.6046102046966553 6.562149524688721 -3.770458459854126
v -0.6116343140602112 6.562149524688721 -3.8350443840026855
v -0.6256002187728882 6.562149524688721 -3.8984920978546143
v -0.6463441848754883 6.562149524688721 -3.9600579738616943
v -0.6736230254173279 6.562149524688721 -4.019020080566406
v -0.7071168422698975 6.562149524688721 -4.074687480926514
v -0.7464330196380615 6.562149524688721 -4.126406669616699
v -0.7911105155944824 6.562149524688721 -4.173572540283203
v -0.8406257033348083 6.562149524688721 -4.215631008148193
v -0.8943979144096375 6.562149524688721 -4.252089500427246
v -0.9517967700958252 6.562149524688721 -4.282520294189453
v -1.0121493339538574 6.562149524688721 -4.306567192077637
v -1.074747920036316 6.562149524688721 -4.323947429656982
v -1.1388587951660156 6.562149524688721 -4.334457874298096
v -1.1402764320373535 6.575636863708496 -3.1414923667907715
v -1.0775665044784546 6.588966369628906 -3.1520028114318848
v -1.0163358449935913 6.6019816398620605 -3.1693832874298096
v -0.9573020935058594 6.614529609680176 -3.193429946899414
v -0.901157557964325 6.626463413238525 -3.223860740661621
v -0.8485603928565979 6.637643337249756 -3.260319232940674
v -0.8001272678375244 6.647937774658203 -3.302377700805664
v -0.7564260363578796 6.657227039337158 -3.349543333053589
v -0.7179690599441528 6.665401458740234 -3.4012627601623535
v -0.6852071285247803 6.672365188598633 -3.456930160522461
v -0.6585243940353394 6.678036689758301 -3.515892267227173
v -0.6382337808609009 6.682349681854248 -3.577458143234253
v -0.6245730519294739 6.685253143310547 -3.6409058570861816
v -0.6177023649215698 6.686713695526123 -3.705491781234741
v -0.6177023649215698 6.686713695526123 -3.770458459854126
v -0.6245730519294739 6.685253143310547 -3.8350443840026855
v -0.6382337808609009 6.682349681854248 -3.8984920978546143
v -0.6585243940353394 6.678036689758301 -3.9600579738616943
v -0.6852071285247803 6.672365188598633 -4.019020080566406
v -0.7179690599441528 6.665401458740234 -4.074687480926514
v -0.7564260363578796 6.657227039337158 -4.126406669616699
v -0.8001272678375244 6.647937774658203 -4.173572540283203
v -0.8485603928565979 6.637643337249756 -4.215631008148193
v -0.901157557964325 6.626463413238525 -4.252089500427246
v -0.9573020935058594 6.614529609680176 -4.282520294189453
v -1.0163358449935913 6.6019816398620605 -4.306567192077637
v -1.0775665044784546 6.588966369628906 -4.323947429656982
v -1.1402764320373535 6.575636863708496 -4.334457874298096
v -1.1444672346115112 6.588535308837891 -3.1414923667907715
v -1.0858991146087646 6.6146111488342285 -3.1520028114318848
v -1.0287123918533325 6.640072345733643 -3.1693832874298096
v -0.9735775589942932 6.6646199226379395 -3.193429946899414
v -0.9211410880088806 6.687966346740723 -3.223860740661621
v -0.8720177412033081 6.709837436676025 -3.260319232940674
v -0.8267834186553955 6.729977130889893 -3.302377700805664
v -0.7859684228897095 6.7481489181518555 -3.349543333053589
v -0.7500513195991516 6.764140605926514 -3.4012627601623535
v -0.7194532155990601 6.777763366699219 -3.456930160522461
v -0.6945327520370483 6.788858890533447 -3.515892267227173
v -0.6755821704864502 6.797296047210693 -3.577458143234253
v -0.6628236770629883 6.802976608276367 -3.6409058570861816
v -0.656406819820404 6.80583381652832 -3.705491781234741
v -0.656406819820404 6.80583381652832 -3.770458459854126
v -0.6628236770629883 6.802976608276367 -3.8350443840026855
v -0.6755821704864502 6.797296047210693 -3.8984920978546143
v -0.6945327520370483 6.788858890533447 -3.9600579738616943
v -0.7194532155990601 6.777763366699219 -4.019020080566406
v -0.7500513195991516 6.764140605926514 -4.074687480926514
v -0.7859684228897095 6.7481489181518555 -4.126406669616699
v -0.8267834186553955 6.729977130889893 -4.173572540283203
v -0.8720177412033081 6.709837436676025 -4.215631008148193
v -0.9211410880088806 6.687966346740723 -4.252089500427246
v -0.9735775589942932 6.6646199226379395 -4.282520294189453
v -1.0287123918533325 6.640072345733643 -4.306567192077637
v -1.0858991146087646 6.6146111488342285 -4.323947429656982
v -1.1444672346115112 6.588535308837891 -4.334457874298096
v -1.1512480974197388 6.600279808044434 -3.1414923667907715
v -1.0993813276290894 6.63796329498291 -3.1520028114318848
v -1.0487380027770996 6.674757957458496 -3.1693832874298096
v -0.9999117851257324 6.710232257843018 -3.193429946899414
v -0.9534751176834106 6.7439703941345215 -3.223860740661621
v -0.9099724888801575 6.775577068328857 -3.260319232940674
v -0.8699139356613159 6.804681301116943 -3.302377700805664
v -0.8337689638137817 6.830942153930664 -3.349543333053589
v -0.8019615411758423 6.85405158996582 -3.4012627601623535
v -0.7748644351959229 6.873738765716553 -3.456930160522461
v -0.7527954578399658 6.889772891998291 -3.515892267227173
v -0.7360132336616516 6.901965618133545 -3.577458143234253
v -0.7247145771980286 6.91017484664917 -3.6409058570861816
v -0.7190319299697876 6.914303302764893 -3.705491781234741
v -0.7190319299697876 6.914303302764893 -3.770458459854126
v -0.7247145771980286 6.91017484664917 -3.8350443840026855
v -0.7360132336616516 6.901965618133545 -3.8984920978546143
v -0.7527954578399658 6.889772891998291 -3.9600579738616943
v -0.7748644351959229 6.873738765716553 -4.019020080566406
v -0.8019615411758423 6.85405158996582 -4.074687480926514
v -0.8337689638137817 6.830942153930664 -4.126406669616699
v -0.8699139356613159 6.804681301116943 -4.173572540283203
v -0.9099724888801575 6.775577068328857 -4.215631008148193
v -0.9534751176834106 6.7439703941345215 -4.252089500427246
v -0.9999117851257324 6.710232257843018 -4.282520294189453
v -1.0487380027770996 6.674757957458496 -4.306567192077637
v -1.0993813276290894 6.63796329498291 -4.323947429656982
v -1.1512480974197388 6.600279808044434 -4.334457874298096
v -1.1603227853775024 6.610358238220215 -3.1414923667907715
v -1.1174242496490479 6.658001899719238 -3.1520028114318848
v -1.0755375623703003 6.704522132873535 -3.1693832874298096
v -1.035153865814209 6.749372482299805 -3.193429946899414
v -0.9967465400695801 6.792028427124023 -3.223860740661621
v -0.9607658386230469 6.83198881149292 -3.260319232940674
v -0.9276337623596191 6.868785858154297 -3.302377700805664
v -0.8977386951446533 6.901987552642822 -3.349543333053589
v -0.8714309930801392 6.9312052726745605 -3.4012627601623535
v -0.8490192890167236 6.956096172332764 -3.456930160522461
v -0.8307662010192871 6.976367950439453 -3.515892267227173
v -0.8168857097625732 6.991783618927002 -3.577458143234253
v -0.8075407147407532 7.002162456512451 -3.6409058570861816
v -0.8028406500816345 7.007382392883301 -3.705491781234741
v -0.8028406500816345 7.007382392883301 -3.770458459854126
v -0.8075407147407532 7.002162456512451 -3.8350443840026855
v -0.8168857097625732 6.991783618927002 -3.8984920978546143
v -0.8307662010192871 6.976367950439453 -3.9600579738616943
v -0.8490192890167236 6.956096172332764 -4.019020080566406
v -0.8714309930801392 6.9312052726745605 -4.074687480926514
v -0.8977386951446533 6.901987552642822 -4.126406669616699
v -0.9276337623596191 6.868785858154297 -4.173572540283203
v -0.9607658386230469 6.83198881149292 -4.215631008148193
v -0.9967465400695801 6.792028427124023 -4.252089500427246
v -1.035153865814209 6.749372482299805 -4.282520294189453
v -1.0755375623703003 6.704522132873535 -4.306567192077637
v -1.1174242496490479 6.658001899719238 -4.323947429656982
v -1.1603227853775024 6.610358238220215 -4.334457874298096
v -1.1712945699691772 6.618330001831055 -3.1414923667907715
v -1.1392390727996826 6.673851490020752 -3.1520028114318848
v -1.1079397201538086 6.728063583374023 -3.1693832874298096
v -1.077763557434082 6.780330181121826 -3.193429946899414
v -1.049064040184021 6.830039024353027 -3.223860740661621
v -1.0221779346466064 6.876607418060303 -3.260319232940674
v -0.9974203705787659 6.919488430023193 -3.302377700805664
v -0.9750816226005554 6.9581804275512695 -3.349543333053589
v -0.9554235339164734 6.992229461669922 -3.4012627601623535
v -0.9386765956878662 7.021235942840576 -3.456930160522461
v -0.9250372052192688 7.044859886169434 -3.515892267227173
v -0.9146652221679688 7.062824726104736 -3.577458143234253
v -0.9076822996139526 7.074919700622559 -3.6409058570861816
v -0.9041702151298523 7.081002712249756 -3.705491781234741
v -0.9041702151298523 7.081002712249756 -3.770458459854126
v -0.9076822996139526 7.074919700622559 -3.8350443840026855
v -0.9146652221679688 7.062824726104736 -3.8984920978546143
v -0.9250372052192688 7.044859886169434 -3.9600579738616943
v -0.9386765956878662 7.021235942840576 -4.019020080566406
v -0.9554235339164734 6.992229461669922 -4.074687480926514
v -0.9750816226005554 6.9581804275512695 -4.126406669616699
v -0.9974203705787659 6.919488430023193 -4.173572540283203
v -1.0221779346466064 6.876607418060303 -4.215631008148193
v -1.049064040184021 6.830039024353027 -4.252089500427246
v -1.077763557434082 6.780330181121826 -4.282520294189453
v -1.1079397201538086 6.728063583374023 -4.306567192077637
v -1.1392390727996826 6.673851490020752 -4.323947429656982
v -1.1712945699691772 6.618330001831055 -4.334457874298096
v -1.1836838722229004 6.623846054077148 -3.1414923667907715
v -1.163872480392456 6.684818744659424 -3.1520028114318848
v -1.1445285081863403 6.744353771209717 -3.1693832874298096
v -1.1258784532546997 6.80175256729126 -3.193429946899414
v -1.108141303062439 6.85634183883667 -3.223860740661621
v -1.0915247201919556 6.907482624053955 -3.260319232940674
v -1.0762237310409546 6.954574108123779 -3.302377700805664
v -1.0624176263809204 6.99706506729126 -3.349543333053589
v -1.050268292427063 7.034456729888916 -3.4012627601623535
v -1.039918065071106 7.066311359405518 -3.456930160522461
v -1.0314884185791016 7.092255115509033 -3.515892267227173
v -1.025078296661377 7.111983776092529 -3.577458143234253
v -1.02076256275177 7.125266075134277 -3.6409058570861816
v -1.0185920000076294 7.131946563720703 -3.705491781234741
v -1.0185920000076294 7.131946563720703 -3.770458459854126
v -1.02076256275177 7.125266075134277 -3.8350443840026855
v -1.025078296661377 7.111983776092529 -3.8984920978546143
v -1.0314884185791016 7.092255115509033 -3.9600579738616943
v -1.039918065071106 7.066311359405518 -4.019020080566406
v -1.050268292427063 7.034456729888916 -4.074687480926514
v -1.0624176263809204 6.99706506729126 -4.126406669616699
v -1.0762237310409546 6.954574108123779 -4.173572540283203
v -1.0915247201919556 6.907482624053955 -4.215631008148193
v -1.108141303062439 6.85634183883667 -4.252089500427246
v -1.1258784532546997 6.80175256729126 -4.282520294189453
v -1.1445285081863403 6.744353771209717 -4.306567192077637
v -1.163872480392456 6.684818744659424 -4.323947429656982
v -1.1836838722229004 6.623846054077148 -4.334457874298096
v -1.1969493627548218 6.6266655921936035 -3.1414923667907715
v -1.190247893333435 6.690425395965576 -3.1520028114318848
v -1.1837046146392822 6.752680778503418 -3.1693832874298096
v -1.1773960590362549 6.812702655792236 -3.193429946899414
v -1.171396255493164 6.869787216186523 -3.223860740661621
v -1.1657754182815552 6.923264980316162 -3.260319232940674
v -1.160599708557129 6.972508907318115 -3.302377700805664
v -1.155929684638977 7.016941547393799 -3.349543333053589
v -1.1518199443817139 7.056042671203613 -3.4012627601623535
v -1.148318886756897 7.089352607727051 -3.456930160522461
v -1.1454675197601318 7.116482257843018 -3.515892267227173
v -1.1432992219924927 7.137112617492676 -3.577458143234253
v -1.1418393850326538 7.151001930236816 -3.6409058570861816
v -1.1411051750183105 7.157987594604492 -3.705491781234741
v -1.1411051750183105 7.157987594604492 -3.770458459854126
v -1.1418393850326538 7.151001930236816 -3.8350443840026855
v -1.1432992219924927 7.137112617492676 -3.8984920978546143
v -1.1454675197601318 7.116482257843018 -3.9600579738616943
v -1.148318886756897 7.089352607727051 -4.019020080566406
v -1.1518199443817139 7.056042671203613 -4.074687480926514
v -1.155929684638977 7.016941547393799 -4.126406669616699
v -1.160599708557129 6.972508907318115 -4.173572540283203
v -1.1657754182815552 6.923264980316162 -4.215631008148193
v -1.171396255493164 6.869787216186523 -4.252089500427246
v -1.1773960590362549 6.812702655792236 -4.282520294189453
v -1.1837046146392822 6.752680778503418 -4.306567192077637
v -1.190247893333435 6.690425395965576 -4.323947429656982
v -1.1969493627548218 6.6266655921936035 -4.334457874298096
v -1.2105110883712769 6.6266655921936035 -3.1414923667907715
v -1.2172125577926636 6.690425395965576 -3.1520028114318848
v -1.2237558364868164 6.752680778503418 -3.1693832874298096
v -1.2300643920898438 6.812702655792236 -3.193429946899414
v -1.2360641956329346 6.869787216186523 -3.223860740661621
v -1.2416850328445435 6.923264980316162 -3.260319232940674
v -1.2468607425689697 6.972508907318115 -3.302377700805664
v -1.2515307664871216 7.016941547393799 -3.349543333053589
v -1.2556405067443848 7.056042671203613 -3.4012627601623535
v -1.2591415643692017 7.089352607727051 -3.456930160522461
v -1.2619929313659668 7.116482257843018 -3.515892267227173
v -1.264161229133606 7.137112617492676 -3.577458143234253
v -1.2656210660934448 7.151001930236816 -3.6409058570861816
v -1.266355276107788 7.157987594604492 -3.705491781234741
v -1.266355276107788 7.157987594604492 -3.770458459854126
v -1.2656210660934448 7.151001930236816 -3.8350443840026855
v -1.264161229133606 7.137112617492676 -3.8984920978546143
v -1.2619929313659668 7.116482257843018 -3.9600579738616943
v -1.2591415643692017 7.089352607727051 -4.019020080566406
v -1.2556405067443848 7.056042671203613 -4.074687480926514
v -1.2515307664871216 7.016941547393799 -4.126406669616699
v -1.2468607425689697 6.972508907318115 -4.173572540283203
v -1.2416850328445435 6.923264980316162 -4.215631008148193
v -1.2360641956329346 6.869787216186523 -4.252089500427246
v -1.2300643920898438 6.812702655792236 -4.282520294189453
v -1.2237558364868164 6.752680778503418 -4.306567192077637
v -1.2172125577926636 6.690425395965576 -4.323947429656982
v -1.2105110883712769 6.6266655921936035 -4.334457874298096
v -1.2237765789031982 6.623846054077148 -3.1414923667907715
v -1.2435879707336426 6.684818744659424 -3.1520028114318848
v -1.2629319429397583 6.744353771209717 -3.1693832874298096
v -1.281581997871399 6.80175256729126 -3.193429946899414
v -1.2993191480636597 6.85634183883667 -3.223860740661621
v -1.315935730934143 6.907482624053955 -3.260319232940674
v -1.331236720085144 6.954574108123779 -3.302377700805664
v -1.3450428247451782 6.99706506729126 -3.349543333053589
v -1.3571921586990356 7.034456729888916 -3.4012627601623535
v -1.3675423860549927 7.066311359405518 -3.456930160522461
v -1.375972032546997 7.092255115509033 -3.515892267227173
v -1.3823821544647217 7.111983776092529 -3.577458143234253
v -1.3866978883743286 7.125266075134277 -3.6409058570861816
v -1.3888684511184692 7.131946563720703 -3.705491781234741
v -1.3888684511184692 7.131946563720703 -3.770458459854126
v -1.3866978883743286 7.125266075134277 -3.8350443840026855
v -1.3823821544647217 7.111983776092529 -3.8984920978546143
v -1.375972032546997 7.092255115509033 -3.9600579738616943
v -1.3675423860549927 7.066311359405518 -4.019020080566406
v -1.3571921586990356 7.034456729888916 -4.074687480926514
v -1.3450428247451782 6.99706506729126 -4.126406669616699
v -1.331236720085144 6.954574108123779 -4.173572540283203
v -1.315935730934143 6.907482624053955 -4.215631008148193
v -1.2993191480636597 6.85634183883667 -4.252089500427246
v -1.281581997871399 6.80175256729126 -4.282520294189453
v -1.2629319429397583 6.744353771209717 -4.306567192077637
v -1.2435879707336426 6.684818744659424 -4.323947429656982
v -1.2237765789031982 6.623846054077148 -4.334457874298096
v -1.2361658811569214 6.618330001831055 -3.1414923667907715
v -1.268221378326416 6.673851490020752 -3.1520028114318848
v -1.29952073097229 6.728063583374023 -3.1693832874298096
v -1.3296968936920166 6.780330181121826 -3.193429946899414
v -1.3583964109420776 6.830039024353027 -3.223860740661621
v -1.3852825164794922 6.876607418060303 -3.260319232940674
v -1.410040020942688 6.919488430023193 -3.302377700805664
v -1.432378888130188 6.9581804275512695 -3.349543333053589
v -1.45203697681427 6.992229461669922 -3.4012627601623535
v -1.4687838554382324 7.021235942840576 -3.456930160522461
v -1.4824233055114746 7.044859886169434 -3.515892267227173
v -1.4927952289581299 7.062824726104736 -3.577458143234253
v -1.499778151512146 7.074919700622559 -3.6409058570861816
v -1.5032901763916016 7.081002712249756 -3.705491781234741
v -1.5032901763916016 7.081002712249756 -3.770458459854126
v -1.499778151512146 7.074919700622559 -3.8350443840026855
v -1.4927952289581299 7.062824726104736 -3.8984920978546143
v -1.4824233055114746 7.044859886169434 -3.9600579738616943
v -1.4687838554382324 7.021235942840576 -4.019020080566406
v -1.45203697681427 6.992229461669922 -4.074687480926514
v -1.432378888130188 6.9581804275512695 -4.126406669616699
v -1.410040020942688 6.919488430023193 -4.173572540283203
v -1.3852825164794922 6.876607418060303 -4.215631008148193
v -1.3583964109420776 6.830039024353027 -4.252089500427246
v -1.3296968936920166 6.780330181121826 -4.282520294189453
v -1.29952073097229 6.728063583374023 -4.306567192077637
v -1.268221378326416 6.673851490020752 -4.323947429656982
v -1.2361658811569214 6.618330001831055 -4.334457874298096
v -1.2471376657485962 6.610358238220215 -3.1414923667907715
v -1.2900362014770508 6.658001899719238 -3.1520028114318848
v -1.3319228887557983 6.704522132873535 -3.1693832874298096
v -1.3723065853118896 6.749372482299805 -3.193429946899414
v -1.4107139110565186 6.792028427124023 -3.223860740661621
v -1.4466946125030518 6.83198881149292 -3.260319232940674
v -1.4798266887664795 6.868785858154297 -3.302377700805664
v -1.5097217559814453 6.901987552642822 -3.349543333053589
v -1.5360294580459595 6.9312052726745605 -3.4012627601623535
v -1.558441162109375 6.956096172332764 -3.456930160522461
v -1.5766942501068115 6.976367950439453 -3.515892267227173
v -1.5905747413635254 6.991783618927002 -3.577458143234253
v -1.5999197959899902 7.002162456512451 -3.6409058570861816
v -1.6046197414398193 7.007382392883301 -3.705491781234741
v -1.6046197414398193 7.007382392883301 -3.770458459854126
v -1.5999197959899902 7.002162456512451 -3.8350443840026855
v -1.5905747413635254 6.991783618927002 -3.8984920978546143
v -1.5766942501068115 6.976367950439453 -3.9600579738616943
v -1.558441162109375 6.956096172332764 -4.019020080566406
v -1.5360294580459595 6.9312052726745605 -4.074687480926514
v -1.5097217559814453 6.901987552642822 -4.126406669616699
v -1.4798266887664795 6.868785858154297 -4.173572540283203
v -1.4466946125030518 6.83198881149292 -4.215631008148193
v -1.4107139110565186 6.792028427124023 -4.252089500427246
v -1.3723065853118896 6.749372482299805 -4.282520294189453
v -1.3319228887557983 6.704522132873535 -4.306567192077637
v -1.2900362014770508 6.658001899719238 -4.323947429656982
v -1.2471376657485962 6.610358238220215 -4.334457874298096
v -1.2562123537063599 6.600279808044434 -3.1414923667907715
v -1.3080791234970093 6.63796329498291 -3.1520028114318848
v -1.358722448348999 6.674757957458496 -3.1693832874298096
v -1.4075486660003662 6.710232257843018 -3.193429946899414
v -1.453985333442688 6.7439703941345215 -3.223860740661621
v -1.497488021850586 6.775577068328857 -3.260319232940674
v -1.5375465154647827 6.804681301116943 -3.302377700805664
v -1.573691487312317 6.830942153930664 -3.349543333053589
v -1.6054989099502563 6.85405158996582 -3.4012627601623535
v -1.6325960159301758 6.873738765716553 -3.456930160522461
v -1.6546649932861328 6.889772891998291 -3.515892267227173
v -1.6714472770690918 6.901965618133545 -3.577458143234253
v -1.6827459335327148 6.91017484664917 -3.6409058570861816
v -1.688428521156311 6.914303302764893 -3.705491781234741
v -1.688428521156311 6.914303302764893 -3.770458459854126
v -1.6827459335327148 6.91017484664917 -3.8350443840026855
v -1.6714472770690918 6.901965618133545 -3.8984920978546143
v -1.6546649932861328 6.889772891998291 -3.9600579738616943
v -1.6325960159301758 6.873738765716553 -4.019020080566406
v -1.6054989099502563 6.85405158996582 -4.074687480926514
v -1.573691487312317 6.830942153930664 -4.126406669616699
v -1.5375465154647827 6.804681301116943 -4.173572540283203
v -1.497488021850586 6.775577068328857 -4.215631008148193
v -1.453985333442688 6.7439703941345215 -4.252089500427246
v -1.4075486660003662 6.710232257843018 -4.282520294189453
v -1.358722448348999 6.674757957458496 -4.306567192077637
v -1.3080791234970093 6.63796329498291 -4.323947429656982
v -1.2562123537063599 6.600279808044434 -4.334457874298096
v -1.2629932165145874 6.588535308837891 -3.1414923667907715
v -1.321561336517334 6.6146111488342285 -3.1520028114318848
v -1.3787480592727661 6.640072345733643 -3.1693832874298096
v -1.4338829517364502 6.6646199226379395 -3.193429946899414
v -1.4863193035125732 6.687966346740723 -3.223860740661621
v -1.5354427099227905 6.709837436676025 -3.260319232940674
v -1.5806770324707031 6.729977130889893 -3.302377700805664
v -1.6214920282363892 6.7481489181518555 -3.349543333053589
v -1.6574091911315918 6.764140605926514 -3.4012627601623535
v -1.6880072355270386 6.777763366699219 -3.456930160522461
v -1.7129276990890503 6.788858890533447 -3.515892267227173
v -1.7318782806396484 6.797296047210693 -3.577458143234253
v -1.7446367740631104 6.802976608276367 -3.6409058570861816
v -1.7510535717010498 6.80583381652832 -3.705491781234741
v -1.7510535717010498 6.80583381652832 -3.770458459854126
v -1.7446367740631104 6.802976608276367 -3.8350443840026855
v -1.7318782806396484 6.797296047210693 -3.8984920978546143
v -1.7129276990890503 6.788858890533447 -3.9600579738616943
v -1.6880072355270386 6.777763366699219 -4.019020080566406
v -1.6574091911315918 6.764140605926514 -4.074687480926514
v -1.6214920282363892 6.7481489181518555 -4.126406669616699
v -1.5806770324707031 6.729977130889893 -4.173572540283203
v -1.5354427099227905 6.709837436676025 -4.215631008148193
v -1.4863193035125732 6.687966346740723 -4.252089500427246
v -1.4338829517364502 6.6646199226379395 -4.282520294189453
v -1.3787480592727661 6.640072345733643 -4.306567192077637
v -1.321561336517334 6.6146111488342285 -4.323947429656982
v -1.2629932165145874 6.588535308837891 -4.334457874298096
v -1.2671840190887451 6.575636863708496 -3.1414923667907715
v -1.329893946647644 6.588966369628906 -3.1520028114318848
v -1.3911246061325073 6.6019816398620605 -3.1693832874298096
v -1.4501583576202393 6.614529609680176 -3.193429946899414
v -1.506302833557129 6.626463413238525 -3.223860740661621
v -1.5589001178741455 6.637643337249756 -3.260319232940674
v -1.6073331832885742 6.647937774658203 -3.302377700805664
v -1.6510343551635742 6.657227039337158 -3.349543333053589
v -1.6894913911819458 6.665401458740234 -3.4012627601623535
v -1.7222533226013184 6.672365188598633 -3.456930160522461
v -1.7489360570907593 6.678036689758301 -3.515892267227173
v -1.7692266702651978 6.682349681854248 -3.577458143234253
v -1.7828874588012695 6.685253143310547 -3.6409058570861816
v -1.7897580862045288 6.686713695526123 -3.705491781234741
v -1.7897580862045288 6.686713695526123 -3.770458459854126
v -1.7828874588012695 6.685253143310547 -3.8350443840026855
v -1.7692266702651978 6.682349681854248 -3.8984920978546143
v -1.7489360570907593 6.678036689758301 -3.9600579738616943
v -1.7222533226013184 6.672365188598633 -4.019020080566406
v -1.6894913911819458 6.665401458740234 -4.074687480926514
v -1.6510343551635742 6.657227039337158 -4.126406669616699
v -1.6073331832885742 6.647937774658203 -4.173572540283203
v -1.5589001178741455 6.637643337249756 -4.215631008148193
v -1.506302833557129 6.626463413238525 -4.252089500427246
v -1.4501583576202393 6.614529609680176 -4.282520294189453
v -1.3911246061325073 6.6019816398620605 -4.306567192077637
v -1.329893946647644 6.588966369628906 -4.323947429656982
v -1.2671840190887451 6.575636863708496 -4.334457874298096
v -1.268601655960083 6.562149524688721 -3.1414923667907715
v -1.3327125310897827 6.562149524688721 -3.1520028114318848
v -1.3953111171722412 6.562149524688721 -3.1693832874298096
v -1.4556636810302734 6.562149524688721 -3.193429946899414
v -1.5130624771118164 6.562149524688721 -3.223860740661621
v -1.5668346881866455 6.562149524688721 -3.260319232940674
v -1.6163499355316162 6.562149524688721 -3.302377700805664
v -1.661027431488037 6.562149524688721 -3.349543333053589
v -1.7003436088562012 6.562149524688721 -3.4012627601623535
v -1.733837366104126 6.562149524688721 -3.456930160522461
v -1.7611162662506104 6.562149524688721 -3.515892267227173
v -1.7818602323532104 6.562149524688721 -3.577458143234253
v -1.7958261966705322 6.562149524688721 -3.6409058570861816
v -1.8028502464294434 6.562149524688721 -3.705491781234741
v -1.8028502464294434 6.562149524688721 -3.770458459854126
v -1.7958261966705322 6.562149524688721 -3.8350443840026855
v -1.7818602323532104 6.562149524688721 -3.8984920978546143
v -1.7611162662506104 6.562149524688721 -3.9600579738616943
v -1.733837366104126 6.562149524688721 -4.019020080566406
v -1.7003436088562012 6.562149524688721 -4.074687480926514
v -1.661027431488037 6.562149524688721 -4.126406669616699
v -1.6163499355316162 6.562149524688721 -4.173572540283203
v -1.5668346881866455 6.562149524688721 -4.215631008148193
v -1.5130624771118164 6.562149524688721 -4.252089500427246
v -1.4556636810302734 6.562149524688721 -4.282520294189453
v -1.3953111171722412 6.562149524688721 -4.306567192077637
v -1.3327125310897827 6.562149524688721 -4.323947429656982
v -1.268601655960083 6.562149524688721 -4.334457874298096
v -1.2671840190887451 6.548662185668945 -3.1414923667907715
v -1.329893946647644 6.535332679748535 -3.1520028114318848
v -1.3911246061325073 6.522317409515381 -3.1693832874298096
v -1.4501583576202393 6.509769439697266 -3.193429946899414
v -1.506302833557129 6.497835636138916 -3.223860740661621
v -1.5589001178741455 6.4866557121276855 -3.260319232940674
v -1.6073331832885742 6.476361274719238 -3.302377700805664
v -1.6510343551635742 6.467072010040283 -3.349543333053589
v -1.6894913911819458 6.458897590637207 -3.4012627601623535
v -1.7222533226013184 6.451933860778809 -3.456930160522461
v -1.7489360570907593 6.446262359619141 -3.515892267227173
v -1.7692266702651978 6.441949367523193 -3.577458143234253
v -1.7828874588012695 6.4390459060668945 -3.6409058570861816
v -1.7897580862045288 6.437585353851318 -3.705491781234741
v -1.7897580862045288 6.437585353851318 -3.770458459854126
v -1.7828874588012695 6.4390459060668945 -3.8350443840026855
v -1.7692266702651978 6.441949367523193 -3.8984920978546143
v -1.7489360570907593 6.446262359619141 -3.9600579738616943
v -1.7222533226013184 6.451933860778809 -4.019020080566406
v -1.6894913911819458 6.458897590637207 -4.074687480926514
v -1.6510343551635742 6.467072010040283 -4.126406669616699
v -1.6073331832885742 6.476361274719238 -4.173572540283203
v -1.5589001178741455 6.4866557121276855 -4.215631008148193
v -1.506302833557129 6.497835636138916 -4.252089500427246
v -1.4501583576202393 6.509769439697266 -4.282520294189453
v -1.3911246061325073 6.522317409515381 -4.306567192077637
v -1.329893946647644 6.535332679748535 -4.323947429656982
v -1.2671840190887451 6.548662185668945 -4.334457874298096
v -1.2629932165145874 6.535763740539551 -3.1414923667907715
v -1.321561336517334 6.509687900543213 -3.1520028114318848
v -1.3787480592727661 6.484226703643799 -3.1693832874298096
v -1.4338829517364502 6.459679126739502 -3.193429946899414
v -1.4863193035125732 6.436332702636719 -3.223860740661621
v -1.5354427099227905 6.414461612701416 -3.260319232940674
v -1.5806770324707031 6.394321918487549 -3.302377700805664
v -1.6214920282363892 6.376150131225586 -3.349543333053589
v -1.6574091911315918 6.360158443450928 -3.4012627601623535
v -1.6880072355270386 6.346535682678223 -3.456930160522461
v -1.7129276990890503 6.335440158843994 -3.515892267227173
v -1.7318782806396484 6.327003002166748 -3.577458143234253
v -1.7446367740631104 6.321322441101074 -3.6409058570861816
v -1.7510535717010498 6.318465232849121 -3.705491781234741
v -1.7510535717010498 6.318465232849121 -3.770458459854126
v -1.7446367740631104 6.321322441101074 -3.8350443840026855
v -1.7318782806396484 6.327003002166748 -3.8984920978546143
v -1.7129276990890503 6.335440158843994 -3.9600579738616943
v -1.6880072355270386 6.346535682678223 -4.019020080566406
v -1.6574091911315918 6.360158443450928 -4.074687480926514
v -1.6214920282363892 6.376150131225586 -4.126406669616699
v -1.5806770324707031 6.394321918487549 -4.173572540283203
v -1.5354427099227905 6.414461612701416 -4.215631008148193
v -1.4863193035125732 6.436332702636719 -4.252089500427246
v -1.4338829517364502 6.459679126739502 -4.282520294189453
v -1.3787480592727661 6.484226703643799 -4.306567192077637
v -1.321561336517334 6.509687900543213 -4.323947429656982
v -1.2629932165145874 6.535763740539551 -4.334457874298096
v -1.2562123537063599 6.524019241333008 -3.1414923667907715
v -1.3080791234970093 6.486335754394531 -3.1520028114318848
v -1.358722448348999 6.449541091918945 -3.1693832874298096
v -1.4075486660003662 6.414066791534424 -3.193429946899414
v -1.453985333442688 6.38032865524292 -3.223860740661621
v -1.497488021850586 6.348721981048584 -3.260319232940674
v -1.5375465154647827 6.319617748260498 -3.302377700805664
v -1.573691487312317 6.293356895446777 -3.349543333053589
v -1.6054989099502563 6.270247459411621 -3.4012627601623535
v -1.6325960159301758 6.250560283660889 -3.456930160522461
v -1.6546649932861328 6.23452615737915 -3.515892267227173
v -1.6714472770690918 6.2223334312438965 -3.577458143234253
v -1.6827459335327148 6.2141242027282715 -3.6409058570861816
v -1.688428521156311 6.209995746612549 -3.705491781234741
v -1.688428521156311 6.209995746612549 -3.770458459854126
v -1.6827459335327148 6.2141242027282715 -3.8350443840026855
v -1.6714472770690918 6.2223334312438965 -3.8984920978546143
v -1.6546649932861328 6.23452615737915 -3.9600579738616943
v -1.6325960159301758 6.250560283660889 -4.019020080566406
v -1.6054989099502563 6.270247459411621 -4.074687480926514
v -1.573691487312317 6.293356895446777 -4.126406669616699
v -1.5375465154647827 6.319617748260498 -4.173572540283203
v -1.497488021850586 6.348721981048584 -4.215631008148193
v -1.453985333442688 6.38032865524292 -4.252089500427246
v -1.4075486660003662 6.414066791534424 -4.282520294189453
v -1.358722448348999 6.449541091918945 -4.306567192077637
v -1.3080791234970093 6.486335754394531 -4.323947429656982
v -1.2562123537063599 6.524019241333008 -4.334457874298096
v -1.2471376657485962 6.513940811157227 -3.1414923667907715
v -1.2900362014770508 6.466297149658203 -3.1520028114318848
v -1.3319228887557983 6.419776916503906 -3.1693832874298096
v -1.3723065853118896 6.374926567077637 -3.193429946899414
v -1.4107139110565186 6.332270622253418 -3.223860740661621
v -1.4466946125030518 6.2923102378845215 -3.260319232940674
v -1.4798266887664795 6.2555131912231445 -3.302377700805664
v -1.5097217559814453 6.222311496734619 -3.349543333053589
v -1.5360294580459595 6.193093776702881 -3.4012627601623535
v -1.558441162109375 6.168202877044678 -3.456930160522461
v -1.5766942501068115 6.147931098937988 -3.515892267227173
v -1.5905747413635254 6.1325154304504395 -3.577458143234253
v -1.5999197959899902 6.12213659286499 -3.6409058570861816
v -1.6046197414398193 6.116916656494141 -3.705491781234741
v -1.6046197414398193 6.116916656494141 -3.770458459854126
v -1.5999197959899902 6.12213659286499 -3.8350443840026855
v -1.5905747413635254 6.1325154304504395 -3.8984920978546143
v -1.5766942501068115 6.147931098937988 -3.9600579738616943
v -1.558441162109375 6.168202877044678 -4.019020080566406
v -1.5360294580459595 6.193093776702881 -4.074687480926514
v -1.5097217559814453 6.222311496734619 -4.126406669616699
v -1.4798266887664795 6.2555131912231445 -4.173572540283203
v -1.4466946125030518 6.2923102378845215 -4.215631008148193
v -1.4107139110565186 6.332270622253418 -4.252089500427246
v -1.3723065853118896 6.374926567077637 -4.282520294189453
v -1.3319228887557983 6.419776916503906 -4.306567192077637
v -1.2900362014770508 6.466297149658203 -4.323947429656982
v -1.2471376657485962 6.513940811157227 -4.334457874298096
v -1.2361658811569214 6.505969047546387 -3.1414923667907715
v -1.268221378326416 6.4504475593566895 -3.1520028114318848
v -1.29952073097229 6.396235466003418 -3.1693832874298096
v -1.3296968936920166 6.343968868255615 -3.193429946899414
v -1.3583964109420776 6.294260025024414 -3.223860740661621
v -1.3852825164794922 6.247691631317139 -3.260319232940674
v -1.410040020942688 6.204810619354248 -3.302377700805664
v -1.432378888130188 6.166118621826172 -3.349543333053589
v -1.45203697681427 6.1320695877075195 -3.4012627601623535
v -1.4687838554382324 6.103063106536865 -3.456930160522461
v -1.4824233055114746 6.079439163208008 -3.515892267227173
v -1.4927952289581299 6.061474323272705 -3.577458143234253
v -1.499778151512146 6.049379348754883 -3.6409058570861816
v -1.5032901763916016 6.0432963371276855 -3.705491781234741
v -1.5032901763916016 6.0432963371276855 -3.770458459854126
v -1.499778151512146 6.049379348754883 -3.8350443840026855
v -1.4927952289581299 6.061474323272705 -3.8984920978546143
v -1.4824233055114746 6.079439163208008 -3.9600579738616943
v -1.4687838554382324 6.103063106536865 -4.019020080566406
v -1.45203697681427 6.1320695877075195 -4.074687480926514
v -1.432378888130188 6.166118621826172 -4.126406669616699
v -1.410040020942688 6.204810619354248 -4.173572540283203
v -1.3852825164794922 6.247691631317139 -4.215631008148193
v -1.3583964109420776 6.294260025024414 -4.252089500427246
v -1.3296968936920166 6.343968868255615 -4.282520294189453
v -1.29952073097229 6.396235466003418 -4.306567192077637
v -1.268221378326416 6.4504475593566895 -4.323947429656982
v -1.2361658811569214 6.505969047546387 -4.334457874298096
v -1.2237765789031982 6.500452995300293 -3.1414923667907715
v -1.2435879707336426 6.439480304718018 -3.1520028114318848
v -1.2629319429397583 6.379945278167725 -3.1693832874298096
v -1.281581997871399 6.322546482086182 -3.193429946899414
v -1.2993191480636597 6.2679572105407715 -3.223860740661621
v -1.315935730934143 6.216816425323486 -3.260319232940674
v -1.331236720085144 6.169724941253662 -3.302377700805664
v -1.3450428247451782 6.127233982086182 -3.349543333053589
v -1.3571921586990356 6.089842319488525 -3.4012627601623535
v -1.3675423860549927 6.057987689971924 -3.456930160522461
v -1.375972032546997 6.032043933868408 -3.515892267227173
v -1.3823821544647217 6.012315273284912 -3.577458143234253
v -1.3866978883743286 5.999032974243164 -3.6409058570861816
v -1.3888684511184692 5.992352485656738 -3.705491781234741
v -1.3888684511184692 5.992352485656738 -3.770458459854126
v -1.3866978883743286 5.999032974243164 -3.8350443840026855
v -1.3823821544647217 6.012315273284912 -3.8984920978546143
v -1.375972032546997 6.032043933868408 -3.9600579738616943
v -1.3675423860549927 6.057987689971924 -4.019020080566406
v -1.3571921586990356 6.089842319488525 -4.074687480926514
v -1.3450428247451782 6.127233982086182 -4.126406669616699
v -1.331236720085144 6.169724941253662 -4.173572540283203
v -1.315935730934143 6.216816425323486 -4.215631008148193
v -1.2993191480636597 6.2679572105407715 -4.252089500427246
v -1.281581997871399 6.322546482086182 -4.282520294189453
v -1.2629319429397583 6.379945278167725 -4.306567192077637
v -1.2435879707336426 6.439480304718018 -4.323947429656982
v -1.2237765789031982 6.500452995300293 -4.334457874298096
v -1.2105110883712769 6.497633457183838 -3.1414923667907715
v -1.2172125577926636 6.433873653411865 -3.1520028114318848
v -1.2237558364868164 6.371618270874023 -3.1693832874298096
v -1.2300643920898438 6.311596393585205 -3.193429946899414
v -1.2360641956329346 6.254511833190918 -3.223860740661621
v -1.2416850328445435 6.201034069061279 -3.260319232940674
v -1.2468607425689697 6.151790142059326 -3.302377700805664
v -1.2515307664871216 6.107357501983643 -3.349543333053589
v -1.2556405067443848 6.068256378173828 -3.4012627601623535
v -1.2591415643692017 6.034946441650391 -3.456930160522461
v -1.2619929313659668 6.007816791534424 -3.515892267227173
v -1.264161229133606 5.987186431884766 -3.577458143234253
v -1.2656210660934448 5.973297119140625 -3.6409058570861816
v -1.266355276107788 5.966311454772949 -3.705491781234741
v -1.266355276107788 5.966311454772949 -3.770458459854126
v -1.2656210660934448 5.973297119140625 -3.8350443840026855
v -1.264161229133606 5.987186431884766 -3.8984920978546143
v -1.2619929313659668 6.007816791534424 -3.9600579738616943
v -1.2591415643692017 6.034946441650391 -4.019020080566406
v -1.2556405067443848 6.068256378173828 -4.074687480926514
v -1.2515307664871216 6.107357501983643 -4.126406669616699
v -1.2468607425689697 6.151790142059326 -4.173572540283203
v -1.2416850328445435 6.201034069061279 -4.215631008148193
v -1.2360641956329346 6.254511833190918 -4.252089500427246
v -1.2300643920898438 6.311596393585205 -4.282520294189453
v -1.2237558364868164 6.371618270874023 -4.306567192077637
v -1.2172125577926636 6.433873653411865 -4.323947429656982
v -1.2105110883712769 6.497633457183838 -4.334457874298096
v -1.1969493627548218 6.497633457183838 -3.1414923667907715
v -1.190247893333435 6.433873653411865 -3.1520028114318848
v -1.1837046146392822 6.371618270874023 -3.1693832874298096
v -1.1773960590362549 6.311596393585205 -3.193429946899414
v -1.171396255493164 6.254511833190918 -3.223860740661621
v -1.1657754182815552 6.201034069061279 -3.260319232940674
v -1.160599708557129 6.151790142059326 -3.302377700805664
v -1.155929684638977 6.107357501983643 -3.349543333053589
v -1.1518199443817139 6.068256378173828 -3.4012627601623535
v -1.148318886756897 6.034946441650391 -3.456930160522461
v -1.1454675197601318 6.007816791534424 -3.515892267227173
v -1.1432992219924927 5.987186431884766 -3.577458143234253
v -1.1418393850326538 5.973297119140625 -3.6409058570861816
v -1.1411051750183105 5.966311454772949 -3.705491781234741
v -1.1411051750183105 5.966311454772949 -3.770458459854126
v -1.1418393850326538 5.973297119140625 -3.8350443840026855
v -1.1432992219924927 5.987186431884766 -3.8984920978546143
v -1.1454675197601318 6.007816791534424 -3.9600579738616943
v -1.148318886756897 6.034946441650391 -4.019020080566406
v -1.1518199443817139 6.068256378173828 -4.074687480926514
v -1.155929684638977 6.107357501983643 -4.126406669616699
v -1.160599708557129 6.151790142059326 -4.173572540283203
v -1.1657754182815552 6.201034069061279 -4.215631008148193
v -1.171396255493164 6.254511833190918 -4.252089500427246
v -1.1773960590362549 6.311596393585205 -4.282520294189453
v -1.1837046146392822 6.371618270874023 -4.306567192077637
v -1.190247893333435 6.433873653411865 -4.323947429656982
v -1.1969493627548218 6.497633457183838 -4.334457874298096
v -1.1836838722229004 6.500452995300293 -3.1414923667907715
v -1.163872480392456 6.439480304718018 -3.1520028114318848
v -1.1445285081863403 6.379945278167725 -3.1693832874298096
v -1.1258784532546997 6.322546482086182 -3.193429946899414
v -1.108141303062439 6.2679572105407715 -3.223860740661621
v -1.0915247201919556 6.216816425323486 -3.260319232940674
v -1.0762237310409546 6.169724941253662 -3.302377700805664
v -1.0624176263809204 6.127233982086182 -3.349543333053589
v -1.050268292427063 6.089842319488525 -3.4012627601623535
v -1.039918065071106 6.057987689971924 -3.456930160522461
v -1.0314884185791016 6.032043933868408 -3.515892267227173
v -1.025078296661377 6.012315273284912 -3.577458143234253
v -1.02076256275177 5.999032974243164 -3.6409058570861816
v -1.0185920000076294 5.992352485656738 -3.705491781234741
v -1.0185920000076294 5.992352485656738 -3.770458459854126
v -1.02076256275177 5.999032974243164 -3.8350443840026855
v -1.025078296661377 6.012315273284912 -3.8984920978546143
v -1.0314884185791016 6.032043933868408 -3.9600579738616943
v -1.039918065071106 6.057987689971924 -4.019020080566406
v -1.050268292427063 6.089842319488525 -4.074687480926514
v -1.0624176263809204 6.127233982086182 -4.126406669616699
v -1.0762237310409546 6.169724941253662 -4.173572540283203
v -1.0915247201919556 6.216816425323486 -4.215631008148193
v -1.108141303062439 6.2679572105407715 -4.252089500427246
v -1.1258784532546997 6.322546482086182 -4.282520294189453
v -1.1445285081863403 6.379945278167725 -4.306567192077637
v -1.163872480392456 6.439480304718018 -4.323947429656982
v -1.1836838722229004 6.500452995300293 -4.334457874298096
v -1.1712945699691772 6.505969047546387 -3.1414923667907715
v -1.1392390727996826 6.4504475593566895 -3.1520028114318848
v -1.1079397201538086 6.396235466003418 -3.1693832874298096
v -1.077763557434082 6.343968868255615 -3.193429946899414
v -1.049064040184021 6.294260025024414 -3.223860740661621
v -1.0221779346466064 6.247691631317139 -3.260319232940674
v -0.9974203705787659 6.204810619354248 -3.302377700805664
v -0.9750816226005554 6.166118621826172 -3.349543333053589
v -0.9554235339164734 6.1320695877075195 -3.4012627601623535
v -0.9386765956878662 6.103063106536865 -3.456930160522461
v -0.9250372052192688 6.079439163208008 -3.515892267227173
v -0.9146652221679688 6.061474323272705 -3.577458143234253
v -0.9076822996139526 6.049379348754883 -3.6409058570861816
v -0.9041702151298523 6.0432963371276855 -3.705491781234741
v -0.9041702151298523 6.0432963371276855 -3.770458459854126
v -0.9076822996139526 6.049379348754883 -3.8350443840026855
v -0.9146652221679688 6.061474323272705 -3.8984920978546143
v -0.9250372052192688 6.079439163208008 -3.9600579738616943
v -0.9386765956878662 6.103063106536865 -4.019020080566406
v -0.9554235339164734 6.1320695877075195 -4.074687480926514
v -0.9750816226005554 6.166118621826172 -4.126406669616699
v -0.9974203705787659 6.204810619354248 -4.173572540283203
v -1.0221779346466064 6.247691631317139 -4.215631008148193
v -1.049064040184021 6.294260025024414 -4.252089500427246
v -1.077763557434082 6.343968868255615 -4.282520294189453
v -1.1079397201538086 6.396235466003418 -4.306567192077637
v -1.1392390727996826 6.4504475593566895 -4.323947429656982
v -1.1712945699691772 6.505969047546387 -4.334457874298096
v -1.1603227853775024 6.513940811157227 -3.1414923667907715
v -1.1174242496490479 6.466297149658203 -3.1520028114318848
v -1.0755375623703003 6.419776916503906 -3.1693832874298096
v -1.035153865814209 6.374926567077637 -3.193429946899414
v -0.9967465400695801 6.332270622253418 -3.223860740661621
v -0.9607658386230469 6.2923102378845215 -3.260319232940674
v -0.9276337623596191 6.2555131912231445 -3.302377700805664
v -0.8977386951446533 6.222311496734619 -3.349543333053589
v -0.8714309930801392 6.193093776702881 -3.4012627601623535
v -0.8490192890167236 6.168202877044678 -3.456930160522461
v -0.8307662010192871 6.147931098937988 -3.515892267227173
v -0.8168857097625732 6.1325154304504395 -3.577458143234253
v -0.8075407147407532 6.12213659286499 -3.6409058570861816
v -0.8028406500816345 6.116916656494141 -3.705491781234741
v -0.8028406500816345 6.116916656494141 -3.770458459854126
v -0.8075407147407532 6.12213659286499 -3.8350443840026855
v -0.8168857097625732 6.1325154304504395 -3.8984920978546143
v -0.8307662010192871 6.147931098937988 -3.9600579738616943
v -0.8490192890167236 6.168202877044678 -4.019020080566406
v -0.8714309930801392 6.193093776702881 -4.074687480926514
v -0.8977386951446533 6.222311496734619 -4.126406669616699
v -0.9276337623596191 6.2555131912231445 -4.173572540283203
v -0.9607658386230469 6.2923102378845215 -4.215631008148193
v -0.9967465400695801 6.332270622253418 -4.252089500427246
v -1.035153865814209 6.374926567077637 -4.282520294189453
v -1.0755375623703003 6.419776916503906 -4.306567192077637
v -1.1174242496490479 6.466297149658203 -4.323947429656982
v -1.1603227853775024 6.513940811157227 -4.334457874298096
v -1.1512480974197388 6.524019241333008 -3.1414923667907715
v -1.0993813276290894 6.486335754394531 -3.1520028114318848
v -1.0487380027770996 6.449541091918945 -3.1693832874298096
v -0.9999117851257324 6.414066791534424 -3.193429946899414
v -0.9534751176834106 6.38032865524292 -3.223860740661621
v -0.9099724888801575 6.348721981048584 -3.260319232940674
v -0.8699139356613159 6.319617748260498 -3.302377700805664
v -0.8337689638137817 6.293356895446777 -3.349543333053589
v -0.8019615411758423 6.270247459411621 -3.4012627601623535
v -0.7748644351959229 6.250560283660889 -3.456930160522461
v -0.7527954578399658 6.23452615737915 -3.515892267227173
v -0.7360132336616516 6.2223334312438965 -3.577458143234253
v -0.7247145771980286 6.2141242027282715 -3.6409058570861816
v -0.7190319299697876 6.209995746612549 -3.705491781234741
v -0.7190319299697876 6.209995746612549 -3.770458459854126
v -0.7247145771980286 6.2141242027282715 -3.8350443840026855
v -0.7360132336616516 6.2223334312438965 -3.8984920978546143
v -0.7527954578399658 6.23452615737915 -3.9600579738616943
v -0.7748644351959229 6.250560283660889 -4.019020080566406
v -0.8019615411758423 6.270247459411621 -4.074687480926514
v -0.8337689638137817 6.293356895446777 -4.126406669616699
v -0.8699139356613159 6.319617748260498 -4.173572540283203
v -0.9099724888801575 6.348721981048584 -4.215631008148193
v -0.9534751176834106 6.38032865524292 -4.252089500427246
v -0.9999117851257324 6.414066791534424 -4.282520294189453
v -1.0487380027770996 6.449541091918945 -4.306567192077637
v -1.0993813276290894 6.486335754394531 -4.323947429656982
v -1.1512480974197388 6.524019241333008 -4.334457874298096
v -1.1444672346115112 6.535763740539551 -3.1414923667907715
v -1.0858991146087646 6.509687900543213 -3.1520028114318848
v -1.0287123918533325 6.484226703643799 -3.1693832874298096
v -0.9735775589942932 6.459679126739502 -3.193429946899414
v -0.9211410880088806 6.436332702636719 -3.223860740661621
v -0.8720177412033081 6.414461612701416 -3.260319232940674
v -0.8267834186553955 6.394321918487549 -3.302377700805664
v -0.7859684228897095 6.376150131225586 -3.349543333053589
v -0.7500513195991516 6.360158443450928 -3.4012627601623535
v -0.7194532155990601 6.346535682678223 -3.456930160522461
v -0.6945327520370483 6.335440158843994 -3.515892267227173
v -0.6755821704864502 6.327003002166748 -3.577458143234253
v -0.6628236770629883 6.321322441101074 -3.6409058570861816
v -0.656406819820404 6.318465232849121 -3.705491781234741
v -0.656406819820404 6.318465232849121 -3.770458459854126
v -0.6628236770629883 6.321322441101074 -3.8350443840026855
v -0.6755821704864502 6.327003002166748 -3.8984920978546143
v -0.6945327520370483 6.335440158843994 -3.9600579738616943
v -0.7194532155990601 6.346535682678223 -4.019020080566406
v -0.7500513195991516 6.360158443450928 -4.074687480926514
v -0.7859684228897095 6.376150131225586 -4.126406669616699
v -0.8267834186553955 6.394321918487549 -4.173572540283203
v -0.8720177412033081 6.414461612701416 -4.215631008148193
v -0.9211410880088806 6.436332702636719 -4.252089500427246
v -0.9735775589942932 6.459679126739502 -4.282520294189453
v -1.0287123918533325 6.484226703643799 -4.306567192077637
v -1.0858991146087646 6.509687900543213 -4.323947429656982
v -1.1444672346115112 6.535763740539551 -4.334457874298096
v -1.1402764320373535 6.548662185668945 -3.1414923667907715
v -1.0775665044784546 6.535332679748535 -3.1520028114318848
v -1.0163358449935913 6.522317409515381 -3.1693832874298096
v -0.9573020935058594 6.509769439697266 -3.193429946899414
v -0.901157557964325 6.497835636138916 -3.223860740661621
v -0.8485603928565979 6.4866557121276855 -3.260319232940674
v -0.8001272678375244 6.476361274719238 -3.302377700805664
v -0.7564260363578796 6.467072010040283 -3.349543333053589
v -0.7179690599441528 6.458897590637207 -3.4012627601623535
v -0.6852071285247803 6.451933860778809 -3.456930160522461
v -0.6585243940353394 6.446262359619141 -3.515892267227173
v -0.6382337808609009 6.441949367523193 -3.577458143234253
v -0.6245730519294739 6.4390459060668945 -3.6409058570861816
v -0.6177023649215698 6.437585353851318 -3.705491781234741
v -0.6177023649215698 6.437585353851318 -3.770458459854126
v -0.6245730519294739 6.4390459060668945 -3.8350443840026855
v -0.6382337808609009 6.441949367523193 -3.8984920978546143
v -0.6585243940353394 6.446262359619141 -3.9600579738616943
v -0.6852071285247803 6.451933860778809 -4.019020080566406
v -0.7179690599441528 6.458897590637207 -4.074687480926514
v -0.7564260363578796 6.467072010040283 -4.126406669616699
v -0.8001272678375244 6.476361274719238 -4.173572540283203
v -0.8485603928565979 6.4866557121276855 -4.215631008148193
v -0.901157557964325 6.497835636138916 -4.252089500427246
v -0.9573020935058594 6.509769439697266 -4.282520294189453
v -1.0163358449935913 6.522317409515381 -4.306567192077637
v -1.0775665044784546 6.535332679748535 -4.323947429656982
v -1.1402764320373535 6.548662185668945 -4.334457874298096
v -4.538974285125732 3.1024293899536133 7.7740936279296875
v -4.538974285125732 3.1024293899536133 6.574093818664551
v -4.474102973937988 3.1024293899536133 7.770576477050781
v -4.409992218017578 3.1024293899536133 7.760066032409668
v -4.34739351272583 3.1024293899536133 7.742685794830322
v -4.287040710449219 3.1024293899536133 7.718638896942139
v -4.229641914367676 3.1024293899536133 7.688208103179932
v -4.175869941711426 3.1024293899536133 7.651749610900879
v -4.126354694366455 3.1024293899536133 7.609691143035889
v -4.081676959991455 3.1024293899536133 7.562525272369385
v -4.042360782623291 3.1024293899536133 7.510806083679199
v -4.008867263793945 3.1024293899536133 7.455138683319092
v -3.981588363647461 3.1024293899536133 7.396176815032959
v -3.9608442783355713 3.1024293899536133 7.334610939025879
v -3.946878433227539 3.1024293899536133 7.271162986755371
v -3.939854145050049 3.1024293899536133 7.206577301025391
v -3.939854145050049 3.1024293899536133 7.141610145568848
v -3.946878433227539 3.1024293899536133 7.077024459838867
v -3.9608442783355713 3.1024293899536133 7.013576507568359
v -3.981588363647461 3.1024293899536133 6.952010631561279
v -4.008867263793945 3.1024293899536133 6.8930487632751465
v -4.042360782623291 3.1024293899536133 6.837381362915039
v -4.081676959991455 3.1024293899536133 6.7856621742248535
v -4.126354694366455 3.1024293899536133 6.73849630355835
v -4.175869941711426 3.1024293899536133 6.696437835693359
v -4.229641914367676 3.1024293899536133 6.659979343414307
v -4.287040710449219 3.1024293899536133 6.6295485496521
v -4.34739351272583 3.1024293899536133 6.605501651763916
v -4.409992218017578 3.1024293899536133 6.58812141418457
v -4.474102973937988 3.1024293899536133 6.577610969543457
v -4.475520610809326 3.1159169673919678 7.770576477050781
v -4.412810802459717 3.129246234893799 7.760066032409668
v -4.351579666137695 3.142261266708374 7.742685794830322
v -4.292546272277832 3.1548092365264893 7.718638896942139
v -4.236401557922363 3.166743278503418 7.688208103179932
v -4.183804512023926 3.1779229640960693 7.651749610900879
v -4.135371208190918 3.188217878341675 7.609691143035889
v -4.091670036315918 3.197506904602051 7.562525272369385
v -4.053213119506836 3.205681085586548 7.510806083679199
v -4.020451068878174 3.2126448154449463 7.455138683319092
v -3.9937684535980225 3.2183165550231934 7.396176815032959
v -3.973477840423584 3.2226293087005615 7.334610939025879
v -3.9598171710968018 3.2255330085754395 7.271162986755371
v -3.952946424484253 3.2269935607910156 7.206577301025391
v -3.952946424484253 3.2269935607910156 7.141610145568848
v -3.9598171710968018 3.2255330085754395 7.077024459838867
v -3.973477840423584 3.2226293087005615 7.013576507568359
v -3.9937684535980225 3.2183165550231934 6.952010631561279
v -4.020451068878174 3.2126448154449463 6.8930487632751465
v -4.053213119506836 3.205681085586548 6.837381362915039
v -4.091670036315918 3.197506904602051 6.7856621742248535
v -4.135371208190918 3.188217878341675 6.73849630355835
v -4.183804512023926 3.1779229640960693 6.696437835693359
v -4.236401557922363 3.166743278503418 6.659979343414307
v -4.292546272277832 3.1548092365264893 6.6295485496521
v -4.351579666137695 3.142261266708374 6.605501651763916
v -4.412810802459717 3.129246234893799 6.58812141418457
v -4.475520610809326 3.1159169673919678 6.577610969543457
v -4.479711532592773 3.128814935684204 7.770576477050781
v -4.421143054962158 3.1548912525177 7.760066032409668
v -4.363956451416016 3.1803524494171143 7.742685794830322
v -4.308821678161621 3.204900026321411 7.718638896942139
v -4.256385326385498 3.2282462120056152 7.688208103179932
v -4.20726203918457 3.250117301940918 7.651749610900879
v -4.162027359008789 3.270256996154785 7.609691143035889
v -4.121212482452393 3.288429021835327 7.562525272369385
v -4.0852952003479 3.304420232772827 7.510806083679199
v -4.054697036743164 3.3180434703826904 7.455138683319092
v -4.029776573181152 3.32913875579834 7.396176815032959
v -4.010826110839844 3.337576150894165 7.334610939025879
v -3.998067855834961 3.3432564735412598 7.271162986755371
v -3.9916508197784424 3.346113443374634 7.206577301025391
v -3.9916508197784424 3.346113443374634 7.141610145568848
v -3.998067855834961 3.3432564735412598 7.077024459838867
v -4.010826110839844 3.337576150894165 7.013576507568359
v -4.029776573181152 3.32913875579834 6.952010631561279
v -4.054697036743164 3.3180434703826904 6.8930487632751465
v -4.0852952003479 3.304420232772827 6.837381362915039
v -4.121212482452393 3.288429021835327 6.7856621742248535
v -4.162027359008789 3.270256996154785 6.73849630355835
v -4.20726203918457 3.250117301940918 6.696437835693359
v -4.256385326385498 3.2282462120056152 6.659979343414307
v -4.308821678161621 3.204900026321411 6.6295485496521
v -4.363956451416016 3.1803524494171143 6.605501651763916
v -4.421143054962158 3.1548912525177 6.58812141418457
v -4.479711532592773 3.128814935684204 6.577610969543457
v -4.486492156982422 3.1405599117279053 7.770576477050781
v -4.434625625610352 3.1782431602478027 7.760066032409668
v -4.383982181549072 3.2150378227233887 7.742685794830322
v -4.335155963897705 3.25051212310791 7.718638896942139
v -4.288719177246094 3.284250259399414 7.688208103179932
v -4.245216369628906 3.31585693359375 7.651749610900879
v -4.20515775680542 3.344961166381836 7.609691143035889
v -4.169013023376465 3.3712220191955566 7.562525272369385
v -4.137205600738525 3.394331455230713 7.510806083679199
v -4.110108375549316 3.4140186309814453 7.455138683319092
v -4.088039398193359 3.4300527572631836 7.396176815032959
v -4.0712571144104 3.4422457218170166 7.334610939025879
v -4.059958457946777 3.4504547119140625 7.271162986755371
v -4.054275989532471 3.4545834064483643 7.206577301025391
v -4.054275989532471 3.4545834064483643 7.141610145568848
v -4.059958457946777 3.4504547119140625 7.077024459838867
v -4.0712571144104 3.4422457218170166 7.013576507568359
v -4.088039398193359 3.4300527572631836 6.952010631561279
v -4.110108375549316 3.4140186309814453 6.8930487632751465
v -4.137205600738525 3.394331455230713 6.837381362915039
v -4.169013023376465 3.3712220191955566 6.7856621742248535
v -4.20515775680542 3.344961166381836 6.73849630355835
v -4.245216369628906 3.31585693359375 6.696437835693359
v -4.288719177246094 3.284250259399414 6.659979343414307
v -4.335155963897705 3.25051212310791 6.6295485496521
v -4.383982181549072 3.2150378227233887 6.605501651763916
v -4.434625625610352 3.1782431602478027 6.58812141418457
v -4.486492156982422 3.1405599117279053 6.577610969543457
v -4.4955668449401855 3.1506383419036865 7.770576477050781
v -4.452668190002441 3.19828200340271 7.760066032409668
v -4.4107818603515625 3.2448017597198486 7.742685794830322
v -4.370398044586182 3.2896523475646973 7.718638896942139
v -4.331990718841553 3.332308053970337 7.688208103179932
v -4.2960100173950195 3.3722686767578125 7.651749610900879
v -4.262877941131592 3.4090654850006104 7.609691143035889
v -4.232982635498047 3.442267417907715 7.562525272369385
v -4.206675052642822 3.471485137939453 7.510806083679199
v -4.184263229370117 3.496375799179077 7.455138683319092
v -4.16601037979126 3.5166478157043457 7.396176815032959
v -4.152129650115967 3.5320637226104736 7.334610939025879
v -4.142784595489502 3.5424423217773438 7.271162986755371
v -4.138084888458252 3.5476622581481934 7.206577301025391
v -4.138084888458252 3.5476622581481934 7.141610145568848
v -4.142784595489502 3.5424423217773438 7.077024459838867
v -4.152129650115967 3.5320637226104736 7.013576507568359
v -4.16601037979126 3.5166478157043457 6.952010631561279
v -4.184263229370117 3.496375799179077 6.8930487632751465
v -4.206675052642822 3.471485137939453 6.837381362915039
v -4.232982635498047 3.442267417907715 6.7856621742248535
v -4.262877941131592 3.4090654850006104 6.73849630355835
v -4.2960100173950195 3.3722686767578125 6.696437835693359
v -4.331990718841553 3.332308053970337 6.659979343414307
v -4.370398044586182 3.2896523475646973 6.6295485496521
v -4.4107818603515625 3.2448017597198486 6.605501651763916
v -4.452668190002441 3.19828200340271 6.58812141418457
v -4.4955668449401855 3.1506383419036865 6.577610969543457
v -4.506538391113281 3.158609628677368 7.770576477050781
v -4.474483013153076 3.2141313552856445 7.760066032409668
v -4.443183898925781 3.268343448638916 7.742685794830322
v -4.413007736206055 3.3206100463867188 7.718638896942139
v -4.384308338165283 3.370319128036499 7.688208103179932
v -4.357421875 3.416887044906616 7.651749610900879
v -4.332664489746094 3.459768533706665 7.609691143035889
v -4.310325622558594 3.498460292816162 7.562525272369385
v -4.290667533874512 3.5325093269348145 7.510806083679199
v -4.27392053604126 3.5615158081054688 7.455138683319092
v -4.260281085968018 3.585139751434326 7.396176815032959
v -4.249909400939941 3.603104591369629 7.334610939025879
v -4.242926120758057 3.615199565887451 7.271162986755371
v -4.239414215087891 3.6212825775146484 7.206577301025391
v -4.239414215087891 3.6212825775146484 7.141610145568848
v -4.242926120758057 3.615199565887451 7.077024459838867
v -4.249909400939941 3.603104591369629 7.013576507568359
v -4.260281085968018 3.585139751434326 6.952010631561279
v -4.27392053604126 3.5615158081054688 6.8930487632751465
v -4.290667533874512 3.5325093269348145 6.837381362915039
v -4.310325622558594 3.498460292816162 6.7856621742248535
v -4.332664489746094 3.459768533706665 6.73849630355835
v -4.357421875 3.416887044906616 6.696437835693359
v -4.384308338165283 3.370319128036499 6.659979343414307
v -4.413007736206055 3.3206100463867188 6.6295485496521
v -4.443183898925781 3.268343448638916 6.605501651763916
v -4.474483013153076 3.2141313552856445 6.58812141418457
v -4.506538391113281 3.158609628677368 6.577610969543457
v -4.518928050994873 3.164125680923462 7.770576477050781
v -4.49911642074585 3.2250988483428955 7.760066032409668
v -4.479772567749023 3.2846336364746094 7.742685794830322
v -4.461122512817383 3.3420324325561523 7.718638896942139
v -4.443385124206543 3.3966219425201416 7.688208103179932
v -4.426768779754639 3.4477622509002686 7.651749610900879
v -4.411467552185059 3.494853973388672 7.609691143035889
v -4.3976616859436035 3.5373449325561523 7.562525272369385
v -4.385512351989746 3.5747368335723877 7.510806083679199
v -4.375162124633789 3.60659122467041 7.455138683319092
v -4.366732597351074 3.632534980773926 7.396176815032959
v -4.36032247543335 3.652263641357422 7.334610939025879
v -4.356006622314453 3.66554594039917 7.271162986755371
v -4.3538360595703125 3.6722264289855957 7.206577301025391
v -4.3538360595703125 3.6722264289855957 7.141610145568848
v -4.356006622314453 3.66554594039917 7.077024459838867
v -4.36032247543335 3.652263641357422 7.013576507568359
v -4.366732597351074 3.632534980773926 6.952010631561279
v -4.375162124633789 3.60659122467041 6.8930487632751465
v -4.385512351989746 3.5747368335723877 6.837381362915039
v -4.3976616859436035 3.5373449325561523 6.7856621742248535
v -4.411467552185059 3.494853973388672 6.73849630355835
v -4.426768779754639 3.4477622509002686 6.696437835693359
v -4.443385124206543 3.3966219425201416 6.659979343414307
v -4.461122512817383 3.3420324325561523 6.6295485496521
v -4.479772567749023 3.2846336364746094 6.605501651763916
v -4.49911642074585 3.2250988483428955 6.58812141418457
v -4.518928050994873 3.164125680923462 6.577610969543457
v -4.532193183898926 3.166945457458496 7.770576477050781
v -4.525492191314697 3.2307050228118896 7.760066032409668
v -4.518948554992676 3.2929608821868896 7.742685794830322
v -4.512639999389648 3.352982759475708 7.718638896942139
v -4.506640434265137 3.410067081451416 7.688208103179932
v -4.501019477844238 3.4635448455810547 7.651749610900879
v -4.495843887329102 3.512788772583008 7.609691143035889
v -4.49117374420166 3.5572214126586914 7.562525272369385
v -4.487063884735107 3.5963222980499268 7.510806083679199
v -4.48356294631958 3.6296327114105225 7.455138683319092
v -4.480711460113525 3.65676212310791 7.396176815032959
v -4.478543281555176 3.6773922443389893 7.334610939025879
v -4.477083206176758 3.691281795501709 7.271162986755371
v -4.476349353790283 3.6982674598693848 7.206577301025391
v -4.476349353790283 3.6982674598693848 7.141610145568848
v -4.477083206176758 3.691281795501709 7.077024459838867
v -4.478543281555176 3.6773922443389893 7.013576507568359
v -4.480711460113525 3.65676212310791 6.952010631561279
v -4.48356294631958 3.6296327114105225 6.8930487632751465
v -4.487063884735107 3.5963222980499268 6.837381362915039
v -4.49117374420166 3.5572214126586914 6.7856621742248535
v -4.495843887329102 3.512788772583008 6.73849630355835
v -4.501019477844238 3.4635448455810547 6.696437835693359
v -4.506640434265137 3.410067081451416 6.659979343414307
v -4.512639999389648 3.352982759475708 6.6295485496521
v -4.518948554992676 3.2929608821868896 6.605501651763916
v -4.525492191314697 3.2307050228118896 6.58812141418457
v -4.532193183898926 3.166945457458496 6.577610969543457
v -4.545755386352539 3.166945457458496 7.770576477050781
v -4.552456378936768 3.2307050228118896 7.760066032409668
v -4.559000015258789 3.2929608821868896 7.742685794830322
v -4.565308570861816 3.352982759475708 7.718638896942139
v -4.571308135986328 3.410067081451416 7.688208103179932
v -4.576929092407227 3.4635448455810547 7.651749610900879
v -4.582104682922363 3.512788772583008 7.609691143035889
v -4.586774826049805 3.5572214126586914 7.562525272369385
v -4.590884685516357 3.5963222980499268 7.510806083679199
v -4.594385623931885 3.6296327114105225 7.455138683319092
v -4.5972371101379395 3.65676212310791 7.396176815032959
v -4.599405288696289 3.6773922443389893 7.334610939025879
v -4.600865364074707 3.691281795501709 7.271162986755371
v -4.601599216461182 3.6982674598693848 7.206577301025391
v -4.601599216461182 3.6982674598693848 7.141610145568848
v -4.600865364074707 3.691281795501709 7.077024459838867
v -4.599405288696289 3.6773922443389893 7.013576507568359
v -4.5972371101379395 3.65676212310791 6.952010631561279
v -4.594385623931885 3.6296327114105225 6.8930487632751465
v -4.590884685516357 3.5963222980499268 6.837381362915039
v -4.586774826049805 3.5572214126586914 6.7856621742248535
v -4.582104682922363 3.512788772583008 6.73849630355835
v -4.576929092407227 3.4635448455810547 6.696437835693359
v -4.571308135986328 3.410067081451416 6.659979343414307
v -4.565308570861816 3.352982759475708 6.6295485496521
v -4.559000015258789 3.2929608821868896 6.605501651763916
v -4.552456378936768 3.2307050228118896 6.58812141418457
v -4.545755386352539 3.166945457458496 6.577610969543457
v -4.559020519256592 3.164125680923462 7.770576477050781
v -4.578832149505615 3.2250988483428955 7.760066032409668
v -4.598176002502441 3.2846336364746094 7.742685794830322
v -4.616826057434082 3.3420324325561523 7.718638896942139
v -4.634563446044922 3.3966219425201416 7.688208103179932
v -4.651179790496826 3.4477622509002686 7.651749610900879
v -4.666481018066406 3.494853973388672 7.609691143035889
v -4.680286884307861 3.5373449325561523 7.562525272369385
v -4.692436218261719 3.5747368335723877 7.510806083679199
v -4.702786445617676 3.60659122467041 7.455138683319092
v -4.711215972900391 3.632534980773926 7.396176815032959
v -4.717626094818115 3.652263641357422 7.334610939025879
v -4.721941947937012 3.66554594039917 7.271162986755371
v -4.724112510681152 3.6722264289855957 7.206577301025391
v -4.724112510681152 3.6722264289855957 7.141610145568848
v -4.721941947937012 3.66554594039917 7.077024459838867
v -4.717626094818115 3.652263641357422 7.013576507568359
v -4.711215972900391 3.632534980773926 6.952010631561279
v -4.702786445617676 3.60659122467041 6.8930487632751465
v -4.692436218261719 3.5747368335723877 6.837381362915039
v -4.680286884307861 3.5373449325561523 6.7856621742248535
v -4.666481018066406 3.494853973388672 6.73849630355835
v -4.651179790496826 3.4477622509002686 6.696437835693359
v -4.634563446044922 3.3966219425201416 6.659979343414307
v -4.616826057434082 3.3420324325561523 6.6295485496521
v -4.598176002502441 3.2846336364746094 6.605501651763916
v -4.578832149505615 3.2250988483428955 6.58812141418457
v -4.559020519256592 3.164125680923462 6.577610969543457
v -4.571410179138184 3.158609628677368 7.770576477050781
v -4.603465557098389 3.2141313552856445 7.760066032409668
v -4.634764671325684 3.268343448638916 7.742685794830322
v -4.66494083404541 3.3206100463867188 7.718638896942139
v -4.693640232086182 3.370319128036499 7.688208103179932
v -4.720526695251465 3.416887044906616 7.651749610900879
v -4.745284080505371 3.459768533706665 7.609691143035889
v -4.767622947692871 3.498460292816162 7.562525272369385
v -4.787281036376953 3.5325093269348145 7.510806083679199
v -4.804028034210205 3.5615158081054688 7.455138683319092
v -4.817667484283447 3.585139751434326 7.396176815032959
v -4.828039169311523 3.603104591369629 7.334610939025879
v -4.835022449493408 3.615199565887451 7.271162986755371
v -4.838534355163574 3.6212825775146484 7.206577301025391
v -4.838534355163574 3.6212825775146484 7.141610145568848
v -4.835022449493408 3.615199565887451 7.077024459838867
v -4.828039169311523 3.603104591369629 7.013576507568359
v -4.817667484283447 3.585139751434326 6.952010631561279
v -4.804028034210205 3.5615158081054688 6.8930487632751465
v -4.787281036376953 3.5325093269348145 6.837381362915039
v -4.767622947692871 3.498460292816162 6.7856621742248535
v -4.745284080505371 3.459768533706665 6.73849630355835
v -4.720526695251465 3.416887044906616 6.696437835693359
v -4.693640232086182 3.370319128036499 6.659979343414307
v -4.66494083404541 3.3206100463867188 6.6295485496521
v -4.634764671325684 3.268343448638916 6.605501651763916
v -4.603465557098389 3.2141313552856445 6.58812141418457
v -4.571410179138184 3.158609628677368 6.577610969543457
v -4.582381725311279 3.1506383419036865 7.770576477050781
v -4.625280380249023 3.19828200340271 7.760066032409668
v -4.667166709899902 3.2448017597198486 7.742685794830322
v -4.707550525665283 3.2896523475646973 7.718638896942139
v -4.745957851409912 3.332308053970337 7.688208103179932
v -4.781938552856445 3.3722686767578125 7.651749610900879
v -4.815070629119873 3.4090654850006104 7.609691143035889
v -4.844965934753418 3.442267417907715 7.562525272369385
v -4.871273517608643 3.471485137939453 7.510806083679199
v -4.893685340881348 3.496375799179077 7.455138683319092
v -4.911938190460205 3.5166478157043457 7.396176815032959
v -4.925818920135498 3.5320637226104736 7.334610939025879
v -4.935163974761963 3.5424423217773438 7.271162986755371
v -4.939863681793213 3.5476622581481934 7.206577301025391
v -4.939863681793213 3.5476622581481934 7.141610145568848
v -4.935163974761963 3.5424423217773438 7.077024459838867
v -4.925818920135498 3.5320637226104736 7.013576507568359
v -4.911938190460205 3.5166478157043457 6.952010631561279
v -4.893685340881348 3.496375799179077 6.8930487632751465
v -4.871273517608643 3.471485137939453 6.837381362915039
v -4.844965934753418 3.442267417907715 6.7856621742248535
v -4.815070629119873 3.4090654850006104 6.73849630355835
v -4.781938552856445 3.3722686767578125 6.696437835693359
v -4.745957851409912 3.332308053970337 6.659979343414307
v -4.707550525665283 3.2896523475646973 6.6295485496521
v -4.667166709899902 3.2448017597198486 6.605501651763916
v -4.625280380249023 3.19828200340271 6.58812141418457
v -4.582381725311279 3.1506383419036865 6.577610969543457
v -4.591456413269043 3.1405599117279053 7.770576477050781
v -4.643322944641113 3.1782431602478027 7.760066032409668
v -4.693966388702393 3.2150378227233887 7.742685794830322
v -4.74279260635376 3.25051212310791 7.718638896942139
v -4.789229393005371 3.284250259399414 7.688208103179932
v -4.832732200622559 3.31585693359375 7.651749610900879
v -4.872790813446045 3.344961166381836 7.609691143035889
v -4.908935546875 3.3712220191955566 7.562525272369385
v -4.9407429695129395 3.394331455230713 7.510806083679199
v -4.967840194702148 3.4140186309814453 7.455138683319092
v -4.9899091720581055 3.4300527572631836 7.396176815032959
v -5.0066914558410645 3.4422457218170166 7.334610939025879
v -5.0179901123046875 3.4504547119140625 7.271162986755371
v -5.023672580718994 3.4545834064483643 7.206577301025391
v -5.023672580718994 3.4545834064483643 7.141610145568848
v -5.0179901123046875 3.4504547119140625 7.077024459838867
v -5.0066914558410645 3.4422457218170166 7.013576507568359
v -4.9899091720581055 3.4300527572631836 6.952010631561279
v -4.967840194702148 3.4140186309814453 6.8930487632751465
v -4.9407429695129395 3.394331455230713 6.837381362915039
v -4.908935546875 3.3712220191955566 6.7856621742248535
v -4.872790813446045 3.344961166381836 6.73849630355835
v -4.832732200622559 3.31585693359375 6.696437835693359
v -4.789229393005371 3.284250259399414 6.659979343414307
v -4.74279260635376 3.25051212310791 6.6295485496521
v -4.693966388702393 3.2150378227233887 6.605501651763916
v -4.643322944641113 3.1782431602478027 6.58812141418457
v -4.591456413269043 3.1405599117279053 6.577610969543457
v -4.598237037658691 3.128814935684204 7.770576477050781
v -4.656805515289307 3.1548912525177 7.760066032409668
v -4.713992118835449 3.1803524494171143 7.742685794830322
v -4.769126892089844 3.204900026321411 7.718638896942139
v -4.821563243865967 3.2282462120056152 7.688208103179932
v -4.8706865310668945 3.250117301940918 7.651749610900879
v -4.915921211242676 3.270256996154785 7.609691143035889
v -4.956736087799072 3.288429021835327 7.562525272369385
v -4.9926533699035645 3.304420232772827 7.510806083679199
v -5.023251533508301 3.3180434703826904 7.455138683319092
v -5.0481719970703125 3.32913875579834 7.396176815032959
v -5.067122459411621 3.337576150894165 7.334610939025879
v -5.079880714416504 3.3432564735412598 7.271162986755371
v -5.086297512054443 3.346113443374634 7.206577301025391
v -5.086297512054443 3.346113443374634 7.141610145568848
v -5.079880714416504 3.3432564735412598 7.077024459838867
v -5.067122459411621 3.337576150894165 7.013576507568359
v -5.0481719970703125 3.32913875579834 6.952010631561279
v -5.023251533508301 3.3180434703826904 6.8930487632751465
v -4.9926533699035645 3.304420232772827 6.837381362915039
v -4.956736087799072 3.288429021835327 6.7856621742248535
v -4.915921211242676 3.270256996154785 6.73849630355835
v -4.8706865310668945 3.250117301940918 6.696437835693359
v -4.821563243865967 3.2282462120056152 6.659979343414307
v -4.769126892089844 3.204900026321411 6.6295485496521
v -4.713992118835449 3.1803524494171143 6.605501651763916
v -4.656805515289307 3.1548912525177 6.58812141418457
v -4.598237037658691 3.128814935684204 6.577610969543457
v -4.602427959442139 3.1159169673919678 7.770576477050781
v -4.665137767791748 3.129246234893799 7.760066032409668
v -4.7263689041137695 3.142261266708374 7.742685794830322
v -4.785402297973633 3.1548092365264893 7.718638896942139
v -4.841547012329102 3.166743278503418 7.688208103179932
v -4.894144058227539 3.1779229640960693 7.651749610900879
v -4.942577362060547 3.188217878341675 7.609691143035889
v -4.986278533935547 3.197506904602051 7.562525272369385
v -5.024735450744629 3.205681085586548 7.510806083679199
v -5.057497501373291 3.2126448154449463 7.455138683319092
v -5.084179878234863 3.2183165550231934 7.396176815032959
v -5.104470729827881 3.2226293087005615 7.334610939025879
v -5.118131637573242 3.2255330085754395 7.271162986755371
v -5.125001907348633 3.2269935607910156 7.206577301025391
v -5.125001907348633 3.2269935607910156 7.141610145568848
v -5.118131637573242 3.2255330085754395 7.077024459838867
v -5.104470729827881 3.2226293087005615 7.013576507568359
v -5.084179878234863 3.2183165550231934 6.952010631561279
v -5.057497501373291 3.2126448154449463 6.8930487632751465
v -5.024735450744629 3.205681085586548 6.837381362915039
v -4.986278533935547 3.197506904602051 6.7856621742248535
v -4.942577362060547 3.188217878341675 6.73849630355835
v -4.894144058227539 3.1779229640960693 6.696437835693359
v -4.841547012329102 3.166743278503418 6.659979343414307
v -4.785402297973633 3.1548092365264893 6.6295485496521
v -4.7263689041137695 3.142261266708374 6.605501651763916
v -4.665137767791748 3.129246234893799 6.58812141418457
v -4.602427959442139 3.1159169673919678 6.577610969543457
v -4.603845596313477 3.1024293899536133 7.770576477050781
v -4.667956352233887 3.1024293899536133 7.760066032409668
v -4.730555057525635 3.1024293899536133 7.742685794830322
v -4.790907859802246 3.1024293899536133 7.718638896942139
v -4.848306655883789 3.1024293899536133 7.688208103179932
v -4.902078628540039 3.1024293899536133 7.651749610900879
v -4.95159387588501 3.1024293899536133 7.609691143035889
v -4.99627161026001 3.1024293899536133 7.562525272369385
v -5.035587787628174 3.1024293899536133 7.510806083679199
v -5.0690813064575195 3.1024293899536133 7.455138683319092
v -5.096360206604004 3.1024293899536133 7.396176815032959
v -5.117104530334473 3.1024293899536133 7.334610939025879
v -5.131070137023926 3.1024293899536133 7.271162986755371
v -5.138094425201416 3.1024293899536133 7.206577301025391
v -5.138094425201416 3.1024293899536133 7.141610145568848
v -5.131070137023926 3.1024293899536133 7.077024459838867
v -5.117104530334473 3.1024293899536133 7.013576507568359
v -5.096360206604004 3.1024293899536133 6.952010631561279
v -5.0690813064575195 3.1024293899536133 6.8930487632751465
v -5.035587787628174 3.1024293899536133 6.837381362915039
v -4.99627161026001 3.1024293899536133 6.7856621742248535
v -4.95159387588501 3.1024293899536133 6.73849630355835
v -4.902078628540039 3.1024293899536133 6.696437835693359
v -4.848306655883789 3.1024293899536133 6.659979343414307
v -4.790907859802246 3.1024293899536133 6.6295485496521
v -4.730555057525635 3.1024293899536133 6.605501651763916
v -4.667956352233887 3.1024293899536133 6.58812141418457
v -4.603845596313477 3.1024293899536133 6.577610969543457
v -4.602427959442139 3.088941812515259 7.770576477050781
v -4.665137767791748 3.0756125450134277 7.760066032409668
v -4.7263689041137695 3.0625975131988525 7.742685794830322
v -4.785402297973633 3.0500495433807373 7.718638896942139
v -4.841547012329102 3.0381155014038086 7.688208103179932
v -4.894144058227539 3.0269358158111572 7.651749610900879
v -4.942577362060547 3.0166409015655518 7.609691143035889
v -4.986278533935547 3.007351875305176 7.562525272369385
v -5.024735450744629 2.9991776943206787 7.510806083679199
v -5.057497501373291 2.9922139644622803 7.455138683319092
v -5.084179878234863 2.986542224884033 7.396176815032959
v -5.104470729827881 2.982229471206665 7.334610939025879
v -5.118131637573242 2.979325771331787 7.271162986755371
v -5.125001907348633 2.977865219116211 7.206577301025391
v -5.125001907348633 2.977865219116211 7.141610145568848
v -5.118131637573242 2.979325771331787 7.077024459838867
v -5.104470729827881 2.982229471206665 7.013576507568359
v -5.084179878234863 2.986542224884033 6.952010631561279
v -5.057497501373291 2.9922139644622803 6.8930487632751465
v -5.024735450744629 2.9991776943206787 6.837381362915039
v -4.986278533935547 3.007351875305176 6.7856621742248535
v -4.942577362060547 3.0166409015655518 6.73849630355835
v -4.894144058227539 3.0269358158111572 6.696437835693359
v -4.841547012329102 3.0381155014038086 6.659979343414307
v -4.785402297973633 3.0500495433807373 6.6295485496521
v -4.7263689041137695 3.0625975131988525 6.605501651763916
v -4.665137767791748 3.0756125450134277 6.58812141418457
v -4.602427959442139 3.088941812515259 6.577610969543457
v -4.598237037658691 3.0760438442230225 7.770576477050781
v -4.656805515289307 3.0499675273895264 7.760066032409668
v -4.713992118835449 3.0245063304901123 7.742685794830322
v -4.769126892089844 2.9999587535858154 7.718638896942139
v -4.821563243865967 2.9766125679016113 7.688208103179932
v -4.8706865310668945 2.9547414779663086 7.651749610900879
v -4.915921211242676 2.9346017837524414 7.609691143035889
v -4.956736087799072 2.9164297580718994 7.562525272369385
v -4.9926533699035645 2.9004385471343994 7.510806083679199
v -5.023251533508301 2.886815309524536 7.455138683319092
v -5.0481719970703125 2.8757200241088867 7.396176815032959
v -5.067122459411621 2.8672826290130615 7.334610939025879
v -5.079880714416504 2.861602306365967 7.271162986755371
v -5.086297512054443 2.8587453365325928 7.206577301025391
v -5.086297512054443 2.8587453365325928 7.141610145568848
v -5.079880714416504 2.861602306365967 7.077024459838867
v -5.067122459411621 2.8672826290130615 7.013576507568359
v -5.0481719970703125 2.8757200241088867 6.952010631561279
v -5.023251533508301 2.886815309524536 6.8930487632751465
v -4.9926533699035645 2.9004385471343994 6.837381362915039
v -4.956736087799072 2.9164297580718994 6.7856621742248535
v -4.915921211242676 2.9346017837524414 6.73849630355835
v -4.8706865310668945 2.9547414779663086 6.696437835693359
v -4.821563243865967 2.9766125679016113 6.659979343414307
v -4.769126892089844 2.9999587535858154 6.6295485496521
v -4.713992118835449 3.0245063304901123 6.605501651763916
v -4.656805515289307 3.0499675273895264 6.58812141418457
v -4.598237037658691 3.0760438442230225 6.577610969543457
v -4.591456413269043 3.0642988681793213 7.770576477050781
v -4.643322944641113 3.026615619659424 7.760066032409668
v -4.693966388702393 2.989820957183838 7.742685794830322
v -4.74279260635376 2.9543466567993164 7.718638896942139
v -4.789229393005371 2.9206085205078125 7.688208103179932
v -4.832732200622559 2.8890018463134766 7.651749610900879
v -4.872790813446045 2.8598976135253906 7.609691143035889
v -4.908935546875 2.83363676071167 7.562525272369385
v -4.9407429695129395 2.8105273246765137 7.510806083679199
v -4.967840194702148 2.7908401489257812 7.455138683319092
v -4.9899091720581055 2.774806022644043 7.396176815032959
v -5.0066914558410645 2.76261305809021 7.334610939025879
v -5.0179901123046875 2.754404067993164 7.271162986755371
v -5.023672580718994 2.7502753734588623 7.206577301025391
v -5.023672580718994 2.7502753734588623 7.141610145568848
v -5.0179901123046875 2.754404067993164 7.077024459838867
v -5.0066914558410645 2.76261305809021 7.013576507568359
v -4.9899091720581055 2.774806022644043 6.952010631561279
v -4.967840194702148 2.7908401489257812 6.8930487632751465
v -4.9407429695129395 2.8105273246765137 6.837381362915039
v -4.908935546875 2.83363676071167 6.7856621742248535
v -4.872790813446045 2.8598976135253906 6.73849630355835
v -4.832732200622559 2.8890018463134766 6.696437835693359
v -4.789229393005371 2.9206085205078125 6.659979343414307
v -4.74279260635376 2.9543466567993164 6.6295485496521
v -4.693966388702393 2.989820957183838 6.605501651763916
v -4.643322944641113 3.026615619659424 6.58812141418457
v -4.591456413269043 3.0642988681793213 6.577610969543457
v -4.582381725311279 3.05422043800354 7.770576477050781
v -4.625280380249023 3.0065767765045166 7.760066032409668
v -4.667166709899902 2.960057020187378 7.742685794830322
v -4.707550525665283 2.9152064323425293 7.718638896942139
v -4.745957851409912 2.8725507259368896 7.688208103179932
v -4.781938552856445 2.832590103149414 7.651749610900879
v -4.815070629119873 2.795793294906616 7.609691143035889
v -4.844965934753418 2.7625913619995117 7.562525272369385
v -4.871273517608643 2.7333736419677734 7.510806083679199
v -4.893685340881348 2.7084829807281494 7.455138683319092
v -4.911938190460205 2.688210964202881 7.396176815032959
v -4.925818920135498 2.672795057296753 7.334610939025879
v -4.935163974761963 2.662416458129883 7.271162986755371
v -4.939863681793213 2.657196521759033 7.206577301025391
v -4.939863681793213 2.657196521759033 7.141610145568848
v -4.935163974761963 2.662416458129883 7.077024459838867
v -4.925818920135498 2.672795057296753 7.013576507568359
v -4.911938190460205 2.688210964202881 6.952010631561279
v -4.893685340881348 2.7084829807281494 6.8930487632751465
v -4.871273517608643 2.7333736419677734 6.837381362915039
v -4.844965934753418 2.7625913619995117 6.7856621742248535
v -4.815070629119873 2.795793294906616 6.73849630355835
v -4.781938552856445 2.832590103149414 6.696437835693359
v -4.745957851409912 2.8725507259368896 6.659979343414307
v -4.707550525665283 2.9152064323425293 6.6295485496521
v -4.667166709899902 2.960057020187378 6.605501651763916
v -4.625280380249023 3.0065767765045166 6.58812141418457
v -4.582381725311279 3.05422043800354 6.577610969543457
v -4.571410179138184 3.0462491512298584 7.770576477050781
v -4.603465557098389 2.990727424621582 7.760066032409668
v -4.634764671325684 2.9365153312683105 7.742685794830322
v -4.66494083404541 2.884248733520508 7.718638896942139
v -4.693640232086182 2.8345396518707275 7.688208103179932
v -4.720526695251465 2.7879717350006104 7.651749610900879
v -4.745284080505371 2.7450902462005615 7.609691143035889
v -4.767622947692871 2.7063984870910645 7.562525272369385
v -4.787281036376953 2.672349452972412 7.510806083679199
v -4.804028034210205 2.643342971801758 7.455138683319092
v -4.817667484283447 2.6197190284729004 7.396176815032959
v -4.828039169311523 2.6017541885375977 7.334610939025879
v -4.835022449493408 2.5896592140197754 7.271162986755371
v -4.838534355163574 2.583576202392578 7.206577301025391
v -4.838534355163574 2.583576202392578 7.141610145568848
v -4.835022449493408 2.5896592140197754 7.077024459838867
v -4.828039169311523 2.6017541885375977 7.013576507568359
v -4.817667484283447 2.6197190284729004 6.952010631561279
v -4.804028034210205 2.643342971801758 6.8930487632751465
v -4.787281036376953 2.672349452972412 6.837381362915039
v -4.767622947692871 2.7063984870910645 6.7856621742248535
v -4.745284080505371 2.7450902462005615 6.73849630355835
v -4.720526695251465 2.7879717350006104 6.696437835693359
v -4.693640232086182 2.8345396518707275 6.659979343414307
v -4.66494083404541 2.884248733520508 6.6295485496521
v -4.634764671325684 2.9365153312683105 6.605501651763916
v -4.603465557098389 2.990727424621582 6.58812141418457
v -4.571410179138184 3.0462491512298584 6.577610969543457
v -4.559020519256592 3.0407330989837646 7.770576477050781
v -4.578832149505615 2.979759931564331 7.760066032409668
v -4.598176002502441 2.920225143432617 7.742685794830322
v -4.616826057434082 2.862826347351074 7.718638896942139
v -4.634563446044922 2.808236837387085 7.688208103179932
v -4.651179790496826 2.757096529006958 7.651749610900879
v -4.666481018066406 2.7100048065185547 7.609691143035889
v -4.680286884307861 2.667513847351074 7.562525272369385
v -4.692436218261719 2.630121946334839 7.510806083679199
v -4.702786445617676 2.5982675552368164 7.455138683319092
v -4.711215972900391 2.572323799133301 7.396176815032959
v -4.717626094818115 2.5525951385498047 7.334610939025879
v -4.721941947937012 2.5393128395080566 7.271162986755371
v -4.724112510681152 2.532632350921631 7.206577301025391
v -4.724112510681152 2.532632350921631 7.141610145568848
v -4.721941947937012 2.5393128395080566 7.077024459838867
v -4.717626094818115 2.5525951385498047 7.013576507568359
v -4.711215972900391 2.572323799133301 6.952010631561279
v -4.702786445617676 2.5982675552368164 6.8930487632751465
v -4.692436218261719 2.630121946334839 6.837381362915039
v -4.680286884307861 2.667513847351074 6.7856621742248535
v -4.666481018066406 2.7100048065185547 6.73849630355835
v -4.651179790496826 2.757096529006958 6.696437835693359
v -4.634563446044922 2.808236837387085 6.659979343414307
v -4.616826057434082 2.862826347351074 6.6295485496521
v -4.598176002502441 2.920225143432617 6.605501651763916
v -4.578832149505615 2.979759931564331 6.58812141418457
v -4.559020519256592 3.0407330989837646 6.577610969543457
v -4.545755386352539 3.0379133224487305 7.770576477050781
v -4.552456378936768 2.974153757095337 7.760066032409668
v -4.559000015258789 2.911897897720337 7.742685794830322
v -4.565308570861816 2.8518760204315186 7.718638896942139
v -4.571308135986328 2.7947916984558105 7.688208103179932
v -4.576929092407227 2.741313934326172 7.651749610900879
v -4.582104682922363 2.6920700073242188 7.609691143035889
v -4.586774826049805 2.647637367248535 7.562525272369385
v -4.590884685516357 2.6085364818573 7.510806083679199
v -4.594385623931885 2.575226068496704 7.455138683319092
v -4.5972371101379395 2.5480966567993164 7.396176815032959
v -4.599405288696289 2.5274665355682373 7.334610939025879
v -4.600865364074707 2.5135769844055176 7.271162986755371
v -4.601599216461182 2.506591320037842 7.206577301025391
v -4.601599216461182 2.506591320037842 7.141610145568848
v -4.600865364074707 2.5135769844055176 7.077024459838867
v -4.599405288696289 2.5274665355682373 7.013576507568359
v -4.5972371101379395 2.5480966567993164 6.952010631561279
v -4.594385623931885 2.575226068496704 6.8930487632751465
v -4.590884685516357 2.6085364818573 6.837381362915039
v -4.586774826049805 2.647637367248535 6.7856621742248535
v -4.582104682922363 2.6920700073242188 6.73849630355835
v -4.576929092407227 2.741313934326172 6.696437835693359
v -4.571308135986328 2.7947916984558105 6.659979343414307
v -4.565308570861816 2.8518760204315186 6.6295485496521
v -4.559000015258789 2.911897897720337 6.605501651763916
v -4.552456378936768 2.974153757095337 6.58812141418457
v -4.545755386352539 3.0379133224487305 6.577610969543457
v -4.532193183898926 3.0379133224487305 7.770576477050781
v -4.525492191314697 2.974153757095337 7.760066032409668
v -4.518948554992676 2.911897897720337 7.742685794830322
v -4.512639999389648 2.8518760204315186 7.718638896942139
v -4.506640434265137 2.7947916984558105 7.688208103179932
v -4.501019477844238 2.741313934326172 7.651749610900879
v -4.495843887329102 2.6920700073242188 7.609691143035889
v -4.49117374420166 2.647637367248535 7.562525272369385
v -4.487063884735107 2.6085364818573 7.510806083679199
v -4.48356294631958 2.575226068496704 7.455138683319092
v -4.480711460113525 2.5480966567993164 7.396176815032959
v -4.478543281555176 2.5274665355682373 7.334610939025879
v -4.477083206176758 2.5135769844055176 7.271162986755371
v -4.476349353790283 2.506591320037842 7.206577301025391
v -4.476349353790283 2.506591320037842 7.141610145568848
v -4.477083206176758 2.5135769844055176 7.077024459838867
v -4.478543281555176 2.5274665355682373 7.013576507568359
v -4.480711460113525 2.5480966567993164 6.952010631561279
v -4.48356294631958 2.575226068496704 6.8930487632751465
v -4.487063884735107 2.6085364818573 6.837381362915039
v -4.49117374420166 2.647637367248535 6.7856621742248535
v -4.495843887329102 2.6920700073242188 6.73849630355835
v -4.501019477844238 2.741313934326172 6.696437835693359
v -4.506640434265137 2.7947916984558105 6.659979343414307
v -4.512639999389648 2.8518760204315186 6.6295485496521
v -4.518948554992676 2.911897897720337 6.605501651763916
v -4.525492191314697 2.974153757095337 6.58812141418457
v -4.532193183898926 3.0379133224487305 6.577610969543457
v -4.518928050994873 3.0407330989837646 7.770576477050781
v -4.49911642074585 2.979759931564331 7.760066032409668
v -4.479772567749023 2.920225143432617 7.742685794830322
v -4.461122512817383 2.862826347351074 7.718638896942139
v -4.443385124206543 2.808236837387085 7.688208103179932
v -4.426768779754639 2.757096529006958 7.651749610900879
v -4.411467552185059 2.7100048065185547 7.609691143035889
v -4.3976616859436035 2.667513847351074 7.562525272369385
v -4.385512351989746 2.630121946334839 7.510806083679199
v -4.375162124633789 2.5982675552368164 7.455138683319092
v -4.366732597351074 2.572323799133301 7.396176815032959
v -4.36032247543335 2.5525951385498047 7.334610939025879
v -4.356006622314453 2.5393128395080566 7.271162986755371
v -4.3538360595703125 2.532632350921631 7.206577301025391
v -4.3538360595703125 2.532632350921631 7.141610145568848
v -4.356006622314453 2.5393128395080566 7.077024459838867
v -4.36032247543335 2.5525951385498047 7.013576507568359
v -4.366732597351074 2.572323799133301 6.952010631561279
v -4.375162124633789 2.5982675552368164 6.8930487632751465
v -4.385512351989746 2.630121946334839 6.837381362915039
v -4.3976616859436035 2.667513847351074 6.7856621742248535
v -4.411467552185059 2.7100048065185547 6.73849630355835
v -4.426768779754639 2.757096529006958 6.696437835693359
v -4.443385124206543 2.808236837387085 6.659979343414307
v -4.461122512817383 2.862826347351074 6.6295485496521
v -4.479772567749023 2.920225143432617 6.605501651763916
v -4.49911642074585 2.979759931564331 6.58812141418457
v -4.518928050994873 3.0407330989837646 6.577610969543457
v -4.506538391113281 3.0462491512298584 7.770576477050781
v -4.474483013153076 2.990727424621582 7.760066032409668
v -4.443183898925781 2.9365153312683105 7.742685794830322
v -4.413007736206055 2.884248733520508 7.718638896942139
v -4.384308338165283 2.8345396518707275 7.688208103179932
v -4.357421875 2.7879717350006104 7.651749610900879
v -4.332664489746094 2.7450902462005615 7.609691143035889
v -4.310325622558594 2.7063984870910645 7.562525272369385
v -4.290667533874512 2.672349452972412 7.510806083679199
v -4.27392053604126 2.643342971801758 7.455138683319092
v -4.260281085968018 2.6197190284729004 7.396176815032959
v -4.249909400939941 2.6017541885375977 7.334610939025879
v -4.242926120758057 2.5896592140197754 7.271162986755371
v -4.239414215087891 2.583576202392578 7.206577301025391
v -4.239414215087891 2.583576202392578 7.141610145568848
v -4.242926120758057 2.5896592140197754 7.077024459838867
v -4.249909400939941 2.6017541885375977 7.013576507568359
v -4.260281085968018 2.6197190284729004 6.952010631561279
v -4.27392053604126 2.643342971801758 6.8930487632751465
v -4.290667533874512 2.672349452972412 6.837381362915039
v -4.310325622558594 2.7063984870910645 6.7856621742248535
v -4.332664489746094 2.7450902462005615 6.73849630355835
v -4.357421875 2.7879717350006104 6.696437835693359
v -4.384308338165283 2.8345396518707275 6.659979343414307
v -4.413007736206055 2.884248733520508 6.6295485496521
v -4.443183898925781 2.9365153312683105 6.605501651763916
v -4.474483013153076 2.990727424621582 6.58812141418457
v -4.506538391113281 3.0462491512298584 6.577610969543457
v -4.4955668449401855 3.05422043800354 7.770576477050781
v -4.452668190002441 3.0065767765045166 7.760066032409668
v -4.4107818603515625 2.960057020187378 7.742685794830322
v -4.370398044586182 2.9152064323425293 7.718638896942139
v -4.331990718841553 2.8725507259368896 7.688208103179932
v -4.2960100173950195 2.832590103149414 7.651749610900879
v -4.262877941131592 2.795793294906616 7.609691143035889
v -4.232982635498047 2.7625913619995117 7.562525272369385
v -4.206675052642822 2.7333736419677734 7.510806083679199
v -4.184263229370117 2.7084829807281494 7.455138683319092
v -4.16601037979126 2.688210964202881 7.396176815032959
v -4.152129650115967 2.672795057296753 7.334610939025879
v -4.142784595489502 2.662416458129883 7.271162986755371
v -4.138084888458252 2.657196521759033 7.206577301025391
v -4.138084888458252 2.657196521759033 7.141610145568848
v -4.142784595489502 2.662416458129883 7.077024459838867
v -4.152129650115967 2.672795057296753 7.013576507568359
v -4.16601037979126 2.688210964202881 6.952010631561279
v -4.184263229370117 2.7084829807281494 6.8930487632751465
v -4.206675052642822 2.7333736419677734 6.837381362915039
v -4.232982635498047 2.7625913619995117 6.7856621742248535
v -4.262877941131592 2.795793294906616 6.73849630355835
v -4.2960100173950195 2.832590103149414 6.696437835693359
v -4.331990718841553 2.8725507259368896 6.659979343414307
v -4.370398044586182 2.9152064323425293 6.6295485496521
v -4.4107818603515625 2.960057020187378 6.605501651763916
v -4.452668190002441 3.0065767765045166 6.58812141418457
v -4.4955668449401855 3.05422043800354 6.577610969543457
v -4.486492156982422 3.0642988681793213 7.770576477050781
v -4.434625625610352 3.026615619659424 7.760066032409668
v -4.383982181549072 2.989820957183838 7.742685794830322
v -4.335155963897705 2.9543466567993164 7.718638896942139
v -4.288719177246094 2.9206085205078125 7.688208103179932
v -4.245216369628906 2.8890018463134766 7.651749610900879
v -4.20515775680542 2.8598976135253906 7.609691143035889
v -4.169013023376465 2.83363676071167 7.562525272369385
v -4.137205600738525 2.8105273246765137 7.510806083679199
v -4.110108375549316 2.7908401489257812 7.455138683319092
v -4.088039398193359 2.774806022644043 7.396176815032959
v -4.0712571144104 2.76261305809021 7.334610939025879
v -4.059958457946777 2.754404067993164 7.271162986755371
v -4.054275989532471 2.7502753734588623 7.206577301025391
v -4.054275989532471 2.7502753734588623 7.141610145568848
v -4.059958457946777 2.754404067993164 7.077024459838867
v -4.0712571144104 2.76261305809021 7.013576507568359
v -4.088039398193359 2.774806022644043 6.952010631561279
v -4.110108375549316 2.7908401489257812 6.8930487632751465
v -4.137205600738525 2.8105273246765137 6.837381362915039
v -4.169013023376465 2.83363676071167 6.7856621742248535
v -4.20515775680542 2.8598976135253906 6.73849630355835
v -4.245216369628906 2.8890018463134766 6.696437835693359
v -4.288719177246094 2.9206085205078125 6.659979343414307
v -4.335155963897705 2.9543466567993164 6.6295485496521
v -4.383982181549072 2.989820957183838 6.605501651763916
v -4.434625625610352 3.026615619659424 6.58812141418457
v -4.486492156982422 3.0642988681793213 6.577610969543457
v -4.479711532592773 3.0760438442230225 7.770576477050781
v -4.421143054962158 3.0499675273895264 7.760066032409668
v -4.363956451416016 3.0245063304901123 7.742685794830322
v -4.308821678161621 2.9999587535858154 7.718638896942139
v -4.256385326385498 2.9766125679016113 7.688208103179932
v -4.20726203918457 2.9547414779663086 7.651749610900879
v -4.162027359008789 2.9346017837524414 7.609691143035889
v -4.121212482452393 2.9164297580718994 7.562525272369385
v -4.0852952003479 2.9004385471343994 7.510806083679199
v -4.054697036743164 2.886815309524536 7.455138683319092
v -4.029776573181152 2.8757200241088867 7.396176815032959
v -4.010826110839844 2.8672826290130615 7.334610939025879
v -3.998067855834961 2.861602306365967 7.271162986755371
v -3.9916508197784424 2.8587453365325928 7.206577301025391
v -3.9916508197784424 2.8587453365325928 7.141610145568848
v -3.998067855834961 2.861602306365967 7.077024459838867
v -4.010826110839844 2.8672826290130615 7.013576507568359
v -4.029776573181152 2.8757200241088867 6.952010631561279
v -4.054697036743164 2.886815309524536 6.8930487632751465
v -4.0852952003479 2.9004385471343994 6.837381362915039
v -4.121212482452393 2.9164297580718994 6.7856621742248535
v -4.162027359008789 2.9346017837524414 6.73849630355835
v -4.20726203918457 2.9547414779663086 6.696437835693359
v -4.256385326385498 2.9766125679016113 6.659979343414307
v -4.308821678161621 2.9999587535858154 6.6295485496521
v -4.363956451416016 3.0245063304901123 6.605501651763916
v -4.421143054962158 3.0499675273895264 6.58812141418457
v -4.479711532592773 3.0760438442230225 6.577610969543457
v -4.475520610809326 3.088941812515259 7.770576477050781
v -4.412810802459717 3.0756125450134277 7.760066032409668
v -4.351579666137695 3.0625975131988525 7.742685794830322
v -4.292546272277832 3.0500495433807373 7.718638896942139
v -4.236401557922363 3.0381155014038086 7.688208103179932
v -4.183804512023926 3.0269358158111572 7.651749610900879
v -4.135371208190918 3.0166409015655518 7.609691143035889
v -4.091670036315918 3.007351875305176 7.562525272369385
v -4.053213119506836 2.9991776943206787 7.510806083679199
v -4.020451068878174 2.9922139644622803 7.455138683319092
v -3.9937684535980225 2.986542224884033 7.396176815032959
v -3.973477840423584 2.982229471206665 7.334610939025879
v -3.9598171710968018 2.979325771331787 7.271162986755371
v -3.952946424484253 2.977865219116211 7.206577301025391
v -3.952946424484253 2.977865219116211 7.141610145568848
v -3.9598171710968018 2.979325771331787 7.077024459838867
v -3.973477840423584 2.982229471206665 7.013576507568359
v -3.9937684535980225 2.986542224884033 6.952010631561279
v -4.020451068878174 2.9922139644622803 6.8930487632751465
v -4.053213119506836 2.9991776943206787 6.837381362915039
v -4.091670036315918 3.007351875305176 6.7856621742248535
v -4.135371208190918 3.0166409015655518 6.73849630355835
v -4.183804512023926 3.0269358158111572 6.696437835693359
v -4.236401557922363 3.0381155014038086 6.659979343414307
v -4.292546272277832 3.0500495433807373 6.6295485496521
v -4.351579666137695 3.0625975131988525 6.605501651763916
v -4.412810802459717 3.0756125450134277 6.58812141418457
v -4.475520610809326 3.088941812515259 6.577610969543457
v -2.131993532180786 -1.388093113899231 -5.896544933319092
v -2.131993532180786 -1.388093113899231 -7.0965447425842285
v -2.067122220993042 -1.388093113899231 -5.900062084197998
v -2.0030112266540527 -1.388093113899231 -5.910572528839111
v -1.9404126405715942 -1.388093113899231 -5.927952766418457
v -1.880060076713562 -1.388093113899231 -5.951999664306641
v -1.8226611614227295 -1.388093113899231 -5.982430458068848
v -1.7688889503479004 -1.388093113899231 -6.0188889503479
v -1.7193738222122192 -1.388093113899231 -6.060947418212891
v -1.6746963262557983 -1.388093113899231 -6.1081132888793945
v -1.6353801488876343 -1.388093113899231 -6.15983247756958
v -1.60188627243042 -1.388093113899231 -6.2154998779296875
v -1.574607491493225 -1.388093113899231 -6.27446174621582
v -1.553863525390625 -1.388093113899231 -6.3360276222229
v -1.5398976802825928 -1.388093113899231 -6.399475574493408
v -1.532873511314392 -1.388093113899231 -6.464061260223389
v -1.532873511314392 -1.388093113899231 -6.529028415679932
v -1.5398976802825928 -1.388093113899231 -6.593614101409912
v -1.553863525390625 -1.388093113899231 -6.65706205368042
v -1.574607491493225 -1.388093113899231 -6.7186279296875
v -1.60188627243042 -1.388093113899231 -6.777589797973633
v -1.6353801488876343 -1.388093113899231 -6.83325719833374
v -1.6746963262557983 -1.388093113899231 -6.884976387023926
v -1.7193738222122192 -1.388093113899231 -6.93214225769043
v -1.7688889503479004 -1.388093113899231 -6.97420072555542
v -1.8226611614227295 -1.388093113899231 -7.010659217834473
v -1.880060076713562 -1.388093113899231 -7.04109001159668
v -1.9404126405715942 -1.388093113899231 -7.065136909484863
v -2.0030112266540527 -1.388093113899231 -7.082517147064209
v -2.067122220993042 -1.388093113899231 -7.093027591705322
v -2.068539619445801 -1.3746055364608765 -5.900062084197998
v -2.0058298110961914 -1.3612761497497559 -5.910572528839111
v -1.9445991516113281 -1.3482612371444702 -5.927952766418457
v -1.8855654001235962 -1.3357131481170654 -5.951999664306641
v -1.829420804977417 -1.3237793445587158 -5.982430458068848
v -1.7768237590789795 -1.3125994205474854 -6.0188889503479
v -1.7283905744552612 -1.3023046255111694 -6.060947418212891
v -1.6846892833709717 -1.293015718460083 -6.1081132888793945
v -1.6462323665618896 -1.2848414182662964 -6.15983247756958
v -1.613470435142517 -1.2778775691986084 -6.2154998779296875
v -1.5867877006530762 -1.2722060680389404 -6.27446174621582
v -1.5664970874786377 -1.2678930759429932 -6.3360276222229
v -1.5528364181518555 -1.2649894952774048 -6.399475574493408
v -1.5459656715393066 -1.2635290622711182 -6.464061260223389
v -1.5459656715393066 -1.2635290622711182 -6.529028415679932
v -1.5528364181518555 -1.2649894952774048 -6.593614101409912
v -1.5664970874786377 -1.2678930759429932 -6.65706205368042
v -1.5867877006530762 -1.2722060680389404 -6.7186279296875
v -1.613470435142517 -1.2778775691986084 -6.777589797973633
v -1.6462323665618896 -1.2848414182662964 -6.83325719833374
v -1.6846892833709717 -1.293015718460083 -6.884976387023926
v -1.7283905744552612 -1.3023046255111694 -6.93214225769043
v -1.7768237590789795 -1.3125994205474854 -6.97420072555542
v -1.829420804977417 -1.3237793445587158 -7.010659217834473
v -1.8855654001235962 -1.3357131481170654 -7.04109001159668
v -1.9445991516113281 -1.3482612371444702 -7.065136909484863
v -2.0058298110961914 -1.3612761497497559 -7.082517147064209
v -2.068539619445801 -1.3746055364608765 -7.093027591705322
v -2.072730541229248 -1.3617075681686401 -5.900062084197998
v -2.014162302017212 -1.335631251335144 -5.910572528839111
v -1.9569756984710693 -1.3101701736450195 -5.927952766418457
v -1.9018409252166748 -1.2856225967407227 -5.951999664306641
v -1.8494043350219727 -1.262276291847229 -5.982430458068848
v -1.800281047821045 -1.2404052019119263 -6.0188889503479
v -1.7550467252731323 -1.2202656269073486 -6.060947418212891
v -1.7142317295074463 -1.2020936012268066 -6.1081132888793945
v -1.6783146858215332 -1.186102271080017 -6.15983247756958
v -1.6477165222167969 -1.1724790334701538 -6.2154998779296875
v -1.6227960586547852 -1.1613837480545044 -6.27446174621582
v -1.603845477104187 -1.1529464721679688 -6.3360276222229
v -1.591086983680725 -1.1472660303115845 -6.399475574493408
v -1.584670066833496 -1.1444090604782104 -6.464061260223389
v -1.584670066833496 -1.1444090604782104 -6.529028415679932
v -1.591086983680725 -1.1472660303115845 -6.593614101409912
v -1.603845477104187 -1.1529464721679688 -6.65706205368042
v -1.6227960586547852 -1.1613837480545044 -6.7186279296875
v -1.6477165222167969 -1.1724790334701538 -6.777589797973633
v -1.6783146858215332 -1.186102271080017 -6.83325719833374
v -1.7142317295074463 -1.2020936012268066 -6.884976387023926
v -1.7550467252731323 -1.2202656269073486 -6.93214225769043
v -1.800281047821045 -1.2404052019119263 -6.97420072555542
v -1.8494043350219727 -1.262276291847229 -7.010659217834473
v -1.9018409252166748 -1.2856225967407227 -7.04109001159668
v -1.9569756984710693 -1.3101701736450195 -7.065136909484863
v -2.014162302017212 -1.335631251335144 -7.082517147064209
v -2.072730541229248 -1.3617075681686401 -7.093027591705322
v -2.0795114040374756 -1.3499627113342285 -5.900062084197998
v -2.027644634246826 -1.312279224395752 -5.910572528839111
v -1.9770013093948364 -1.2754846811294556 -5.927952766418457
v -1.9281750917434692 -1.240010380744934 -5.951999664306641
v -1.8817384243011475 -1.2062721252441406 -5.982430458068848
v -1.838235855102539 -1.1746656894683838 -6.0188889503479
v -1.7981772422790527 -1.1455613374710083 -6.060947418212891
v -1.7620322704315186 -1.1193006038665771 -6.1081132888793945
v -1.730224847793579 -1.0961910486221313 -6.15983247756958
v -1.7031277418136597 -1.076503872871399 -6.2154998779296875
v -1.6810587644577026 -1.0604698657989502 -6.27446174621582
v -1.6642765998840332 -1.0482769012451172 -6.3360276222229
v -1.6529779434204102 -1.0400679111480713 -6.399475574493408
v -1.6472952365875244 -1.0359392166137695 -6.464061260223389
v -1.6472952365875244 -1.0359392166137695 -6.529028415679932
v -1.6529779434204102 -1.0400679111480713 -6.593614101409912
v -1.6642765998840332 -1.0482769012451172 -6.65706205368042
v -1.6810587644577026 -1.0604698657989502 -6.7186279296875
v -1.7031277418136597 -1.076503872871399 -6.777589797973633
v -1.730224847793579 -1.0961910486221313 -6.83325719833374
v -1.7620322704315186 -1.1193006038665771 -6.884976387023926
v -1.7981772422790527 -1.1455613374710083 -6.93214225769043
v -1.838235855102539 -1.1746656894683838 -6.97420072555542
v -1.8817384243011475 -1.2062721252441406 -7.010659217834473
v -1.9281750917434692 -1.240010380744934 -7.04109001159668
v -1.9770013093948364 -1.2754846811294556 -7.065136909484863
v -2.027644634246826 -1.312279224395752 -7.082517147064209
v -2.0795114040374756 -1.3499627113342285 -7.093027591705322
v -2.0885860919952393 -1.3398842811584473 -5.900062084197998
v -2.045687437057495 -1.2922406196594238 -5.910572528839111
v -2.003800868988037 -1.2457207441329956 -5.927952766418457
v -1.9634171724319458 -1.2008700370788574 -5.951999664306641
v -1.925009846687317 -1.1582144498825073 -5.982430458068848
v -1.8890291452407837 -1.1182538270950317 -6.0188889503479
v -1.855897068977356 -1.0814568996429443 -6.060947418212891
v -1.8260020017623901 -1.0482550859451294 -6.1081132888793945
v -1.799694299697876 -1.0190374851226807 -6.15983247756958
v -1.7772825956344604 -0.9941467046737671 -6.2154998779296875
v -1.759029507637024 -0.973874568939209 -6.27446174621582
v -1.74514901638031 -0.9584587812423706 -6.3360276222229
v -1.7358040809631348 -0.9480800628662109 -6.399475574493408
v -1.7311038970947266 -0.9428601264953613 -6.464061260223389
v -1.7311038970947266 -0.9428601264953613 -6.529028415679932
v -1.7358040809631348 -0.9480800628662109 -6.593614101409912
v -1.74514901638031 -0.9584587812423706 -6.65706205368042
v -1.759029507637024 -0.973874568939209 -6.7186279296875
v -1.7772825956344604 -0.9941467046737671 -6.777589797973633
v -1.799694299697876 -1.0190374851226807 -6.83325719833374
v -1.8260020017623901 -1.0482550859451294 -6.884976387023926
v -1.855897068977356 -1.0814568996429443 -6.93214225769043
v -1.8890291452407837 -1.1182538270950317 -6.97420072555542
v -1.925009846687317 -1.1582144498825073 -7.010659217834473
v -1.9634171724319458 -1.2008700370788574 -7.04109001159668
v -2.003800868988037 -1.2457207441329956 -7.065136909484863
v -2.045687437057495 -1.2922406196594238 -7.082517147064209
v -2.0885860919952393 -1.3398842811584473 -7.093027591705322
v -2.099557876586914 -1.331912875175476 -5.900062084197998
v -2.067502498626709 -1.2763911485671997 -5.910572528839111
v -2.036203145980835 -1.2221791744232178 -5.927952766418457
v -2.0060267448425293 -1.169912338256836 -5.951999664306641
v -1.9773273468017578 -1.1202034950256348 -5.982430458068848
v -1.9504412412643433 -1.0736353397369385 -6.0188889503479
v -1.9256837368011475 -1.0307539701461792 -6.060947418212891
v -1.9033448696136475 -0.9920620918273926 -6.1081132888793945
v -1.8836867809295654 -0.9580132961273193 -6.15983247756958
v -1.866939902305603 -0.929006814956665 -6.2154998779296875
v -1.8533005714416504 -0.9053826332092285 -6.27446174621582
v -1.8429285287857056 -0.8874178528785706 -6.3360276222229
v -1.8359456062316895 -0.8753229975700378 -6.399475574493408
v -1.8324334621429443 -0.8692399263381958 -6.464061260223389
v -1.8324334621429443 -0.8692399263381958 -6.529028415679932
v -1.8359456062316895 -0.8753229975700378 -6.593614101409912
v -1.8429285287857056 -0.8874178528785706 -6.65706205368042
v -1.8533005714416504 -0.9053826332092285 -6.7186279296875
v -1.866939902305603 -0.929006814956665 -6.777589797973633
v -1.8836867809295654 -0.9580132961273193 -6.83325719833374
v -1.9033448696136475 -0.9920620918273926 -6.884976387023926
v -1.9256837368011475 -1.0307539701461792 -6.93214225769043
v -1.9504412412643433 -1.0736353397369385 -6.97420072555542
v -1.9773273468017578 -1.1202034950256348 -7.010659217834473
v -2.0060267448425293 -1.169912338256836 -7.04109001159668
v -2.036203145980835 -1.2221791744232178 -7.065136909484863
v -2.067502498626709 -1.2763911485671997 -7.082517147064209
v -2.099557876586914 -1.331912875175476 -7.093027591705322
v -2.1119470596313477 -1.3263967037200928 -5.900062084197998
v -2.0921359062194824 -1.2654236555099487 -5.910572528839111
v -2.072791814804077 -1.2058888673782349 -5.927952766418457
v -2.0541417598724365 -1.1484901905059814 -5.951999664306641
v -2.036404609680176 -1.0939005613327026 -5.982430458068848
v -2.0197880268096924 -1.0427601337432861 -6.0188889503479
v -2.0044870376586914 -0.9956684708595276 -6.060947418212891
v -1.9906809329986572 -0.9531775712966919 -6.1081132888793945
v -1.9785315990447998 -0.9157856702804565 -6.15983247756958
v -1.9681813716888428 -0.8839311599731445 -6.2154998779296875
v -1.9597517251968384 -0.8579875230789185 -6.27446174621582
v -1.9533414840698242 -0.8382588028907776 -6.3360276222229
v -1.9490258693695068 -0.8249764442443848 -6.399475574493408
v -1.9468553066253662 -0.8182960748672485 -6.464061260223389
v -1.9468553066253662 -0.8182960748672485 -6.529028415679932
v -1.9490258693695068 -0.8249764442443848 -6.593614101409912
v -1.9533414840698242 -0.8382588028907776 -6.65706205368042
v -1.9597517251968384 -0.8579875230789185 -6.7186279296875
v -1.9681813716888428 -0.8839311599731445 -6.777589797973633
v -1.9785315990447998 -0.9157856702804565 -6.83325719833374
v -1.9906809329986572 -0.9531775712966919 -6.884976387023926
v -2.0044870376586914 -0.9956684708595276 -6.93214225769043
v -2.0197880268096924 -1.0427601337432861 -6.97420072555542
v -2.036404609680176 -1.0939005613327026 -7.010659217834473
v -2.0541417598724365 -1.1484901905059814 -7.04109001159668
v -2.072791814804077 -1.2058888673782349 -7.065136909484863
v -2.0921359062194824 -1.2654236555099487 -7.082517147064209
v -2.1119470596313477 -1.3263967037200928 -7.093027591705322
v -2.1252126693725586 -1.3235770463943481 -5.900062084197998
v -2.118511199951172 -1.259817361831665 -5.910572528839111
v -2.1119678020477295 -1.1975617408752441 -5.927952766418457
v -2.105659246444702 -1.1375397443771362 -5.951999664306641
v -2.0996594429016113 -1.0804553031921387 -5.982430458068848
v -2.094038724899292 -1.026977777481079 -6.0188889503479
v -2.0888631343841553 -0.977733850479126 -6.060947418212891
v -2.084192991256714 -0.9333009719848633 -6.1081132888793945
v -2.0800833702087402 -0.8942002058029175 -6.15983247756958
v -2.076582193374634 -0.8608898520469666 -6.2154998779296875
v -2.073730945587158 -0.8337604999542236 -6.27446174621582
v -2.0715625286102295 -0.8131301999092102 -6.3360276222229
v -2.0701026916503906 -0.79924076795578 -6.399475574493408
v -2.069368362426758 -0.7922551035881042 -6.464061260223389
v -2.069368362426758 -0.7922551035881042 -6.529028415679932
v -2.0701026916503906 -0.79924076795578 -6.593614101409912
v -2.0715625286102295 -0.8131301999092102 -6.65706205368042
v -2.073730945587158 -0.8337604999542236 -6.7186279296875
v -2.076582193374634 -0.8608898520469666 -6.777589797973633
v -2.0800833702087402 -0.8942002058029175 -6.83325719833374
v -2.084192991256714 -0.9333009719848633 -6.884976387023926
v -2.0888631343841553 -0.977733850479126 -6.93214225769043
v -2.094038724899292 -1.026977777481079 -6.97420072555542
v -2.0996594429016113 -1.0804553031921387 -7.010659217834473
v -2.105659246444702 -1.1375397443771362 -7.04109001159668
v -2.1119678020477295 -1.1975617408752441 -7.065136909484863
v -2.118511199951172 -1.259817361831665 -7.082517147064209
v -2.1252126693725586 -1.3235770463943481 -7.093027591705322
v -2.1387743949890137 -1.3235770463943481 -5.900062084197998
v -2.1454758644104004 -1.259817361831665 -5.910572528839111
v -2.1520192623138428 -1.1975617408752441 -5.927952766418457
v -2.15832781791687 -1.1375397443771362 -5.951999664306641
v -2.164327621459961 -1.0804553031921387 -5.982430458068848
v -2.1699483394622803 -1.026977777481079 -6.0188889503479
v -2.175123929977417 -0.977733850479126 -6.060947418212891
v -2.1797940731048584 -0.9333009719848633 -6.1081132888793945
v -2.183903694152832 -0.8942002058029175 -6.15983247756958
v -2.1874048709869385 -0.8608898520469666 -6.2154998779296875
v -2.190256118774414 -0.8337604999542236 -6.27446174621582
v -2.1924245357513428 -0.8131301999092102 -6.3360276222229
v -2.1938843727111816 -0.79924076795578 -6.399475574493408
v -2.1946187019348145 -0.7922551035881042 -6.464061260223389
v -2.1946187019348145 -0.7922551035881042 -6.529028415679932
v -2.1938843727111816 -0.79924076795578 -6.593614101409912
v -2.1924245357513428 -0.8131301999092102 -6.65706205368042
v -2.190256118774414 -0.8337604999542236 -6.7186279296875
v -2.1874048709869385 -0.8608898520469666 -6.777589797973633
v -2.183903694152832 -0.8942002058029175 -6.83325719833374
v -2.1797940731048584 -0.9333009719848633 -6.884976387023926
v -2.175123929977417 -0.977733850479126 -6.93214225769043
v -2.1699483394622803 -1.026977777481079 -6.97420072555542
v -2.164327621459961 -1.0804553031921387 -7.010659217834473
v -2.15832781791687 -1.1375397443771362 -7.04109001159668
v -2.1520192623138428 -1.1975617408752441 -7.065136909484863
v -2.1454758644104004 -1.259817361831665 -7.082517147064209
v -2.1387743949890137 -1.3235770463943481 -7.093027591705322
v -2.1520400047302246 -1.3263967037200928 -5.900062084197998
v -2.17185115814209 -1.2654236555099487 -5.910572528839111
v -2.191195249557495 -1.2058888673782349 -5.927952766418457
v -2.2098453044891357 -1.1484901905059814 -5.951999664306641
v -2.2275824546813965 -1.0939005613327026 -5.982430458068848
v -2.24419903755188 -1.0427601337432861 -6.0188889503479
v -2.259500026702881 -0.9956684708595276 -6.060947418212891
v -2.273306131362915 -0.9531775712966919 -6.1081132888793945
v -2.2854554653167725 -0.9157856702804565 -6.15983247756958
v -2.2958056926727295 -0.8839311599731445 -6.2154998779296875
v -2.3042352199554443 -0.8579875230789185 -6.27446174621582
v -2.310645580291748 -0.8382588028907776 -6.3360276222229
v -2.3149611949920654 -0.8249764442443848 -6.399475574493408
v -2.317131757736206 -0.8182960748672485 -6.464061260223389
v -2.317131757736206 -0.8182960748672485 -6.529028415679932
v -2.3149611949920654 -0.8249764442443848 -6.593614101409912
v -2.310645580291748 -0.8382588028907776 -6.65706205368042
v -2.3042352199554443 -0.8579875230789185 -6.7186279296875
v -2.2958056926727295 -0.8839311599731445 -6.777589797973633
v -2.2854554653167725 -0.9157856702804565 -6.83325719833374
v -2.273306131362915 -0.9531775712966919 -6.884976387023926
v -2.259500026702881 -0.9956684708595276 -6.93214225769043
v -2.24419903755188 -1.0427601337432861 -6.97420072555542
v -2.2275824546813965 -1.0939005613327026 -7.010659217834473
v -2.2098453044891357 -1.1484901905059814 -7.04109001159668
v -2.191195249557495 -1.2058888673782349 -7.065136909484863
v -2.17185115814209 -1.2654236555099487 -7.082517147064209
v -2.1520400047302246 -1.3263967037200928 -7.093027591705322
v -2.164429187774658 -1.331912875175476 -5.900062084197998
v -2.1964845657348633 -1.2763911485671997 -5.910572528839111
v -2.2277839183807373 -1.2221791744232178 -5.927952766418457
v -2.257960319519043 -1.169912338256836 -5.951999664306641
v -2.2866597175598145 -1.1202034950256348 -5.982430458068848
v -2.3135457038879395 -1.0736353397369385 -6.0188889503479
v -2.338303327560425 -1.0307539701461792 -6.060947418212891
v -2.360642194747925 -0.9920620918273926 -6.1081132888793945
v -2.380300283432007 -0.9580132961273193 -6.15983247756958
v -2.3970470428466797 -0.929006814956665 -6.2154998779296875
v -2.410686492919922 -0.9053826332092285 -6.27446174621582
v -2.4210586547851562 -0.8874178528785706 -6.3360276222229
v -2.428041458129883 -0.8753229975700378 -6.399475574493408
v -2.431553602218628 -0.8692399263381958 -6.464061260223389
v -2.431553602218628 -0.8692399263381958 -6.529028415679932
v -2.428041458129883 -0.8753229975700378 -6.593614101409912
v -2.4210586547851562 -0.8874178528785706 -6.65706205368042
v -2.410686492919922 -0.9053826332092285 -6.7186279296875
v -2.3970470428466797 -0.929006814956665 -6.777589797973633
v -2.380300283432007 -0.9580132961273193 -6.83325719833374
v -2.360642194747925 -0.9920620918273926 -6.884976387023926
v -2.338303327560425 -1.0307539701461792 -6.93214225769043
v -2.3135457038879395 -1.0736353397369385 -6.97420072555542
v -2.2866597175598145 -1.1202034950256348 -7.010659217834473
v -2.257960319519043 -1.169912338256836 -7.04109001159668
v -2.2277839183807373 -1.2221791744232178 -7.065136909484863
v -2.1964845657348633 -1.2763911485671997 -7.082517147064209
v -2.164429187774658 -1.331912875175476 -7.093027591705322
v -2.175400972366333 -1.3398842811584473 -5.900062084197998
v -2.218299627304077 -1.2922406196594238 -5.910572528839111
v -2.260186195373535 -1.2457207441329956 -5.927952766418457
v -2.300570011138916 -1.2008700370788574 -5.951999664306641
v -2.338977336883545 -1.1582144498825073 -5.982430458068848
v -2.374957799911499 -1.1182538270950317 -6.0188889503479
v -2.408090114593506 -1.0814568996429443 -6.060947418212891
v -2.4379851818084717 -1.0482550859451294 -6.1081132888793945
v -2.4642927646636963 -1.0190374851226807 -6.15983247756958
v -2.4867045879364014 -0.9941467046737671 -6.2154998779296875
v -2.504957675933838 -0.973874568939209 -6.27446174621582
v -2.5188379287719727 -0.9584587812423706 -6.3360276222229
v -2.5281829833984375 -0.9480800628662109 -6.399475574493408
v -2.5328831672668457 -0.9428601264953613 -6.464061260223389
v -2.5328831672668457 -0.9428601264953613 -6.529028415679932
v -2.5281829833984375 -0.9480800628662109 -6.593614101409912
v -2.5188379287719727 -0.9584587812423706 -6.65706205368042
v -2.504957675933838 -0.973874568939209 -6.7186279296875
v -2.4867045879364014 -0.9941467046737671 -6.777589797973633
v -2.4642927646636963 -1.0190374851226807 -6.83325719833374
v -2.4379851818084717 -1.0482550859451294 -6.884976387023926
v -2.408090114593506 -1.0814568996429443 -6.93214225769043
v -2.374957799911499 -1.1182538270950317 -6.97420072555542
v -2.338977336883545 -1.1582144498825073 -7.010659217834473
v -2.300570011138916 -1.2008700370788574 -7.04109001159668
v -2.260186195373535 -1.2457207441329956 -7.065136909484863
v -2.218299627304077 -1.2922406196594238 -7.082517147064209
v -2.175400972366333 -1.3398842811584473 -7.093027591705322
v -2.1844756603240967 -1.3499627113342285 -5.900062084197998
v -2.236342430114746 -1.312279224395752 -5.910572528839111
v -2.2869858741760254 -1.2754846811294556 -5.927952766418457
v -2.3358120918273926 -1.240010380744934 -5.951999664306641
v -2.382248640060425 -1.2062721252441406 -5.982430458068848
v -2.425751209259033 -1.1746656894683838 -6.0188889503479
v -2.4658098220825195 -1.1455613374710083 -6.060947418212891
v -2.5019547939300537 -1.1193006038665771 -6.1081132888793945
v -2.533762216567993 -1.0961910486221313 -6.15983247756958
v -2.560859203338623 -1.076503872871399 -6.2154998779296875
v -2.58292818069458 -1.0604698657989502 -6.27446174621582
v -2.599710464477539 -1.0482769012451172 -6.3360276222229
v -2.611009120941162 -1.0400679111480713 -6.399475574493408
v -2.616691827774048 -1.0359392166137695 -6.464061260223389
v -2.616691827774048 -1.0359392166137695 -6.529028415679932
v -2.611009120941162 -1.0400679111480713 -6.593614101409912
v -2.599710464477539 -1.0482769012451172 -6.65706205368042
v -2.58292818069458 -1.0604698657989502 -6.7186279296875
v -2.560859203338623 -1.076503872871399 -6.777589797973633
v -2.533762216567993 -1.0961910486221313 -6.83325719833374
v -2.5019547939300537 -1.1193006038665771 -6.884976387023926
v -2.4658098220825195 -1.1455613374710083 -6.93214225769043
v -2.425751209259033 -1.1746656894683838 -6.97420072555542
v -2.382248640060425 -1.2062721252441406 -7.010659217834473
v -2.3358120918273926 -1.240010380744934 -7.04109001159668
v -2.2869858741760254 -1.2754846811294556 -7.065136909484863
v -2.236342430114746 -1.312279224395752 -7.082517147064209
v -2.1844756603240967 -1.3499627113342285 -7.093027591705322
v -2.191256523132324 -1.3617075681686401 -5.900062084197998
v -2.2498247623443604 -1.335631251335144 -5.910572528839111
v -2.307011365890503 -1.3101701736450195 -5.927952766418457
v -2.3621461391448975 -1.2856225967407227 -5.951999664306641
v -2.4145827293395996 -1.262276291847229 -5.982430458068848
v -2.4637060165405273 -1.2404052019119263 -6.0188889503479
v -2.5089404582977295 -1.2202656269073486 -6.060947418212891
v -2.549755334854126 -1.2020936012268066 -6.1081132888793945
v -2.585672378540039 -1.186102271080017 -6.15983247756958
v -2.6162705421447754 -1.1724790334701538 -6.2154998779296875
v -2.641191005706787 -1.1613837480545044 -6.27446174621582
v -2.6601414680480957 -1.1529464721679688 -6.3360276222229
v -2.6729001998901367 -1.1472660303115845 -6.399475574493408
v -2.679316997528076 -1.1444090604782104 -6.464061260223389
v -2.679316997528076 -1.1444090604782104 -6.529028415679932
v -2.6729001998901367 -1.1472660303115845 -6.593614101409912
v -2.6601414680480957 -1.1529464721679688 -6.65706205368042
v -2.641191005706787 -1.1613837480545044 -6.7186279296875
v -2.6162705421447754 -1.1724790334701538 -6.777589797973633
v -2.585672378540039 -1.186102271080017 -6.83325719833374
v -2.549755334854126 -1.2020936012268066 -6.884976387023926
v -2.5089404582977295 -1.2202656269073486 -6.93214225769043
v -2.4637060165405273 -1.2404052019119263 -6.97420072555542
v -2.4145827293395996 -1.262276291847229 -7.010659217834473
v -2.3621461391448975 -1.2856225967407227 -7.04109001159668
v -2.307011365890503 -1.3101701736450195 -7.065136909484863
v -2.2498247623443604 -1.335631251335144 -7.082517147064209
v -2.191256523132324 -1.3617075681686401 -7.093027591705322
v -2.1954474449157715 -1.3746055364608765 -5.900062084197998
v -2.258157253265381 -1.3612761497497559 -5.910572528839111
v -2.319387912750244 -1.3482612371444702 -5.927952766418457
v -2.3784215450286865 -1.3357131481170654 -5.951999664306641
v -2.4345662593841553 -1.3237793445587158 -5.982430458068848
v -2.4871633052825928 -1.3125994205474854 -6.0188889503479
v -2.5355963706970215 -1.3023046255111694 -6.060947418212891
v -2.5792977809906006 -1.293015718460083 -6.1081132888793945
v -2.6177546977996826 -1.2848414182662964 -6.15983247756958
v -2.6505165100097656 -1.2778775691986084 -6.2154998779296875
v -2.677199363708496 -1.2722060680389404 -6.27446174621582
v -2.6974899768829346 -1.2678930759429932 -6.3360276222229
v -2.711150646209717 -1.2649894952774048 -6.399475574493408
v -2.7180213928222656 -1.2635290622711182 -6.464061260223389
v -2.7180213928222656 -1.2635290622711182 -6.529028415679932
v -2.711150646209717 -1.2649894952774048 -6.593614101409912
v -2.6974899768829346 -1.2678930759429932 -6.65706205368042
v -2.677199363708496 -1.2722060680389404 -6.7186279296875
v -2.6505165100097656 -1.2778775691986084 -6.777589797973633
v -2.6177546977996826 -1.2848414182662964 -6.83325719833374
v -2.5792977809906006 -1.293015718460083 -6.884976387023926
v -2.5355963706970215 -1.3023046255111694 -6.93214225769043
v -2.4871633052825928 -1.3125994205474854 -6.97420072555542
v -2.4345662593841553 -1.3237793445587158 -7.010659217834473
v -2.3784215450286865 -1.3357131481170654 -7.04109001159668
v -2.319387912750244 -1.3482612371444702 -7.065136909484863
v -2.258157253265381 -1.3612761497497559 -7.082517147064209
v -2.1954474449157715 -1.3746055364608765 -7.093027591705322
v -2.1968648433685303 -1.388093113899231 -5.900062084197998
v -2.2609758377075195 -1.388093113899231 -5.910572528839111
v -2.3235745429992676 -1.388093113899231 -5.927952766418457
v -2.3839268684387207 -1.388093113899231 -5.951999664306641
v -2.4413259029388428 -1.388093113899231 -5.982430458068848
v -2.495098114013672 -1.388093113899231 -6.0188889503479
v -2.5446131229400635 -1.388093113899231 -6.060947418212891
v -2.5892908573150635 -1.388093113899231 -6.1081132888793945
v -2.6286070346832275 -1.388093113899231 -6.15983247756958
v -2.6621007919311523 -1.388093113899231 -6.2154998779296875
v -2.6893796920776367 -1.388093113899231 -6.27446174621582
v -2.7101235389709473 -1.388093113899231 -6.3360276222229
v -2.7240893840789795 -1.388093113899231 -6.399475574493408
v -2.7311134338378906 -1.388093113899231 -6.464061260223389
v -2.7311134338378906 -1.388093113899231 -6.529028415679932
v -2.7240893840789795 -1.388093113899231 -6.593614101409912
v -2.7101235389709473 -1.388093113899231 -6.65706205368042
v -2.6893796920776367 -1.388093113899231 -6.7186279296875
v -2.6621007919311523 -1.388093113899231 -6.777589797973633
v -2.6286070346832275 -1.388093113899231 -6.83325719833374
v -2.5892908573150635 -1.388093113899231 -6.884976387023926
v -2.5446131229400635 -1.388093113899231 -6.93214225769043
v -2.495098114013672 -1.388093113899231 -6.97420072555542
v -2.4413259029388428 -1.388093113899231 -7.010659217834473
v -2.3839268684387207 -1.388093113899231 -7.04109001159668
v -2.3235745429992676 -1.388093113899231 -7.065136909484863
v -2.2609758377075195 -1.388093113899231 -7.082517147064209
v -2.1968648433685303 -1.388093113899231 -7.093027591705322
v -2.1954474449157715 -1.4015806913375854 -5.900062084197998
v -2.258157253265381 -1.414910078048706 -5.910572528839111
v -2.319387912750244 -1.4279249906539917 -5.927952766418457
v -2.3784215450286865 -1.4404730796813965 -5.951999664306641
v -2.4345662593841553 -1.452406883239746 -5.982430458068848
v -2.4871633052825928 -1.4635868072509766 -6.0188889503479
v -2.5355963706970215 -1.4738816022872925 -6.060947418212891
v -2.5792977809906006 -1.483170509338379 -6.1081132888793945
v -2.6177546977996826 -1.4913448095321655 -6.15983247756958
v -2.6505165100097656 -1.4983086585998535 -6.2154998779296875
v -2.677199363708496 -1.5039801597595215 -6.27446174621582
v -2.6974899768829346 -1.5082931518554688 -6.3360276222229
v -2.711150646209717 -1.5111967325210571 -6.399475574493408
v -2.7180213928222656 -1.5126571655273438 -6.464061260223389
v -2.7180213928222656 -1.5126571655273438 -6.529028415679932
v -2.711150646209717 -1.5111967325210571 -6.593614101409912
v -2.6974899768829346 -1.5082931518554688 -6.65706205368042
v -2.677199363708496 -1.5039801597595215 -6.7186279296875
v -2.6505165100097656 -1.4983086585998535 -6.777589797973633
v -2.6177546977996826 -1.4913448095321655 -6.83325719833374
v -2.5792977809906006 -1.483170509338379 -6.884976387023926
v -2.5355963706970215 -1.4738816022872925 -6.93214225769043
v -2.4871633052825928 -1.4635868072509766 -6.97420072555542
v -2.4345662593841553 -1.452406883239746 -7.010659217834473
v -2.3784215450286865 -1.4404730796813965 -7.04109001159668
v -2.319387912750244 -1.4279249906539917 -7.065136909484863
v -2.258157253265381 -1.414910078048706 -7.082517147064209
v -2.1954474449157715 -1.4015806913375854 -7.093027591705322
v -2.191256523132324 -1.4144786596298218 -5.900062084197998
v -2.2498247623443604 -1.4405549764633179 -5.910572528839111
v -2.307011365890503 -1.4660160541534424 -5.927952766418457
v -2.3621461391448975 -1.4905636310577393 -5.951999664306641
v -2.4145827293395996 -1.513909935951233 -5.982430458068848
v -2.4637060165405273 -1.5357810258865356 -6.0188889503479
v -2.5089404582977295 -1.5559206008911133 -6.060947418212891
v -2.549755334854126 -1.5740926265716553 -6.1081132888793945
v -2.585672378540039 -1.5900839567184448 -6.15983247756958
v -2.6162705421447754 -1.603707194328308 -6.2154998779296875
v -2.641191005706787 -1.6148024797439575 -6.27446174621582
v -2.6601414680480957 -1.6232397556304932 -6.3360276222229
v -2.6729001998901367 -1.6289201974868774 -6.399475574493408
v -2.679316997528076 -1.6317771673202515 -6.464061260223389
v -2.679316997528076 -1.6317771673202515 -6.529028415679932
v -2.6729001998901367 -1.6289201974868774 -6.593614101409912
v -2.6601414680480957 -1.6232397556304932 -6.65706205368042
v -2.641191005706787 -1.6148024797439575 -6.7186279296875
v -2.6162705421447754 -1.603707194328308 -6.777589797973633
v -2.585672378540039 -1.5900839567184448 -6.83325719833374
v -2.549755334854126 -1.5740926265716553 -6.884976387023926
v -2.5089404582977295 -1.5559206008911133 -6.93214225769043
v -2.4637060165405273 -1.5357810258865356 -6.97420072555542
v -2.4145827293395996 -1.513909935951233 -7.010659217834473
v -2.3621461391448975 -1.4905636310577393 -7.04109001159668
v -2.307011365890503 -1.4660160541534424 -7.065136909484863
v -2.2498247623443604 -1.4405549764633179 -7.082517147064209
v -2.191256523132324 -1.4144786596298218 -7.093027591705322
v -2.1844756603240967 -1.4262235164642334 -5.900062084197998
v -2.236342430114746 -1.46390700340271 -5.910572528839111
v -2.2869858741760254 -1.5007015466690063 -5.927952766418457
v -2.3358120918273926 -1.5361758470535278 -5.951999664306641
v -2.382248640060425 -1.5699141025543213 -5.982430458068848
v -2.425751209259033 -1.6015205383300781 -6.0188889503479
v -2.4658098220825195 -1.6306248903274536 -6.060947418212891
v -2.5019547939300537 -1.6568856239318848 -6.1081132888793945
v -2.533762216567993 -1.6799951791763306 -6.15983247756958
v -2.560859203338623 -1.699682354927063 -6.2154998779296875
v -2.58292818069458 -1.7157163619995117 -6.27446174621582
v -2.599710464477539 -1.7279093265533447 -6.3360276222229
v -2.611009120941162 -1.7361183166503906 -6.399475574493408
v -2.616691827774048 -1.7402470111846924 -6.464061260223389
v -2.616691827774048 -1.7402470111846924 -6.529028415679932
v -2.611009120941162 -1.7361183166503906 -6.593614101409912
v -2.599710464477539 -1.7279093265533447 -6.65706205368042
v -2.58292818069458 -1.7157163619995117 -6.7186279296875
v -2.560859203338623 -1.699682354927063 -6.777589797973633
v -2.533762216567993 -1.6799951791763306 -6.83325719833374
v -2.5019547939300537 -1.6568856239318848 -6.884976387023926
v -2.4658098220825195 -1.6306248903274536 -6.93214225769043
v -2.425751209259033 -1.6015205383300781 -6.97420072555542
v -2.382248640060425 -1.5699141025543213 -7.010659217834473
v -2.3358120918273926 -1.5361758470535278 -7.04109001159668
v -2.2869858741760254 -1.5007015466690063 -7.065136909484863
v -2.236342430114746 -1.46390700340271 -7.082517147064209
v -2.1844756603240967 -1.4262235164642334 -7.093027591705322
v -2.175400972366333 -1.4363019466400146 -5.900062084197998
v -2.218299627304077 -1.483945608139038 -5.910572528839111
v -2.260186195373535 -1.5304654836654663 -5.927952766418457
v -2.300570011138916 -1.5753161907196045 -5.951999664306641
v -2.338977336883545 -1.6179717779159546 -5.982430458068848
v -2.374957799911499 -1.6579324007034302 -6.0188889503479
v -2.408090114593506 -1.6947293281555176 -6.060947418212891
v -2.4379851818084717 -1.7279311418533325 -6.1081132888793945
v -2.4642927646636963 -1.7571487426757812 -6.15983247756958
v -2.4867045879364014 -1.7820395231246948 -6.2154998779296875
v -2.504957675933838 -1.802311658859253 -6.27446174621582
v -2.5188379287719727 -1.8177274465560913 -6.3360276222229
v -2.5281829833984375 -1.828106164932251 -6.399475574493408
v -2.5328831672668457 -1.8333261013031006 -6.464061260223389
v -2.5328831672668457 -1.8333261013031006 -6.529028415679932
v -2.5281829833984375 -1.828106164932251 -6.593614101409912
v -2.5188379287719727 -1.8177274465560913 -6.65706205368042
v -2.504957675933838 -1.802311658859253 -6.7186279296875
v -2.4867045879364014 -1.7820395231246948 -6.777589797973633
v -2.4642927646636963 -1.7571487426757812 -6.83325719833374
v -2.4379851818084717 -1.7279311418533325 -6.884976387023926
v -2.408090114593506 -1.6947293281555176 -6.93214225769043
v -2.374957799911499 -1.6579324007034302 -6.97420072555542
v -2.338977336883545 -1.6179717779159546 -7.010659217834473
v -2.300570011138916 -1.5753161907196045 -7.04109001159668
v -2.260186195373535 -1.5304654836654663 -7.065136909484863
v -2.218299627304077 -1.483945608139038 -7.082517147064209
v -2.175400972366333 -1.4363019466400146 -7.093027591705322
v -2.164429187774658 -1.4442733526229858 -5.900062084197998
v -2.1964845657348633 -1.4997950792312622 -5.910572528839111
v -2.2277839183807373 -1.5540070533752441 -5.927952766418457
v -2.257960319519043 -1.606273889541626 -5.951999664306641
v -2.2866597175598145 -1.6559827327728271 -5.982430458068848
v -2.3135457038879395 -1.7025508880615234 -6.0188889503479
v -2.338303327560425 -1.7454322576522827 -6.060947418212891
v -2.360642194747925 -1.7841241359710693 -6.1081132888793945
v -2.380300283432007 -1.8181729316711426 -6.15983247756958
v -2.3970470428466797 -1.8471794128417969 -6.2154998779296875
v -2.410686492919922 -1.8708035945892334 -6.27446174621582
v -2.4210586547851562 -1.8887684345245361 -6.3360276222229
v -2.428041458129883 -1.9008631706237793 -6.399475574493408
v -2.431553602218628 -1.9069463014602661 -6.464061260223389
v -2.431553602218628 -1.9069463014602661 -6.529028415679932
v -2.428041458129883 -1.9008631706237793 -6.593614101409912
v -2.4210586547851562 -1.8887684345245361 -6.65706205368042
v -2.410686492919922 -1.8708035945892334 -6.7186279296875
v -2.3970470428466797 -1.8471794128417969 -6.777589797973633
v -2.380300283432007 -1.8181729316711426 -6.83325719833374
v -2.360642194747925 -1.7841241359710693 -6.884976387023926
v -2.338303327560425 -1.7454322576522827 -6.93214225769043
v -2.3135457038879395 -1.7025508880615234 -6.97420072555542
v -2.2866597175598145 -1.6559827327728271 -7.010659217834473
v -2.257960319519043 -1.606273889541626 -7.04109001159668
v -2.2277839183807373 -1.5540070533752441 -7.065136909484863
v -2.1964845657348633 -1.4997950792312622 -7.082517147064209
v -2.164429187774658 -1.4442733526229858 -7.093027591705322
v -2.1520400047302246 -1.4497895240783691 -5.900062084197998
v -2.17185115814209 -1.5107625722885132 -5.910572528839111
v -2.191195249557495 -1.570297360420227 -5.927952766418457
v -2.2098453044891357 -1.6276960372924805 -5.951999664306641
v -2.2275824546813965 -1.6822856664657593 -5.982430458068848
v -2.24419903755188 -1.7334260940551758 -6.0188889503479
v -2.259500026702881 -1.780517816543579 -6.060947418212891
v -2.273306131362915 -1.82300865650177 -6.1081132888793945
v -2.2854554653167725 -1.8604005575180054 -6.15983247756958
v -2.2958056926727295 -1.8922550678253174 -6.2154998779296875
v -2.3042352199554443 -1.9181987047195435 -6.27446174621582
v -2.310645580291748 -1.937927484512329 -6.3360276222229
v -2.3149611949920654 -1.9512097835540771 -6.399475574493408
v -2.317131757736206 -1.9578901529312134 -6.464061260223389
v -2.317131757736206 -1.9578901529312134 -6.529028415679932
v -2.3149611949920654 -1.9512097835540771 -6.593614101409912
v -2.310645580291748 -1.937927484512329 -6.65706205368042
v -2.3042352199554443 -1.9181987047195435 -6.7186279296875
v -2.2958056926727295 -1.8922550678253174 -6.777589797973633
v -2.2854554653167725 -1.8604005575180054 -6.83325719833374
v -2.273306131362915 -1.82300865650177 -6.884976387023926
v -2.259500026702881 -1.780517816543579 -6.93214225769043
v -2.24419903755188 -1.7334260940551758 -6.97420072555542
v -2.2275824546813965 -1.6822856664657593 -7.010659217834473
v -2.2098453044891357 -1.6276960372924805 -7.04109001159668
v -2.191195249557495 -1.570297360420227 -7.065136909484863
v -2.17185115814209 -1.5107625722885132 -7.082517147064209
v -2.1520400047302246 -1.4497895240783691 -7.093027591705322
v -2.1387743949890137 -1.4526091814041138 -5.900062084197998
v -2.1454758644104004 -1.5163688659667969 -5.910572528839111
v -2.1520192623138428 -1.5786244869232178 -5.927952766418457
v -2.15832781791687 -1.6386464834213257 -5.951999664306641
v -2.164327621459961 -1.6957309246063232 -5.982430458068848
v -2.1699483394622803 -1.7492084503173828 -6.0188889503479
v -2.175123929977417 -1.798452377319336 -6.060947418212891
v -2.1797940731048584 -1.8428852558135986 -6.1081132888793945
v -2.183903694152832 -1.8819860219955444 -6.15983247756958
v -2.1874048709869385 -1.9152963161468506 -6.2154998779296875
v -2.190256118774414 -1.9424257278442383 -6.27446174621582
v -2.1924245357513428 -1.9630560874938965 -6.3360276222229
v -2.1938843727111816 -1.976945400238037 -6.399475574493408
v -2.1946187019348145 -1.983931064605713 -6.464061260223389
v -2.1946187019348145 -1.983931064605713 -6.529028415679932
v -2.1938843727111816 -1.976945400238037 -6.593614101409912
v -2.1924245357513428 -1.9630560874938965 -6.65706205368042
v -2.190256118774414 -1.9424257278442383 -6.7186279296875
v -2.1874048709869385 -1.9152963161468506 -6.777589797973633
v -2.183903694152832 -1.8819860219955444 -6.83325719833374
v -2.1797940731048584 -1.8428852558135986 -6.884976387023926
v -2.175123929977417 -1.798452377319336 -6.93214225769043
v -2.1699483394622803 -1.7492084503173828 -6.97420072555542
v -2.164327621459961 -1.6957309246063232 -7.010659217834473
v -2.15832781791687 -1.6386464834213257 -7.04109001159668
v -2.1520192623138428 -1.5786244869232178 -7.065136909484863
v -2.1454758644104004 -1.5163688659667969 -7.082517147064209
v -2.1387743949890137 -1.4526091814041138 -7.093027591705322
v -2.1252126693725586 -1.4526091814041138 -5.900062084197998
v -2.118511199951172 -1.5163688659667969 -5.910572528839111
v -2.1119678020477295 -1.5786244869232178 -5.927952766418457
v -2.105659246444702 -1.6386464834213257 -5.951999664306641
v -2.0996594429016113 -1.6957309246063232 -5.982430458068848
v -2.094038724899292 -1.7492084503173828 -6.0188889503479
v -2.0888631343841553 -1.798452377319336 -6.060947418212891
v -2.084192991256714 -1.8428852558135986 -6.1081132888793945
v -2.0800833702087402 -1.8819860219955444 -6.15983247756958
v -2.076582193374634 -1.9152963161468506 -6.2154998779296875
v -2.073730945587158 -1.9424257278442383 -6.27446174621582
v -2.0715625286102295 -1.9630560874938965 -6.3360276222229
v -2.0701026916503906 -1.976945400238037 -6.399475574493408
v -2.069368362426758 -1.983931064605713 -6.464061260223389
v -2.069368362426758 -1.983931064605713 -6.529028415679932
v -2.0701026916503906 -1.976945400238037 -6.593614101409912
v -2.0715625286102295 -1.9630560874938965 -6.65706205368042
v -2.073730945587158 -1.9424257278442383 -6.7186279296875
v -2.076582193374634 -1.9152963161468506 -6.777589797973633
v -2.0800833702087402 -1.8819860219955444 -6.83325719833374
v -2.084192991256714 -1.8428852558135986 -6.884976387023926
v -2.0888631343841553 -1.798452377319336 -6.93214225769043
v -2.094038724899292 -1.7492084503173828 -6.97420072555542
v -2.0996594429016113 -1.6957309246063232 -7.010659217834473
v -2.105659246444702 -1.6386464834213257 -7.04109001159668
v -2.1119678020477295 -1.5786244869232178 -7.065136909484863
v -2.118511199951172 -1.5163688659667969 -7.082517147064209
v -2.1252126693725586 -1.4526091814041138 -7.093027591705322
v -2.1119470596313477 -1.4497895240783691 -5.900062084197998
v -2.0921359062194824 -1.5107625722885132 -5.910572528839111
v -2.072791814804077 -1.570297360420227 -5.927952766418457
v -2.0541417598724365 -1.6276960372924805 -5.951999664306641
v -2.036404609680176 -1.6822856664657593 -5.982430458068848
v -2.0197880268096924 -1.7334260940551758 -6.0188889503479
v -2.0044870376586914 -1.780517816543579 -6.060947418212891
v -1.9906809329986572 -1.82300865650177 -6.1081132888793945
v -1.9785315990447998 -1.8604005575180054 -6.15983247756958
v -1.9681813716888428 -1.8922550678253174 -6.2154998779296875
v -1.9597517251968384 -1.9181987047195435 -6.27446174621582
v -1.9533414840698242 -1.937927484512329 -6.3360276222229
v -1.9490258693695068 -1.9512097835540771 -6.399475574493408
v -1.9468553066253662 -1.9578901529312134 -6.464061260223389
v -1.9468553066253662 -1.9578901529312134 -6.529028415679932
v -1.9490258693695068 -1.9512097835540771 -6.593614101409912
v -1.9533414840698242 -1.937927484512329 -6.65706205368042
v -1.9597517251968384 -1.9181987047195435 -6.7186279296875
v -1.9681813716888428 -1.8922550678253174 -6.777589797973633
v -1.9785315990447998 -1.8604005575180054 -6.83325719833374
v -1.9906809329986572 -1.82300865650177 -6.884976387023926
v -2.0044870376586914 -1.780517816543579 -6.93214225769043
v -2.0197880268096924 -1.7334260940551758 -6.97420072555542
v -2.036404609680176 -1.6822856664657593 -7.010659217834473
v -2.0541417598724365 -1.6276960372924805 -7.04109001159668
v -2.072791814804077 -1.570297360420227 -7.065136909484863
v -2.0921359062194824 -1.5107625722885132 -7.082517147064209
v -2.1119470596313477 -1.4497895240783691 -7.093027591705322
v -2.099557876586914 -1.4442733526229858 -5.900062084197998
v -2.067502498626709 -1.4997950792312622 -5.910572528839111
v -2.036203145980835 -1.5540070533752441 -5.927952766418457
v -2.0060267448425293 -1.606273889541626 -5.951999664306641
v -1.9773273468017578 -1.6559827327728271 -5.982430458068848
v -1.9504412412643433 -1.7025508880615234 -6.0188889503479
v -1.9256837368011475 -1.7454322576522827 -6.060947418212891
v -1.9033448696136475 -1.7841241359710693 -6.1081132888793945
v -1.8836867809295654 -1.8181729316711426 -6.15983247756958
v -1.866939902305603 -1.8471794128417969 -6.2154998779296875
v -1.8533005714416504 -1.8708035945892334 -6.27446174621582
v -1.8429285287857056 -1.8887684345245361 -6.3360276222229
v -1.8359456062316895 -1.9008631706237793 -6.399475574493408
v -1.8324334621429443 -1.9069463014602661 -6.464061260223389
v -1.8324334621429443 -1.9069463014602661 -6.529028415679932
v -1.8359456062316895 -1.9008631706237793 -6.593614101409912
v -1.8429285287857056 -1.8887684345245361 -6.65706205368042
v -1.8533005714416504 -1.8708035945892334 -6.7186279296875
v -1.866939902305603 -1.8471794128417969 -6.777589797973633
v -1.8836867809295654 -1.8181729316711426 -6.83325719833374
v -1.9033448696136475 -1.7841241359710693 -6.884976387023926
v -1.9256837368011475 -1.7454322576522827 -6.93214225769043
v -1.9504412412643433 -1.7025508880615234 -6.97420072555542
v -1.9773273468017578 -1.6559827327728271 -7.010659217834473
v -2.0060267448425293 -1.606273889541626 -7.04109001159668
v -2.036203145980835 -1.5540070533752441 -7.065136909484863
v -2.067502498626709 -1.4997950792312622 -7.082517147064209
v -2.099557876586914 -1.4442733526229858 -7.093027591705322
v -2.0885860919952393 -1.4363019466400146 -5.900062084197998
v -2.045687437057495 -1.483945608139038 -5.910572528839111
v -2.003800868988037 -1.5304654836654663 -5.927952766418457
v -1.9634171724319458 -1.5753161907196045 -5.951999664306641
v -1.925009846687317 -1.6179717779159546 -5.982430458068848
v -1.8890291452407837 -1.6579324007034302 -6.0188889503479
v -1.855897068977356 -1.6947293281555176 -6.060947418212891
v -1.8260020017623901 -1.7279311418533325 -6.1081132888793945
v -1.799694299697876 -1.7571487426757812 -6.15983247756958
v -1.7772825956344604 -1.7820395231246948 -6.2154998779296875
v -1.759029507637024 -1.802311658859253 -6.27446174621582
v -1.74514901638031 -1.8177274465560913 -6.3360276222229
v -1.7358040809631348 -1.828106164932251 -6.399475574493408
v -1.7311038970947266 -1.8333261013031006 -6.464061260223389
v -1.7311038970947266 -1.8333261013031006 -6.529028415679932
v -1.7358040809631348 -1.828106164932251 -6.593614101409912
v -1.74514901638031 -1.8177274465560913 -6.65706205368042
v -1.759029507637024 -1.802311658859253 -6.7186279296875
v -1.7772825956344604 -1.7820395231246948 -6.777589797973633
v -1.799694299697876 -1.7571487426757812 -6.83325719833374
v -1.8260020017623901 -1.7279311418533325 -6.884976387023926
v -1.855897068977356 -1.6947293281555176 -6.93214225769043
v -1.8890291452407837 -1.6579324007034302 -6.97420072555542
v -1.925009846687317 -1.6179717779159546 -7.010659217834473
v -1.9634171724319458 -1.5753161907196045 -7.04109001159668
v -2.003800868988037 -1.5304654836654663 -7.065136909484863
v -2.045687437057495 -1.483945608139038 -7.082517147064209
v -2.0885860919952393 -1.4363019466400146 -7.093027591705322
v -2.0795114040374756 -1.4262235164642334 -5.900062084197998
v -2.027644634246826 -1.46390700340271 -5.910572528839111
v -1.9770013093948364 -1.5007015466690063 -5.927952766418457
v -1.9281750917434692 -1.5361758470535278 -5.951999664306641
v -1.8817384243011475 -1.5699141025543213 -5.982430458068848
v -1.838235855102539 -1.6015205383300781 -6.0188889503479
v -1.7981772422790527 -1.6306248903274536 -6.060947418212891
v -1.7620322704315186 -1.6568856239318848 -6.1081132888793945
v -1.730224847793579 -1.6799951791763306 -6.15983247756958
v -1.7031277418136597 -1.699682354927063 -6.2154998779296875
v -1.6810587644577026 -1.7157163619995117 -6.27446174621582
v -1.6642765998840332 -1.7279093265533447 -6.3360276222229
v -1.6529779434204102 -1.7361183166503906 -6.399475574493408
v -1.6472952365875244 -1.7402470111846924 -6.464061260223389
v -1.6472952365875244 -1.7402470111846924 -6.529028415679932
v -1.6529779434204102 -1.7361183166503906 -6.593614101409912
v -1.6642765998840332 -1.7279093265533447 -6.65706205368042
v -1.6810587644577026 -1.7157163619995117 -6.7186279296875
v -1.7031277418136597 -1.699682354927063 -6.777589797973633
v -1.730224847793579 -1.6799951791763306 -6.83325719833374
v -1.7620322704315186 -1.6568856239318848 -6.884976387023926
v -1.7981772422790527 -1.6306248903274536 -6.93214225769043
v -1.838235855102539 -1.6015205383300781 -6.97420072555542
v -1.8817384243011475 -1.5699141025543213 -7.010659217834473
v -1.9281750917434692 -1.5361758470535278 -7.04109001159668
v -1.9770013093948364 -1.5007015466690063 -7.065136909484863
v -2.027644634246826 -1.46390700340271 -7.082517147064209
v -2.0795114040374756 -1.4262235164642334 -7.093027591705322
v -2.072730541229248 -1.4144786596298218 -5.900062084197998
v -2.014162302017212 -1.4405549764633179 -5.910572528839111
v -1.9569756984710693 -1.4660160541534424 -5.927952766418457
v -1.9018409252166748 -1.4905636310577393 -5.951999664306641
v -1.8494043350219727 -1.513909935951233 -5.982430458068848
v -1.800281047821045 -1.5357810258865356 -6.0188889503479
v -1.7550467252731323 -1.5559206008911133 -6.060947418212891
v -1.7142317295074463 -1.5740926265716553 -6.1081132888793945
v -1.6783146858215332 -1.5900839567184448 -6.15983247756958
v -1.6477165222167969 -1.603707194328308 -6.2154998779296875
v -1.6227960586547852 -1.6148024797439575 -6.27446174621582
v -1.603845477104187 -1.6232397556304932 -6.3360276222229
v -1.591086983680725 -1.6289201974868774 -6.399475574493408
v -1.584670066833496 -1.6317771673202515 -6.464061260223389
v -1.584670066833496 -1.6317771673202515 -6.529028415679932
v -1.591086983680725 -1.6289201974868774 -6.593614101409912
v -1.603845477104187 -1.6232397556304932 -6.65706205368042
v -1.6227960586547852 -1.6148024797439575 -6.7186279296875
v -1.6477165222167969 -1.603707194328308 -6.777589797973633
v -1.6783146858215332 -1.5900839567184448 -6.83325719833374
v -1.7142317295074463 -1.5740926265716553 -6.884976387023926
v -1.7550467252731323 -1.5559206008911133 -6.93214225769043
v -1.800281047821045 -1.5357810258865356 -6.97420072555542
v -1.8494043350219727 -1.513909935951233 -7.010659217834473
v -1.9018409252166748 -1.4905636310577393 -7.04109001159668
v -1.9569756984710693 -1.4660160541534424 -7.065136909484863
v -2.014162302017212 -1.4405549764633179 -7.082517147064209
v -2.072730541229248 -1.4144786596298218 -7.093027591705322
v -2.068539619445801 -1.4015806913375854 -5.900062084197998
v -2.0058298110961914 -1.414910078048706 -5.910572528839111
v -1.9445991516113281 -1.4279249906539917 -5.927952766418457
v -1.8855654001235962 -1.4404730796813965 -5.951999664306641
v -1.829420804977417 -1.452406883239746 -5.982430458068848
v -1.7768237590789795 -1.4635868072509766 -6.0188889503479
v -1.7283905744552612 -1.4738816022872925 -6.060947418212891
v -1.6846892833709717 -1.483170509338379 -6.1081132888793945
v -1.6462323665618896 -1.4913448095321655 -6.15983247756958
v -1.613470435142517 -1.4983086585998535 -6.2154998779296875
v -1.5867877006530762 -1.5039801597595215 -6.27446174621582
v -1.5664970874786377 -1.5082931518554688 -6.3360276222229
v -1.5528364181518555 -1.5111967325210571 -6.399475574493408
v -1.5459656715393066 -1.5126571655273438 -6.464061260223389
v -1.5459656715393066 -1.5126571655273438 -6.529028415679932
v -1.5528364181518555 -1.5111967325210571 -6.593614101409912
v -1.5664970874786377 -1.5082931518554688 -6.65706205368042
v -1.5867877006530762 -1.5039801597595215 -6.7186279296875
v -1.613470435142517 -1.4983086585998535 -6.777589797973633
v -1.6462323665618896 -1.4913448095321655 -6.83325719833374
v -1.6846892833709717 -1.483170509338379 -6.884976387023926
v -1.7283905744552612 -1.4738816022872925 -6.93214225769043
v -1.7768237590789795 -1.4635868072509766 -6.97420072555542
v -1.829420804977417 -1.452406883239746 -7.010659217834473
v -1.8855654001235962 -1.4404730796813965 -7.04109001159668
v -1.9445991516113281 -1.4279249906539917 -7.065136909484863
v -2.0058298110961914 -1.414910078048706 -7.082517147064209
v -2.068539619445801 -1.4015806913375854 -7.093027591705322
v -5.5218024253845215 7.52229118347168 2.2964982986450195
v -5.5218024253845215 7.52229118347168 1.0964981317520142
v -5.456931114196777 7.52229118347168 2.292980909347534
v -5.392820358276367 7.52229118347168 2.282470464706421
v -5.330221652984619 7.52229118347168 2.265089988708496
v -5.269868850708008 7.52229118347168 2.2410433292388916
v -5.212470054626465 7.52229118347168 2.2106125354766846
v -5.158698081970215 7.52229118347168 2.174154043197632
v -5.109182834625244 7.52229118347168 2.1320953369140625
v -5.064505100250244 7.52229118347168 2.084929943084717
v -5.02518892288208 7.52229118347168 2.033210277557373
v -4.991695404052734 7.52229118347168 1.9775432348251343
v -4.96441650390625 7.52229118347168 1.9185810089111328
v -4.943672180175781 7.52229118347168 1.8570151329040527
v -4.929706573486328 7.52229118347168 1.7935672998428345
v -4.922682285308838 7.52229118347168 1.7289814949035645
v -4.922682285308838 7.52229118347168 1.6640148162841797
v -4.929706573486328 7.52229118347168 1.5994290113449097
v -4.943672180175781 7.52229118347168 1.5359811782836914
v -4.96441650390625 7.52229118347168 1.4744153022766113
v -4.991695404052734 7.52229118347168 1.4154530763626099
v -5.02518892288208 7.52229118347168 1.3597859144210815
v -5.064505100250244 7.52229118347168 1.3080663681030273
v -5.109182834625244 7.52229118347168 1.260900855064392
v -5.158698081970215 7.52229118347168 1.2188422679901123
v -5.212470054626465 7.52229118347168 1.1823837757110596
v -5.269868850708008 7.52229118347168 1.1519529819488525
v -5.330221652984619 7.52229118347168 1.127906322479248
v -5.392820358276367 7.52229118347168 1.1105258464813232
v -5.456931114196777 7.52229118347168 1.10001540184021
v -5.458348751068115 7.535778522491455 2.292980909347534
v -5.395638942718506 7.549108028411865 2.282470464706421
v -5.334407806396484 7.5621232986450195 2.265089988708496
v -5.275374412536621 7.574671268463135 2.2410433292388916
v -5.219229698181152 7.586605072021484 2.2106125354766846
v -5.166632652282715 7.597784996032715 2.174154043197632
v -5.118199348449707 7.608079433441162 2.1320953369140625
v -5.074498176574707 7.617368698120117 2.084929943084717
v -5.036041259765625 7.625543117523193 2.033210277557373
v -5.003279209136963 7.632506847381592 1.9775432348251343
v -4.976596832275391 7.63817834854126 1.9185810089111328
v -4.956305980682373 7.642491340637207 1.8570151329040527
v -4.942645072937012 7.645394802093506 1.7935672998428345
v -4.935774803161621 7.646855354309082 1.7289814949035645
v -4.935774803161621 7.646855354309082 1.6640148162841797
v -4.942645072937012 7.645394802093506 1.5994290113449097
v -4.956305980682373 7.642491340637207 1.5359811782836914
v -4.976596832275391 7.63817834854126 1.4744153022766113
v -5.003279209136963 7.632506847381592 1.4154530763626099
v -5.036041259765625 7.625543117523193 1.3597859144210815
v -5.074498176574707 7.617368698120117 1.3080663681030273
v -5.118199348449707 7.608079433441162 1.260900855064392
v -5.166632652282715 7.597784996032715 1.2188422679901123
v -5.219229698181152 7.586605072021484 1.1823837757110596
v -5.275374412536621 7.574671268463135 1.1519529819488525
v -5.334407806396484 7.5621232986450195 1.127906322479248
v -5.395638942718506 7.549108028411865 1.1105258464813232
v -5.458348751068115 7.535778522491455 1.10001540184021
v -5.4625396728515625 7.54867696762085 2.292980909347534
v -5.403971195220947 7.5747528076171875 2.282470464706421
v -5.346784591674805 7.600214004516602 2.265089988708496
v -5.29164981842041 7.624761581420898 2.2410433292388916
v -5.239213466644287 7.648108005523682 2.2106125354766846
v -5.190090179443359 7.669979095458984 2.174154043197632
v -5.144855499267578 7.690118789672852 2.1320953369140625
v -5.104040622711182 7.7082905769348145 2.084929943084717
v -5.0681233406066895 7.724282264709473 2.033210277557373
v -5.037525177001953 7.737905025482178 1.9775432348251343
v -5.012604713439941 7.749000549316406 1.9185810089111328
v -4.993654251098633 7.757437705993652 1.8570151329040527
v -4.98089599609375 7.763118267059326 1.7935672998428345
v -4.9744791984558105 7.765975475311279 1.7289814949035645
v -4.9744791984558105 7.765975475311279 1.6640148162841797
v -4.98089599609375 7.763118267059326 1.5994290113449097
v -4.993654251098633 7.757437705993652 1.5359811782836914
v -5.012604713439941 7.749000549316406 1.4744153022766113
v -5.037525177001953 7.737905025482178 1.4154530763626099
v -5.0681233406066895 7.724282264709473 1.3597859144210815
v -5.104040622711182 7.7082905769348145 1.3080663681030273
v -5.144855499267578 7.690118789672852 1.260900855064392
v -5.190090179443359 7.669979095458984 1.2188422679901123
v -5.239213466644287 7.648108005523682 1.1823837757110596
v -5.29164981842041 7.624761581420898 1.1519529819488525
v -5.346784591674805 7.600214004516602 1.127906322479248
v -5.403971195220947 7.5747528076171875 1.1105258464813232
v -5.4625396728515625 7.54867696762085 1.10001540184021
v -5.469320297241211 7.560421466827393 2.292980909347534
v -5.417453765869141 7.598104953765869 2.282470464706421
v -5.366810321807861 7.634899616241455 2.265089988708496
v -5.317984104156494 7.670373916625977 2.2410433292388916
v -5.271547317504883 7.7041120529174805 2.2106125354766846
v -5.228044509887695 7.735718727111816 2.174154043197632
v -5.187985897064209 7.764822959899902 2.1320953369140625
v -5.151841163635254 7.791083812713623 2.084929943084717
v -5.1200337409973145 7.814193248748779 2.033210277557373
v -5.0929365158081055 7.833880424499512 1.9775432348251343
v -5.070867538452148 7.84991455078125 1.9185810089111328
v -5.0540852546691895 7.862107276916504 1.8570151329040527
v -5.042786598205566 7.870316505432129 1.7935672998428345
v -5.03710412979126 7.874444961547852 1.7289814949035645
v -5.03710412979126 7.874444961547852 1.6640148162841797
v -5.042786598205566 7.870316505432129 1.5994290113449097
v -5.0540852546691895 7.862107276916504 1.5359811782836914
v -5.070867538452148 7.84991455078125 1.4744153022766113
v -5.0929365158081055 7.833880424499512 1.4154530763626099
v -5.1200337409973145 7.814193248748779 1.3597859144210815
v -5.151841163635254 7.791083812713623 1.3080663681030273
v -5.187985897064209 7.764822959899902 1.260900855064392
v -5.228044509887695 7.735718727111816 1.2188422679901123
v -5.271547317504883 7.7041120529174805 1.1823837757110596
v -5.317984104156494 7.670373916625977 1.1519529819488525
v -5.366810321807861 7.634899616241455 1.127906322479248
v -5.417453765869141 7.598104953765869 1.1105258464813232
v -5.469320297241211 7.560421466827393 1.10001540184021
v -5.478394985198975 7.570499897003174 2.292980909347534
v -5.4354963302612305 7.618143558502197 2.282470464706421
v -5.393610000610352 7.664663314819336 2.265089988708496
v -5.353226184844971 7.709514141082764 2.2410433292388916
v -5.314818859100342 7.752170085906982 2.2106125354766846
v -5.278838157653809 7.792130470275879 2.174154043197632
v -5.245706081390381 7.828927516937256 2.1320953369140625
v -5.215810775756836 7.862129211425781 2.084929943084717
v -5.189503192901611 7.8913469314575195 2.033210277557373
v -5.167091369628906 7.916237831115723 1.9775432348251343
v -5.148838520050049 7.936509609222412 1.9185810089111328
v -5.134957790374756 7.951925277709961 1.8570151329040527
v -5.125612735748291 7.96230411529541 1.7935672998428345
v -5.120913028717041 7.96752405166626 1.7289814949035645
v -5.120913028717041 7.96752405166626 1.6640148162841797
v -5.125612735748291 7.96230411529541 1.5994290113449097
v -5.134957790374756 7.951925277709961 1.5359811782836914
v -5.148838520050049 7.936509609222412 1.4744153022766113
v -5.167091369628906 7.916237831115723 1.4154530763626099
v -5.189503192901611 7.8913469314575195 1.3597859144210815
v -5.215810775756836 7.862129211425781 1.3080663681030273
v -5.245706081390381 7.828927516937256 1.260900855064392
v -5.278838157653809 7.792130470275879 1.2188422679901123
v -5.314818859100342 7.752170085906982 1.1823837757110596
v -5.353226184844971 7.709514141082764 1.1519529819488525
v -5.393610000610352 7.664663314819336 1.127906322479248
v -5.4354963302612305 7.618143558502197 1.1105258464813232
v -5.478394985198975 7.570499897003174 1.10001540184021
v -5.48936653137207 7.578471660614014 2.292980909347534
v -5.457311153411865 7.633993148803711 2.282470464706421
v -5.42601203918457 7.688205242156982 2.265089988708496
v -5.395835876464844 7.740471839904785 2.2410433292388916
v -5.367136478424072 7.790180683135986 2.2106125354766846
v -5.340250015258789 7.836749076843262 2.174154043197632
v -5.315492630004883 7.879630088806152 2.1320953369140625
v -5.293153762817383 7.9183220863342285 2.084929943084717
v -5.273495674133301 7.952371120452881 2.033210277557373
v -5.256748676300049 7.981377601623535 1.9775432348251343
v -5.243109226226807 8.00500202178955 1.9185810089111328
v -5.2327375411987305 8.022966384887695 1.8570151329040527
v -5.225754261016846 8.03506088256836 1.7935672998428345
v -5.22224235534668 8.041144371032715 1.7289814949035645
v -5.22224235534668 8.041144371032715 1.6640148162841797
v -5.225754261016846 8.03506088256836 1.5994290113449097
v -5.2327375411987305 8.022966384887695 1.5359811782836914
v -5.243109226226807 8.00500202178955 1.4744153022766113
v -5.256748676300049 7.981377601623535 1.4154530763626099
v -5.273495674133301 7.952371120452881 1.3597859144210815
v -5.293153762817383 7.9183220863342285 1.3080663681030273
v -5.315492630004883 7.879630088806152 1.260900855064392
v -5.340250015258789 7.836749076843262 1.2188422679901123
v -5.367136478424072 7.790180683135986 1.1823837757110596
v -5.395835876464844 7.740471839904785 1.1519529819488525
v -5.42601203918457 7.688205242156982 1.127906322479248
v -5.457311153411865 7.633993148803711 1.1105258464813232
v -5.48936653137207 7.578471660614014 1.10001540184021
v -5.501756191253662 7.583987712860107 2.292980909347534
v -5.481944561004639 7.644960403442383 2.282470464706421
v -5.4626007080078125 7.704495429992676 2.265089988708496
v -5.443950653076172 7.761894226074219 2.2410433292388916
v -5.426213264465332 7.816483497619629 2.2106125354766846
v -5.409596920013428 7.867624282836914 2.174154043197632
v -5.394295692443848 7.914715766906738 2.1320953369140625
v -5.380489826202393 7.957206726074219 2.084929943084717
v -5.368340492248535 7.994598388671875 2.033210277557373
v -5.357990264892578 8.026453018188477 1.9775432348251343
v -5.349560737609863 8.052396774291992 1.9185810089111328
v -5.343150615692139 8.072125434875488 1.8570151329040527
v -5.338834762573242 8.085408210754395 1.7935672998428345
v -5.336664199829102 8.09208869934082 1.7289814949035645
v -5.336664199829102 8.09208869934082 1.6640148162841797
v -5.338834762573242 8.085408210754395 1.5994290113449097
v -5.343150615692139 8.072125434875488 1.5359811782836914
v -5.349560737609863 8.052396774291992 1.4744153022766113
v -5.357990264892578 8.026453018188477 1.4154530763626099
v -5.368340492248535 7.994598388671875 1.3597859144210815
v -5.380489826202393 7.957206726074219 1.3080663681030273
v -5.394295692443848 7.914715766906738 1.260900855064392
v -5.409596920013428 7.867624282836914 1.2188422679901123
v -5.426213264465332 7.816483497619629 1.1823837757110596
v -5.443950653076172 7.761894226074219 1.1519529819488525
v -5.4626007080078125 7.704495429992676 1.127906322479248
v -5.481944561004639 7.644960403442383 1.1105258464813232
v -5.501756191253662 7.583987712860107 1.10001540184021
v -5.515021324157715 7.5868072509765625 2.292980909347534
v -5.508320331573486 7.650567054748535 2.282470464706421
v -5.501776695251465 7.712822437286377 2.265089988708496
v -5.4954681396484375 7.772844314575195 2.2410433292388916
v -5.489468574523926 7.829928874969482 2.2106125354766846
v -5.483847618103027 7.883406639099121 2.174154043197632
v -5.478672027587891 7.932650566101074 2.1320953369140625
v -5.474001884460449 7.977083206176758 2.084929943084717
v -5.4698920249938965 8.016183853149414 2.033210277557373
v -5.466391086578369 8.049494743347168 1.9775432348251343
v -5.4635396003723145 8.076623916625977 1.9185810089111328
v -5.461371421813965 8.097253799438477 1.8570151329040527
v -5.459911346435547 8.111143112182617 1.7935672998428345
v -5.459177494049072 8.118128776550293 1.7289814949035645
v -5.459177494049072 8.118128776550293 1.6640148162841797
v -5.459911346435547 8.111143112182617 1.5994290113449097
v -5.461371421813965 8.097253799438477 1.5359811782836914
v -5.4635396003723145 8.076623916625977 1.4744153022766113
v -5.466391086578369 8.049494743347168 1.4154530763626099
v -5.4698920249938965 8.016183853149414 1.3597859144210815
v -5.474001884460449 7.977083206176758 1.3080663681030273
v -5.478672027587891 7.932650566101074 1.260900855064392
v -5.483847618103027 7.883406639099121 1.2188422679901123
v -5.489468574523926 7.829928874969482 1.1823837757110596
v -5.4954681396484375 7.772844314575195 1.1519529819488525
v -5.501776695251465 7.712822437286377 1.127906322479248
v -5.508320331573486 7.650567054748535 1.1105258464813232
v -5.515021324157715 7.5868072509765625 1.10001540184021
v -5.528583526611328 7.5868072509765625 2.292980909347534
v -5.535284519195557 7.650567054748535 2.282470464706421
v -5.541828155517578 7.712822437286377 2.265089988708496
v -5.5481367111206055 7.772844314575195 2.2410433292388916
v -5.554136276245117 7.829928874969482 2.2106125354766846
v -5.559757232666016 7.883406639099121 2.174154043197632
v -5.564932823181152 7.932650566101074 2.1320953369140625
v -5.569602966308594 7.977083206176758 2.084929943084717
v -5.5737128257751465 8.016183853149414 2.033210277557373
v -5.577213764190674 8.049494743347168 1.9775432348251343
v -5.5800652503967285 8.076623916625977 1.9185810089111328
v -5.582233428955078 8.097253799438477 1.8570151329040527
v -5.583693504333496 8.111143112182617 1.7935672998428345
v -5.584427356719971 8.118128776550293 1.7289814949035645
v -5.584427356719971 8.118128776550293 1.6640148162841797
v -5.583693504333496 8.111143112182617 1.5994290113449097
v -5.582233428955078 8.097253799438477 1.5359811782836914
v -5.5800652503967285 8.076623916625977 1.4744153022766113
v -5.577213764190674 8.049494743347168 1.4154530763626099
v -5.5737128257751465 8.016183853149414 1.3597859144210815
v -5.569602966308594 7.977083206176758 1.3080663681030273
v -5.564932823181152 7.932650566101074 1.260900855064392
v -5.559757232666016 7.883406639099121 1.2188422679901123
v -5.554136276245117 7.829928874969482 1.1823837757110596
v -5.5481367111206055 7.772844314575195 1.1519529819488525
v -5.541828155517578 7.712822437286377 1.127906322479248
v -5.535284519195557 7.650567054748535 1.1105258464813232
v -5.528583526611328 7.5868072509765625 1.10001540184021
v -5.541848659515381 7.583987712860107 2.292980909347534
v -5.561660289764404 7.644960403442383 2.282470464706421
v -5.5810041427612305 7.704495429992676 2.265089988708496
v -5.599654197692871 7.761894226074219 2.2410433292388916
v -5.617391586303711 7.816483497619629 2.2106125354766846
v -5.634007930755615 7.867624282836914 2.174154043197632
v -5.649309158325195 7.914715766906738 2.1320953369140625
v -5.66311502456665 7.957206726074219 2.084929943084717
v -5.675264358520508 7.994598388671875 2.033210277557373
v -5.685614585876465 8.026453018188477 1.9775432348251343
v -5.69404411315918 8.052396774291992 1.9185810089111328
v -5.700454235076904 8.072125434875488 1.8570151329040527
v -5.704770088195801 8.085408210754395 1.7935672998428345
v -5.706940650939941 8.09208869934082 1.7289814949035645
v -5.706940650939941 8.09208869934082 1.6640148162841797
v -5.704770088195801 8.085408210754395 1.5994290113449097
v -5.700454235076904 8.072125434875488 1.5359811782836914
v -5.69404411315918 8.052396774291992 1.4744153022766113
v -5.685614585876465 8.026453018188477 1.4154530763626099
v -5.675264358520508 7.994598388671875 1.3597859144210815
v -5.66311502456665 7.957206726074219 1.3080663681030273
v -5.649309158325195 7.914715766906738 1.260900855064392
v -5.634007930755615 7.867624282836914 1.2188422679901123
v -5.617391586303711 7.816483497619629 1.1823837757110596
v -5.599654197692871 7.761894226074219 1.1519529819488525
v -5.5810041427612305 7.704495429992676 1.127906322479248
v -5.561660289764404 7.644960403442383 1.1105258464813232
v -5.541848659515381 7.583987712860107 1.10001540184021
v -5.554238319396973 7.578471660614014 2.292980909347534
v -5.586293697357178 7.633993148803711 2.282470464706421
v -5.617592811584473 7.688205242156982 2.265089988708496
v -5.647768974304199 7.740471839904785 2.2410433292388916
v -5.676468372344971 7.790180683135986 2.2106125354766846
v -5.703354835510254 7.836749076843262 2.174154043197632
v -5.72811222076416 7.879630088806152 2.1320953369140625
v -5.75045108795166 7.9183220863342285 2.084929943084717
v -5.770109176635742 7.952371120452881 2.033210277557373
v -5.786856174468994 7.981377601623535 1.9775432348251343
v -5.800495624542236 8.00500202178955 1.9185810089111328
v -5.8108673095703125 8.022966384887695 1.8570151329040527
v -5.817850589752197 8.03506088256836 1.7935672998428345
v -5.821362495422363 8.041144371032715 1.7289814949035645
v -5.821362495422363 8.041144371032715 1.6640148162841797
v -5.817850589752197 8.03506088256836 1.5994290113449097
v -5.8108673095703125 8.022966384887695 1.5359811782836914
v -5.800495624542236 8.00500202178955 1.4744153022766113
v -5.786856174468994 7.981377601623535 1.4154530763626099
v -5.770109176635742 7.952371120452881 1.3597859144210815
v -5.75045108795166 7.9183220863342285 1.3080663681030273
v -5.72811222076416 7.879630088806152 1.260900855064392
v -5.703354835510254 7.836749076843262 1.2188422679901123
v -5.676468372344971 7.790180683135986 1.1823837757110596
v -5.647768974304199 7.740471839904785 1.1519529819488525
v -5.617592811584473 7.688205242156982 1.127906322479248
v -5.586293697357178 7.633993148803711 1.1105258464813232
v -5.554238319396973 7.578471660614014 1.10001540184021
v -5.565209865570068 7.570499897003174 2.292980909347534
v -5.6081085205078125 7.618143558502197 2.282470464706421
v -5.649994850158691 7.664663314819336 2.265089988708496
v -5.690378665924072 7.709514141082764 2.2410433292388916
v -5.728785991668701 7.752170085906982 2.2106125354766846
v -5.764766693115234 7.792130470275879 2.174154043197632
v -5.797898769378662 7.828927516937256 2.1320953369140625
v -5.827794075012207 7.862129211425781 2.084929943084717
v -5.854101657867432 7.8913469314575195 2.033210277557373
v -5.876513481140137 7.916237831115723 1.9775432348251343
v -5.894766330718994 7.936509609222412 1.9185810089111328
v -5.908647060394287 7.951925277709961 1.8570151329040527
v -5.917992115020752 7.96230411529541 1.7935672998428345
v -5.922691822052002 7.96752405166626 1.7289814949035645
v -5.922691822052002 7.96752405166626 1.6640148162841797
v -5.917992115020752 7.96230411529541 1.5994290113449097
v -5.908647060394287 7.951925277709961 1.5359811782836914
v -5.894766330718994 7.936509609222412 1.4744153022766113
v -5.876513481140137 7.916237831115723 1.4154530763626099
v -5.854101657867432 7.8913469314575195 1.3597859144210815
v -5.827794075012207 7.862129211425781 1.3080663681030273
v -5.797898769378662 7.828927516937256 1.260900855064392
v -5.764766693115234 7.792130470275879 1.2188422679901123
v -5.728785991668701 7.752170085906982 1.1823837757110596
v -5.690378665924072 7.709514141082764 1.1519529819488525
v -5.649994850158691 7.664663314819336 1.127906322479248
v -5.6081085205078125 7.618143558502197 1.1105258464813232
v -5.565209865570068 7.570499897003174 1.10001540184021
v -5.574284553527832 7.560421466827393 2.292980909347534
v -5.626151084899902 7.598104953765869 2.282470464706421
v -5.676794528961182 7.634899616241455 2.265089988708496
v -5.725620746612549 7.670373916625977 2.2410433292388916
v -5.77205753326416 7.7041120529174805 2.2106125354766846
v -5.815560340881348 7.735718727111816 2.174154043197632
v -5.855618953704834 7.764822959899902 2.1320953369140625
v -5.891763687133789 7.791083812713623 2.084929943084717
v -5.9235711097717285 7.814193248748779 2.033210277557373
v -5.9506683349609375 7.833880424499512 1.9775432348251343
v -5.9727373123168945 7.84991455078125 1.9185810089111328
v -5.9895195960998535 7.862107276916504 1.8570151329040527
v -6.000818252563477 7.870316505432129 1.7935672998428345
v -6.006500720977783 7.874444961547852 1.7289814949035645
v -6.006500720977783 7.874444961547852 1.6640148162841797
v -6.000818252563477 7.870316505432129 1.5994290113449097
v -5.9895195960998535 7.862107276916504 1.5359811782836914
v -5.9727373123168945 7.84991455078125 1.4744153022766113
v -5.9506683349609375 7.833880424499512 1.4154530763626099
v -5.9235711097717285 7.814193248748779 1.3597859144210815
v -5.891763687133789 7.791083812713623 1.3080663681030273
v -5.855618953704834 7.764822959899902 1.260900855064392
v -5.815560340881348 7.735718727111816 1.2188422679901123
v -5.77205753326416 7.7041120529174805 1.1823837757110596
v -5.725620746612549 7.670373916625977 1.1519529819488525
v -5.676794528961182 7.634899616241455 1.127906322479248
v -5.626151084899902 7.598104953765869 1.1105258464813232
v -5.574284553527832 7.560421466827393 1.10001540184021
v -5.5810651779174805 7.54867696762085 2.292980909347534
v -5.639633655548096 7.5747528076171875 2.282470464706421
v -5.696820259094238 7.600214004516602 2.265089988708496
v -5.751955032348633 7.624761581420898 2.2410433292388916
v -5.804391384124756 7.648108005523682 2.2106125354766846
v -5.853514671325684 7.669979095458984 2.174154043197632
v -5.898749351501465 7.690118789672852 2.1320953369140625
v -5.939564228057861 7.7082905769348145 2.084929943084717
v -5.9754815101623535 7.724282264709473 2.033210277557373
v -6.00607967376709 7.737905025482178 1.9775432348251343
v -6.031000137329102 7.749000549316406 1.9185810089111328
v -6.04995059967041 7.757437705993652 1.8570151329040527
v -6.062708854675293 7.763118267059326 1.7935672998428345
v -6.069125652313232 7.765975475311279 1.7289814949035645
v -6.069125652313232 7.765975475311279 1.6640148162841797
v -6.062708854675293 7.763118267059326 1.5994290113449097
v -6.04995059967041 7.757437705993652 1.5359811782836914
v -6.031000137329102 7.749000549316406 1.4744153022766113
v -6.00607967376709 7.737905025482178 1.4154530763626099
v -5.9754815101623535 7.724282264709473 1.3597859144210815
v -5.939564228057861 7.7082905769348145 1.3080663681030273
v -5.898749351501465 7.690118789672852 1.260900855064392
v -5.853514671325684 7.669979095458984 1.2188422679901123
v -5.804391384124756 7.648108005523682 1.1823837757110596
v -5.751955032348633 7.624761581420898 1.1519529819488525
v -5.696820259094238 7.600214004516602 1.127906322479248
v -5.639633655548096 7.5747528076171875 1.1105258464813232
v -5.5810651779174805 7.54867696762085 1.10001540184021
v -5.585256099700928 7.535778522491455 2.292980909347534
v -5.647965908050537 7.549108028411865 2.282470464706421
v -5.709197044372559 7.5621232986450195 2.265089988708496
v -5.768230438232422 7.574671268463135 2.2410433292388916
v -5.824375152587891 7.586605072021484 2.2106125354766846
v -5.876972198486328 7.597784996032715 2.174154043197632
v -5.925405502319336 7.608079433441162 2.1320953369140625
v -5.969106674194336 7.617368698120117 2.084929943084717
v -6.007563591003418 7.625543117523193 2.033210277557373
v -6.04032564163208 7.632506847381592 1.9775432348251343
v -6.067008018493652 7.63817834854126 1.9185810089111328
v -6.08729887008667 7.642491340637207 1.8570151329040527
v -6.100959777832031 7.645394802093506 1.7935672998428345
v -6.107830047607422 7.646855354309082 1.7289814949035645
v -6.107830047607422 7.646855354309082 1.6640148162841797
v -6.100959777832031 7.645394802093506 1.5994290113449097
v -6.08729887008667 7.642491340637207 1.5359811782836914
v -6.067008018493652 7.63817834854126 1.4744153022766113
v -6.04032564163208 7.632506847381592 1.4154530763626099
v -6.007563591003418 7.625543117523193 1.3597859144210815
v -5.969106674194336 7.617368698120117 1.3080663681030273
v -5.925405502319336 7.608079433441162 1.260900855064392
v -5.876972198486328 7.597784996032715 1.2188422679901123
v -5.824375152587891 7.586605072021484 1.1823837757110596
v -5.768230438232422 7.574671268463135 1.1519529819488525
v -5.709197044372559 7.5621232986450195 1.127906322479248
v -5.647965908050537 7.549108028411865 1.1105258464813232
v -5.585256099700928 7.535778522491455 1.10001540184021
v -5.586673736572266 7.52229118347168 2.292980909347534
v -5.650784492492676 7.52229118347168 2.282470464706421
v -5.713383197784424 7.52229118347168 2.265089988708496
v -5.773736000061035 7.52229118347168 2.2410433292388916
v -5.831134796142578 7.52229118347168 2.2106125354766846
v -5.884906768798828 7.52229118347168 2.174154043197632
v -5.934422016143799 7.52229118347168 2.1320953369140625
v -5.979099750518799 7.52229118347168 2.084929943084717
v -6.018415927886963 7.52229118347168 2.033210277557373
v -6.051909446716309 7.52229118347168 1.9775432348251343
v -6.079188346862793 7.52229118347168 1.9185810089111328
v -6.099932670593262 7.52229118347168 1.8570151329040527
v -6.113898277282715 7.52229118347168 1.7935672998428345
v -6.120922565460205 7.52229118347168 1.7289814949035645
v -6.120922565460205 7.52229118347168 1.6640148162841797
v -6.113898277282715 7.52229118347168 1.5994290113449097
v -6.099932670593262 7.52229118347168 1.5359811782836914
v -6.079188346862793 7.52229118347168 1.4744153022766113
v -6.051909446716309 7.52229118347168 1.4154530763626099
v -6.018415927886963 7.52229118347168 1.3597859144210815
v -5.979099750518799 7.52229118347168 1.3080663681030273
v -5.934422016143799 7.52229118347168 1.260900855064392
v -5.884906768798828 7.52229118347168 1.2188422679901123
v -5.831134796142578 7.52229118347168 1.1823837757110596
v -5.773736000061035 7.52229118347168 1.1519529819488525
v -5.713383197784424 7.52229118347168 1.127906322479248
v -5.650784492492676 7.52229118347168 1.1105258464813232
v -5.586673736572266 7.52229118347168 1.10001540184021
v -5.585256099700928 7.508803844451904 2.292980909347534
v -5.647965908050537 7.495474338531494 2.282470464706421
v -5.709197044372559 7.48245906829834 2.265089988708496
v -5.768230438232422 7.469911098480225 2.2410433292388916
v -5.824375152587891 7.457977294921875 2.2106125354766846
v -5.876972198486328 7.4467973709106445 2.174154043197632
v -5.925405502319336 7.436502933502197 2.1320953369140625
v -5.969106674194336 7.427213668823242 2.084929943084717
v -6.007563591003418 7.419039249420166 2.033210277557373
v -6.04032564163208 7.412075519561768 1.9775432348251343
v -6.067008018493652 7.4064040184021 1.9185810089111328
v -6.08729887008667 7.402091026306152 1.8570151329040527
v -6.100959777832031 7.3991875648498535 1.7935672998428345
v -6.107830047607422 7.397727012634277 1.7289814949035645
v -6.107830047607422 7.397727012634277 1.6640148162841797
v -6.100959777832031 7.3991875648498535 1.5994290113449097
v -6.08729887008667 7.402091026306152 1.5359811782836914
v -6.067008018493652 7.4064040184021 1.4744153022766113
v -6.04032564163208 7.412075519561768 1.4154530763626099
v -6.007563591003418 7.419039249420166 1.3597859144210815
v -5.969106674194336 7.427213668823242 1.3080663681030273
v -5.925405502319336 7.436502933502197 1.260900855064392
v -5.876972198486328 7.4467973709106445 1.2188422679901123
v -5.824375152587891 7.457977294921875 1.1823837757110596
v -5.768230438232422 7.469911098480225 1.1519529819488525
v -5.709197044372559 7.48245906829834 1.127906322479248
v -5.647965908050537 7.495474338531494 1.1105258464813232
v -5.585256099700928 7.508803844451904 1.10001540184021
v -5.5810651779174805 7.49590539932251 2.292980909347534
v -5.639633655548096 7.469829559326172 2.282470464706421
v -5.696820259094238 7.444368362426758 2.265089988708496
v -5.751955032348633 7.419820785522461 2.2410433292388916
v -5.804391384124756 7.396474361419678 2.2106125354766846
v -5.853514671325684 7.374603271484375 2.174154043197632
v -5.898749351501465 7.354463577270508 2.1320953369140625
v -5.939564228057861 7.336291790008545 2.084929943084717
v -5.9754815101623535 7.320300102233887 2.033210277557373
v -6.00607967376709 7.306677341461182 1.9775432348251343
v -6.031000137329102 7.295581817626953 1.9185810089111328
v -6.04995059967041 7.287144660949707 1.8570151329040527
v -6.062708854675293 7.281464099884033 1.7935672998428345
v -6.069125652313232 7.27860689163208 1.7289814949035645
v -6.069125652313232 7.27860689163208 1.6640148162841797
v -6.062708854675293 7.281464099884033 1.5994290113449097
v -6.04995059967041 7.287144660949707 1.5359811782836914
v -6.031000137329102 7.295581817626953 1.4744153022766113
v -6.00607967376709 7.306677341461182 1.4154530763626099
v -5.9754815101623535 7.320300102233887 1.3597859144210815
v -5.939564228057861 7.336291790008545 1.3080663681030273
v -5.898749351501465 7.354463577270508 1.260900855064392
v -5.853514671325684 7.374603271484375 1.2188422679901123
v -5.804391384124756 7.396474361419678 1.1823837757110596
v -5.751955032348633 7.419820785522461 1.1519529819488525
v -5.696820259094238 7.444368362426758 1.127906322479248
v -5.639633655548096 7.469829559326172 1.1105258464813232
v -5.5810651779174805 7.49590539932251 1.10001540184021
v -5.574284553527832 7.484160900115967 2.292980909347534
v -5.626151084899902 7.44647741317749 2.282470464706421
v -5.676794528961182 7.409682750701904 2.265089988708496
v -5.725620746612549 7.374208450317383 2.2410433292388916
v -5.77205753326416 7.340470314025879 2.2106125354766846
v -5.815560340881348 7.308863639831543 2.174154043197632
v -5.855618953704834 7.279759407043457 2.1320953369140625
v -5.891763687133789 7.253498554229736 2.084929943084717
v -5.9235711097717285 7.23038911819458 2.033210277557373
v -5.9506683349609375 7.210701942443848 1.9775432348251343
v -5.9727373123168945 7.194667816162109 1.9185810089111328
v -5.9895195960998535 7.1824750900268555 1.8570151329040527
v -6.000818252563477 7.1742658615112305 1.7935672998428345
v -6.006500720977783 7.170137405395508 1.7289814949035645
v -6.006500720977783 7.170137405395508 1.6640148162841797
v -6.000818252563477 7.1742658615112305 1.5994290113449097
v -5.9895195960998535 7.1824750900268555 1.5359811782836914
v -5.9727373123168945 7.194667816162109 1.4744153022766113
v -5.9506683349609375 7.210701942443848 1.4154530763626099
v -5.9235711097717285 7.23038911819458 1.3597859144210815
v -5.891763687133789 7.253498554229736 1.3080663681030273
v -5.855618953704834 7.279759407043457 1.260900855064392
v -5.815560340881348 7.308863639831543 1.2188422679901123
v -5.77205753326416 7.340470314025879 1.1823837757110596
v -5.725620746612549 7.374208450317383 1.1519529819488525
v -5.676794528961182 7.409682750701904 1.127906322479248
v -5.626151084899902 7.44647741317749 1.1105258464813232
v -5.574284553527832 7.484160900115967 1.10001540184021
v -5.565209865570068 7.4740824699401855 2.292980909347534
v -5.6081085205078125 7.426438808441162 2.282470464706421
v -5.649994850158691 7.379919052124023 2.265089988708496
v -5.690378665924072 7.335068225860596 2.2410433292388916
v -5.728785991668701 7.292412281036377 2.2106125354766846
v -5.764766693115234 7.2524518966674805 2.174154043197632
v -5.797898769378662 7.2156548500061035 2.1320953369140625
v -5.827794075012207 7.182453155517578 2.084929943084717
v -5.854101657867432 7.15323543548584 2.033210277557373
v -5.876513481140137 7.128344535827637 1.9775432348251343
v -5.894766330718994 7.108072757720947 1.9185810089111328
v -5.908647060394287 7.092657089233398 1.8570151329040527
v -5.917992115020752 7.082278251647949 1.7935672998428345
v -5.922691822052002 7.0770583152771 1.7289814949035645
v -5.922691822052002 7.0770583152771 1.6640148162841797
v -5.917992115020752 7.082278251647949 1.5994290113449097
v -5.908647060394287 7.092657089233398 1.5359811782836914
v -5.894766330718994 7.108072757720947 1.4744153022766113
v -5.876513481140137 7.128344535827637 1.4154530763626099
v -5.854101657867432 7.15323543548584 1.3597859144210815
v -5.827794075012207 7.182453155517578 1.3080663681030273
v -5.797898769378662 7.2156548500061035 1.260900855064392
v -5.764766693115234 7.2524518966674805 1.2188422679901123
v -5.728785991668701 7.292412281036377 1.1823837757110596
v -5.690378665924072 7.335068225860596 1.1519529819488525
v -5.649994850158691 7.379919052124023 1.127906322479248
v -5.6081085205078125 7.426438808441162 1.1105258464813232
v -5.565209865570068 7.4740824699401855 1.10001540184021
v -5.554238319396973 7.466110706329346 2.292980909347534
v -5.586293697357178 7.410589218139648 2.282470464706421
v -5.617592811584473 7.356377124786377 2.265089988708496
v -5.647768974304199 7.304110527038574 2.2410433292388916
v -5.676468372344971 7.254401683807373 2.2106125354766846
v -5.703354835510254 7.207833290100098 2.174154043197632
v -5.72811222076416 7.164952278137207 2.1320953369140625
v -5.75045108795166 7.126260280609131 2.084929943084717
v -5.770109176635742 7.0922112464904785 2.033210277557373
v -5.786856174468994 7.063204765319824 1.9775432348251343
v -5.800495624542236 7.039580821990967 1.9185810089111328
v -5.8108673095703125 7.021615982055664 1.8570151329040527
v -5.817850589752197 7.009521007537842 1.7935672998428345
v -5.821362495422363 7.0034379959106445 1.7289814949035645
v -5.821362495422363 7.0034379959106445 1.6640148162841797
v -5.817850589752197 7.009521007537842 1.5994290113449097
v -5.8108673095703125 7.021615982055664 1.5359811782836914
v -5.800495624542236 7.039580821990967 1.4744153022766113
v -5.786856174468994 7.063204765319824 1.4154530763626099
v -5.770109176635742 7.0922112464904785 1.3597859144210815
v -5.75045108795166 7.126260280609131 1.3080663681030273
v -5.72811222076416 7.164952278137207 1.260900855064392
v -5.703354835510254 7.207833290100098 1.2188422679901123
v -5.676468372344971 7.254401683807373 1.1823837757110596
v -5.647768974304199 7.304110527038574 1.1519529819488525
v -5.617592811584473 7.356377124786377 1.127906322479248
v -5.586293697357178 7.410589218139648 1.1105258464813232
v -5.554238319396973 7.466110706329346 1.10001540184021
v -5.541848659515381 7.460594654083252 2.292980909347534
v -5.561660289764404 7.399621963500977 2.282470464706421
v -5.5810041427612305 7.340086936950684 2.265089988708496
v -5.599654197692871 7.282688140869141 2.2410433292388916
v -5.617391586303711 7.2280988693237305 2.2106125354766846
v -5.634007930755615 7.176958084106445 2.174154043197632
v -5.649309158325195 7.129866600036621 2.1320953369140625
v -5.66311502456665 7.087375640869141 2.084929943084717
v -5.675264358520508 7.049983978271484 2.033210277557373
v -5.685614585876465 7.018129348754883 1.9775432348251343
v -5.69404411315918 6.992185592651367 1.9185810089111328
v -5.700454235076904 6.972456932067871 1.8570151329040527
v -5.704770088195801 6.959174633026123 1.7935672998428345
v -5.706940650939941 6.952494144439697 1.7289814949035645
v -5.706940650939941 6.952494144439697 1.6640148162841797
v -5.704770088195801 6.959174633026123 1.5994290113449097
v -5.700454235076904 6.972456932067871 1.5359811782836914
v -5.69404411315918 6.992185592651367 1.4744153022766113
v -5.685614585876465 7.018129348754883 1.4154530763626099
v -5.675264358520508 7.049983978271484 1.3597859144210815
v -5.66311502456665 7.087375640869141 1.3080663681030273
v -5.649309158325195 7.129866600036621 1.260900855064392
v -5.634007930755615 7.176958084106445 1.2188422679901123
v -5.617391586303711 7.2280988693237305 1.1823837757110596
v -5.599654197692871 7.282688140869141 1.1519529819488525
v -5.5810041427612305 7.340086936950684 1.127906322479248
v -5.561660289764404 7.399621963500977 1.1105258464813232
v -5.541848659515381 7.460594654083252 1.10001540184021
v -5.528583526611328 7.457775115966797 2.292980909347534
v -5.535284519195557 7.394015312194824 2.282470464706421
v -5.541828155517578 7.331759929656982 2.265089988708496
v -5.5481367111206055 7.271738052368164 2.2410433292388916
v -5.554136276245117 7.214653491973877 2.2106125354766846
v -5.559757232666016 7.161175727844238 2.174154043197632
v -5.564932823181152 7.111931800842285 2.1320953369140625
v -5.569602966308594 7.067499160766602 2.084929943084717
v -5.5737128257751465 7.028398513793945 2.033210277557373
v -5.577213764190674 6.99508810043335 1.9775432348251343
v -5.5800652503967285 6.967958450317383 1.9185810089111328
v -5.582233428955078 6.947328090667725 1.8570151329040527
v -5.583693504333496 6.933438777923584 1.7935672998428345
v -5.584427356719971 6.926453113555908 1.7289814949035645
v -5.584427356719971 6.926453113555908 1.6640148162841797
v -5.583693504333496 6.933438777923584 1.5994290113449097
v -5.582233428955078 6.947328090667725 1.5359811782836914
v -5.5800652503967285 6.967958450317383 1.4744153022766113
v -5.577213764190674 6.99508810043335 1.4154530763626099
v -5.5737128257751465 7.028398513793945 1.3597859144210815
v -5.569602966308594 7.067499160766602 1.3080663681030273
v -5.564932823181152 7.111931800842285 1.260900855064392
v -5.559757232666016 7.161175727844238 1.2188422679901123
v -5.554136276245117 7.214653491973877 1.1823837757110596
v -5.5481367111206055 7.271738052368164 1.1519529819488525
v -5.541828155517578 7.331759929656982 1.127906322479248
v -5.535284519195557 7.394015312194824 1.1105258464813232
v -5.528583526611328 7.457775115966797 1.10001540184021
v -5.515021324157715 7.457775115966797 2.292980909347534
v -5.508320331573486 7.394015312194824 2.282470464706421
v -5.501776695251465 7.331759929656982 2.265089988708496
v -5.4954681396484375 7.271738052368164 2.2410433292388916
v -5.489468574523926 7.214653491973877 2.2106125354766846
v -5.483847618103027 7.161175727844238 2.174154043197632
v -5.478672027587891 7.111931800842285 2.1320953369140625
v -5.474001884460449 7.067499160766602 2.084929943084717
v -5.4698920249938965 7.028398513793945 2.033210277557373
v -5.466391086578369 6.99508810043335 1.9775432348251343
v -5.4635396003723145 6.967958450317383 1.9185810089111328
v -5.461371421813965 6.947328090667725 1.8570151329040527
v -5.459911346435547 6.933438777923584 1.7935672998428345
v -5.459177494049072 6.926453113555908 1.7289814949035645
v -5.459177494049072 6.926453113555908 1.6640148162841797
v -5.459911346435547 6.933438777923584 1.5994290113449097
v -5.461371421813965 6.947328090667725 1.5359811782836914
v -5.4635396003723145 6.967958450317383 1.4744153022766113
v -5.466391086578369 6.99508810043335 1.4154530763626099
v -5.4698920249938965 7.028398513793945 1.3597859144210815
v -5.474001884460449 7.067499160766602 1.3080663681030273
v -5.478672027587891 7.111931800842285 1.260900855064392
v -5.483847618103027 7.161175727844238 1.2188422679901123
v -5.489468574523926 7.214653491973877 1.1823837757110596
v -5.4954681396484375 7.271738052368164 1.1519529819488525
v -5.501776695251465 7.331759929656982 1.127906322479248
v -5.508320331573486 7.394015312194824 1.1105258464813232
v -5.515021324157715 7.457775115966797 1.10001540184021
v -5.501756191253662 7.460594654083252 2.292980909347534
v -5.481944561004639 7.399621963500977 2.282470464706421
v -5.4626007080078125 7.340086936950684 2.265089988708496
v -5.443950653076172 7.282688140869141 2.2410433292388916
v -5.426213264465332 7.2280988693237305 2.2106125354766846
v -5.409596920013428 7.176958084106445 2.174154043197632
v -5.394295692443848 7.129866600036621 2.1320953369140625
v -5.380489826202393 7.087375640869141 2.084929943084717
v -5.368340492248535 7.049983978271484 2.033210277557373
v -5.357990264892578 7.018129348754883 1.9775432348251343
v -5.349560737609863 6.992185592651367 1.9185810089111328
v -5.343150615692139 6.972456932067871 1.8570151329040527
v -5.338834762573242 6.959174633026123 1.7935672998428345
v -5.336664199829102 6.952494144439697 1.7289814949035645
v -5.336664199829102 6.952494144439697 1.6640148162841797
v -5.338834762573242 6.959174633026123 1.5994290113449097
v -5.343150615692139 6.972456932067871 1.5359811782836914
v -5.349560737609863 6.992185592651367 1.4744153022766113
v -5.357990264892578 7.018129348754883 1.4154530763626099
v -5.368340492248535 7.049983978271484 1.3597859144210815
v -5.380489826202393 7.087375640869141 1.3080663681030273
v -5.394295692443848 7.129866600036621 1.260900855064392
v -5.409596920013428 7.176958084106445 1.2188422679901123
v -5.426213264465332 7.2280988693237305 1.1823837757110596
v -5.443950653076172 7.282688140869141 1.1519529819488525
v -5.4626007080078125 7.340086936950684 1.127906322479248
v -5.481944561004639 7.399621963500977 1.1105258464813232
v -5.501756191253662 7.460594654083252 1.10001540184021
v -5.48936653137207 7.466110706329346 2.292980909347534
v -5.457311153411865 7.410589218139648 2.282470464706421
v -5.42601203918457 7.356377124786377 2.265089988708496
v -5.395835876464844 7.304110527038574 2.2410433292388916
v -5.367136478424072 7.254401683807373 2.2106125354766846
v -5.340250015258789 7.207833290100098 2.174154043197632
v -5.315492630004883 7.164952278137207 2.1320953369140625
v -5.293153762817383 7.126260280609131 2.084929943084717
v -5.273495674133301 7.0922112464904785 2.033210277557373
v -5.256748676300049 7.063204765319824 1.9775432348251343
v -5.243109226226807 7.039580821990967 1.9185810089111328
v -5.2327375411987305 7.021615982055664 1.8570151329040527
v -5.225754261016846 7.009521007537842 1.7935672998428345
v -5.22224235534668 7.0034379959106445 1.7289814949035645
v -5.22224235534668 7.0034379959106445 1.6640148162841797
v -5.225754261016846 7.009521007537842 1.5994290113449097
v -5.2327375411987305 7.021615982055664 1.5359811782836914
v -5.243109226226807 7.039580821990967 1.4744153022766113
v -5.256748676300049 7.063204765319824 1.4154530763626099
v -5.273495674133301 7.0922112464904785 1.3597859144210815
v -5.293153762817383 7.126260280609131 1.3080663681030273
v -5.315492630004883 7.164952278137207 1.260900855064392
v -5.340250015258789 7.207833290100098 1.2188422679901123
v -5.367136478424072 7.254401683807373 1.1823837757110596
v -5.395835876464844 7.304110527038574 1.1519529819488525
v -5.42601203918457 7.356377124786377 1.127906322479248
v -5.457311153411865 7.410589218139648 1.1105258464813232
v -5.48936653137207 7.466110706329346 1.10001540184021
v -5.478394985198975 7.4740824699401855 2.292980909347534
v -5.4354963302612305 7.426438808441162 2.282470464706421
v -5.393610000610352 7.379919052124023 2.265089988708496
v -5.353226184844971 7.335068225860596 2.2410433292388916
v -5.314818859100342 7.292412281036377 2.2106125354766846
v -5.278838157653809 7.2524518966674805 2.174154043197632
v -5.245706081390381 7.2156548500061035 2.1320953369140625
v -5.215810775756836 7.182453155517578 2.084929943084717
v -5.189503192901611 7.15323543548584 2.033210277557373
v -5.167091369628906 7.128344535827637 1.9775432348251343
v -5.148838520050049 7.108072757720947 1.9185810089111328
v -5.134957790374756 7.092657089233398 1.8570151329040527
v -5.125612735748291 7.082278251647949 1.7935672998428345
v -5.120913028717041 7.0770583152771 1.7289814949035645
v -5.120913028717041 7.0770583152771 1.6640148162841797
v -5.125612735748291 7.082278251647949 1.5994290113449097
v -5.134957790374756 7.092657089233398 1.5359811782836914
v -5.148838520050049 7.108072757720947 1.4744153022766113
v -5.167091369628906 7.128344535827637 1.4154530763626099
v -5.189503192901611 7.15323543548584 1.3597859144210815
v -5.215810775756836 7.182453155517578 1.3080663681030273
v -5.245706081390381 7.2156548500061035 1.260900855064392
v -5.278838157653809 7.2524518966674805 1.2188422679901123
v -5.314818859100342 7.292412281036377 1.1823837757110596
v -5.353226184844971 7.335068225860596 1.1519529819488525
v -5.393610000610352 7.379919052124023 1.127906322479248
v -5.4354963302612305 7.426438808441162 1.1105258464813232
v -5.478394985198975 7.4740824699401855 1.10001540184021
v -5.469320297241211 7.484160900115967 2.292980909347534
v -5.417453765869141 7.44647741317749 2.282470464706421
v -5.366810321807861 7.409682750701904 2.265089988708496
v -5.317984104156494 7.374208450317383 2.2410433292388916
v -5.271547317504883 7.340470314025879 2.2106125354766846
v -5.228044509887695 7.308863639831543 2.174154043197632
v -5.187985897064209 7.279759407043457 2.1320953369140625
v -5.151841163635254 7.253498554229736 2.084929943084717
v -5.1200337409973145 7.23038911819458 2.033210277557373
v -5.0929365158081055 7.210701942443848 1.9775432348251343
v -5.070867538452148 7.194667816162109 1.9185810089111328
v -5.0540852546691895 7.1824750900268555 1.8570151329040527
v -5.042786598205566 7.1742658615112305 1.7935672998428345
v -5.03710412979126 7.170137405395508 1.7289814949035645
v -5.03710412979126 7.170137405395508 1.6640148162841797
v -5.042786598205566 7.1742658615112305 1.5994290113449097
v -5.0540852546691895 7.1824750900268555 1.5359811782836914
v -5.070867538452148 7.194667816162109 1.4744153022766113
v -5.0929365158081055 7.210701942443848 1.4154530763626099
v -5.1200337409973145 7.23038911819458 1.3597859144210815
v -5.151841163635254 7.253498554229736 1.3080663681030273
v -5.187985897064209 7.279759407043457 1.260900855064392
v -5.228044509887695 7.308863639831543 1.2188422679901123
v -5.271547317504883 7.340470314025879 1.1823837757110596
v -5.317984104156494 7.374208450317383 1.1519529819488525
v -5.366810321807861 7.409682750701904 1.127906322479248
v -5.417453765869141 7.44647741317749 1.1105258464813232
v -5.469320297241211 7.484160900115967 1.10001540184021
v -5.4625396728515625 7.49590539932251 2.292980909347534
v -5.403971195220947 7.469829559326172 2.282470464706421
v -5.346784591674805 7.444368362426758 2.265089988708496
v -5.29164981842041 7.419820785522461 2.2410433292388916
v -5.239213466644287 7.396474361419678 2.2106125354766846
v -5.190090179443359 7.374603271484375 2.174154043197632
v -5.144855499267578 7.354463577270508 2.1320953369140625
v -5.104040622711182 7.336291790008545 2.084929943084717
v -5.0681233406066895 7.320300102233887 2.033210277557373
v -5.037525177001953 7.306677341461182 1.9775432348251343
v -5.012604713439941 7.295581817626953 1.9185810089111328
v -4.993654251098633 7.287144660949707 1.8570151329040527
v -4.98089599609375 7.281464099884033 1.7935672998428345
v -4.9744791984558105 7.27860689163208 1.7289814949035645
v -4.9744791984558105 7.27860689163208 1.6640148162841797
v -4.98089599609375 7.281464099884033 1.5994290113449097
v -4.993654251098633 7.287144660949707 1.5359811782836914
v -5.012604713439941 7.295581817626953 1.4744153022766113
v -5.037525177001953 7.306677341461182 1.4154530763626099
v -5.0681233406066895 7.320300102233887 1.3597859144210815
v -5.104040622711182 7.336291790008545 1.3080663681030273
v -5.144855499267578 7.354463577270508 1.260900855064392
v -5.190090179443359 7.374603271484375 1.2188422679901123
v -5.239213466644287 7.396474361419678 1.1823837757110596
v -5.29164981842041 7.419820785522461 1.1519529819488525
v -5.346784591674805 7.444368362426758 1.127906322479248
v -5.403971195220947 7.469829559326172 1.1105258464813232
v -5.4625396728515625 7.49590539932251 1.10001540184021
v -5.458348751068115 7.508803844451904 2.292980909347534
v -5.395638942718506 7.495474338531494 2.282470464706421
v -5.334407806396484 7.48245906829834 2.265089988708496
v -5.275374412536621 7.469911098480225 2.2410433292388916
v -5.219229698181152 7.457977294921875 2.2106125354766846
v -5.166632652282715 7.4467973709106445 2.174154043197632
v -5.118199348449707 7.436502933502197 2.1320953369140625
v -5.074498176574707 7.427213668823242 2.084929943084717
v -5.036041259765625 7.419039249420166 2.033210277557373
v -5.003279209136963 7.412075519561768 1.9775432348251343
v -4.976596832275391 7.4064040184021 1.9185810089111328
v -4.956305980682373 7.402091026306152 1.8570151329040527
v -4.942645072937012 7.3991875648498535 1.7935672998428345
v -4.935774803161621 7.397727012634277 1.7289814949035645
v -4.935774803161621 7.397727012634277 1.6640148162841797
v -4.942645072937012 7.3991875648498535 1.5994290113449097
v -4.956305980682373 7.402091026306152 1.5359811782836914
v -4.976596832275391 7.4064040184021 1.4744153022766113
v -5.003279209136963 7.412075519561768 1.4154530763626099
v -5.036041259765625 7.419039249420166 1.3597859144210815
v -5.074498176574707 7.427213668823242 1.3080663681030273
v -5.118199348449707 7.436502933502197 1.260900855064392
v -5.166632652282715 7.4467973709106445 1.2188422679901123
v -5.219229698181152 7.457977294921875 1.1823837757110596
v -5.275374412536621 7.469911098480225 1.1519529819488525
v -5.334407806396484 7.48245906829834 1.127906322479248
v -5.395638942718506 7.495474338531494 1.1105258464813232
v -5.458348751068115 7.508803844451904 1.10001540184021
v -3.557797431945801 -3.828127384185791 1.8071898221969604
v -3.557797431945801 -3.828127384185791 0.6071897745132446
v -3.4929261207580566 -3.828127384185791 1.8036725521087646
v -3.4288151264190674 -3.828127384185791 1.7931621074676514
v -3.3662164211273193 -3.828127384185791 1.7757816314697266
v -3.305863857269287 -3.828127384185791 1.751734972000122
v -3.248465061187744 -3.828127384185791 1.721304178237915
v -3.194692850112915 -3.828127384185791 1.6848456859588623
v -3.1451778411865234 -3.828127384185791 1.6427870988845825
v -3.1005001068115234 -3.828127384185791 1.5956215858459473
v -3.0611839294433594 -3.828127384185791 1.543902039527893
v -3.0276901721954346 -3.828127384185791 1.4882348775863647
v -3.0004115104675293 -3.828127384185791 1.4292726516723633
v -2.9796674251556396 -3.828127384185791 1.3677067756652832
v -2.9657015800476074 -3.828127384185791 1.304258942604065
v -2.958677291870117 -3.828127384185791 1.239673137664795
v -2.958677291870117 -3.828127384185791 1.1747064590454102
v -2.9657015800476074 -3.828127384185791 1.1101206541061401
v -2.9796674251556396 -3.828127384185791 1.0466728210449219
v -3.0004115104675293 -3.828127384185791 0.985106885433197
v -3.0276901721954346 -3.828127384185791 0.9261447191238403
v -3.0611839294433594 -3.828127384185791 0.870477557182312
v -3.1005001068115234 -3.828127384185791 0.8187580108642578
v -3.1451778411865234 -3.828127384185791 0.7715924978256226
v -3.194692850112915 -3.828127384185791 0.7295339703559875
v -3.248465061187744 -3.828127384185791 0.6930754780769348
v -3.305863857269287 -3.828127384185791 0.6626445651054382
v -3.3662164211273193 -3.828127384185791 0.6385979056358337
v -3.4288151264190674 -3.828127384185791 0.6212174892425537
v -3.4929261207580566 -3.828127384185791 0.6107070446014404
v -3.4943435192108154 -3.8146398067474365 1.8036725521087646
v -3.431633710861206 -3.8013105392456055 1.7931621074676514
v -3.3704030513763428 -3.7882955074310303 1.7757816314697266
v -3.3113694190979004 -3.775747537612915 1.751734972000122
v -3.2552247047424316 -3.7638134956359863 1.721304178237915
v -3.202627658843994 -3.752633810043335 1.6848456859588623
v -3.1541943550109863 -3.7423388957977295 1.6427870988845825
v -3.1104931831359863 -3.7330498695373535 1.5956215858459473
v -3.0720362663269043 -3.7248756885528564 1.543902039527893
v -3.039274215698242 -3.717911958694458 1.4882348775863647
v -3.012591600418091 -3.712240219116211 1.4292726516723633
v -2.9923009872436523 -3.7079274654388428 1.3677067756652832
v -2.97864031791687 -3.705023765563965 1.304258942604065
v -2.9717695713043213 -3.7035632133483887 1.239673137664795
v -2.9717695713043213 -3.7035632133483887 1.1747064590454102
v -2.97864031791687 -3.705023765563965 1.1101206541061401
v -2.9923009872436523 -3.7079274654388428 1.0466728210449219
v -3.012591600418091 -3.712240219116211 0.985106885433197
v -3.039274215698242 -3.717911958694458 0.9261447191238403
v -3.0720362663269043 -3.7248756885528564 0.870477557182312
v -3.1104931831359863 -3.7330498695373535 0.8187580108642578
v -3.1541943550109863 -3.7423388957977295 0.7715924978256226
v -3.202627658843994 -3.752633810043335 0.7295339703559875
v -3.2552247047424316 -3.7638134956359863 0.6930754780769348
v -3.3113694190979004 -3.775747537612915 0.6626445651054382
v -3.3704030513763428 -3.7882955074310303 0.6385979056358337
v -3.431633710861206 -3.8013105392456055 0.6212174892425537
v -3.4943435192108154 -3.8146398067474365 0.6107070446014404
v -3.4985344409942627 -3.8017418384552 1.8036725521087646
v -3.4399662017822266 -3.775665521621704 1.7931621074676514
v -3.382779598236084 -3.75020432472229 1.7757816314697266
v -3.3276448249816895 -3.725656747817993 1.751734972000122
v -3.2752082347869873 -3.702310562133789 1.721304178237915
v -3.2260849475860596 -3.6804394721984863 1.6848456859588623
v -3.1808505058288574 -3.660299777984619 1.6427870988845825
v -3.140035629272461 -3.642127752304077 1.5956215858459473
v -3.104118585586548 -3.626136541366577 1.543902039527893
v -3.0735204219818115 -3.612513303756714 1.4882348775863647
v -3.0485999584198 -3.6014180183410645 1.4292726516723633
v -3.029649257659912 -3.5929806232452393 1.3677067756652832
v -3.0168910026550293 -3.5873003005981445 1.304258942604065
v -3.0104739665985107 -3.5844433307647705 1.239673137664795
v -3.0104739665985107 -3.5844433307647705 1.1747064590454102
v -3.0168910026550293 -3.5873003005981445 1.1101206541061401
v -3.029649257659912 -3.5929806232452393 1.0466728210449219
v -3.0485999584198 -3.6014180183410645 0.985106885433197
v -3.0735204219818115 -3.612513303756714 0.9261447191238403
v -3.104118585586548 -3.626136541366577 0.870477557182312
v -3.140035629272461 -3.642127752304077 0.8187580108642578
v -3.1808505058288574 -3.660299777984619 0.7715924978256226
v -3.2260849475860596 -3.6804394721984863 0.7295339703559875
v -3.2752082347869873 -3.702310562133789 0.6930754780769348
v -3.3276448249816895 -3.725656747817993 0.6626445651054382
v -3.382779598236084 -3.75020432472229 0.6385979056358337
v -3.4399662017822266 -3.775665521621704 0.6212174892425537
v -3.4985344409942627 -3.8017418384552 0.6107070446014404
v -3.5053153038024902 -3.789996862411499 1.8036725521087646
v -3.453448534011841 -3.7523136138916016 1.7931621074676514
v -3.4028053283691406 -3.7155189514160156 1.7757816314697266
v -3.3539788722991943 -3.680044651031494 1.751734972000122
v -3.307542324066162 -3.6463065147399902 1.721304178237915
v -3.2640397548675537 -3.6146998405456543 1.6848456859588623
v -3.2239811420440674 -3.5855956077575684 1.6427870988845825
v -3.187836170196533 -3.5593347549438477 1.5956215858459473
v -3.1560287475585938 -3.5362253189086914 1.543902039527893
v -3.128931760787964 -3.516538143157959 1.4882348775863647
v -3.1068625450134277 -3.5005040168762207 1.4292726516723633
v -3.090080499649048 -3.4883110523223877 1.3677067756652832
v -3.078781843185425 -3.480102062225342 1.304258942604065
v -3.073099136352539 -3.47597336769104 1.239673137664795
v -3.073099136352539 -3.47597336769104 1.1747064590454102
v -3.078781843185425 -3.480102062225342 1.1101206541061401
v -3.090080499649048 -3.4883110523223877 1.0466728210449219
v -3.1068625450134277 -3.5005040168762207 0.985106885433197
v -3.128931760787964 -3.516538143157959 0.9261447191238403
v -3.1560287475585938 -3.5362253189086914 0.870477557182312
v -3.187836170196533 -3.5593347549438477 0.8187580108642578
v -3.2239811420440674 -3.5855956077575684 0.7715924978256226
v -3.2640397548675537 -3.6146998405456543 0.7295339703559875
v -3.307542324066162 -3.6463065147399902 0.6930754780769348
v -3.3539788722991943 -3.680044651031494 0.6626445651054382
v -3.4028053283691406 -3.7155189514160156 0.6385979056358337
v -3.453448534011841 -3.7523136138916016 0.6212174892425537
v -3.5053153038024902 -3.789996862411499 0.6107070446014404
v -3.514389991760254 -3.7799184322357178 1.8036725521087646
v -3.4714913368225098 -3.7322747707366943 1.7931621074676514
v -3.4296047687530518 -3.6857550144195557 1.7757816314697266
v -3.389220952987671 -3.640904426574707 1.751734972000122
v -3.350813627243042 -3.5982487201690674 1.721304178237915
v -3.314833164215088 -3.558288097381592 1.6848456859588623
v -3.28170108795166 -3.521491289138794 1.6427870988845825
v -3.2518057823181152 -3.4882893562316895 1.5956215858459473
v -3.2254981994628906 -3.459071636199951 1.543902039527893
v -3.2030863761901855 -3.434180974960327 1.4882348775863647
v -3.184833288192749 -3.4139089584350586 1.4292726516723633
v -3.1709530353546143 -3.3984930515289307 1.3677067756652832
v -3.1616079807281494 -3.3881144523620605 1.304258942604065
v -3.156907796859741 -3.382894515991211 1.239673137664795
v -3.156907796859741 -3.382894515991211 1.1747064590454102
v -3.1616079807281494 -3.3881144523620605 1.1101206541061401
v -3.1709530353546143 -3.3984930515289307 1.0466728210449219
v -3.184833288192749 -3.4139089584350586 0.985106885433197
v -3.2030863761901855 -3.434180974960327 0.9261447191238403
v -3.2254981994628906 -3.459071636199951 0.870477557182312
v -3.2518057823181152 -3.4882893562316895 0.8187580108642578
v -3.28170108795166 -3.521491289138794 0.7715924978256226
v -3.314833164215088 -3.558288097381592 0.7295339703559875
v -3.350813627243042 -3.5982487201690674 0.6930754780769348
v -3.389220952987671 -3.640904426574707 0.6626445651054382
v -3.4296047687530518 -3.6857550144195557 0.6385979056358337
v -3.4714913368225098 -3.7322747707366943 0.6212174892425537
v -3.514389991760254 -3.7799184322357178 0.6107070446014404
v -3.5253617763519287 -3.771947145462036 1.8036725521087646
v -3.4933063983917236 -3.7164254188537598 1.7931621074676514
v -3.4620070457458496 -3.6622133255004883 1.7757816314697266
v -3.431830644607544 -3.6099467277526855 1.751734972000122
v -3.4031312465667725 -3.5602376461029053 1.721304178237915
v -3.3762452602386475 -3.513669729232788 1.6848456859588623
v -3.351487636566162 -3.4707882404327393 1.6427870988845825
v -3.329148769378662 -3.432096481323242 1.5956215858459473
v -3.30949068069458 -3.39804744720459 1.543902039527893
v -3.2927439212799072 -3.3690409660339355 1.4882348775863647
v -3.279104471206665 -3.345417022705078 1.4292726516723633
v -3.2687325477600098 -3.3274521827697754 1.3677067756652832
v -3.261749505996704 -3.315357208251953 1.304258942604065
v -3.258237361907959 -3.309274196624756 1.239673137664795
v -3.258237361907959 -3.309274196624756 1.1747064590454102
v -3.261749505996704 -3.315357208251953 1.1101206541061401
v -3.2687325477600098 -3.3274521827697754 1.0466728210449219
v -3.279104471206665 -3.345417022705078 0.985106885433197
v -3.2927439212799072 -3.3690409660339355 0.9261447191238403
v -3.30949068069458 -3.39804744720459 0.870477557182312
v -3.329148769378662 -3.432096481323242 0.8187580108642578
v -3.351487636566162 -3.4707882404327393 0.7715924978256226
v -3.3762452602386475 -3.513669729232788 0.7295339703559875
v -3.4031312465667725 -3.5602376461029053 0.6930754780769348
v -3.431830644607544 -3.6099467277526855 0.6626445651054382
v -3.4620070457458496 -3.6622133255004883 0.6385979056358337
v -3.4933063983917236 -3.7164254188537598 0.6212174892425537
v -3.5253617763519287 -3.771947145462036 0.6107070446014404
v -3.5377509593963623 -3.7664310932159424 1.8036725521087646
v -3.517939805984497 -3.705457925796509 1.7931621074676514
v -3.498595714569092 -3.645923137664795 1.7757816314697266
v -3.479945659637451 -3.588524341583252 1.751734972000122
v -3.4622085094451904 -3.5339348316192627 1.721304178237915
v -3.445591926574707 -3.4827945232391357 1.6848456859588623
v -3.430290937423706 -3.4357028007507324 1.6427870988845825
v -3.416484832763672 -3.393211841583252 1.5956215858459473
v -3.4043354988098145 -3.3558199405670166 1.543902039527893
v -3.3939852714538574 -3.323965549468994 1.4882348775863647
v -3.3855557441711426 -3.2980217933654785 1.4292726516723633
v -3.379145383834839 -3.2782931327819824 1.3677067756652832
v -3.3748297691345215 -3.2650108337402344 1.304258942604065
v -3.372659206390381 -3.2583303451538086 1.239673137664795
v -3.372659206390381 -3.2583303451538086 1.1747064590454102
v -3.3748297691345215 -3.2650108337402344 1.1101206541061401
v -3.379145383834839 -3.2782931327819824 1.0466728210449219
v -3.3855557441711426 -3.2980217933654785 0.985106885433197
v -3.3939852714538574 -3.323965549468994 0.9261447191238403
v -3.4043354988098145 -3.3558199405670166 0.870477557182312
v -3.416484832763672 -3.393211841583252 0.8187580108642578
v -3.430290937423706 -3.4357028007507324 0.7715924978256226
v -3.445591926574707 -3.4827945232391357 0.7295339703559875
v -3.4622085094451904 -3.5339348316192627 0.6930754780769348
v -3.479945659637451 -3.588524341583252 0.6626445651054382
v -3.498595714569092 -3.645923137664795 0.6385979056358337
v -3.517939805984497 -3.705457925796509 0.6212174892425537
v -3.5377509593963623 -3.7664310932159424 0.6107070446014404
v -3.5510165691375732 -3.763611316680908 1.8036725521087646
v -3.5443150997161865 -3.6998517513275146 1.7931621074676514
v -3.537771701812744 -3.6375958919525146 1.7757816314697266
v -3.531463146209717 -3.5775740146636963 1.751734972000122
v -3.525463342666626 -3.5204896926879883 1.721304178237915
v -3.5198426246643066 -3.4670119285583496 1.6848456859588623
v -3.51466703414917 -3.4177680015563965 1.6427870988845825
v -3.5099968910217285 -3.373335361480713 1.5956215858459473
v -3.505887269973755 -3.3342344760894775 1.543902039527893
v -3.5023860931396484 -3.300924062728882 1.4882348775863647
v -3.4995346069335938 -3.273794651031494 1.4292726516723633
v -3.497366428375244 -3.253164529800415 1.3677067756652832
v -3.4959065914154053 -3.2392749786376953 1.304258942604065
v -3.4951722621917725 -3.2322893142700195 1.239673137664795
v -3.4951722621917725 -3.2322893142700195 1.1747064590454102
v -3.4959065914154053 -3.2392749786376953 1.1101206541061401
v -3.497366428375244 -3.253164529800415 1.0466728210449219
v -3.4995346069335938 -3.273794651031494 0.985106885433197
v -3.5023860931396484 -3.300924062728882 0.9261447191238403
v -3.505887269973755 -3.3342344760894775 0.870477557182312
v -3.5099968910217285 -3.373335361480713 0.8187580108642578
v -3.51466703414917 -3.4177680015563965 0.7715924978256226
v -3.5198426246643066 -3.4670119285583496 0.7295339703559875
v -3.525463342666626 -3.5204896926879883 0.6930754780769348
v -3.531463146209717 -3.5775740146636963 0.6626445651054382
v -3.537771701812744 -3.6375958919525146 0.6385979056358337
v -3.5443150997161865 -3.6998517513275146 0.6212174892425537
v -3.5510165691375732 -3.763611316680908 0.6107070446014404
v -3.5645782947540283 -3.763611316680908 1.8036725521087646
v -3.571279764175415 -3.6998517513275146 1.7931621074676514
v -3.5778231620788574 -3.6375958919525146 1.7757816314697266
v -3.5841317176818848 -3.5775740146636963 1.751734972000122
v -3.5901315212249756 -3.5204896926879883 1.721304178237915
v -3.595752239227295 -3.4670119285583496 1.6848456859588623
v -3.6009278297424316 -3.4177680015563965 1.6427870988845825
v -3.605597972869873 -3.373335361480713 1.5956215858459473
v -3.6097075939178467 -3.3342344760894775 1.543902039527893
v -3.613208770751953 -3.300924062728882 1.4882348775863647
v -3.616060256958008 -3.273794651031494 1.4292726516723633
v -3.6182284355163574 -3.253164529800415 1.3677067756652832
v -3.6196882724761963 -3.2392749786376953 1.304258942604065
v -3.620422601699829 -3.2322893142700195 1.239673137664795
v -3.620422601699829 -3.2322893142700195 1.1747064590454102
v -3.6196882724761963 -3.2392749786376953 1.1101206541061401
v -3.6182284355163574 -3.253164529800415 1.0466728210449219
v -3.616060256958008 -3.273794651031494 0.985106885433197
v -3.613208770751953 -3.300924062728882 0.9261447191238403
v -3.6097075939178467 -3.3342344760894775 0.870477557182312
v -3.605597972869873 -3.373335361480713 0.8187580108642578
v -3.6009278297424316 -3.4177680015563965 0.7715924978256226
v -3.595752239227295 -3.4670119285583496 0.7295339703559875
v -3.5901315212249756 -3.5204896926879883 0.6930754780769348
v -3.5841317176818848 -3.5775740146636963 0.6626445651054382
v -3.5778231620788574 -3.6375958919525146 0.6385979056358337
v -3.571279764175415 -3.6998517513275146 0.6212174892425537
v -3.5645782947540283 -3.763611316680908 0.6107070446014404
v -3.5778439044952393 -3.7664310932159424 1.8036725521087646
v -3.5976550579071045 -3.705457925796509 1.7931621074676514
v -3.6169991493225098 -3.645923137664795 1.7757816314697266
v -3.6356492042541504 -3.588524341583252 1.751734972000122
v -3.653386354446411 -3.5339348316192627 1.721304178237915
v -3.6700029373168945 -3.4827945232391357 1.6848456859588623
v -3.6853039264678955 -3.4357028007507324 1.6427870988845825
v -3.6991100311279297 -3.393211841583252 1.5956215858459473
v -3.711259365081787 -3.3558199405670166 1.543902039527893
v -3.721609592437744 -3.323965549468994 1.4882348775863647
v -3.730039119720459 -3.2980217933654785 1.4292726516723633
v -3.7364494800567627 -3.2782931327819824 1.3677067756652832
v -3.74076509475708 -3.2650108337402344 1.304258942604065
v -3.7429356575012207 -3.2583303451538086 1.239673137664795
v -3.7429356575012207 -3.2583303451538086 1.1747064590454102
v -3.74076509475708 -3.2650108337402344 1.1101206541061401
v -3.7364494800567627 -3.2782931327819824 1.0466728210449219
v -3.730039119720459 -3.2980217933654785 0.985106885433197
v -3.721609592437744 -3.323965549468994 0.9261447191238403
v -3.711259365081787 -3.3558199405670166 0.870477557182312
v -3.6991100311279297 -3.393211841583252 0.8187580108642578
v -3.6853039264678955 -3.4357028007507324 0.7715924978256226
v -3.6700029373168945 -3.4827945232391357 0.7295339703559875
v -3.653386354446411 -3.5339348316192627 0.6930754780769348
v -3.6356492042541504 -3.588524341583252 0.6626445651054382
v -3.6169991493225098 -3.645923137664795 0.6385979056358337
v -3.5976550579071045 -3.705457925796509 0.6212174892425537
v -3.5778439044952393 -3.7664310932159424 0.6107070446014404
v -3.590233087539673 -3.771947145462036 1.8036725521087646
v -3.622288465499878 -3.7164254188537598 1.7931621074676514
v -3.653587818145752 -3.6622133255004883 1.7757816314697266
v -3.6837642192840576 -3.6099467277526855 1.751734972000122
v -3.712463617324829 -3.5602376461029053 1.721304178237915
v -3.739349603652954 -3.513669729232788 1.6848456859588623
v -3.7641072273254395 -3.4707882404327393 1.6427870988845825
v -3.7864460945129395 -3.432096481323242 1.5956215858459473
v -3.8061041831970215 -3.39804744720459 1.543902039527893
v -3.8228509426116943 -3.3690409660339355 1.4882348775863647
v -3.8364903926849365 -3.345417022705078 1.4292726516723633
v -3.846862316131592 -3.3274521827697754 1.3677067756652832
v -3.8538453578948975 -3.315357208251953 1.304258942604065
v -3.8573575019836426 -3.309274196624756 1.239673137664795
v -3.8573575019836426 -3.309274196624756 1.1747064590454102
v -3.8538453578948975 -3.315357208251953 1.1101206541061401
v -3.846862316131592 -3.3274521827697754 1.0466728210449219
v -3.8364903926849365 -3.345417022705078 0.985106885433197
v -3.8228509426116943 -3.3690409660339355 0.9261447191238403
v -3.8061041831970215 -3.39804744720459 0.870477557182312
v -3.7864460945129395 -3.432096481323242 0.8187580108642578
v -3.7641072273254395 -3.4707882404327393 0.7715924978256226
v -3.739349603652954 -3.513669729232788 0.7295339703559875
v -3.712463617324829 -3.5602376461029053 0.6930754780769348
v -3.6837642192840576 -3.6099467277526855 0.6626445651054382
v -3.653587818145752 -3.6622133255004883 0.6385979056358337
v -3.622288465499878 -3.7164254188537598 0.6212174892425537
v -3.590233087539673 -3.771947145462036 0.6107070446014404
v -3.6012048721313477 -3.7799184322357178 1.8036725521087646
v -3.644103527069092 -3.7322747707366943 1.7931621074676514
v -3.68599009513855 -3.6857550144195557 1.7757816314697266
v -3.7263739109039307 -3.640904426574707 1.751734972000122
v -3.7647812366485596 -3.5982487201690674 1.721304178237915
v -3.8007616996765137 -3.558288097381592 1.6848456859588623
v -3.8338937759399414 -3.521491289138794 1.6427870988845825
v -3.8637890815734863 -3.4882893562316895 1.5956215858459473
v -3.890096664428711 -3.459071636199951 1.543902039527893
v -3.912508487701416 -3.434180974960327 1.4882348775863647
v -3.9307615756988525 -3.4139089584350586 1.4292726516723633
v -3.9446418285369873 -3.3984930515289307 1.3677067756652832
v -3.953986883163452 -3.3881144523620605 1.304258942604065
v -3.9586870670318604 -3.382894515991211 1.239673137664795
v -3.9586870670318604 -3.382894515991211 1.1747064590454102
v -3.953986883163452 -3.3881144523620605 1.1101206541061401
v -3.9446418285369873 -3.3984930515289307 1.0466728210449219
v -3.9307615756988525 -3.4139089584350586 0.985106885433197
v -3.912508487701416 -3.434180974960327 0.9261447191238403
v -3.890096664428711 -3.459071636199951 0.870477557182312
v -3.8637890815734863 -3.4882893562316895 0.8187580108642578
v -3.8338937759399414 -3.521491289138794 0.7715924978256226
v -3.8007616996765137 -3.558288097381592 0.7295339703559875
v -3.7647812366485596 -3.5982487201690674 0.6930754780769348
v -3.7263739109039307 -3.640904426574707 0.6626445651054382
v -3.68599009513855 -3.6857550144195557 0.6385979056358337
v -3.644103527069092 -3.7322747707366943 0.6212174892425537
v -3.6012048721313477 -3.7799184322357178 0.6107070446014404
v -3.6102795600891113 -3.789996862411499 1.8036725521087646
v -3.6621463298797607 -3.7523136138916016 1.7931621074676514
v -3.712789535522461 -3.7155189514160156 1.7757816314697266
v -3.7616159915924072 -3.680044651031494 1.751734972000122
v -3.8080525398254395 -3.6463065147399902 1.721304178237915
v -3.851555109024048 -3.6146998405456543 1.6848456859588623
v -3.891613721847534 -3.5855956077575684 1.6427870988845825
v -3.9277586936950684 -3.5593347549438477 1.5956215858459473
v -3.959566116333008 -3.5362253189086914 1.543902039527893
v -3.9866631031036377 -3.516538143157959 1.4882348775863647
v -4.008732318878174 -3.5005040168762207 1.4292726516723633
v -4.025514602661133 -3.4883110523223877 1.3677067756652832
v -4.036813259124756 -3.480102062225342 1.304258942604065
v -4.0424957275390625 -3.47597336769104 1.239673137664795
v -4.0424957275390625 -3.47597336769104 1.1747064590454102
v -4.036813259124756 -3.480102062225342 1.1101206541061401
v -4.025514602661133 -3.4883110523223877 1.0466728210449219
v -4.008732318878174 -3.5005040168762207 0.985106885433197
v -3.9866631031036377 -3.516538143157959 0.9261447191238403
v -3.959566116333008 -3.5362253189086914 0.870477557182312
v -3.9277586936950684 -3.5593347549438477 0.8187580108642578
v -3.891613721847534 -3.5855956077575684 0.7715924978256226
v -3.851555109024048 -3.6146998405456543 0.7295339703559875
v -3.8080525398254395 -3.6463065147399902 0.6930754780769348
v -3.7616159915924072 -3.680044651031494 0.6626445651054382
v -3.712789535522461 -3.7155189514160156 0.6385979056358337
v -3.6621463298797607 -3.7523136138916016 0.6212174892425537
v -3.6102795600891113 -3.789996862411499 0.6107070446014404
v -3.617060422897339 -3.8017418384552 1.8036725521087646
v -3.675628662109375 -3.775665521621704 1.7931621074676514
v -3.7328152656555176 -3.75020432472229 1.7757816314697266
v -3.787950038909912 -3.725656747817993 1.751734972000122
v -3.8403866291046143 -3.702310562133789 1.721304178237915
v -3.889509916305542 -3.6804394721984863 1.6848456859588623
v -3.934744358062744 -3.660299777984619 1.6427870988845825
v -3.9755592346191406 -3.642127752304077 1.5956215858459473
v -4.011476516723633 -3.626136541366577 1.543902039527893
v -4.042074680328369 -3.612513303756714 1.4882348775863647
v -4.066994667053223 -3.6014180183410645 1.4292726516723633
v -4.0859456062316895 -3.5929806232452393 1.3677067756652832
v -4.098703861236572 -3.5873003005981445 1.304258942604065
v -4.105120658874512 -3.5844433307647705 1.239673137664795
v -4.105120658874512 -3.5844433307647705 1.1747064590454102
v -4.098703861236572 -3.5873003005981445 1.1101206541061401
v -4.0859456062316895 -3.5929806232452393 1.0466728210449219
v -4.066994667053223 -3.6014180183410645 0.985106885433197
v -4.042074680328369 -3.612513303756714 0.9261447191238403
v -4.011476516723633 -3.626136541366577 0.870477557182312
v -3.9755592346191406 -3.642127752304077 0.8187580108642578
v -3.934744358062744 -3.660299777984619 0.7715924978256226
v -3.889509916305542 -3.6804394721984863 0.7295339703559875
v -3.8403866291046143 -3.702310562133789 0.6930754780769348
v -3.787950038909912 -3.725656747817993 0.6626445651054382
v -3.7328152656555176 -3.75020432472229 0.6385979056358337
v -3.675628662109375 -3.775665521621704 0.6212174892425537
v -3.617060422897339 -3.8017418384552 0.6107070446014404
v -3.621251344680786 -3.8146398067474365 1.8036725521087646
v -3.6839611530303955 -3.8013105392456055 1.7931621074676514
v -3.745191812515259 -3.7882955074310303 1.7757816314697266
v -3.804225444793701 -3.775747537612915 1.751734972000122
v -3.86037015914917 -3.7638134956359863 1.721304178237915
v -3.9129672050476074 -3.752633810043335 1.6848456859588623
v -3.9614005088806152 -3.7423388957977295 1.6427870988845825
v -4.005101680755615 -3.7330498695373535 1.5956215858459473
v -4.043558597564697 -3.7248756885528564 1.543902039527893
v -4.076320648193359 -3.717911958694458 1.4882348775863647
v -4.10300350189209 -3.712240219116211 1.4292726516723633
v -4.123293876647949 -3.7079274654388428 1.3677067756652832
v -4.1369547843933105 -3.705023765563965 1.304258942604065
v -4.143825531005859 -3.7035632133483887 1.239673137664795
v -4.143825531005859 -3.7035632133483887 1.1747064590454102
v -4.1369547843933105 -3.705023765563965 1.1101206541061401
v -4.123293876647949 -3.7079274654388428 1.0466728210449219
v -4.10300350189209 -3.712240219116211 0.985106885433197
v -4.076320648193359 -3.717911958694458 0.9261447191238403
v -4.043558597564697 -3.7248756885528564 0.870477557182312
v -4.005101680755615 -3.7330498695373535 0.8187580108642578
v -3.9614005088806152 -3.7423388957977295 0.7715924978256226
v -3.9129672050476074 -3.752633810043335 0.7295339703559875
v -3.86037015914917 -3.7638134956359863 0.6930754780769348
v -3.804225444793701 -3.775747537612915 0.6626445651054382
v -3.745191812515259 -3.7882955074310303 0.6385979056358337
v -3.6839611530303955 -3.8013105392456055 0.6212174892425537
v -3.621251344680786 -3.8146398067474365 0.6107070446014404
v -3.622668743133545 -3.828127384185791 1.8036725521087646
v -3.686779737472534 -3.828127384185791 1.7931621074676514
v -3.7493784427642822 -3.828127384185791 1.7757816314697266
v -3.8097310066223145 -3.828127384185791 1.751734972000122
v -3.8671298027038574 -3.828127384185791 1.721304178237915
v -3.9209020137786865 -3.828127384185791 1.6848456859588623
v -3.970417022705078 -3.828127384185791 1.6427870988845825
v -4.015094757080078 -3.828127384185791 1.5956215858459473
v -4.054410934448242 -3.828127384185791 1.543902039527893
v -4.087904453277588 -3.828127384185791 1.4882348775863647
v -4.115183353424072 -3.828127384185791 1.4292726516723633
v -4.135927200317383 -3.828127384185791 1.3677067756652832
v -4.149893283843994 -3.828127384185791 1.304258942604065
v -4.156917572021484 -3.828127384185791 1.239673137664795
v -4.156917572021484 -3.828127384185791 1.1747064590454102
v -4.149893283843994 -3.828127384185791 1.1101206541061401
v -4.135927200317383 -3.828127384185791 1.0466728210449219
v -4.115183353424072 -3.828127384185791 0.985106885433197
v -4.087904453277588 -3.828127384185791 0.9261447191238403
v -4.054410934448242 -3.828127384185791 0.870477557182312
v -4.015094757080078 -3.828127384185791 0.8187580108642578
v -3.970417022705078 -3.828127384185791 0.7715924978256226
v -3.9209020137786865 -3.828127384185791 0.7295339703559875
v -3.8671298027038574 -3.828127384185791 0.6930754780769348
v -3.8097310066223145 -3.828127384185791 0.6626445651054382
v -3.7493784427642822 -3.828127384185791 0.6385979056358337
v -3.686779737472534 -3.828127384185791 0.6212174892425537
v -3.622668743133545 -3.828127384185791 0.6107070446014404
v -3.621251344680786 -3.8416149616241455 1.8036725521087646
v -3.6839611530303955 -3.8549442291259766 1.7931621074676514
v -3.745191812515259 -3.8679592609405518 1.7757816314697266
v -3.804225444793701 -3.880507230758667 1.751734972000122
v -3.86037015914917 -3.8924412727355957 1.721304178237915
v -3.9129672050476074 -3.903620958328247 1.6848456859588623
v -3.9614005088806152 -3.9139158725738525 1.6427870988845825
v -4.005101680755615 -3.9232048988342285 1.5956215858459473
v -4.043558597564697 -3.9313790798187256 1.543902039527893
v -4.076320648193359 -3.938342809677124 1.4882348775863647
v -4.10300350189209 -3.944014549255371 1.4292726516723633
v -4.123293876647949 -3.9483273029327393 1.3677067756652832
v -4.1369547843933105 -3.951231002807617 1.304258942604065
v -4.143825531005859 -3.9526915550231934 1.239673137664795
v -4.143825531005859 -3.9526915550231934 1.1747064590454102
v -4.1369547843933105 -3.951231002807617 1.1101206541061401
v -4.123293876647949 -3.9483273029327393 1.0466728210449219
v -4.10300350189209 -3.944014549255371 0.985106885433197
v -4.076320648193359 -3.938342809677124 0.9261447191238403
v -4.043558597564697 -3.9313790798187256 0.870477557182312
v -4.005101680755615 -3.9232048988342285 0.8187580108642578
v -3.9614005088806152 -3.9139158725738525 0.7715924978256226
v -3.9129672050476074 -3.903620958328247 0.7295339703559875
v -3.86037015914917 -3.8924412727355957 0.6930754780769348
v -3.804225444793701 -3.880507230758667 0.6626445651054382
v -3.745191812515259 -3.8679592609405518 0.6385979056358337
v -3.6839611530303955 -3.8549442291259766 0.6212174892425537
v -3.621251344680786 -3.8416149616241455 0.6107070446014404
v -3.617060422897339 -3.854512929916382 1.8036725521087646
v -3.675628662109375 -3.880589246749878 1.7931621074676514
v -3.7328152656555176 -3.906050443649292 1.7757816314697266
v -3.787950038909912 -3.930598020553589 1.751734972000122
v -3.8403866291046143 -3.953944206237793 1.721304178237915
v -3.889509916305542 -3.9758152961730957 1.6848456859588623
v -3.934744358062744 -3.995954990386963 1.6427870988845825
v -3.9755592346191406 -4.014126777648926 1.5956215858459473
v -4.011476516723633 -4.030118465423584 1.543902039527893
v -4.042074680328369 -4.043741226196289 1.4882348775863647
v -4.066994667053223 -4.054836750030518 1.4292726516723633
v -4.0859456062316895 -4.063273906707764 1.3677067756652832
v -4.098703861236572 -4.0689544677734375 1.304258942604065
v -4.105120658874512 -4.071811676025391 1.239673137664795
v -4.105120658874512 -4.071811676025391 1.1747064590454102
v -4.098703861236572 -4.0689544677734375 1.1101206541061401
v -4.0859456062316895 -4.063273906707764 1.0466728210449219
v -4.066994667053223 -4.054836750030518 0.985106885433197
v -4.042074680328369 -4.043741226196289 0.9261447191238403
v -4.011476516723633 -4.030118465423584 0.870477557182312
v -3.9755592346191406 -4.014126777648926 0.8187580108642578
v -3.934744358062744 -3.995954990386963 0.7715924978256226
v -3.889509916305542 -3.9758152961730957 0.7295339703559875
v -3.8403866291046143 -3.953944206237793 0.6930754780769348
v -3.787950038909912 -3.930598020553589 0.6626445651054382
v -3.7328152656555176 -3.906050443649292 0.6385979056358337
v -3.675628662109375 -3.880589246749878 0.6212174892425537
v -3.617060422897339 -3.854512929916382 0.6107070446014404
v -3.6102795600891113 -3.866257905960083 1.8036725521087646
v -3.6621463298797607 -3.9039411544799805 1.7931621074676514
v -3.712789535522461 -3.9407358169555664 1.7757816314697266
v -3.7616159915924072 -3.976210117340088 1.751734972000122
v -3.8080525398254395 -4.009948253631592 1.721304178237915
v -3.851555109024048 -4.041554927825928 1.6848456859588623
v -3.891613721847534 -4.070659160614014 1.6427870988845825
v -3.9277586936950684 -4.096920013427734 1.5956215858459473
v -3.959566116333008 -4.120029449462891 1.543902039527893
v -3.9866631031036377 -4.139716625213623 1.4882348775863647
v -4.008732318878174 -4.155750751495361 1.4292726516723633
v -4.025514602661133 -4.167943477630615 1.3677067756652832
v -4.036813259124756 -4.17615270614624 1.304258942604065
v -4.0424957275390625 -4.180281162261963 1.239673137664795
v -4.0424957275390625 -4.180281162261963 1.1747064590454102
v -4.036813259124756 -4.17615270614624 1.1101206541061401
v -4.025514602661133 -4.167943477630615 1.0466728210449219
v -4.008732318878174 -4.155750751495361 0.985106885433197
v -3.9866631031036377 -4.139716625213623 0.9261447191238403
v -3.959566116333008 -4.120029449462891 0.870477557182312
v -3.9277586936950684 -4.096920013427734 0.8187580108642578
v -3.891613721847534 -4.070659160614014 0.7715924978256226
v -3.851555109024048 -4.041554927825928 0.7295339703559875
v -3.8080525398254395 -4.009948253631592 0.6930754780769348
v -3.7616159915924072 -3.976210117340088 0.6626445651054382
v -3.712789535522461 -3.9407358169555664 0.6385979056358337
v -3.6621463298797607 -3.9039411544799805 0.6212174892425537
v -3.6102795600891113 -3.866257905960083 0.6107070446014404
v -3.6012048721313477 -3.8763363361358643 1.8036725521087646
v -3.644103527069092 -3.9239799976348877 1.7931621074676514
v -3.68599009513855 -3.9704997539520264 1.7757816314697266
v -3.7263739109039307 -4.015350341796875 1.751734972000122
v -3.7647812366485596 -4.058006286621094 1.721304178237915
v -3.8007616996765137 -4.09796667098999 1.6848456859588623
v -3.8338937759399414 -4.134763717651367 1.6427870988845825
v -3.8637890815734863 -4.167965412139893 1.5956215858459473
v -3.890096664428711 -4.197183132171631 1.543902039527893
v -3.912508487701416 -4.222074031829834 1.4882348775863647
v -3.9307615756988525 -4.242345809936523 1.4292726516723633
v -3.9446418285369873 -4.257761478424072 1.3677067756652832
v -3.953986883163452 -4.2681403160095215 1.304258942604065
v -3.9586870670318604 -4.273360252380371 1.239673137664795
v -3.9586870670318604 -4.273360252380371 1.1747064590454102
v -3.953986883163452 -4.2681403160095215 1.1101206541061401
v -3.9446418285369873 -4.257761478424072 1.0466728210449219
v -3.9307615756988525 -4.242345809936523 0.985106885433197
v -3.912508487701416 -4.222074031829834 0.9261447191238403
v -3.890096664428711 -4.197183132171631 0.870477557182312
v -3.8637890815734863 -4.167965412139893 0.8187580108642578
v -3.8338937759399414 -4.134763717651367 0.7715924978256226
v -3.8007616996765137 -4.09796667098999 0.7295339703559875
v -3.7647812366485596 -4.058006286621094 0.6930754780769348
v -3.7263739109039307 -4.015350341796875 0.6626445651054382
v -3.68599009513855 -3.9704997539520264 0.6385979056358337
v -3.644103527069092 -3.9239799976348877 0.6212174892425537
v -3.6012048721313477 -3.8763363361358643 0.6107070446014404
v -3.590233087539673 -3.884307622909546 1.8036725521087646
v -3.622288465499878 -3.9398293495178223 1.7931621074676514
v -3.653587818145752 -3.9940414428710938 1.7757816314697266
v -3.6837642192840576 -4.0463080406188965 1.751734972000122
v -3.712463617324829 -4.096016883850098 1.721304178237915
v -3.739349603652954 -4.142585277557373 1.6848456859588623
v -3.7641072273254395 -4.185466289520264 1.6427870988845825
v -3.7864460945129395 -4.22415828704834 1.5956215858459473
v -3.8061041831970215 -4.258207321166992 1.543902039527893
v -3.8228509426116943 -4.2872138023376465 1.4882348775863647
v -3.8364903926849365 -4.310837745666504 1.4292726516723633
v -3.846862316131592 -4.328802585601807 1.3677067756652832
v -3.8538453578948975 -4.340897560119629 1.304258942604065
v -3.8573575019836426 -4.346980571746826 1.239673137664795
v -3.8573575019836426 -4.346980571746826 1.1747064590454102
v -3.8538453578948975 -4.340897560119629 1.1101206541061401
v -3.846862316131592 -4.328802585601807 1.0466728210449219
v -3.8364903926849365 -4.310837745666504 0.985106885433197
v -3.8228509426116943 -4.2872138023376465 0.9261447191238403
v -3.8061041831970215 -4.258207321166992 0.870477557182312
v -3.7864460945129395 -4.22415828704834 0.8187580108642578
v -3.7641072273254395 -4.185466289520264 0.7715924978256226
v -3.739349603652954 -4.142585277557373 0.7295339703559875
v -3.712463617324829 -4.096016883850098 0.6930754780769348
v -3.6837642192840576 -4.0463080406188965 0.6626445651054382
v -3.653587818145752 -3.9940414428710938 0.6385979056358337
v -3.622288465499878 -3.9398293495178223 0.6212174892425537
v -3.590233087539673 -3.884307622909546 0.6107070446014404
v -3.5778439044952393 -3.8898236751556396 1.8036725521087646
v -3.5976550579071045 -3.9507968425750732 1.7931621074676514
v -3.6169991493225098 -4.010331630706787 1.7757816314697266
v -3.6356492042541504 -4.06773042678833 1.751734972000122
v -3.653386354446411 -4.12231969833374 1.721304178237915
v -3.6700029373168945 -4.173460483551025 1.6848456859588623
v -3.6853039264678955 -4.22055196762085 1.6427870988845825
v -3.6991100311279297 -4.26304292678833 1.5956215858459473
v -3.711259365081787 -4.300434589385986 1.543902039527893
v -3.721609592437744 -4.332289218902588 1.4882348775863647
v -3.730039119720459 -4.3582329750061035 1.4292726516723633
v -3.7364494800567627 -4.3779616355896 1.3677067756652832
v -3.74076509475708 -4.391243934631348 1.304258942604065
v -3.7429356575012207 -4.397924423217773 1.239673137664795
v -3.7429356575012207 -4.397924423217773 1.1747064590454102
v -3.74076509475708 -4.391243934631348 1.1101206541061401
v -3.7364494800567627 -4.3779616355896 1.0466728210449219
v -3.730039119720459 -4.3582329750061035 0.985106885433197
v -3.721609592437744 -4.332289218902588 0.9261447191238403
v -3.711259365081787 -4.300434589385986 0.870477557182312
v -3.6991100311279297 -4.26304292678833 0.8187580108642578
v -3.6853039264678955 -4.22055196762085 0.7715924978256226
v -3.6700029373168945 -4.173460483551025 0.7295339703559875
v -3.653386354446411 -4.12231969833374 0.6930754780769348
v -3.6356492042541504 -4.06773042678833 0.6626445651054382
v -3.6169991493225098 -4.010331630706787 0.6385979056358337
v -3.5976550579071045 -3.9507968425750732 0.6212174892425537
v -3.5778439044952393 -3.8898236751556396 0.6107070446014404
v -3.5645782947540283 -3.892643451690674 1.8036725521087646
v -3.571279764175415 -3.9564030170440674 1.7931621074676514
v -3.5778231620788574 -4.018658638000488 1.7757816314697266
v -3.5841317176818848 -4.078680515289307 1.751734972000122
v -3.5901315212249756 -4.135765075683594 1.721304178237915
v -3.595752239227295 -4.189242839813232 1.6848456859588623
v -3.6009278297424316 -4.2384867668151855 1.6427870988845825
v -3.605597972869873 -4.282919406890869 1.5956215858459473
v -3.6097075939178467 -4.322020530700684 1.543902039527893
v -3.613208770751953 -4.355330467224121 1.4882348775863647
v -3.616060256958008 -4.382460117340088 1.4292726516723633
v -3.6182284355163574 -4.403090476989746 1.3677067756652832
v -3.6196882724761963 -4.416979789733887 1.304258942604065
v -3.620422601699829 -4.4239654541015625 1.239673137664795
v -3.620422601699829 -4.4239654541015625 1.1747064590454102
v -3.6196882724761963 -4.416979789733887 1.1101206541061401
v -3.6182284355163574 -4.403090476989746 1.0466728210449219
v -3.616060256958008 -4.382460117340088 0.985106885433197
v -3.613208770751953 -4.355330467224121 0.9261447191238403
v -3.6097075939178467 -4.322020530700684 0.870477557182312
v -3.605597972869873 -4.282919406890869 0.8187580108642578
v -3.6009278297424316 -4.2384867668151855 0.7715924978256226
v -3.595752239227295 -4.189242839813232 0.7295339703559875
v -3.5901315212249756 -4.135765075683594 0.6930754780769348
v -3.5841317176818848 -4.078680515289307 0.6626445651054382
v -3.5778231620788574 -4.018658638000488 0.6385979056358337
v -3.571279764175415 -3.9564030170440674 0.6212174892425537
v -3.5645782947540283 -3.892643451690674 0.6107070446014404
v -3.5510165691375732 -3.892643451690674 1.8036725521087646
v -3.5443150997161865 -3.9564030170440674 1.7931621074676514
v -3.537771701812744 -4.018658638000488 1.7757816314697266
v -3.531463146209717 -4.078680515289307 1.751734972000122
v -3.525463342666626 -4.135765075683594 1.721304178237915
v -3.5198426246643066 -4.189242839813232 1.6848456859588623
v -3.51466703414917 -4.2384867668151855 1.6427870988845825
v -3.5099968910217285 -4.282919406890869 1.5956215858459473
v -3.505887269973755 -4.322020530700684 1.543902039527893
v -3.5023860931396484 -4.355330467224121 1.4882348775863647
v -3.4995346069335938 -4.382460117340088 1.4292726516723633
v -3.497366428375244 -4.403090476989746 1.3677067756652832
v -3.4959065914154053 -4.416979789733887 1.304258942604065
v -3.4951722621917725 -4.4239654541015625 1.239673137664795
v -3.4951722621917725 -4.4239654541015625 1.1747064590454102
v -3.4959065914154053 -4.416979789733887 1.1101206541061401
v -3.497366428375244 -4.403090476989746 1.0466728210449219
v -3.4995346069335938 -4.382460117340088 0.985106885433197
v -3.5023860931396484 -4.355330467224121 0.9261447191238403
v -3.505887269973755 -4.322020530700684 0.870477557182312
v -3.5099968910217285 -4.282919406890869 0.8187580108642578
v -3.51466703414917 -4.2384867668151855 0.7715924978256226
v -3.5198426246643066 -4.189242839813232 0.7295339703559875
v -3.525463342666626 -4.135765075683594 0.6930754780769348
v -3.531463146209717 -4.078680515289307 0.6626445651054382
v -3.537771701812744 -4.018658638000488 0.6385979056358337
v -3.5443150997161865 -3.9564030170440674 0.6212174892425537
v -3.5510165691375732 -3.892643451690674 0.6107070446014404
v -3.5377509593963623 -3.8898236751556396 1.8036725521087646
v -3.517939805984497 -3.9507968425750732 1.7931621074676514
v -3.498595714569092 -4.010331630706787 1.7757816314697266
v -3.479945659637451 -4.06773042678833 1.751734972000122
v -3.4622085094451904 -4.12231969833374 1.721304178237915
v -3.445591926574707 -4.173460483551025 1.6848456859588623
v -3.430290937423706 -4.22055196762085 1.6427870988845825
v -3.416484832763672 -4.26304292678833 1.5956215858459473
v -3.4043354988098145 -4.300434589385986 1.543902039527893
v -3.3939852714538574 -4.332289218902588 1.4882348775863647
v -3.3855557441711426 -4.3582329750061035 1.4292726516723633
v -3.379145383834839 -4.3779616355896 1.3677067756652832
v -3.3748297691345215 -4.391243934631348 1.304258942604065
v -3.372659206390381 -4.397924423217773 1.239673137664795
v -3.372659206390381 -4.397924423217773 1.1747064590454102
v -3.3748297691345215 -4.391243934631348 1.1101206541061401
v -3.379145383834839 -4.3779616355896 1.0466728210449219
v -3.3855557441711426 -4.3582329750061035 0.985106885433197
v -3.3939852714538574 -4.332289218902588 0.9261447191238403
v -3.4043354988098145 -4.300434589385986 0.870477557182312
v -3.416484832763672 -4.26304292678833 0.8187580108642578
v -3.430290937423706 -4.22055196762085 0.7715924978256226
v -3.445591926574707 -4.173460483551025 0.7295339703559875
v -3.4622085094451904 -4.12231969833374 0.6930754780769348
v -3.479945659637451 -4.06773042678833 0.6626445651054382
v -3.498595714569092 -4.010331630706787 0.6385979056358337
v -3.517939805984497 -3.9507968425750732 0.6212174892425537
v -3.5377509593963623 -3.8898236751556396 0.6107070446014404
v -3.5253617763519287 -3.884307622909546 1.8036725521087646
v -3.4933063983917236 -3.9398293495178223 1.7931621074676514
v -3.4620070457458496 -3.9940414428710938 1.7757816314697266
v -3.431830644607544 -4.0463080406188965 1.751734972000122
v -3.4031312465667725 -4.096016883850098 1.721304178237915
v -3.3762452602386475 -4.142585277557373 1.6848456859588623
v -3.351487636566162 -4.185466289520264 1.6427870988845825
v -3.329148769378662 -4.22415828704834 1.5956215858459473
v -3.30949068069458 -4.258207321166992 1.543902039527893
v -3.2927439212799072 -4.2872138023376465 1.4882348775863647
v -3.279104471206665 -4.310837745666504 1.4292726516723633
v -3.2687325477600098 -4.328802585601807 1.3677067756652832
v -3.261749505996704 -4.340897560119629 1.304258942604065
v -3.258237361907959 -4.346980571746826 1.239673137664795
v -3.258237361907959 -4.346980571746826 1.1747064590454102
v -3.261749505996704 -4.340897560119629 1.1101206541061401
v -3.2687325477600098 -4.328802585601807 1.0466728210449219
v -3.279104471206665 -4.310837745666504 0.985106885433197
v -3.2927439212799072 -4.2872138023376465 0.9261447191238403
v -3.30949068069458 -4.258207321166992 0.870477557182312
v -3.329148769378662 -4.22415828704834 0.8187580108642578
v -3.351487636566162 -4.185466289520264 0.7715924978256226
v -3.3762452602386475 -4.142585277557373 0.7295339703559875
v -3.4031312465667725 -4.096016883850098 0.6930754780769348
v -3.431830644607544 -4.0463080406188965 0.6626445651054382
v -3.4620070457458496 -3.9940414428710938 0.6385979056358337
v -3.4933063983917236 -3.9398293495178223 0.6212174892425537
v -3.5253617763519287 -3.884307622909546 0.6107070446014404
v -3.514389991760254 -3.8763363361358643 1.8036725521087646
v -3.4714913368225098 -3.9239799976348877 1.7931621074676514
v -3.4296047687530518 -3.9704997539520264 1.7757816314697266
v -3.389220952987671 -4.015350341796875 1.751734972000122
v -3.350813627243042 -4.058006286621094 1.721304178237915
v -3.314833164215088 -4.09796667098999 1.6848456859588623
v -3.28170108795166 -4.134763717651367 1.6427870988845825
v -3.2518057823181152 -4.167965412139893 1.5956215858459473
v -3.2254981994628906 -4.197183132171631 1.543902039527893
v -3.2030863761901855 -4.222074031829834 1.4882348775863647
v -3.184833288192749 -4.242345809936523 1.4292726516723633
v -3.1709530353546143 -4.257761478424072 1.3677067756652832
v -3.1616079807281494 -4.2681403160095215 1.304258942604065
v -3.156907796859741 -4.273360252380371 1.239673137664795
v -3.156907796859741 -4.273360252380371 1.1747064590454102
v -3.1616079807281494 -4.2681403160095215 1.1101206541061401
v -3.1709530353546143 -4.257761478424072 1.0466728210449219
v -3.184833288192749 -4.242345809936523 0.985106885433197
v -3.2030863761901855 -4.222074031829834 0.9261447191238403
v -3.2254981994628906 -4.197183132171631 0.870477557182312
v -3.2518057823181152 -4.167965412139893 0.8187580108642578
v -3.28170108795166 -4.134763717651367 0.7715924978256226
v -3.314833164215088 -4.09796667098999 0.7295339703559875
v -3.350813627243042 -4.058006286621094 0.6930754780769348
v -3.389220952987671 -4.015350341796875 0.6626445651054382
v -3.4296047687530518 -3.9704997539520264 0.6385979056358337
v -3.4714913368225098 -3.9239799976348877 0.6212174892425537
v -3.514389991760254 -3.8763363361358643 0.6107070446014404
v -3.5053153038024902 -3.866257905960083 1.8036725521087646
v -3.453448534011841 -3.9039411544799805 1.7931621074676514
v -3.4028053283691406 -3.9407358169555664 1.7757816314697266
v -3.3539788722991943 -3.976210117340088 1.751734972000122
v -3.307542324066162 -4.009948253631592 1.721304178237915
v -3.2640397548675537 -4.041554927825928 1.6848456859588623
v -3.2239811420440674 -4.070659160614014 1.6427870988845825
v -3.187836170196533 -4.096920013427734 1.5956215858459473
v -3.1560287475585938 -4.120029449462891 1.543902039527893
v -3.128931760787964 -4.139716625213623 1.4882348775863647
v -3.1068625450134277 -4.155750751495361 1.4292726516723633
v -3.090080499649048 -4.167943477630615 1.3677067756652832
v -3.078781843185425 -4.17615270614624 1.304258942604065
v -3.073099136352539 -4.180281162261963 1.239673137664795
v -3.073099136352539 -4.180281162261963 1.1747064590454102
v -3.078781843185425 -4.17615270614624 1.1101206541061401
v -3.090080499649048 -4.167943477630615 1.0466728210449219
v -3.1068625450134277 -4.155750751495361 0.985106885433197
v -3.128931760787964 -4.139716625213623 0.9261447191238403
v -3.1560287475585938 -4.120029449462891 0.870477557182312
v -3.187836170196533 -4.096920013427734 0.8187580108642578
v -3.2239811420440674 -4.070659160614014 0.7715924978256226
v -3.2640397548675537 -4.041554927825928 0.7295339703559875
v -3.307542324066162 -4.009948253631592 0.6930754780769348
v -3.3539788722991943 -3.976210117340088 0.6626445651054382
v -3.4028053283691406 -3.9407358169555664 0.6385979056358337
v -3.453448534011841 -3.9039411544799805 0.6212174892425537
v -3.5053153038024902 -3.866257905960083 0.6107070446014404
v -3.4985344409942627 -3.854512929916382 1.8036725521087646
v -3.4399662017822266 -3.880589246749878 1.7931621074676514
v -3.382779598236084 -3.906050443649292 1.7757816314697266
v -3.3276448249816895 -3.930598020553589 1.751734972000122
v -3.2752082347869873 -3.953944206237793 1.721304178237915
v -3.2260849475860596 -3.9758152961730957 1.6848456859588623
v -3.1808505058288574 -3.995954990386963 1.6427870988845825
v -3.140035629272461 -4.014126777648926 1.5956215858459473
v -3.104118585586548 -4.030118465423584 1.543902039527893
v -3.0735204219818115 -4.043741226196289 1.4882348775863647
v -3.0485999584198 -4.054836750030518 1.4292726516723633
v -3.029649257659912 -4.063273906707764 1.3677067756652832
v -3.0168910026550293 -4.0689544677734375 1.304258942604065
v -3.0104739665985107 -4.071811676025391 1.239673137664795
v -3.0104739665985107 -4.071811676025391 1.1747064590454102
v -3.0168910026550293 -4.0689544677734375 1.1101206541061401
v -3.029649257659912 -4.063273906707764 1.0466728210449219
v -3.0485999584198 -4.054836750030518 0.985106885433197
v -3.0735204219818115 -4.043741226196289 0.9261447191238403
v -3.104118585586548 -4.030118465423584 0.870477557182312
v -3.140035629272461 -4.014126777648926 0.8187580108642578
v -3.1808505058288574 -3.995954990386963 0.7715924978256226
v -3.2260849475860596 -3.9758152961730957 0.7295339703559875
v -3.2752082347869873 -3.953944206237793 0.6930754780769348
v -3.3276448249816895 -3.930598020553589 0.6626445651054382
v -3.382779598236084 -3.906050443649292 0.6385979056358337
v -3.4399662017822266 -3.880589246749878 0.6212174892425537
v -3.4985344409942627 -3.854512929916382 0.6107070446014404
v -3.4943435192108154 -3.8416149616241455 1.8036725521087646
v -3.431633710861206 -3.8549442291259766 1.7931621074676514
v -3.3704030513763428 -3.8679592609405518 1.7757816314697266
v -3.3113694190979004 -3.880507230758667 1.751734972000122
v -3.2552247047424316 -3.8924412727355957 1.721304178237915
v -3.202627658843994 -3.903620958328247 1.6848456859588623
v -3.1541943550109863 -3.9139158725738525 1.6427870988845825
v -3.1104931831359863 -3.9232048988342285 1.5956215858459473
v -3.0720362663269043 -3.9313790798187256 1.543902039527893
v -3.039274215698242 -3.938342809677124 1.4882348775863647
v -3.012591600418091 -3.944014549255371 1.4292726516723633
v -2.9923009872436523 -3.9483273029327393 1.3677067756652832
v -2.97864031791687 -3.951231002807617 1.304258942604065
v -2.9717695713043213 -3.9526915550231934 1.239673137664795
v -2.9717695713043213 -3.9526915550231934 1.1747064590454102
v -2.97864031791687 -3.951231002807617 1.1101206541061401
v -2.9923009872436523 -3.9483273029327393 1.0466728210449219
v -3.012591600418091 -3.944014549255371 0.985106885433197
v -3.039274215698242 -3.938342809677124 0.9261447191238403
v -3.0720362663269043 -3.9313790798187256 0.870477557182312
v -3.1104931831359863 -3.9232048988342285 0.8187580108642578
v -3.1541943550109863 -3.9139158725738525 0.7715924978256226
v -3.202627658843994 -3.903620958328247 0.7295339703559875
v -3.2552247047424316 -3.8924412727355957 0.6930754780769348
v -3.3113694190979004 -3.880507230758667 0.6626445651054382
v -3.3704030513763428 -3.8679592609405518 0.6385979056358337
v -3.431633710861206 -3.8549442291259766 0.6212174892425537
v -3.4943435192108154 -3.8416149616241455 0.6107070446014404
f 51 50 49 48 47 46 45 44 43 42 41 40 39 38 37 36 35 34 33 32 31 30 29 28 27 26 25 24 23 22 21 20 19 18 17 16 15 14 13 12 11 10 9 8 7 6 5 4 3 2
f 1 2 3
f 1 3 4
f 1 4 5
f 1 5 6
f 1 6 7
f 1 7 8
f 1 8 9
f 1 9 10
f 1 10 11
f 1 11 12
f 1 12 13
f 1 13 14
f 1 14 15
f 1 15 16
f 1 16 17
f 1 17 18
f 1 18 19
f 1 19 20
f 1 20 21
f 1 21 22
f 1 22 23
f 1 23 24
f 1 24 25
f 1 25 26
f 1 26 27
f 1 27 28
f 1 28 29
f 1 29 30
f 1 30 31
f 1 31 32
f 1 32 33
f 1 33 34
f 1 34 35
f 1 35 36
f 1 36 37
f 1 37 38
f 1 38 39
f 1 39 40
f 1 40 41
f 1 41 42
f 1 42 43
f 1 43 44
f 1 44 45
f 1 45 46
f 1 46 47
f 1 47 48
f 1 48 49
f 1 49 50
f 1 50 51
f 1 51 2
f 102 101 100 99 98 97 96 95 94 93 92 91 90 89 88 87 86 85 84 83 82 81 80 79 78 77 76 75 74 73 72 71 70 69 68 67 66 65 64 63 62 61 60 59 58 57 56 55 54 53
f 52 53 54
f 52 54 55
f 52 55 56
f 52 56 57
f 52 57 58
f 52 58 59
f 52 59 60
f 52 60 61
f 52 61 62
f 52 62 63
f 52 63 64
f 52 64 65
f 52 65 66
f 52 66 67
f 52 67 68
f 52 68 69
f 52 69 70
f 52 70 71
f 52 71 72
f 52 72 73
f 52 73 74
f 52 74 75
f 52 75 76
f 52 76 77
f 52 77 78
f 52 78 79
f 52 79 80
f 52 80 81
f 52 81 82
f 52 82 83
f 52 83 84
f 52 84 85
f 52 85 86
f 52 86 87
f 52 87 88
f 52 88 89
f 52 89 90
f 52 90 91
f 52 91 92
f 52 92 93
f 52 93 94
f 52 94 95
f 52 95 96
f 52 96 97
f 52 97 98
f 52 98 99
f 52 99 100
f 52 100 101
f 52 101 102
f 52 102 53
f 153 152 151 150 149 148 147 146 145 144 143 142 141 140 139 138 137 136 135 134 133 132 131 130 129 128 127 126 125 124 123 122 121 120 119 118 117 116 115 114 113 112 111 110 109 108 107 106 105 104
f 103 104 105
f 103 105 106
f 103 106 107
f 103 107 108
f 103 108 109
f 103 109 110
f 103 110 111
f 103 111 112
f 103 112 113
f 103 113 114
f 103 114 115
f 103 115 116
f 103 116 117
f 103 117 118
f 103 118 119
f 103 119 120
f 103 120 121
f 103 121 122
f 103 122 123
f 103 123 124
f 103 124 125
f 103 125 126
f 103 126 127
f 103 127 128
f 103 128 129
f 103 129 130
f 103 130 131
f 103 131 132
f 103 132 133
f 103 133 134
f 103 134 135
f 103 135 136
f 103 136 137
f 103 137 138
f 103 138 139
f 103 139 140
f 103 140 141
f 103 141 142
f 103 142 143
f 103 143 144
f 103 144 145
f 103 145 146
f 103 146 147
f 103 147 148
f 103 148 149
f 103 149 150
f 103 150 151
f 103 151 152
f 103 152 153
f 103 153 104
f 204 203 202 201 200 199 198 197 196 195 194 193 192 191 190 189 188 187 186 185 184 183 182 181 180 179 178 177 176 175 174 173 172 171 170 169 168 167 166 165 164 163 162 161 160 159 158 157 156 155
f 154 155 156
f 154 156 157
f 154 157 158
f 154 158 159
f 154 159 160
f 154 160 161
f 154 161 162
f 154 162 163
f 154 163 164
f 154 164 165
f 154 165 166
f 154 166 167
f 154 167 168
f 154 168 169
f 154 169 170
f 154 170 171
f 154 171 172
f 154 172 173
f 154 173 174
f 154 174 175
f 154 175 176
f 154 176 177
f 154 177 178
f 154 178 179
f 154 179 180
f 154 180 181
f 154 181 182
f 154 182 183
f 154 183 184
f 154 184 185
f 154 185 186
f 154 186 187
f 154 187 188
f 154 188 189
f 154 189 190
f 154 190 191
f 154 191 192
f 154 192 193
f 154 193 194
f 154 194 195
f 154 195 196
f 154 196 197
f 154 197 198
f 154 198 199
f 154 199 200
f 154 200 201
f 154 201 202
f 154 202 203
f 154 203 204
f 154 204 155
f 255 254 253 252 251 250 249 248 247 246 245 244 243 242 241 240 239 238 237 236 235 234 233 232 231 230 229 228 227 226 225 224 223 222 221 220 219 218 217 216 215 214 213 212 211 210 209 208 207 206
f 205 206 207
f 205 207 208
f 205 208 209
f 205 209 210
f 205 210 211
f 205 211 212
f 205 212 213
f 205 213 214
f 205 214 215
f 205 215 216
f 205 216 217
f 205 217 218
f 205 218 219
f 205 219 220
f 205 220 221
f 205 221 222
f 205 222 223
f 205 223 224
f 205 224 225
f 205 225 226
f 205 226 227
f 205 227 228
f 205 228 229
f 205 229 230
f 205 230 231
f 205 231 232
f 205 232 233
f 205 233 234
f 205 234 235
f 205 235 236
f 205 236 237
f 205 237 238
f 205 238 239
f 205 239 240
f 205 240 241
f 205 241 242
f 205 242 243
f 205 243 244
f 205 244 245
f 205 245 246
f 205 246 247
f 205 247 248
f 205 248 249
f 205 249 250
f 205 250 251
f 205 251 252
f 205 252 253
f 205 253 254
f 205 254 255
f 205 255 206
f 306 305 304 303 302 301 300 299 298 297 296 295 294 293 292 291 290 289 288 287 286 285 284 283 282 281 280 279 278 277 276 275 274 273 272 271 270 269 268 267 266 265 264 263 262 261 260 259 258 257
f 256 257 258
f 256 258 259
f 256 259 260
f 256 260 261
f 256 261 262
f 256 262 263
f 256 263 264
f 256 264 265
f 256 265 266
f 256 266 267
f 256 267 268
f 256 268 269
f 256 269 270
f 256 270 271
f 256 271 272
f 256 272 273
f 256 273 274
f 256 274 275
f 256 275 276
f 256 276 277
f 256 277 278
f 256 278 279
f 256 279 280
f 256 280 281
f 256 281 282
f 256 282 283
f 256 283 284
f 256 284 285
f 256 285 286
f 256 286 287
f 256 287 288
f 256 288 289
f 256 289 290
f 256 290 291
f 256 291 292
f 256 292 293
f 256 293 294
f 256 294 295
f 256 295 296
f 256 296 297
f 256 297 298
f 256 298 299
f 256 299 300
f 256 300 301
f 256 301 302
f 256 302 303
f 256 303 304
f 256 304 305
f 256 305 306
f 256 306 257
f 307 308 310 309
f 309 310 312 311
f 311 312 314 313
f 313 314 316 315
f 315 316 318 317
f 317 318 320 319
f 319 320 322 321
f 321 322 324 323
f 323 324 326 325
f 325 326 328 327
f 327 328 330 329
f 329 330 332 331
f 331 332 334 333
f 333 334 336 335
f 335 336 338 337
f 337 338 340 339
f 339 340 342 341
f 341 342 344 343
f 343 344 346 345
f 345 346 348 347
f 347 348 350 349
f 349 350 352 351
f 351 352 354 353
f 353 354 356 355
f 355 356 358 357
f 357 358 360 359
f 359 360 362 361
f 361 362 364 363
f 363 364 366 365
f 365 366 368 367
f 367 368 370 369
f 369 370 372 371
f 371 372 374 373
f 373 374 376 375
f 375 376 378 377
f 377 378 380 379
f 379 380 382 381
f 381 382 384 383
f 383 384 386 385
f 385 386 388 387
f 387 388 390 389
f 389 390 392 391
f 391 392 394 393
f 393 394 396 395
f 395 396 398 397
f 397 398 400 399
f 399 400 402 401
f 401 402 404 403
f 403 404 406 405
f 405 406 308 307
f 307 309 311 313 315 317 319 321 323 325 327 329 331 333 335 337 339 341 343 345 347 349 351 353 355 357 359 361 363 365 367 369 371 373 375 377 379 381 383 385 387 389 391 393 395 397 399 401 403 405
f 406 404 402 400 398 396 394 392 390 388 386 384 382 380 378 376 374 372 370 368 366 364 362 360 358 356 354 352 350 348 346 344 342 340 338 336 334 332 330 328 326 324 322 320 318 316 314 312 310 308
f 407 408 410 409
f 409 410 412 411
f 411 412 414 413
f 413 414 416 415
f 415 416 418 417
f 417 418 420 419
f 419 420 422 421
f 421 422 424 423
f 423 424 426 425
f 425 426 428 427
f 427 428 430 429
f 429 430 432 431
f 431 432 434 433
f 433 434 436 435
f 435 436 438 437
f 437 438 440 439
f 439 440 442 441
f 441 442 444 443
f 443 444 446 445
f 445 446 448 447
f 447 448 450 449
f 449 450 452 451
f 451 452 454 453
f 453 454 456 455
f 455 456 458 457
f 457 458 460 459
f 459 460 462 461
f 461 462 464 463
f 463 464 466 465
f 465 466 468 467
f 467 468 470 469
f 469 470 472 471
f 471 472 474 473
f 473 474 476 475
f 475 476 478 477
f 477 478 480 479
f 479 480 482 481
f 481 482 484 483
f 483 484 486 485
f 485 486 488 487
f 487 488 490 489
f 489 490 492 491
f 491 492 494 493
f 493 494 496 495
f 495 496 498 497
f 497 498 500 499
f 499 500 502 501
f 501 502 504 503
f 503 504 506 505
f 505 506 408 407
f 407 409 411 413 415 417 419 421 423 425 427 429 431 433 435 437 439 441 443 445 447 449 451 453 455 457 459 461 463 465 467 469 471 473 475 477 479 481 483 485 487 489 491 493 495 497 499 501 503 505
f 506 504 502 500 498 496 494 492 490 488 486 484 482 480 478 476 474 472 470 468 466 464 462 460 458 456 454 452 450 448 446 444 442 440 438 436 434 432 430 428 426 424 422 420 418 416 414 412 410 408
f 507 508 510 509
f 509 510 512 511
f 511 512 514 513
f 513 514 516 515
f 515 516 518 517
f 517 518 520 519
f 519 520 522 521
f 521 522 524 523
f 523 524 526 525
f 525 526 528 527
f 527 528 530 529
f 529 530 532 531
f 531 532 534 533
f 533 534 536 535
f 535 536 538 537
f 537 538 540 539
f 539 540 542 541
f 541 542 544 543
f 543 544 546 545
f 545 546 548 547
f 547 548 550 549
f 549 550 552 551
f 551 552 554 553
f 553 554 556 555
f 555 556 558 557
f 557 558 560 559
f 559 560 562 561
f 561 562 564 563
f 563 564 566 565
f 565 566 568 567
f 567 568 570 569
f 569 570 572 571
f 571 572 574 573
f 573 574 576 575
f 575 576 578 577
f 577 578 580 579
f 579 580 582 581
f 581 582 584 583
f 583 584 586 585
f 585 586 588 587
f 587 588 590 589
f 589 590 592 591
f 591 592 594 593
f 593 594 596 595
f 595 596 598 597
f 597 598 600 599
f 599 600 602 601
f 601 602 604 603
f 603 604 606 605
f 605 606 508 507
f 507 509 511 513 515 517 519 521 523 525 527 529 531 533 535 537 539 541 543 545 547 549 551 553 555 557 559 561 563 565 567 569 571 573 575 577 579 581 583 585 587 589 591 593 595 597 599 601 603 605
f 606 604 602 600 598 596 594 592 590 588 586 584 582 580 578 576 574 572 570 568 566 564 562 560 558 556 554 552 550 548 546 544 542 540 538 536 534 532 530 528 526 524 522 520 518 516 514 512 510 508
f 607 608 610 609
f 609 610 612 611
f 611 612 614 613
f 613 614 616 615
f 615 616 618 617
f 617 618 620 619
f 619 620 622 621
f 621 622 624 623
f 623 624 626 625
f 625 626 628 627
f 627 628 630 629
f 629 630 632 631
f 631 632 634 633
f 633 634 636 635
f 635 636 638 637
f 637 638 640 639
f 639 640 642 641
f 641 642 644 643
f 643 644 646 645
f 645 646 648 647
f 647 648 650 649
f 649 650 652 651
f 651 652 654 653
f 653 654 656 655
f 655 656 658 657
f 657 658 660 659
f 659 660 662 661
f 661 662 664 663
f 663 664 666 665
f 665 666 668 667
f 667 668 670 669
f 669 670 672 671
f 671 672 674 673
f 673 674 676 675
f 675 676 678 677
f 677 678 680 679
f 679 680 682 681
f 681 682 684 683
f 683 684 686 685
f 685 686 688 687
f 687 688 690 689
f 689 690 692 691
f 691 692 694 693
f 693 694 696 695
f 695 696 698 697
f 697 698 700 699
f 699 700 702 701
f 701 702 704 703
f 703 704 706 705
f 705 706 608 607
f 607 609 611 613 615 617 619 621 623 625 627 629 631 633 635 637 639 641 643 645 647 649 651 653 655 657 659 661 663 665 667 669 671 673 675 677 679 681 683 685 687 689 691 693 695 697 699 701 703 705
f 706 704 702 700 698 696 694 692 690 688 686 684 682 680 678 676 674 672 670 668 666 664 662 660 658 656 654 652 650 648 646 644 642 640 638 636 634 632 630 628 626 624 622 620 618 616 614 612 610 608
f 707 708 710 709
f 709 710 712 711
f 711 712 714 713
f 713 714 716 715
f 715 716 718 717
f 717 718 720 719
f 719 720 722 721
f 721 722 724 723
f 723 724 726 725
f 725 726 728 727
f 727 728 730 729
f 729 730 732 731
f 731 732 734 733
f 733 734 736 735
f 735 736 738 737
f 737 738 740 739
f 739 740 742 741
f 741 742 744 743
f 743 744 746 745
f 745 746 748 747
f 747 748 750 749
f 749 750 752 751
f 751 752 754 753
f 753 754 756 755
f 755 756 758 757
f 757 758 760 759
f 759 760 762 761
f 761 762 764 763
f 763 764 766 765
f 765 766 768 767
f 767 768 770 769
f 769 770 772 771
f 771 772 774 773
f 773 774 776 775
f 775 776 778 777
f 777 778 780 779
f 779 780 782 781
f 781 782 784 783
f 783 784 786 785
f 785 786 788 787
f 787 788 790 789
f 789 790 792 791
f 791 792 794 793
f 793 794 796 795
f 795 796 798 797
f 797 798 800 799
f 799 800 802 801
f 801 802 804 803
f 803 804 806 805
f 805 806 708 707
f 707 709 711 713 715 717 719 721 723 725 727 729 731 733 735 737 739 741 743 745 747 749 751 753 755 757 759 761 763 765 767 769 771 773 775 777 779 781 783 785 787 789 791 793 795 797 799 801 803 805
f 806 804 802 800 798 796 794 792 790 788 786 784 782 780 778 776 774 772 770 768 766 764 762 760 758 756 754 752 750 748 746 744 742 740 738 736 734 732 730 728 726 724 722 720 718 716 714 712 710 708
f 807 808 810 809
f 809 810 812 811
f 811 812 814 813
f 813 814 816 815
f 815 816 818 817
f 817 818 820 819
f 819 820 822 821
f 821 822 824 823
f 823 824 826 825
f 825 826 828 827
f 827 828 830 829
f 829 830 832 831
f 831 832 834 833
f 833 834 836 835
f 835 836 838 837
f 837 838 840 839
f 839 840 842 841
f 841 842 844 843
f 843 844 846 845
f 845 846 848 847
f 847 848 850 849
f 849 850 852 851
f 851 852 854 853
f 853 854 856 855
f 855 856 858 857
f 857 858 860 859
f 859 860 862 861
f 861 862 864 863
f 863 864 866 865
f 865 866 868 867
f 867 868 870 869
f 869 870 872 871
f 871 872 874 873
f 873 874 876 875
f 875 876 878 877
f 877 878 880 879
f 879 880 882 881
f 881 882 884 883
f 883 884 886 885
f 885 886 888 887
f 887 888 890 889
f 889 890 892 891
f 891 892 894 893
f 893 894 896 895
f 895 896 898 897
f 897 898 900 899
f 899 900 902 901
f 901 902 904 903
f 903 904 906 905
f 905 906 808 807
f 807 809 811 813 815 817 819 821 823 825 827 829 831 833 835 837 839 841 843 845 847 849 851 853 855 857 859 861 863 865 867 869 871 873 875 877 879 881 883 885 887 889 891 893 895 897 899 901 903 905
f 906 904 902 900 898 896 894 892 890 888 886 884 882 880 878 876 874 872 870 868 866 864 862 860 858 856 854 852 850 848 846 844 842 840 838 836 834 832 830 828 826 824 822 820 818 816 814 812 810 808
f 909 937 907
f 937 965 907
f 965 993 907
f 993 1021 907
f 1021 1049 907
f 1049 1077 907
f 1077 1105 907
f 1105 1133 907
f 1133 1161 907
f 1161 1189 907
f 1189 1217 907
f 1217 1245 907
f 1245 1273 907
f 1273 1301 907
f 1301 1329 907
f 1329 1357 907
f 1357 1385 907
f 1385 1413 907
f 1413 1441 907
f 1441 1469 907
f 1469 1497 907
f 1497 1525 907
f 1525 1553 907
f 1553 1581 907
f 1581 1609 907
f 1609 1637 907
f 1637 1665 907
f 1665 1693 907
f 1693 1721 907
f 1721 909 907
f 936 908 964
f 964 908 992
f 992 908 1020
f 1020 908 1048
f 1048 908 1076
f 1076 908 1104
f 1104 908 1132
f 1132 908 1160
f 1160 908 1188
f 1188 908 1216
f 1216 908 1244
f 1244 908 1272
f 1272 908 1300
f 1300 908 1328
f 1328 908 1356
f 1356 908 1384
f 1384 908 1412
f 1412 908 1440
f 1440 908 1468
f 1468 908 1496
f 1496 908 1524
f 1524 908 1552
f 1552 908 1580
f 1580 908 1608
f 1608 908 1636
f 1636 908 1664
f 1664 908 1692
f 1692 908 1720
f 1720 908 1748
f 1748 908 936
f 909 910 938
f 909 938 937
f 910 911 939
f 910 939 938
f 911 912 940
f 911 940 939
f 912 913 941
f 912 941 940
f 913 914 942
f 913 942 941
f 914 915 943
f 914 943 942
f 915 916 944
f 915 944 943
f 916 917 945
f 916 945 944
f 917 918 946
f 917 946 945
f 918 919 947
f 918 947 946
f 919 920 948
f 919 948 947
f 920 921 949
f 920 949 948
f 921 922 950
f 921 950 949
f 922 923 951
f 922 951 950
f 923 924 952
f 923 952 951
f 924 925 953
f 924 953 952
f 925 926 954
f 925 954 953
f 926 927 955
f 926 955 954
f 927 928 956
f 927 956 955
f 928 929 957
f 928 957 956
f 929 930 958
f 929 958 957
f 930 931 959
f 930 959 958
f 931 932 960
f 931 960 959
f 932 933 961
f 932 961 960
f 933 934 962
f 933 962 961
f 934 935 963
f 934 963 962
f 935 936 964
f 935 964 963
f 937 938 966
f 937 966 965
f 938 939 967
f 938 967 966
f 939 940 968
f 939 968 967
f 940 941 969
f 940 969 968
f 941 942 970
f 941 970 969
f 942 943 971
f 942 971 970
f 943 944 972
f 943 972 971
f 944 945 973
f 944 973 972
f 945 946 974
f 945 974 973
f 946 947 975
f 946 975 974
f 947 948 976
f 947 976 975
f 948 949 977
f 948 977 976
f 949 950 978
f 949 978 977
f 950 951 979
f 950 979 978
f 951 952 980
f 951 980 979
f 952 953 981
f 952 981 980
f 953 954 982
f 953 982 981
f 954 955 983
f 954 983 982
f 955 956 984
f 955 984 983
f 956 957 985
f 956 985 984
f 957 958 986
f 957 986 985
f 958 959 987
f 958 987 986
f 959 960 988
f 959 988 987
f 960 961 989
f 960 989 988
f 961 962 990
f 961 990 989
f 962 963 991
f 962 991 990
f 963 964 992
f 963 992 991
f 965 966 994
f 965 994 993
f 966 967 995
f 966 995 994
f 967 968 996
f 967 996 995
f 968 969 997
f 968 997 996
f 969 970 998
f 969 998 997
f 970 971 999
f 970 999 998
f 971 972 1000
f 971 1000 999
f 972 973 1001
f 972 1001 1000
f 973 974 1002
f 973 1002 1001
f 974 975 1003
f 974 1003 1002
f 975 976 1004
f 975 1004 1003
f 976 977 1005
f 976 1005 1004
f 977 978 1006
f 977 1006 1005
f 978 979 1007
f 978 1007 1006
f 979 980 1008
f 979 1008 1007
f 980 981 1009
f 980 1009 1008
f 981 982 1010
f 981 1010 1009
f 982 983 1011
f 982 1011 1010
f 983 984 1012
f 983 1012 1011
f 984 985 1013
f 984 1013 1012
f 985 986 1014
f 985 1014 1013
f 986 987 1015
f 986 1015 1014
f 987 988 1016
f 987 1016 1015
f 988 989 1017
f 988 1017 1016
f 989 990 1018
f 989 1018 1017
f 990 991 1019
f 990 1019 1018
f 991 992 1020
f 991 1020 1019
f 993 994 1022
f 993 1022 1021
f 994 995 1023
f 994 1023 1022
f 995 996 1024
f 995 1024 1023
f 996 997 1025
f 996 1025 1024
f 997 998 1026
f 997 1026 1025
f 998 999 1027
f 998 1027 1026
f 999 1000 1028
f 999 1028 1027
f 1000 1001 1029
f 1000 1029 1028
f 1001 1002 1030
f 1001 1030 1029
f 1002 1003 1031
f 1002 1031 1030
f 1003 1004 1032
f 1003 1032 1031
f 1004 1005 1033
f 1004 1033 1032
f 1005 1006 1034
f 1005 1034 1033
f 1006 1007 1035
f 1006 1035 1034
f 1007 1008 1036
f 1007 1036 1035
f 1008 1009 1037
f 1008 1037 1036
f 1009 1010 1038
f 1009 1038 1037
f 1010 1011 1039
f 1010 1039 1038
f 1011 1012 1040
f 1011 1040 1039
f 1012 1013 1041
f 1012 1041 1040
f 1013 1014 1042
f 1013 1042 1041
f 1014 1015 1043
f 1014 1043 1042
f 1015 1016 1044
f 1015 1044 1043
f 1016 1017 1045
f 1016 1045 1044
f 1017 1018 1046
f 1017 1046 1045
f 1018 1019 1047
f 1018 1047 1046
f 1019 1020 1048
f 1019 1048 1047
f 1021 1022 1050
f 1021 1050 1049
f 1022 1023 1051
f 1022 1051 1050
f 1023 1024 1052
f 1023 1052 1051
f 1024 1025 1053
f 1024 1053 1052
f 1025 1026 1054
f 1025 1054 1053
f 1026 1027 1055
f 1026 1055 1054
f 1027 1028 1056
f 1027 1056 1055
f 1028 1029 1057
f 1028 1057 1056
f 1029 1030 1058
f 1029 1058 1057
f 1030 1031 1059
f 1030 1059 1058
f 1031 1032 1060
f 1031 1060 1059
f 1032 1033 1061
f 1032 1061 1060
f 1033 1034 1062
f 1033 1062 1061
f 1034 1035 1063
f 1034 1063 1062
f 1035 1036 1064
f 1035 1064 1063
f 1036 1037 1065
f 1036 1065 1064
f 1037 1038 1066
f 1037 1066 1065
f 1038 1039 1067
f 1038 1067 1066
f 1039 1040 1068
f 1039 1068 1067
f 1040 1041 1069
f 1040 1069 1068
f 1041 1042 1070
f 1041 1070 1069
f 1042 1043 1071
f 1042 1071 1070
f 1043 1044 1072
f 1043 1072 1071
f 1044 1045 1073
f 1044 1073 1072
f 1045 1046 1074
f 1045 1074 1073
f 1046 1047 1075
f 1046 1075 1074
f 1047 1048 1076
f 1047 1076 1075
f 1049 1050 1078
f 1049 1078 1077
f 1050 1051 1079
f 1050 1079 1078
f 1051 1052 1080
f 1051 1080 1079
f 1052 1053 1081
f 1052 1081 1080
f 1053 1054 1082
f 1053 1082 1081
f 1054 1055 1083
f 1054 1083 1082
f 1055 1056 1084
f 1055 1084 1083
f 1056 1057 1085
f 1056 1085 1084
f 1057 1058 1086
f 1057 1086 1085
f 1058 1059 1087
f 1058 1087 1086
f 1059 1060 1088
f 1059 1088 1087
f 1060 1061 1089
f 1060 1089 1088
f 1061 1062 1090
f 1061 1090 1089
f 1062 1063 1091
f 1062 1091 1090
f 1063 1064 1092
f 1063 1092 1091
f 1064 1065 1093
f 1064 1093 1092
f 1065 1066 1094
f 1065 1094 1093
f 1066 1067 1095
f 1066 1095 1094
f 1067 1068 1096
f 1067 1096 1095
f 1068 1069 1097
f 1068 1097 1096
f 1069 1070 1098
f 1069 1098 1097
f 1070 1071 1099
f 1070 1099 1098
f 1071 1072 1100
f 1071 1100 1099
f 1072 1073 1101
f 1072 1101 1100
f 1073 1074 1102
f 1073 1102 1101
f 1074 1075 1103
f 1074 1103 1102
f 1075 1076 1104
f 1075 1104 1103
f 1077 1078 1106
f 1077 1106 1105
f 1078 1079 1107
f 1078 1107 1106
f 1079 1080 1108
f 1079 1108 1107
f 1080 1081 1109
f 1080 1109 1108
f 1081 1082 1110
f 1081 1110 1109
f 1082 1083 1111
f 1082 1111 1110
f 1083 1084 1112
f 1083 1112 1111
f 1084 1085 1113
f 1084 1113 1112
f 1085 1086 1114
f 1085 1114 1113
f 1086 1087 1115
f 1086 1115 1114
f 1087 1088 1116
f 1087 1116 1115
f 1088 1089 1117
f 1088 1117 1116
f 1089 1090 1118
f 1089 1118 1117
f 1090 1091 1119
f 1090 1119 1118
f 1091 1092 1120
f 1091 1120 1119
f 1092 1093 1121
f 1092 1121 1120
f 1093 1094 1122
f 1093 1122 1121
f 1094 1095 1123
f 1094 1123 1122
f 1095 1096 1124
f 1095 1124 1123
f 1096 1097 1125
f 1096 1125 1124
f 1097 1098 1126
f 1097 1126 1125
f 1098 1099 1127
f 1098 1127 1126
f 1099 1100 1128
f 1099 1128 1127
f 1100 1101 1129
f 1100 1129 1128
f 1101 1102 1130
f 1101 1130 1129
f 1102 1103 1131
f 1102 1131 1130
f 1103 1104 1132
f 1103 1132 1131
f 1105 1106 1134
f 1105 1134 1133
f 1106 1107 1135
f 1106 1135 1134
f 1107 1108 1136
f 1107 1136 1135
f 1108 1109 1137
f 1108 1137 1136
f 1109 1110 1138
f 1109 1138 1137
f 1110 1111 1139
f 1110 1139 1138
f 1111 1112 1140
f 1111 1140 1139
f 1112 1113 1141
f 1112 1141 1140
f 1113 1114 1142
f 1113 1142 1141
f 1114 1115 1143
f 1114 1143 1142
f 1115 1116 1144
f 1115 1144 1143
f 1116 1117 1145
f 1116 1145 1144
f 1117 1118 1146
f 1117 1146 1145
f 1118 1119 1147
f 1118 1147 1146
f 1119 1120 1148
f 1119 1148 1147
f 1120 1121 1149
f 1120 1149 1148
f 1121 1122 1150
f 1121 1150 1149
f 1122 1123 1151
f 1122 1151 1150
f 1123 1124 1152
f 1123 1152 1151
f 1124 1125 1153
f 1124 1153 1152
f 1125 1126 1154
f 1125 1154 1153
f 1126 1127 1155
f 1126 1155 1154
f 1127 1128 1156
f 1127 1156 1155
f 1128 1129 1157
f 1128 1157 1156
f 1129 1130 1158
f 1129 1158 1157
f 1130 1131 1159
f 1130 1159 1158
f 1131 1132 1160
f 1131 1160 1159
f 1133 1134 1162
f 1133 1162 1161
f 1134 1135 1163
f 1134 1163 1162
f 1135 1136 1164
f 1135 1164 1163
f 1136 1137 1165
f 1136 1165 1164
f 1137 1138 1166
f 1137 1166 1165
f 1138 1139 1167
f 1138 1167 1166
f 1139 1140 1168
f 1139 1168 1167
f 1140 1141 1169
f 1140 1169 1168
f 1141 1142 1170
f 1141 1170 1169
f 1142 1143 1171
f 1142 1171 1170
f 1143 1144 1172
f 1143 1172 1171
f 1144 1145 1173
f 1144 1173 1172
f 1145 1146 1174
f 1145 1174 1173
f 1146 1147 1175
f 1146 1175 1174
f 1147 1148 1176
f 1147 1176 1175
f 1148 1149 1177
f 1148 1177 1176
f 1149 1150 1178
f 1149 1178 1177
f 1150 1151 1179
f 1150 1179 1178
f 1151 1152 1180
f 1151 1180 1179
f 1152 1153 1181
f 1152 1181 1180
f 1153 1154 1182
f 1153 1182 1181
f 1154 1155 1183
f 1154 1183 1182
f 1155 1156 1184
f 1155 1184 1183
f 1156 1157 1185
f 1156 1185 1184
f 1157 1158 1186
f 1157 1186 1185
f 1158 1159 1187
f 1158 1187 1186
f 1159 1160 1188
f 1159 1188 1187
f 1161 1162 1190
f 1161 1190 1189
f 1162 1163 1191
f 1162 1191 1190
f 1163 1164 1192
f 1163 1192 1191
f 1164 1165 1193
f 1164 1193 1192
f 1165 1166 1194
f 1165 1194 1193
f 1166 1167 1195
f 1166 1195 1194
f 1167 1168 1196
f 1167 1196 1195
f 1168 1169 1197
f 1168 1197 1196
f 1169 1170 1198
f 1169 1198 1197
f 1170 1171 1199
f 1170 1199 1198
f 1171 1172 1200
f 1171 1200 1199
f 1172 1173 1201
f 1172 1201 1200
f 1173 1174 1202
f 1173 1202 1201
f 1174 1175 1203
f 1174 1203 1202
f 1175 1176 1204
f 1175 1204 1203
f 1176 1177 1205
f 1176 1205 1204
f 1177 1178 1206
f 1177 1206 1205
f 1178 1179 1207
f 1178 1207 1206
f 1179 1180 1208
f 1179 1208 1207
f 1180 1181 1209
f 1180 1209 1208
f 1181 1182 1210
f 1181 1210 1209
f 1182 1183 1211
f 1182 1211 1210
f 1183 1184 1212
f 1183 1212 1211
f 1184 1185 1213
f 1184 1213 1212
f 1185 1186 1214
f 1185 1214 1213
f 1186 1187 1215
f 1186 1215 1214
f 1187 1188 1216
f 1187 1216 1215
f 1189 1190 1218
f 1189 1218 1217
f 1190 1191 1219
f 1190 1219 1218
f 1191 1192 1220
f 1191 1220 1219
f 1192 1193 1221
f 1192 1221 1220
f 1193 1194 1222
f 1193 1222 1221
f 1194 1195 1223
f 1194 1223 1222
f 1195 1196 1224
f 1195 1224 1223
f 1196 1197 1225
f 1196 1225 1224
f 1197 1198 1226
f 1197 1226 1225
f 1198 1199 1227
f 1198 1227 1226
f 1199 1200 1228
f 1199 1228 1227
f 1200 1201 1229
f 1200 1229 1228
f 1201 1202 1230
f 1201 1230 1229
f 1202 1203 1231
f 1202 1231 1230
f 1203 1204 1232
f 1203 1232 1231
f 1204 1205 1233
f 1204 1233 1232
f 1205 1206 1234
f 1205 1234 1233
f 1206 1207 1235
f 1206 1235 1234
f 1207 1208 1236
f 1207 1236 1235
f 1208 1209 1237
f 1208 1237 1236
f 1209 1210 1238
f 1209 1238 1237
f 1210 1211 1239
f 1210 1239 1238
f 1211 1212 1240
f 1211 1240 1239
f 1212 1213 1241
f 1212 1241 1240
f 1213 1214 1242
f 1213 1242 1241
f 1214 1215 1243
f 1214 1243 1242
f 1215 1216 1244
f 1215 1244 1243
f 1217 1218 1246
f 1217 1246 1245
f 1218 1219 1247
f 1218 1247 1246
f 1219 1220 1248
f 1219 1248 1247
f 1220 1221 1249
f 1220 1249 1248
f 1221 1222 1250
f 1221 1250 1249
f 1222 1223 1251
f 1222 1251 1250
f 1223 1224 1252
f 1223 1252 1251
f 1224 1225 1253
f 1224 1253 1252
f 1225 1226 1254
f 1225 1254 1253
f 1226 1227 1255
f 1226 1255 1254
f 1227 1228 1256
f 1227 1256 1255
f 1228 1229 1257
f 1228 1257 1256
f 1229 1230 1258
f 1229 1258 1257
f 1230 1231 1259
f 1230 1259 1258
f 1231 1232 1260
f 1231 1260 1259
f 1232 1233 1261
f 1232 1261 1260
f 1233 1234 1262
f 1233 1262 1261
f 1234 1235 1263
f 1234 1263 1262
f 1235 1236 1264
f 1235 1264 1263
f 1236 1237 1265
f 1236 1265 1264
f 1237 1238 1266
f 1237 1266 1265
f 1238 1239 1267
f 1238 1267 1266
f 1239 1240 1268
f 1239 1268 1267
f 1240 1241 1269
f 1240 1269 1268
f 1241 1242 1270
f 1241 1270 1269
f 1242 1243 1271
f 1242 1271 1270
f 1243 1244 1272
f 1243 1272 1271
f 1245 1246 1274
f 1245 1274 1273
f 1246 1247 1275
f 1246 1275 1274
f 1247 1248 1276
f 1247 1276 1275
f 1248 1249 1277
f 1248 1277 1276
f 1249 1250 1278
f 1249 1278 1277
f 1250 1251 1279
f 1250 1279 1278
f 1251 1252 1280
f 1251 1280 1279
f 1252 1253 1281
f 1252 1281 1280
f 1253 1254 1282
f 1253 1282 1281
f 1254 1255 1283
f 1254 1283 1282
f 1255 1256 1284
f 1255 1284 1283
f 1256 1257 1285
f 1256 1285 1284
f 1257 1258 1286
f 1257 1286 1285
f 1258 1259 1287
f 1258 1287 1286
f 1259 1260 1288
f 1259 1288 1287
f 1260 1261 1289
f 1260 1289 1288
f 1261 1262 1290
f 1261 1290 1289
f 1262 1263 1291
f 1262 1291 1290
f 1263 1264 1292
f 1263 1292 1291
f 1264 1265 1293
f 1264 1293 1292
f 1265 1266 1294
f 1265 1294 1293
f 1266 1267 1295
f 1266 1295 1294
f 1267 1268 1296
f 1267 1296 1295
f 1268 1269 1297
f 1268 1297 1296
f 1269 1270 1298
f 1269 1298 1297
f 1270 1271 1299
f 1270 1299 1298
f 1271 1272 1300
f 1271 1300 1299
f 1273 1274 1302
f 1273 1302 1301
f 1274 1275 1303
f 1274 1303 1302
f 1275 1276 1304
f 1275 1304 1303
f 1276 1277 1305
f 1276 1305 1304
f 1277 1278 1306
f 1277 1306 1305
f 1278 1279 1307
f 1278 1307 1306
f 1279 1280 1308
f 1279 1308 1307
f 1280 1281 1309
f 1280 1309 1308
f 1281 1282 1310
f 1281 1310 1309
f 1282 1283 1311
f 1282 1311 1310
f 1283 1284 1312
f 1283 1312 1311
f 1284 1285 1313
f 1284 1313 1312
f 1285 1286 1314
f 1285 1314 1313
f 1286 1287 1315
f 1286 1315 1314
f 1287 1288 1316
f 1287 1316 1315
f 1288 1289 1317
f 1288 1317 1316
f 1289 1290 1318
f 1289 1318 1317
f 1290 1291 1319
f 1290 1319 1318
f 1291 1292 1320
f 1291 1320 1319
f 1292 1293 1321
f 1292 1321 1320
f 1293 1294 1322
f 1293 1322 1321
f 1294 1295 1323
f 1294 1323 1322
f 1295 1296 1324
f 1295 1324 1323
f 1296 1297 1325
f 1296 1325 1324
f 1297 1298 1326
f 1297 1326 1325
f 1298 1299 1327
f 1298 1327 1326
f 1299 1300 1328
f 1299 1328 1327
f 1301 1302 1330
f 1301 1330 1329
f 1302 1303 1331
f 1302 1331 1330
f 1303 1304 1332
f 1303 1332 1331
f 1304 1305 1333
f 1304 1333 1332
f 1305 1306 1334
f 1305 1334 1333
f 1306 1307 1335
f 1306 1335 1334
f 1307 1308 1336
f 1307 1336 1335
f 1308 1309 1337
f 1308 1337 1336
f 1309 1310 1338
f 1309 1338 1337
f 1310 1311 1339
f 1310 1339 1338
f 1311 1312 1340
f 1311 1340 1339
f 1312 1313 1341
f 1312 1341 1340
f 1313 1314 1342
f 1313 1342 1341
f 1314 1315 1343
f 1314 1343 1342
f 1315 1316 1344
f 1315 1344 1343
f 1316 1317 1345
f 1316 1345 1344
f 1317 1318 1346
f 1317 1346 1345
f 1318 1319 1347
f 1318 1347 1346
f 1319 1320 1348
f 1319 1348 1347
f 1320 1321 1349
f 1320 1349 1348
f 1321 1322 1350
f 1321 1350 1349
f 1322 1323 1351
f 1322 1351 1350
f 1323 1324 1352
f 1323 1352 1351
f 1324 1325 1353
f 1324 1353 1352
f 1325 1326 1354
f 1325 1354 1353
f 1326 1327 1355
f 1326 1355 1354
f 1327 1328 1356
f 1327 1356 1355
f 1329 1330 1358
f 1329 1358 1357
f 1330 1331 1359
f 1330 1359 1358
f 1331 1332 1360
f 1331 1360 1359
f 1332 1333 1361
f 1332 1361 1360
f 1333 1334 1362
f 1333 1362 1361
f 1334 1335 1363
f 1334 1363 1362
f 1335 1336 1364
f 1335 1364 1363
f 1336 1337 1365
f 1336 1365 1364
f 1337 1338 1366
f 1337 1366 1365
f 1338 1339 1367
f 1338 1367 1366
f 1339 1340 1368
f 1339 1368 1367
f 1340 1341 1369
f 1340 1369 1368
f 1341 1342 1370
f 1341 1370 1369
f 1342 1343 1371
f 1342 1371 1370
f 1343 1344 1372
f 1343 1372 1371
f 1344 1345 1373
f 1344 1373 1372
f 1345 1346 1374
f 1345 1374 1373
f 1346 1347 1375
f 1346 1375 1374
f 1347 1348 1376
f 1347 1376 1375
f 1348 1349 1377
f 1348 1377 1376
f 1349 1350 1378
f 1349 1378 1377
f 1350 1351 1379
f 1350 1379 1378
f 1351 1352 1380
f 1351 1380 1379
f 1352 1353 1381
f 1352 1381 1380
f 1353 1354 1382
f 1353 1382 1381
f 1354 1355 1383
f 1354 1383 1382
f 1355 1356 1384
f 1355 1384 1383
f 1357 1358 1386
f 1357 1386 1385
f 1358 1359 1387
f 1358 1387 1386
f 1359 1360 1388
f 1359 1388 1387
f 1360 1361 1389
f 1360 1389 1388
f 1361 1362 1390
f 1361 1390 1389
f 1362 1363 1391
f 1362 1391 1390
f 1363 1364 1392
f 1363 1392 1391
f 1364 1365 1393
f 1364 1393 1392
f 1365 1366 1394
f 1365 1394 1393
f 1366 1367 1395
f 1366 1395 1394
f 1367 1368 1396
f 1367 1396 1395
f 1368 1369 1397
f 1368 1397 1396
f 1369 1370 1398
f 1369 1398 1397
f 1370 1371 1399
f 1370 1399 1398
f 1371 1372 1400
f 1371 1400 1399
f 1372 1373 1401
f 1372 1401 1400
f 1373 1374 1402
f 1373 1402 1401
f 1374 1375 1403
f 1374 1403 1402
f 1375 1376 1404
f 1375 1404 1403
f 1376 1377 1405
f 1376 1405 1404
f 1377 1378 1406
f 1377 1406 1405
f 1378 1379 1407
f 1378 1407 1406
f 1379 1380 1408
f 1379 1408 1407
f 1380 1381 1409
f 1380 1409 1408
f 1381 1382 1410
f 1381 1410 1409
f 1382 1383 1411
f 1382 1411 1410
f 1383 1384 1412
f 1383 1412 1411
f 1385 1386 1414
f 1385 1414 1413
f 1386 1387 1415
f 1386 1415 1414
f 1387 1388 1416
f 1387 1416 1415
f 1388 1389 1417
f 1388 1417 1416
f 1389 1390 1418
f 1389 1418 1417
f 1390 1391 1419
f 1390 1419 1418
f 1391 1392 1420
f 1391 1420 1419
f 1392 1393 1421
f 1392 1421 1420
f 1393 1394 1422
f 1393 1422 1421
f 1394 1395 1423
f 1394 1423 1422
f 1395 1396 1424
f 1395 1424 1423
f 1396 1397 1425
f 1396 1425 1424
f 1397 1398 1426
f 1397 1426 1425
f 1398 1399 1427
f 1398 1427 1426
f 1399 1400 1428
f 1399 1428 1427
f 1400 1401 1429
f 1400 1429 1428
f 1401 1402 1430
f 1401 1430 1429
f 1402 1403 1431
f 1402 1431 1430
f 1403 1404 1432
f 1403 1432 1431
f 1404 1405 1433
f 1404 1433 1432
f 1405 1406 1434
f 1405 1434 1433
f 1406 1407 1435
f 1406 1435 1434
f 1407 1408 1436
f 1407 1436 1435
f 1408 1409 1437
f 1408 1437 1436
f 1409 1410 1438
f 1409 1438 1437
f 1410 1411 1439
f 1410 1439 1438
f 1411 1412 1440
f 1411 1440 1439
f 1413 1414 1442
f 1413 1442 1441
f 1414 1415 1443
f 1414 1443 1442
f 1415 1416 1444
f 1415 1444 1443
f 1416 1417 1445
f 1416 1445 1444
f 1417 1418 1446
f 1417 1446 1445
f 1418 1419 1447
f 1418 1447 1446
f 1419 1420 1448
f 1419 1448 1447
f 1420 1421 1449
f 1420 1449 1448
f 1421 1422 1450
f 1421 1450 1449
f 1422 1423 1451
f 1422 1451 1450
f 1423 1424 1452
f 1423 1452 1451
f 1424 1425 1453
f 1424 1453 1452
f 1425 1426 1454
f 1425 1454 1453
f 1426 1427 1455
f 1426 1455 1454
f 1427 1428 1456
f 1427 1456 1455
f 1428 1429 1457
f 1428 1457 1456
f 1429 1430 1458
f 1429 1458 1457
f 1430 1431 1459
f 1430 1459 1458
f 1431 1432 1460
f 1431 1460 1459
f 1432 1433 1461
f 1432 1461 1460
f 1433 1434 1462
f 1433 1462 1461
f 1434 1435 1463
f 1434 1463 1462
f 1435 1436 1464
f 1435 1464 1463
f 1436 1437 1465
f 1436 1465 1464
f 1437 1438 1466
f 1437 1466 1465
f 1438 1439 1467
f 1438 1467 1466
f 1439 1440 1468
f 1439 1468 1467
f 1441 1442 1470
f 1441 1470 1469
f 1442 1443 1471
f 1442 1471 1470
f 1443 1444 1472
f 1443 1472 1471
f 1444 1445 1473
f 1444 1473 1472
f 1445 1446 1474
f 1445 1474 1473
f 1446 1447 1475
f 1446 1475 1474
f 1447 1448 1476
f 1447 1476 1475
f 1448 1449 1477
f 1448 1477 1476
f 1449 1450 1478
f 1449 1478 1477
f 1450 1451 1479
f 1450 1479 1478
f 1451 1452 1480
f 1451 1480 1479
f 1452 1453 1481
f 1452 1481 1480
f 1453 1454 1482
f 1453 1482 1481
f 1454 1455 1483
f 1454 1483 1482
f 1455 1456 1484
f 1455 1484 1483
f 1456 1457 1485
f 1456 1485 1484
f 1457 1458 1486
f 1457 1486 1485
f 1458 1459 1487
f 1458 1487 1486
f 1459 1460 1488
f 1459 1488 1487
f 1460 1461 1489
f 1460 1489 1488
f 1461 1462 1490
f 1461 1490 1489
f 1462 1463 1491
f 1462 1491 1490
f 1463 1464 1492
f 1463 1492 1491
f 1464 1465 1493
f 1464 1493 1492
f 1465 1466 1494
f 1465 1494 1493
f 1466 1467 1495
f 1466 1495 1494
f 1467 1468 1496
f 1467 1496 1495
f 1469 1470 1498
f 1469 1498 1497
f 1470 1471 1499
f 1470 1499 1498
f 1471 1472 1500
f 1471 1500 1499
f 1472 1473 1501
f 1472 1501 1500
f 1473 1474 1502
f 1473 1502 1501
f 1474 1475 1503
f 1474 1503 1502
f 1475 1476 1504
f 1475 1504 1503
f 1476 1477 1505
f 1476 1505 1504
f 1477 1478 1506
f 1477 1506 1505
f 1478 1479 1507
f 1478 1507 1506
f 1479 1480 1508
f 1479 1508 1507
f 1480 1481 1509
f 1480 1509 1508
f 1481 1482 1510
f 1481 1510 1509
f 1482 1483 1511
f 1482 1511 1510
f 1483 1484 1512
f 1483 1512 1511
f 1484 1485 1513
f 1484 1513 1512
f 1485 1486 1514
f 1485 1514 1513
f 1486 1487 1515
f 1486 1515 1514
f 1487 1488 1516
f 1487 1516 1515
f 1488 1489 1517
f 1488 1517 1516
f 1489 1490 1518
f 1489 1518 1517
f 1490 1491 1519
f 1490 1519 1518
f 1491 1492 1520
f 1491 1520 1519
f 1492 1493 1521
f 1492 1521 1520
f 1493 1494 1522
f 1493 1522 1521
f 1494 1495 1523
f 1494 1523 1522
f 1495 1496 1524
f 1495 1524 1523
f 1497 1498 1526
f 1497 1526 1525
f 1498 1499 1527
f 1498 1527 1526
f 1499 1500 1528
f 1499 1528 1527
f 1500 1501 1529
f 1500 1529 1528
f 1501 1502 1530
f 1501 1530 1529
f 1502 1503 1531
f 1502 1531 1530
f 1503 1504 1532
f 1503 1532 1531
f 1504 1505 1533
f 1504 1533 1532
f 1505 1506 1534
f 1505 1534 1533
f 1506 1507 1535
f 1506 1535 1534
f 1507 1508 1536
f 1507 1536 1535
f 1508 1509 1537
f 1508 1537 1536
f 1509 1510 1538
f 1509 1538 1537
f 1510 1511 1539
f 1510 1539 1538
f 1511 1512 1540
f 1511 1540 1539
f 1512 1513 1541
f 1512 1541 1540
f 1513 1514 1542
f 1513 1542 1541
f 1514 1515 1543
f 1514 1543 1542
f 1515 1516 1544
f 1515 1544 1543
f 1516 1517 1545
f 1516 1545 1544
f 1517 1518 1546
f 1517 1546 1545
f 1518 1519 1547
f 1518 1547 1546
f 1519 1520 1548
f 1519 1548 1547
f 1520 1521 1549
f 1520 1549 1548
f 1521 1522 1550
f 1521 1550 1549
f 1522 1523 1551
f 1522 1551 1550
f 1523 1524 1552
f 1523 1552 1551
f 1525 1526 1554
f 1525 1554 1553
f 1526 1527 1555
f 1526 1555 1554
f 1527 1528 1556
f 1527 1556 1555
f 1528 1529 1557
f 1528 1557 1556
f 1529 1530 1558
f 1529 1558 1557
f 1530 1531 1559
f 1530 1559 1558
f 1531 1532 1560
f 1531 1560 1559
f 1532 1533 1561
f 1532 1561 1560
f 1533 1534 1562
f 1533 1562 1561
f 1534 1535 1563
f 1534 1563 1562
f 1535 1536 1564
f 1535 1564 1563
f 1536 1537 1565
f 1536 1565 1564
f 1537 1538 1566
f 1537 1566 1565
f 1538 1539 1567
f 1538 1567 1566
f 1539 1540 1568
f 1539 1568 1567
f 1540 1541 1569
f 1540 1569 1568
f 1541 1542 1570
f 1541 1570 1569
f 1542 1543 1571
f 1542 1571 1570
f 1543 1544 1572
f 1543 1572 1571
f 1544 1545 1573
f 1544 1573 1572
f 1545 1546 1574
f 1545 1574 1573
f 1546 1547 1575
f 1546 1575 1574
f 1547 1548 1576
f 1547 1576 1575
f 1548 1549 1577
f 1548 1577 1576
f 1549 1550 1578
f 1549 1578 1577
f 1550 1551 1579
f 1550 1579 1578
f 1551 1552 1580
f 1551 1580 1579
f 1553 1554 1582
f 1553 1582 1581
f 1554 1555 1583
f 1554 1583 1582
f 1555 1556 1584
f 1555 1584 1583
f 1556 1557 1585
f 1556 1585 1584
f 1557 1558 1586
f 1557 1586 1585
f 1558 1559 1587
f 1558 1587 1586
f 1559 1560 1588
f 1559 1588 1587
f 1560 1561 1589
f 1560 1589 1588
f 1561 1562 1590
f 1561 1590 1589
f 1562 1563 1591
f 1562 1591 1590
f 1563 1564 1592
f 1563 1592 1591
f 1564 1565 1593
f 1564 1593 1592
f 1565 1566 1594
f 1565 1594 1593
f 1566 1567 1595
f 1566 1595 1594
f 1567 1568 1596
f 1567 1596 1595
f 1568 1569 1597
f 1568 1597 1596
f 1569 1570 1598
f 1569 1598 1597
f 1570 1571 1599
f 1570 1599 1598
f 1571 1572 1600
f 1571 1600 1599
f 1572 1573 1601
f 1572 1601 1600
f 1573 1574 1602
f 1573 1602 1601
f 1574 1575 1603
f 1574 1603 1602
f 1575 1576 1604
f 1575 1604 1603
f 1576 1577 1605
f 1576 1605 1604
f 1577 1578 1606
f 1577 1606 1605
f 1578 1579 1607
f 1578 1607 1606
f 1579 1580 1608
f 1579 1608 1607
f 1581 1582 1610
f 1581 1610 1609
f 1582 1583 1611
f 1582 1611 1610
f 1583 1584 1612
f 1583 1612 1611
f 1584 1585 1613
f 1584 1613 1612
f 1585 1586 1614
f 1585 1614 1613
f 1586 1587 1615
f 1586 1615 1614
f 1587 1588 1616
f 1587 1616 1615
f 1588 1589 1617
f 1588 1617 1616
f 1589 1590 1618
f 1589 1618 1617
f 1590 1591 1619
f 1590 1619 1618
f 1591 1592 1620
f 1591 1620 1619
f 1592 1593 1621
f 1592 1621 1620
f 1593 1594 1622
f 1593 1622 1621
f 1594 1595 1623
f 1594 1623 1622
f 1595 1596 1624
f 1595 1624 1623
f 1596 1597 1625
f 1596 1625 1624
f 1597 1598 1626
f 1597 1626 1625
f 1598 1599 1627
f 1598 1627 1626
f 1599 1600 1628
f 1599 1628 1627
f 1600 1601 1629
f 1600 1629 1628
f 1601 1602 1630
f 1601 1630 1629
f 1602 1603 1631
f 1602 1631 1630
f 1603 1604 1632
f 1603 1632 1631
f 1604 1605 1633
f 1604 1633 1632
f 1605 1606 1634
f 1605 1634 1633
f 1606 1607 1635
f 1606 1635 1634
f 1607 1608 1636
f 1607 1636 1635
f 1609 1610 1638
f 1609 1638 1637
f 1610 1611 1639
f 1610 1639 1638
f 1611 1612 1640
f 1611 1640 1639
f 1612 1613 1641
f 1612 1641 1640
f 1613 1614 1642
f 1613 1642 1641
f 1614 1615 1643
f 1614 1643 1642
f 1615 1616 1644
f 1615 1644 1643
f 1616 1617 1645
f 1616 1645 1644
f 1617 1618 1646
f 1617 1646 1645
f 1618 1619 1647
f 1618 1647 1646
f 1619 1620 1648
f 1619 1648 1647
f 1620 1621 1649
f 1620 1649 1648
f 1621 1622 1650
f 1621 1650 1649
f 1622 1623 1651
f 1622 1651 1650
f 1623 1624 1652
f 1623 1652 1651
f 1624 1625 1653
f 1624 1653 1652
f 1625 1626 1654
f 1625 1654 1653
f 1626 1627 1655
f 1626 1655 1654
f 1627 1628 1656
f 1627 1656 1655
f 1628 1629 1657
f 1628 1657 1656
f 1629 1630 1658
f 1629 1658 1657
f 1630 1631 1659
f 1630 1659 1658
f 1631 1632 1660
f 1631 1660 1659
f 1632 1633 1661
f 1632 1661 1660
f 1633 1634 1662
f 1633 1662 1661
f 1634 1635 1663
f 1634 1663 1662
f 1635 1636 1664
f 1635 1664 1663
f 1637 1638 1666
f 1637 1666 1665
f 1638 1639 1667
f 1638 1667 1666
f 1639 1640 1668
f 1639 1668 1667
f 1640 1641 1669
f 1640 1669 1668
f 1641 1642 1670
f 1641 1670 1669
f 1642 1643 1671
f 1642 1671 1670
f 1643 1644 1672
f 1643 1672 1671
f 1644 1645 1673
f 1644 1673 1672
f 1645 1646 1674
f 1645 1674 1673
f 1646 1647 1675
f 1646 1675 1674
f 1647 1648 1676
f 1647 1676 1675
f 1648 1649 1677
f 1648 1677 1676
f 1649 1650 1678
f 1649 1678 1677
f 1650 1651 1679
f 1650 1679 1678
f 1651 1652 1680
f 1651 1680 1679
f 1652 1653 1681
f 1652 1681 1680
f 1653 1654 1682
f 1653 1682 1681
f 1654 1655 1683
f 1654 1683 1682
f 1655 1656 1684
f 1655 1684 1683
f 1656 1657 1685
f 1656 1685 1684
f 1657 1658 1686
f 1657 1686 1685
f 1658 1659 1687
f 1658 1687 1686
f 1659 1660 1688
f 1659 1688 1687
f 1660 1661 1689
f 1660 1689 1688
f 1661 1662 1690
f 1661 1690 1689
f 1662 1663 1691
f 1662 1691 1690
f 1663 1664 1692
f 1663 1692 1691
f 1665 1666 1694
f 1665 1694 1693
f 1666 1667 1695
f 1666 1695 1694
f 1667 1668 1696
f 1667 1696 1695
f 1668 1669 1697
f 1668 1697 1696
f 1669 1670 1698
f 1669 1698 1697
f 1670 1671 1699
f 1670 1699 1698
f 1671 1672 1700
f 1671 1700 1699
f 1672 1673 1701
f 1672 1701 1700
f 1673 1674 1702
f 1673 1702 1701
f 1674 1675 1703
f 1674 1703 1702
f 1675 1676 1704
f 1675 1704 1703
f 1676 1677 1705
f 1676 1705 1704
f 1677 1678 1706
f 1677 1706 1705
f 1678 1679 1707
f 1678 1707 1706
f 1679 1680 1708
f 1679 1708 1707
f 1680 1681 1709
f 1680 1709 1708
f 1681 1682 1710
f 1681 1710 1709
f 1682 1683 1711
f 1682 1711 1710
f 1683 1684 1712
f 1683 1712 1711
f 1684 1685 1713
f 1684 1713 1712
f 1685 1686 1714
f 1685 1714 1713
f 1686 1687 1715
f 1686 1715 1714
f 1687 1688 1716
f 1687 1716 1715
f 1688 1689 1717
f 1688 1717 1716
f 1689 1690 1718
f 1689 1718 1717
f 1690 1691 1719
f 1690 1719 1718
f 1691 1692 1720
f 1691 1720 1719
f 1693 1694 1722
f 1693 1722 1721
f 1694 1695 1723
f 1694 1723 1722
f 1695 1696 1724
f 1695 1724 1723
f 1696 1697 1725
f 1696 1725 1724
f 1697 1698 1726
f 1697 1726 1725
f 1698 1699 1727
f 1698 1727 1726
f 1699 1700 1728
f 1699 1728 1727
f 1700 1701 1729
f 1700 1729 1728
f 1701 1702 1730
f 1701 1730 1729
f 1702 1703 1731
f 1702 1731 1730
f 1703 1704 1732
f 1703 1732 1731
f 1704 1705 1733
f 1704 1733 1732
f 1705 1706 1734
f 1705 1734 1733
f 1706 1707 1735
f 1706 1735 1734
f 1707 1708 1736
f 1707 1736 1735
f 1708 1709 1737
f 1708 1737 1736
f 1709 1710 1738
f 1709 1738 1737
f 1710 1711 1739
f 1710 1739 1738
f 1711 1712 1740
f 1711 1740 1739
f 1712 1713 1741
f 1712 1741 1740
f 1713 1714 1742
f 1713 1742 1741
f 1714 1715 1743
f 1714 1743 1742
f 1715 1716 1744
f 1715 1744 1743
f 1716 1717 1745
f 1716 1745 1744
f 1717 1718 1746
f 1717 1746 1745
f 1718 1719 1747
f 1718 1747 1746
f 1719 1720 1748
f 1719 1748 1747
f 1721 1722 910
f 1721 910 909
f 1722 1723 911
f 1722 911 910
f 1723 1724 912
f 1723 912 911
f 1724 1725 913
f 1724 913 912
f 1725 1726 914
f 1725 914 913
f 1726 1727 915
f 1726 915 914
f 1727 1728 916
f 1727 916 915
f 1728 1729 917
f 1728 917 916
f 1729 1730 918
f 1729 918 917
f 1730 1731 919
f 1730 919 918
f 1731 1732 920
f 1731 920 919
f 1732 1733 921
f 1732 921 920
f 1733 1734 922
f 1733 922 921
f 1734 1735 923
f 1734 923 922
f 1735 1736 924
f 1735 924 923
f 1736 1737 925
f 1736 925 924
f 1737 1738 926
f 1737 926 925
f 1738 1739 927
f 1738 927 926
f 1739 1740 928
f 1739 928 927
f 1740 1741 929
f 1740 929 928
f 1741 1742 930
f 1741 930 929
f 1742 1743 931
f 1742 931 930
f 1743 1744 932
f 1743 932 931
f 1744 1745 933
f 1744 933 932
f 1745 1746 934
f 1745 934 933
f 1746 1747 935
f 1746 935 934
f 1747 1748 936
f 1747 936 935
f 1751 1779 1749
f 1779 1807 1749
f 1807 1835 1749
f 1835 1863 1749
f 1863 1891 1749
f 1891 1919 1749
f 1919 1947 1749
f 1947 1975 1749
f 1975 2003 1749
f 2003 2031 1749
f 2031 2059 1749
f 2059 2087 1749
f 2087 2115 1749
f 2115 2143 1749
f 2143 2171 1749
f 2171 2199 1749
f 2199 2227 1749
f 2227 2255 1749
f 2255 2283 1749
f 2283 2311 1749
f 2311 2339 1749
f 2339 2367 1749
f 2367 2395 1749
f 2395 2423 1749
f 2423 2451 1749
f 2451 2479 1749
f 2479 2507 1749
f 2507 2535 1749
f 2535 2563 1749
f 2563 1751 1749
f 1778 1750 1806
f 1806 1750 1834
f 1834 1750 1862
f 1862 1750 1890
f 1890 1750 1918
f 1918 1750 1946
f 1946 1750 1974
f 1974 1750 2002
f 2002 1750 2030
f 2030 1750 2058
f 2058 1750 2086
f 2086 1750 2114
f 2114 1750 2142
f 2142 1750 2170
f 2170 1750 2198
f 2198 1750 2226
f 2226 1750 2254
f 2254 1750 2282
f 2282 1750 2310
f 2310 1750 2338
f 2338 1750 2366
f 2366 1750 2394
f 2394 1750 2422
f 2422 1750 2450
f 2450 1750 2478
f 2478 1750 2506
f 2506 1750 2534
f 2534 1750 2562
f 2562 1750 2590
f 2590 1750 1778
f 1751 1752 1780
f 1751 1780 1779
f 1752 1753 1781
f 1752 1781 1780
f 1753 1754 1782
f 1753 1782 1781
f 1754 1755 1783
f 1754 1783 1782
f 1755 1756 1784
f 1755 1784 1783
f 1756 1757 1785
f 1756 1785 1784
f 1757 1758 1786
f 1757 1786 1785
f 1758 1759 1787
f 1758 1787 1786
f 1759 1760 1788
f 1759 1788 1787
f 1760 1761 1789
f 1760 1789 1788
f 1761 1762 1790
f 1761 1790 1789
f 1762 1763 1791
f 1762 1791 1790
f 1763 1764 1792
f 1763 1792 1791
f 1764 1765 1793
f 1764 1793 1792
f 1765 1766 1794
f 1765 1794 1793
f 1766 1767 1795
f 1766 1795 1794
f 1767 1768 1796
f 1767 1796 1795
f 1768 1769 1797
f 1768 1797 1796
f 1769 1770 1798
f 1769 1798 1797
f 1770 1771 1799
f 1770 1799 1798
f 1771 1772 1800
f 1771 1800 1799
f 1772 1773 1801
f 1772 1801 1800
f 1773 1774 1802
f 1773 1802 1801
f 1774 1775 1803
f 1774 1803 1802
f 1775 1776 1804
f 1775 1804 1803
f 1776 1777 1805
f 1776 1805 1804
f 1777 1778 1806
f 1777 1806 1805
f 1779 1780 1808
f 1779 1808 1807
f 1780 1781 1809
f 1780 1809 1808
f 1781 1782 1810
f 1781 1810 1809
f 1782 1783 1811
f 1782 1811 1810
f 1783 1784 1812
f 1783 1812 1811
f 1784 1785 1813
f 1784 1813 1812
f 1785 1786 1814
f 1785 1814 1813
f 1786 1787 1815
f 1786 1815 1814
f 1787 1788 1816
f 1787 1816 1815
f 1788 1789 1817
f 1788 1817 1816
f 1789 1790 1818
f 1789 1818 1817
f 1790 1791 1819
f 1790 1819 1818
f 1791 1792 1820
f 1791 1820 1819
f 1792 1793 1821
f 1792 1821 1820
f 1793 1794 1822
f 1793 1822 1821
f 1794 1795 1823
f 1794 1823 1822
f 1795 1796 1824
f 1795 1824 1823
f 1796 1797 1825
f 1796 1825 1824
f 1797 1798 1826
f 1797 1826 1825
f 1798 1799 1827
f 1798 1827 1826
f 1799 1800 1828
f 1799 1828 1827
f 1800 1801 1829
f 1800 1829 1828
f 1801 1802 1830
f 1801 1830 1829
f 1802 1803 1831
f 1802 1831 1830
f 1803 1804 1832
f 1803 1832 1831
f 1804 1805 1833
f 1804 1833 1832
f 1805 1806 1834
f 1805 1834 1833
f 1807 1808 1836
f 1807 1836 1835
f 1808 1809 1837
f 1808 1837 1836
f 1809 1810 1838
f 1809 1838 1837
f 1810 1811 1839
f 1810 1839 1838
f 1811 1812 1840
f 1811 1840 1839
f 1812 1813 1841
f 1812 1841 1840
f 1813 1814 1842
f 1813 1842 1841
f 1814 1815 1843
f 1814 1843 1842
f 1815 1816 1844
f 1815 1844 1843
f 1816 1817 1845
f 1816 1845 1844
f 1817 1818 1846
f 1817 1846 1845
f 1818 1819 1847
f 1818 1847 1846
f 1819 1820 1848
f 1819 1848 1847
f 1820 1821 1849
f 1820 1849 1848
f 1821 1822 1850
f 1821 1850 1849
f 1822 1823 1851
f 1822 1851 1850
f 1823 1824 1852
f 1823 1852 1851
f 1824 1825 1853
f 1824 1853 1852
f 1825 1826 1854
f 1825 1854 1853
f 1826 1827 1855
f 1826 1855 1854
f 1827 1828 1856
f 1827 1856 1855
f 1828 1829 1857
f 1828 1857 1856
f 1829 1830 1858
f 1829 1858 1857
f 1830 1831 1859
f 1830 1859 1858
f 1831 1832 1860
f 1831 1860 1859
f 1832 1833 1861
f 1832 1861 1860
f 1833 1834 1862
f 1833 1862 1861
f 1835 1836 1864
f 1835 1864 1863
f 1836 1837 1865
f 1836 1865 1864
f 1837 1838 1866
f 1837 1866 1865
f 1838 1839 1867
f 1838 1867 1866
f 1839 1840 1868
f 1839 1868 1867
f 1840 1841 1869
f 1840 1869 1868
f 1841 1842 1870
f 1841 1870 1869
f 1842 1843 1871
f 1842 1871 1870
f 1843 1844 1872
f 1843 1872 1871
f 1844 1845 1873
f 1844 1873 1872
f 1845 1846 1874
f 1845 1874 1873
f 1846 1847 1875
f 1846 1875 1874
f 1847 1848 1876
f 1847 1876 1875
f 1848 1849 1877
f 1848 1877 1876
f 1849 1850 1878
f 1849 1878 1877
f 1850 1851 1879
f 1850 1879 1878
f 1851 1852 1880
f 1851 1880 1879
f 1852 1853 1881
f 1852 1881 1880
f 1853 1854 1882
f 1853 1882 1881
f 1854 1855 1883
f 1854 1883 1882
f 1855 1856 1884
f 1855 1884 1883
f 1856 1857 1885
f 1856 1885 1884
f 1857 1858 1886
f 1857 1886 1885
f 1858 1859 1887
f 1858 1887 1886
f 1859 1860 1888
f 1859 1888 1887
f 1860 1861 1889
f 1860 1889 1888
f 1861 1862 1890
f 1861 1890 1889
f 1863 1864 1892
f 1863 1892 1891
f 1864 1865 1893
f 1864 1893 1892
f 1865 1866 1894
f 1865 1894 1893
f 1866 1867 1895
f 1866 1895 1894
f 1867 1868 1896
f 1867 1896 1895
f 1868 1869 1897
f 1868 1897 1896
f 1869 1870 1898
f 1869 1898 1897
f 1870 1871 1899
f 1870 1899 1898
f 1871 1872 1900
f 1871 1900 1899
f 1872 1873 1901
f 1872 1901 1900
f 1873 1874 1902
f 1873 1902 1901
f 1874 1875 1903
f 1874 1903 1902
f 1875 1876 1904
f 1875 1904 1903
f 1876 1877 1905
f 1876 1905 1904
f 1877 1878 1906
f 1877 1906 1905
f 1878 1879 1907
f 1878 1907 1906
f 1879 1880 1908
f 1879 1908 1907
f 1880 1881 1909
f 1880 1909 1908
f 1881 1882 1910
f 1881 1910 1909
f 1882 1883 1911
f 1882 1911 1910
f 1883 1884 1912
f 1883 1912 1911
f 1884 1885 1913
f 1884 1913 1912
f 1885 1886 1914
f 1885 1914 1913
f 1886 1887 1915
f 1886 1915 1914
f 1887 1888 1916
f 1887 1916 1915
f 1888 1889 1917
f 1888 1917 1916
f 1889 1890 1918
f 1889 1918 1917
f 1891 1892 1920
f 1891 1920 1919
f 1892 1893 1921
f 1892 1921 1920
f 1893 1894 1922
f 1893 1922 1921
f 1894 1895 1923
f 1894 1923 1922
f 1895 1896 1924
f 1895 1924 1923
f 1896 1897 1925
f 1896 1925 1924
f 1897 1898 1926
f 1897 1926 1925
f 1898 1899 1927
f 1898 1927 1926
f 1899 1900 1928
f 1899 1928 1927
f 1900 1901 1929
f 1900 1929 1928
f 1901 1902 1930
f 1901 1930 1929
f 1902 1903 1931
f 1902 1931 1930
f 1903 1904 1932
f 1903 1932 1931
f 1904 1905 1933
f 1904 1933 1932
f 1905 1906 1934
f 1905 1934 1933
f 1906 1907 1935
f 1906 1935 1934
f 1907 1908 1936
f 1907 1936 1935
f 1908 1909 1937
f 1908 1937 1936
f 1909 1910 1938
f 1909 1938 1937
f 1910 1911 1939
f 1910 1939 1938
f 1911 1912 1940
f 1911 1940 1939
f 1912 1913 1941
f 1912 1941 1940
f 1913 1914 1942
f 1913 1942 1941
f 1914 1915 1943
f 1914 1943 1942
f 1915 1916 1944
f 1915 1944 1943
f 1916 1917 1945
f 1916 1945 1944
f 1917 1918 1946
f 1917 1946 1945
f 1919 1920 1948
f 1919 1948 1947
f 1920 1921 1949
f 1920 1949 1948
f 1921 1922 1950
f 1921 1950 1949
f 1922 1923 1951
f 1922 1951 1950
f 1923 1924 1952
f 1923 1952 1951
f 1924 1925 1953
f 1924 1953 1952
f 1925 1926 1954
f 1925 1954 1953
f 1926 1927 1955
f 1926 1955 1954
f 1927 1928 1956
f 1927 1956 1955
f 1928 1929 1957
f 1928 1957 1956
f 1929 1930 1958
f 1929 1958 1957
f 1930 1931 1959
f 1930 1959 1958
f 1931 1932 1960
f 1931 1960 1959
f 1932 1933 1961
f 1932 1961 1960
f 1933 1934 1962
f 1933 1962 1961
f 1934 1935 1963
f 1934 1963 1962
f 1935 1936 1964
f 1935 1964 1963
f 1936 1937 1965
f 1936 1965 1964
f 1937 1938 1966
f 1937 1966 1965
f 1938 1939 1967
f 1938 1967 1966
f 1939 1940 1968
f 1939 1968 1967
f 1940 1941 1969
f 1940 1969 1968
f 1941 1942 1970
f 1941 1970 1969
f 1942 1943 1971
f 1942 1971 1970
f 1943 1944 1972
f 1943 1972 1971
f 1944 1945 1973
f 1944 1973 1972
f 1945 1946 1974
f 1945 1974 1973
f 1947 1948 1976
f 1947 1976 1975
f 1948 1949 1977
f 1948 1977 1976
f 1949 1950 1978
f 1949 1978 1977
f 1950 1951 1979
f 1950 1979 1978
f 1951 1952 1980
f 1951 1980 1979
f 1952 1953 1981
f 1952 1981 1980
f 1953 1954 1982
f 1953 1982 1981
f 1954 1955 1983
f 1954 1983 1982
f 1955 1956 1984
f 1955 1984 1983
f 1956 1957 1985
f 1956 1985 1984
f 1957 1958 1986
f 1957 1986 1985
f 1958 1959 1987
f 1958 1987 1986
f 1959 1960 1988
f 1959 1988 1987
f 1960 1961 1989
f 1960 1989 1988
f 1961 1962 1990
f 1961 1990 1989
f 1962 1963 1991
f 1962 1991 1990
f 1963 1964 1992
f 1963 1992 1991
f 1964 1965 1993
f 1964 1993 1992
f 1965 1966 1994
f 1965 1994 1993
f 1966 1967 1995
f 1966 1995 1994
f 1967 1968 1996
f 1967 1996 1995
f 1968 1969 1997
f 1968 1997 1996
f 1969 1970 1998
f 1969 1998 1997
f 1970 1971 1999
f 1970 1999 1998
f 1971 1972 2000
f 1971 2000 1999
f 1972 1973 2001
f 1972 2001 2000
f 1973 1974 2002
f 1973 2002 2001
f 1975 1976 2004
f 1975 2004 2003
f 1976 1977 2005
f 1976 2005 2004
f 1977 1978 2006
f 1977 2006 2005
f 1978 1979 2007
f 1978 2007 2006
f 1979 1980 2008
f 1979 2008 2007
f 1980 1981 2009
f 1980 2009 2008
f 1981 1982 2010
f 1981 2010 2009
f 1982 1983 2011
f 1982 2011 2010
f 1983 1984 2012
f 1983 2012 2011
f 1984 1985 2013
f 1984 2013 2012
f 1985 1986 2014
f 1985 2014 2013
f 1986 1987 2015
f 1986 2015 2014
f 1987 1988 2016
f 1987 2016 2015
f 1988 1989 2017
f 1988 2017 2016
f 1989 1990 2018
f 1989 2018 2017
f 1990 1991 2019
f 1990 2019 2018
f 1991 1992 2020
f 1991 2020 2019
f 1992 1993 2021
f 1992 2021 2020
f 1993 1994 2022
f 1993 2022 2021
f 1994 1995 2023
f 1994 2023 2022
f 1995 1996 2024
f 1995 2024 2023
f 1996 1997 2025
f 1996 2025 2024
f 1997 1998 2026
f 1997 2026 2025
f 1998 1999 2027
f 1998 2027 2026
f 1999 2000 2028
f 1999 2028 2027
f 2000 2001 2029
f 2000 2029 2028
f 2001 2002 2030
f 2001 2030 2029
f 2003 2004 2032
f 2003 2032 2031
f 2004 2005 2033
f 2004 2033 2032
f 2005 2006 2034
f 2005 2034 2033
f 2006 2007 2035
f 2006 2035 2034
f 2007 2008 2036
f 2007 2036 2035
f 2008 2009 2037
f 2008 2037 2036
f 2009 2010 2038
f 2009 2038 2037
f 2010 2011 2039
f 2010 2039 2038
f 2011 2012 2040
f 2011 2040 2039
f 2012 2013 2041
f 2012 2041 2040
f 2013 2014 2042
f 2013 2042 2041
f 2014 2015 2043
f 2014 2043 2042
f 2015 2016 2044
f 2015 2044 2043
f 2016 2017 2045
f 2016 2045 2044
f 2017 2018 2046
f 2017 2046 2045
f 2018 2019 2047
f 2018 2047 2046
f 2019 2020 2048
f 2019 2048 2047
f 2020 2021 2049
f 2020 2049 2048
f 2021 2022 2050
f 2021 2050 2049
f 2022 2023 2051
f 2022 2051 2050
f 2023 2024 2052
f 2023 2052 2051
f 2024 2025 2053
f 2024 2053 2052
f 2025 2026 2054
f 2025 2054 2053
f 2026 2027 2055
f 2026 2055 2054
f 2027 2028 2056
f 2027 2056 2055
f 2028 2029 2057
f 2028 2057 2056
f 2029 2030 2058
f 2029 2058 2057
f 2031 2032 2060
f 2031 2060 2059
f 2032 2033 2061
f 2032 2061 2060
f 2033 2034 2062
f 2033 2062 2061
f 2034 2035 2063
f 2034 2063 2062
f 2035 2036 2064
f 2035 2064 2063
f 2036 2037 2065
f 2036 2065 2064
f 2037 2038 2066
f 2037 2066 2065
f 2038 2039 2067
f 2038 2067 2066
f 2039 2040 2068
f 2039 2068 2067
f 2040 2041 2069
f 2040 2069 2068
f 2041 2042 2070
f 2041 2070 2069
f 2042 2043 2071
f 2042 2071 2070
f 2043 2044 2072
f 2043 2072 2071
f 2044 2045 2073
f 2044 2073 2072
f 2045 2046 2074
f 2045 2074 2073
f 2046 2047 2075
f 2046 2075 2074
f 2047 2048 2076
f 2047 2076 2075
f 2048 2049 2077
f 2048 2077 2076
f 2049 2050 2078
f 2049 2078 2077
f 2050 2051 2079
f 2050 2079 2078
f 2051 2052 2080
f 2051 2080 2079
f 2052 2053 2081
f 2052 2081 2080
f 2053 2054 2082
f 2053 2082 2081
f 2054 2055 2083
f 2054 2083 2082
f 2055 2056 2084
f 2055 2084 2083
f 2056 2057 2085
f 2056 2085 2084
f 2057 2058 2086
f 2057 2086 2085
f 2059 2060 2088
f 2059 2088 2087
f 2060 2061 2089
f 2060 2089 2088
f 2061 2062 2090
f 2061 2090 2089
f 2062 2063 2091
f 2062 2091 2090
f 2063 2064 2092
f 2063 2092 2091
f 2064 2065 2093
f 2064 2093 2092
f 2065 2066 2094
f 2065 2094 2093
f 2066 2067 2095
f 2066 2095 2094
f 2067 2068 2096
f 2067 2096 2095
f 2068 2069 2097
f 2068 2097 2096
f 2069 2070 2098
f 2069 2098 2097
f 2070 2071 2099
f 2070 2099 2098
f 2071 2072 2100
f 2071 2100 2099
f 2072 2073 2101
f 2072 2101 2100
f 2073 2074 2102
f 2073 2102 2101
f 2074 2075 2103
f 2074 2103 2102
f 2075 2076 2104
f 2075 2104 2103
f 2076 2077 2105
f 2076 2105 2104
f 2077 2078 2106
f 2077 2106 2105
f 2078 2079 2107
f 2078 2107 2106
f 2079 2080 2108
f 2079 2108 2107
f 2080 2081 2109
f 2080 2109 2108
f 2081 2082 2110
f 2081 2110 2109
f 2082 2083 2111
f 2082 2111 2110
f 2083 2084 2112
f 2083 2112 2111
f 2084 2085 2113
f 2084 2113 2112
f 2085 2086 2114
f 2085 2114 2113
f 2087 2088 2116
f 2087 2116 2115
f 2088 2089 2117
f 2088 2117 2116
f 2089 2090 2118
f 2089 2118 2117
f 2090 2091 2119
f 2090 2119 2118
f 2091 2092 2120
f 2091 2120 2119
f 2092 2093 2121
f 2092 2121 2120
f 2093 2094 2122
f 2093 2122 2121
f 2094 2095 2123
f 2094 2123 2122
f 2095 2096 2124
f 2095 2124 2123
f 2096 2097 2125
f 2096 2125 2124
f 2097 2098 2126
f 2097 2126 2125
f 2098 2099 2127
f 2098 2127 2126
f 2099 2100 2128
f 2099 2128 2127
f 2100 2101 2129
f 2100 2129 2128
f 2101 2102 2130
f 2101 2130 2129
f 2102 2103 2131
f 2102 2131 2130
f 2103 2104 2132
f 2103 2132 2131
f 2104 2105 2133
f 2104 2133 2132
f 2105 2106 2134
f 2105 2134 2133
f 2106 2107 2135
f 2106 2135 2134
f 2107 2108 2136
f 2107 2136 2135
f 2108 2109 2137
f 2108 2137 2136
f 2109 2110 2138
f 2109 2138 2137
f 2110 2111 2139
f 2110 2139 2138
f 2111 2112 2140
f 2111 2140 2139
f 2112 2113 2141
f 2112 2141 2140
f 2113 2114 2142
f 2113 2142 2141
f 2115 2116 2144
f 2115 2144 2143
f 2116 2117 2145
f 2116 2145 2144
f 2117 2118 2146
f 2117 2146 2145
f 2118 2119 2147
f 2118 2147 2146
f 2119 2120 2148
f 2119 2148 2147
f 2120 2121 2149
f 2120 2149 2148
f 2121 2122 2150
f 2121 2150 2149
f 2122 2123 2151
f 2122 2151 2150
f 2123 2124 2152
f 2123 2152 2151
f 2124 2125 2153
f 2124 2153 2152
f 2125 2126 2154
f 2125 2154 2153
f 2126 2127 2155
f 2126 2155 2154
f 2127 2128 2156
f 2127 2156 2155
f 2128 2129 2157
f 2128 2157 2156
f 2129 2130 2158
f 2129 2158 2157
f 2130 2131 2159
f 2130 2159 2158
f 2131 2132 2160
f 2131 2160 2159
f 2132 2133 2161
f 2132 2161 2160
f 2133 2134 2162
f 2133 2162 2161
f 2134 2135 2163
f 2134 2163 2162
f 2135 2136 2164
f 2135 2164 2163
f 2136 2137 2165
f 2136 2165 2164
f 2137 2138 2166
f 2137 2166 2165
f 2138 2139 2167
f 2138 2167 2166
f 2139 2140 2168
f 2139 2168 2167
f 2140 2141 2169
f 2140 2169 2168
f 2141 2142 2170
f 2141 2170 2169
f 2143 2144 2172
f 2143 2172 2171
f 2144 2145 2173
f 2144 2173 2172
f 2145 2146 2174
f 2145 2174 2173
f 2146 2147 2175
f 2146 2175 2174
f 2147 2148 2176
f 2147 2176 2175
f 2148 2149 2177
f 2148 2177 2176
f 2149 2150 2178
f 2149 2178 2177
f 2150 2151 2179
f 2150 2179 2178
f 2151 2152 2180
f 2151 2180 2179
f 2152 2153 2181
f 2152 2181 2180
f 2153 2154 2182
f 2153 2182 2181
f 2154 2155 2183
f 2154 2183 2182
f 2155 2156 2184
f 2155 2184 2183
f 2156 2157 2185
f 2156 2185 2184
f 2157 2158 2186
f 2157 2186 2185
f 2158 2159 2187
f 2158 2187 2186
f 2159 2160 2188
f 2159 2188 2187
f 2160 2161 2189
f 2160 2189 2188
f 2161 2162 2190
f 2161 2190 2189
f 2162 2163 2191
f 2162 2191 2190
f 2163 2164 2192
f 2163 2192 2191
f 2164 2165 2193
f 2164 2193 2192
f 2165 2166 2194
f 2165 2194 2193
f 2166 2167 2195
f 2166 2195 2194
f 2167 2168 2196
f 2167 2196 2195
f 2168 2169 2197
f 2168 2197 2196
f 2169 2170 2198
f 2169 2198 2197
f 2171 2172 2200
f 2171 2200 2199
f 2172 2173 2201
f 2172 2201 2200
f 2173 2174 2202
f 2173 2202 2201
f 2174 2175 2203
f 2174 2203 2202
f 2175 2176 2204
f 2175 2204 2203
f 2176 2177 2205
f 2176 2205 2204
f 2177 2178 2206
f 2177 2206 2205
f 2178 2179 2207
f 2178 2207 2206
f 2179 2180 2208
f 2179 2208 2207
f 2180 2181 2209
f 2180 2209 2208
f 2181 2182 2210
f 2181 2210 2209
f 2182 2183 2211
f 2182 2211 2210
f 2183 2184 2212
f 2183 2212 2211
f 2184 2185 2213
f 2184 2213 2212
f 2185 2186 2214
f 2185 2214 2213
f 2186 2187 2215
f 2186 2215 2214
f 2187 2188 2216
f 2187 2216 2215
f 2188 2189 2217
f 2188 2217 2216
f 2189 2190 2218
f 2189 2218 2217
f 2190 2191 2219
f 2190 2219 2218
f 2191 2192 2220
f 2191 2220 2219
f 2192 2193 2221
f 2192 2221 2220
f 2193 2194 2222
f 2193 2222 2221
f 2194 2195 2223
f 2194 2223 2222
f 2195 2196 2224
f 2195 2224 2223
f 2196 2197 2225
f 2196 2225 2224
f 2197 2198 2226
f 2197 2226 2225
f 2199 2200 2228
f 2199 2228 2227
f 2200 2201 2229
f 2200 2229 2228
f 2201 2202 2230
f 2201 2230 2229
f 2202 2203 2231
f 2202 2231 2230
f 2203 2204 2232
f 2203 2232 2231
f 2204 2205 2233
f 2204 2233 2232
f 2205 2206 2234
f 2205 2234 2233
f 2206 2207 2235
f 2206 2235 2234
f 2207 2208 2236
f 2207 2236 2235
f 2208 2209 2237
f 2208 2237 2236
f 2209 2210 2238
f 2209 2238 2237
f 2210 2211 2239
f 2210 2239 2238
f 2211 2212 2240
f 2211 2240 2239
f 2212 2213 2241
f 2212 2241 2240
f 2213 2214 2242
f 2213 2242 2241
f 2214 2215 2243
f 2214 2243 2242
f 2215 2216 2244
f 2215 2244 2243
f 2216 2217 2245
f 2216 2245 2244
f 2217 2218 2246
f 2217 2246 2245
f 2218 2219 2247
f 2218 2247 2246
f 2219 2220 2248
f 2219 2248 2247
f 2220 2221 2249
f 2220 2249 2248
f 2221 2222 2250
f 2221 2250 2249
f 2222 2223 2251
f 2222 2251 2250
f 2223 2224 2252
f 2223 2252 2251
f 2224 2225 2253
f 2224 2253 2252
f 2225 2226 2254
f 2225 2254 2253
f 2227 2228 2256
f 2227 2256 2255
f 2228 2229 2257
f 2228 2257 2256
f 2229 2230 2258
f 2229 2258 2257
f 2230 2231 2259
f 2230 2259 2258
f 2231 2232 2260
f 2231 2260 2259
f 2232 2233 2261
f 2232 2261 2260
f 2233 2234 2262
f 2233 2262 2261
f 2234 2235 2263
f 2234 2263 2262
f 2235 2236 2264
f 2235 2264 2263
f 2236 2237 2265
f 2236 2265 2264
f 2237 2238 2266
f 2237 2266 2265
f 2238 2239 2267
f 2238 2267 2266
f 2239 2240 2268
f 2239 2268 2267
f 2240 2241 2269
f 2240 2269 2268
f 2241 2242 2270
f 2241 2270 2269
f 2242 2243 2271
f 2242 2271 2270
f 2243 2244 2272
f 2243 2272 2271
f 2244 2245 2273
f 2244 2273 2272
f 2245 2246 2274
f 2245 2274 2273
f 2246 2247 2275
f 2246 2275 2274
f 2247 2248 2276
f 2247 2276 2275
f 2248 2249 2277
f 2248 2277 2276
f 2249 2250 2278
f 2249 2278 2277
f 2250 2251 2279
f 2250 2279 2278
f 2251 2252 2280
f 2251 2280 2279
f 2252 2253 2281
f 2252 2281 2280
f 2253 2254 2282
f 2253 2282 2281
f 2255 2256 2284
f 2255 2284 2283
f 2256 2257 2285
f 2256 2285 2284
f 2257 2258 2286
f 2257 2286 2285
f 2258 2259 2287
f 2258 2287 2286
f 2259 2260 2288
f 2259 2288 2287
f 2260 2261 2289
f 2260 2289 2288
f 2261 2262 2290
f 2261 2290 2289
f 2262 2263 2291
f 2262 2291 2290
f 2263 2264 2292
f 2263 2292 2291
f 2264 2265 2293
f 2264 2293 2292
f 2265 2266 2294
f 2265 2294 2293
f 2266 2267 2295
f 2266 2295 2294
f 2267 2268 2296
f 2267 2296 2295
f 2268 2269 2297
f 2268 2297 2296
f 2269 2270 2298
f 2269 2298 2297
f 2270 2271 2299
f 2270 2299 2298
f 2271 2272 2300
f 2271 2300 2299
f 2272 2273 2301
f 2272 2301 2300
f 2273 2274 2302
f 2273 2302 2301
f 2274 2275 2303
f 2274 2303 2302
f 2275 2276 2304
f 2275 2304 2303
f 2276 2277 2305
f 2276 2305 2304
f 2277 2278 2306
f 2277 2306 2305
f 2278 2279 2307
f 2278 2307 2306
f 2279 2280 2308
f 2279 2308 2307
f 2280 2281 2309
f 2280 2309 2308
f 2281 2282 2310
f 2281 2310 2309
f 2283 2284 2312
f 2283 2312 2311
f 2284 2285 2313
f 2284 2313 2312
f 2285 2286 2314
f 2285 2314 2313
f 2286 2287 2315
f 2286 2315 2314
f 2287 2288 2316
f 2287 2316 2315
f 2288 2289 2317
f 2288 2317 2316
f 2289 2290 2318
f 2289 2318 2317
f 2290 2291 2319
f 2290 2319 2318
f 2291 2292 2320
f 2291 2320 2319
f 2292 2293 2321
f 2292 2321 2320
f 2293 2294 2322
f 2293 2322 2321
f 2294 2295 2323
f 2294 2323 2322
f 2295 2296 2324
f 2295 2324 2323
f 2296 2297 2325
f 2296 2325 2324
f 2297 2298 2326
f 2297 2326 2325
f 2298 2299 2327
f 2298 2327 2326
f 2299 2300 2328
f 2299 2328 2327
f 2300 2301 2329
f 2300 2329 2328
f 2301 2302 2330
f 2301 2330 2329
f 2302 2303 2331
f 2302 2331 2330
f 2303 2304 2332
f 2303 2332 2331
f 2304 2305 2333
f 2304 2333 2332
f 2305 2306 2334
f 2305 2334 2333
f 2306 2307 2335
f 2306 2335 2334
f 2307 2308 2336
f 2307 2336 2335
f 2308 2309 2337
f 2308 2337 2336
f 2309 2310 2338
f 2309 2338 2337
f 2311 2312 2340
f 2311 2340 2339
f 2312 2313 2341
f 2312 2341 2340
f 2313 2314 2342
f 2313 2342 2341
f 2314 2315 2343
f 2314 2343 2342
f 2315 2316 2344
f 2315 2344 2343
f 2316 2317 2345
f 2316 2345 2344
f 2317 2318 2346
f 2317 2346 2345
f 2318 2319 2347
f 2318 2347 2346
f 2319 2320 2348
f 2319 2348 2347
f 2320 2321 2349
f 2320 2349 2348
f 2321 2322 2350
f 2321 2350 2349
f 2322 2323 2351
f 2322 2351 2350
f 2323 2324 2352
f 2323 2352 2351
f 2324 2325 2353
f 2324 2353 2352
f 2325 2326 2354
f 2325 2354 2353
f 2326 2327 2355
f 2326 2355 2354
f 2327 2328 2356
f 2327 2356 2355
f 2328 2329 2357
f 2328 2357 2356
f 2329 2330 2358
f 2329 2358 2357
f 2330 2331 2359
f 2330 2359 2358
f 2331 2332 2360
f 2331 2360 2359
f 2332 2333 2361
f 2332 2361 2360
f 2333 2334 2362
f 2333 2362 2361
f 2334 2335 2363
f 2334 2363 2362
f 2335 2336 2364
f 2335 2364 2363
f 2336 2337 2365
f 2336 2365 2364
f 2337 2338 2366
f 2337 2366 2365
f 2339 2340 2368
f 2339 2368 2367
f 2340 2341 2369
f 2340 2369 2368
f 2341 2342 2370
f 2341 2370 2369
f 2342 2343 2371
f 2342 2371 2370
f 2343 2344 2372
f 2343 2372 2371
f 2344 2345 2373
f 2344 2373 2372
f 2345 2346 2374
f 2345 2374 2373
f 2346 2347 2375
f 2346 2375 2374
f 2347 2348 2376
f 2347 2376 2375
f 2348 2349 2377
f 2348 2377 2376
f 2349 2350 2378
f 2349 2378 2377
f 2350 2351 2379
f 2350 2379 2378
f 2351 2352 2380
f 2351 2380 2379
f 2352 2353 2381
f 2352 2381 2380
f 2353 2354 2382
f 2353 2382 2381
f 2354 2355 2383
f 2354 2383 2382
f 2355 2356 2384
f 2355 2384 2383
f 2356 2357 2385
f 2356 2385 2384
f 2357 2358 2386
f 2357 2386 2385
f 2358 2359 2387
f 2358 2387 2386
f 2359 2360 2388
f 2359 2388 2387
f 2360 2361 2389
f 2360 2389 2388
f 2361 2362 2390
f 2361 2390 2389
f 2362 2363 2391
f 2362 2391 2390
f 2363 2364 2392
f 2363 2392 2391
f 2364 2365 2393
f 2364 2393 2392
f 2365 2366 2394
f 2365 2394 2393
f 2367 2368 2396
f 2367 2396 2395
f 2368 2369 2397
f 2368 2397 2396
f 2369 2370 2398
f 2369 2398 2397
f 2370 2371 2399
f 2370 2399 2398
f 2371 2372 2400
f 2371 2400 2399
f 2372 2373 2401
f 2372 2401 2400
f 2373 2374 2402
f 2373 2402 2401
f 2374 2375 2403
f 2374 2403 2402
f 2375 2376 2404
f 2375 2404 2403
f 2376 2377 2405
f 2376 2405 2404
f 2377 2378 2406
f 2377 2406 2405
f 2378 2379 2407
f 2378 2407 2406
f 2379 2380 2408
f 2379 2408 2407
f 2380 2381 2409
f 2380 2409 2408
f 2381 2382 2410
f 2381 2410 2409
f 2382 2383 2411
f 2382 2411 2410
f 2383 2384 2412
f 2383 2412 2411
f 2384 2385 2413
f 2384 2413 2412
f 2385 2386 2414
f 2385 2414 2413
f 2386 2387 2415
f 2386 2415 2414
f 2387 2388 2416
f 2387 2416 2415
f 2388 2389 2417
f 2388 2417 2416
f 2389 2390 2418
f 2389 2418 2417
f 2390 2391 2419
f 2390 2419 2418
f 2391 2392 2420
f 2391 2420 2419
f 2392 2393 2421
f 2392 2421 2420
f 2393 2394 2422
f 2393 2422 2421
f 2395 2396 2424
f 2395 2424 2423
f 2396 2397 2425
f 2396 2425 2424
f 2397 2398 2426
f 2397 2426 2425
f 2398 2399 2427
f 2398 2427 2426
f 2399 2400 2428
f 2399 2428 2427
f 2400 2401 2429
f 2400 2429 2428
f 2401 2402 2430
f 2401 2430 2429
f 2402 2403 2431
f 2402 2431 2430
f 2403 2404 2432
f 2403 2432 2431
f 2404 2405 2433
f 2404 2433 2432
f 2405 2406 2434
f 2405 2434 2433
f 2406 2407 2435
f 2406 2435 2434
f 2407 2408 2436
f 2407 2436 2435
f 2408 2409 2437
f 2408 2437 2436
f 2409 2410 2438
f 2409 2438 2437
f 2410 2411 2439
f 2410 2439 2438
f 2411 2412 2440
f 2411 2440 2439
f 2412 2413 2441
f 2412 2441 2440
f 2413 2414 2442
f 2413 2442 2441
f 2414 2415 2443
f 2414 2443 2442
f 2415 2416 2444
f 2415 2444 2443
f 2416 2417 2445
f 2416 2445 2444
f 2417 2418 2446
f 2417 2446 2445
f 2418 2419 2447
f 2418 2447 2446
f 2419 2420 2448
f 2419 2448 2447
f 2420 2421 2449
f 2420 2449 2448
f 2421 2422 2450
f 2421 2450 2449
f 2423 2424 2452
f 2423 2452 2451
f 2424 2425 2453
f 2424 2453 2452
f 2425 2426 2454
f 2425 2454 2453
f 2426 2427 2455
f 2426 2455 2454
f 2427 2428 2456
f 2427 2456 2455
f 2428 2429 2457
f 2428 2457 2456
f 2429 2430 2458
f 2429 2458 2457
f 2430 2431 2459
f 2430 2459 2458
f 2431 2432 2460
f 2431 2460 2459
f 2432 2433 2461
f 2432 2461 2460
f 2433 2434 2462
f 2433 2462 2461
f 2434 2435 2463
f 2434 2463 2462
f 2435 2436 2464
f 2435 2464 2463
f 2436 2437 2465
f 2436 2465 2464
f 2437 2438 2466
f 2437 2466 2465
f 2438 2439 2467
f 2438 2467 2466
f 2439 2440 2468
f 2439 2468 2467
f 2440 2441 2469
f 2440 2469 2468
f 2441 2442 2470
f 2441 2470 2469
f 2442 2443 2471
f 2442 2471 2470
f 2443 2444 2472
f 2443 2472 2471
f 2444 2445 2473
f 2444 2473 2472
f 2445 2446 2474
f 2445 2474 2473
f 2446 2447 2475
f 2446 2475 2474
f 2447 2448 2476
f 2447 2476 2475
f 2448 2449 2477
f 2448 2477 2476
f 2449 2450 2478
f 2449 2478 2477
f 2451 2452 2480
f 2451 2480 2479
f 2452 2453 2481
f 2452 2481 2480
f 2453 2454 2482
f 2453 2482 2481
f 2454 2455 2483
f 2454 2483 2482
f 2455 2456 2484
f 2455 2484 2483
f 2456 2457 2485
f 2456 2485 2484
f 2457 2458 2486
f 2457 2486 2485
f 2458 2459 2487
f 2458 2487 2486
f 2459 2460 2488
f 2459 2488 2487
f 2460 2461 2489
f 2460 2489 2488
f 2461 2462 2490
f 2461 2490 2489
f 2462 2463 2491
f 2462 2491 2490
f 2463 2464 2492
f 2463 2492 2491
f 2464 2465 2493
f 2464 2493 2492
f 2465 2466 2494
f 2465 2494 2493
f 2466 2467 2495
f 2466 2495 2494
f 2467 2468 2496
f 2467 2496 2495
f 2468 2469 2497
f 2468 2497 2496
f 2469 2470 2498
f 2469 2498 2497
f 2470 2471 2499
f 2470 2499 2498
f 2471 2472 2500
f 2471 2500 2499
f 2472 2473 2501
f 2472 2501 2500
f 2473 2474 2502
f 2473 2502 2501
f 2474 2475 2503
f 2474 2503 2502
f 2475 2476 2504
f 2475 2504 2503
f 2476 2477 2505
f 2476 2505 2504
f 2477 2478 2506
f 2477 2506 2505
f 2479 2480 2508
f 2479 2508 2507
f 2480 2481 2509
f 2480 2509 2508
f 2481 2482 2510
f 2481 2510 2509
f 2482 2483 2511
f 2482 2511 2510
f 2483 2484 2512
f 2483 2512 2511
f 2484 2485 2513
f 2484 2513 2512
f 2485 2486 2514
f 2485 2514 2513
f 2486 2487 2515
f 2486 2515 2514
f 2487 2488 2516
f 2487 2516 2515
f 2488 2489 2517
f 2488 2517 2516
f 2489 2490 2518
f 2489 2518 2517
f 2490 2491 2519
f 2490 2519 2518
f 2491 2492 2520
f 2491 2520 2519
f 2492 2493 2521
f 2492 2521 2520
f 2493 2494 2522
f 2493 2522 2521
f 2494 2495 2523
f 2494 2523 2522
f 2495 2496 2524
f 2495 2524 2523
f 2496 2497 2525
f 2496 2525 2524
f 2497 2498 2526
f 2497 2526 2525
f 2498 2499 2527
f 2498 2527 2526
f 2499 2500 2528
f 2499 2528 2527
f 2500 2501 2529
f 2500 2529 2528
f 2501 2502 2530
f 2501 2530 2529
f 2502 2503 2531
f 2502 2531 2530
f 2503 2504 2532
f 2503 2532 2531
f 2504 2505 2533
f 2504 2533 2532
f 2505 2506 2534
f 2505 2534 2533
f 2507 2508 2536
f 2507 2536 2535
f 2508 2509 2537
f 2508 2537 2536
f 2509 2510 2538
f 2509 2538 2537
f 2510 2511 2539
f 2510 2539 2538
f 2511 2512 2540
f 2511 2540 2539
f 2512 2513 2541
f 2512 2541 2540
f 2513 2514 2542
f 2513 2542 2541
f 2514 2515 2543
f 2514 2543 2542
f 2515 2516 2544
f 2515 2544 2543
f 2516 2517 2545
f 2516 2545 2544
f 2517 2518 2546
f 2517 2546 2545
f 2518 2519 2547
f 2518 2547 2546
f 2519 2520 2548
f 2519 2548 2547
f 2520 2521 2549
f 2520 2549 2548
f 2521 2522 2550
f 2521 2550 2549
f 2522 2523 2551
f 2522 2551 2550
f 2523 2524 2552
f 2523 2552 2551
f 2524 2525 2553
f 2524 2553 2552
f 2525 2526 2554
f 2525 2554 2553
f 2526 2527 2555
f 2526 2555 2554
f 2527 2528 2556
f 2527 2556 2555
f 2528 2529 2557
f 2528 2557 2556
f 2529 2530 2558
f 2529 2558 2557
f 2530 2531 2559
f 2530 2559 2558
f 2531 2532 2560
f 2531 2560 2559
f 2532 2533 2561
f 2532 2561 2560
f 2533 2534 2562
f 2533 2562 2561
f 2535 2536 2564
f 2535 2564 2563
f 2536 2537 2565
f 2536 2565 2564
f 2537 2538 2566
f 2537 2566 2565
f 2538 2539 2567
f 2538 2567 2566
f 2539 2540 2568
f 2539 2568 2567
f 2540 2541 2569
f 2540 2569 2568
f 2541 2542 2570
f 2541 2570 2569
f 2542 2543 2571
f 2542 2571 2570
f 2543 2544 2572
f 2543 2572 2571
f 2544 2545 2573
f 2544 2573 2572
f 2545 2546 2574
f 2545 2574 2573
f 2546 2547 2575
f 2546 2575 2574
f 2547 2548 2576
f 2547 2576 2575
f 2548 2549 2577
f 2548 2577 2576
f 2549 2550 2578
f 2549 2578 2577
f 2550 2551 2579
f 2550 2579 2578
f 2551 2552 2580
f 2551 2580 2579
f 2552 2553 2581
f 2552 2581 2580
f 2553 2554 2582
f 2553 2582 2581
f 2554 2555 2583
f 2554 2583 2582
f 2555 2556 2584
f 2555 2584 2583
f 2556 2557 2585
f 2556 2585 2584
f 2557 2558 2586
f 2557 2586 2585
f 2558 2559 2587
f 2558 2587 2586
f 2559 2560 2588
f 2559 2588 2587
f 2560 2561 2589
f 2560 2589 2588
f 2561 2562 2590
f 2561 2590 2589
f 2563 2564 1752
f 2563 1752 1751
f 2564 2565 1753
f 2564 1753 1752
f 2565 2566 1754
f 2565 1754 1753
f 2566 2567 1755
f 2566 1755 1754
f 2567 2568 1756
f 2567 1756 1755
f 2568 2569 1757
f 2568 1757 1756
f 2569 2570 1758
f 2569 1758 1757
f 2570 2571 1759
f 2570 1759 1758
f 2571 2572 1760
f 2571 1760 1759
f 2572 2573 1761
f 2572 1761 1760
f 2573 2574 1762
f 2573 1762 1761
f 2574 2575 1763
f 2574 1763 1762
f 2575 2576 1764
f 2575 1764 1763
f 2576 2577 1765
f 2576 1765 1764
f 2577 2578 1766
f 2577 1766 1765
f 2578 2579 1767
f 2578 1767 1766
f 2579 2580 1768
f 2579 1768 1767
f 2580 2581 1769
f 2580 1769 1768
f 2581 2582 1770
f 2581 1770 1769
f 2582 2583 1771
f 2582 1771 1770
f 2583 2584 1772
f 2583 1772 1771
f 2584 2585 1773
f 2584 1773 1772
f 2585 2586 1774
f 2585 1774 1773
f 2586 2587 1775
f 2586 1775 1774
f 2587 2588 1776
f 2587 1776 1775
f 2588 2589 1777
f 2588 1777 1776
f 2589 2590 1778
f 2589 1778 1777
f 2593 2621 2591
f 2621 2649 2591
f 2649 2677 2591
f 2677 2705 2591
f 2705 2733 2591
f 2733 2761 2591
f 2761 2789 2591
f 2789 2817 2591
f 2817 2845 2591
f 2845 2873 2591
f 2873 2901 2591
f 2901 2929 2591
f 2929 2957 2591
f 2957 2985 2591
f 2985 3013 2591
f 3013 3041 2591
f 3041 3069 2591
f 3069 3097 2591
f 3097 3125 2591
f 3125 3153 2591
f 3153 3181 2591
f 3181 3209 2591
f 3209 3237 2591
f 3237 3265 2591
f 3265 3293 2591
f 3293 3321 2591
f 3321 3349 2591
f 3349 3377 2591
f 3377 3405 2591
f 3405 2593 2591
f 2620 2592 2648
f 2648 2592 2676
f 2676 2592 2704
f 2704 2592 2732
f 2732 2592 2760
f 2760 2592 2788
f 2788 2592 2816
f 2816 2592 2844
f 2844 2592 2872
f 2872 2592 2900
f 2900 2592 2928
f 2928 2592 2956
f 2956 2592 2984
f 2984 2592 3012
f 3012 2592 3040
f 3040 2592 3068
f 3068 2592 3096
f 3096 2592 3124
f 3124 2592 3152
f 3152 2592 3180
f 3180 2592 3208
f 3208 2592 3236
f 3236 2592 3264
f 3264 2592 3292
f 3292 2592 3320
f 3320 2592 3348
f 3348 2592 3376
f 3376 2592 3404
f 3404 2592 3432
f 3432 2592 2620
f 2593 2594 2622
f 2593 2622 2621
f 2594 2595 2623
f 2594 2623 2622
f 2595 2596 2624
f 2595 2624 2623
f 2596 2597 2625
f 2596 2625 2624
f 2597 2598 2626
f 2597 2626 2625
f 2598 2599 2627
f 2598 2627 2626
f 2599 2600 2628
f 2599 2628 2627
f 2600 2601 2629
f 2600 2629 2628
f 2601 2602 2630
f 2601 2630 2629
f 2602 2603 2631
f 2602 2631 2630
f 2603 2604 2632
f 2603 2632 2631
f 2604 2605 2633
f 2604 2633 2632
f 2605 2606 2634
f 2605 2634 2633
f 2606 2607 2635
f 2606 2635 2634
f 2607 2608 2636
f 2607 2636 2635
f 2608 2609 2637
f 2608 2637 2636
f 2609 2610 2638
f 2609 2638 2637
f 2610 2611 2639
f 2610 2639 2638
f 2611 2612 2640
f 2611 2640 2639
f 2612 2613 2641
f 2612 2641 2640
f 2613 2614 2642
f 2613 2642 2641
f 2614 2615 2643
f 2614 2643 2642
f 2615 2616 2644
f 2615 2644 2643
f 2616 2617 2645
f 2616 2645 2644
f 2617 2618 2646
f 2617 2646 2645
f 2618 2619 2647
f 2618 2647 2646
f 2619 2620 2648
f 2619 2648 2647
f 2621 2622 2650
f 2621 2650 2649
f 2622 2623 2651
f 2622 2651 2650
f 2623 2624 2652
f 2623 2652 2651
f 2624 2625 2653
f 2624 2653 2652
f 2625 2626 2654
f 2625 2654 2653
f 2626 2627 2655
f 2626 2655 2654
f 2627 2628 2656
f 2627 2656 2655
f 2628 2629 2657
f 2628 2657 2656
f 2629 2630 2658
f 2629 2658 2657
f 2630 2631 2659
f 2630 2659 2658
f 2631 2632 2660
f 2631 2660 2659
f 2632 2633 2661
f 2632 2661 2660
f 2633 2634 2662
f 2633 2662 2661
f 2634 2635 2663
f 2634 2663 2662
f 2635 2636 2664
f 2635 2664 2663
f 2636 2637 2665
f 2636 2665 2664
f 2637 2638 2666
f 2637 2666 2665
f 2638 2639 2667
f 2638 2667 2666
f 2639 2640 2668
f 2639 2668 2667
f 2640 2641 2669
f 2640 2669 2668
f 2641 2642 2670
f 2641 2670 2669
f 2642 2643 2671
f 2642 2671 2670
f 2643 2644 2672
f 2643 2672 2671
f 2644 2645 2673
f 2644 2673 2672
f 2645 2646 2674
f 2645 2674 2673
f 2646 2647 2675
f 2646 2675 2674
f 2647 2648 2676
f 2647 2676 2675
f 2649 2650 2678
f 2649 2678 2677
f 2650 2651 2679
f 2650 2679 2678
f 2651 2652 2680
f 2651 2680 2679
f 2652 2653 2681
f 2652 2681 2680
f 2653 2654 2682
f 2653 2682 2681
f 2654 2655 2683
f 2654 2683 2682
f 2655 2656 2684
f 2655 2684 2683
f 2656 2657 2685
f 2656 2685 2684
f 2657 2658 2686
f 2657 2686 2685
f 2658 2659 2687
f 2658 2687 2686
f 2659 2660 2688
f 2659 2688 2687
f 2660 2661 2689
f 2660 2689 2688
f 2661 2662 2690
f 2661 2690 2689
f 2662 2663 2691
f 2662 2691 2690
f 2663 2664 2692
f 2663 2692 2691
f 2664 2665 2693
f 2664 2693 2692
f 2665 2666 2694
f 2665 2694 2693
f 2666 2667 2695
f 2666 2695 2694
f 2667 2668 2696
f 2667 2696 2695
f 2668 2669 2697
f 2668 2697 2696
f 2669 2670 2698
f 2669 2698 2697
f 2670 2671 2699
f 2670 2699 2698
f 2671 2672 2700
f 2671 2700 2699
f 2672 2673 2701
f 2672 2701 2700
f 2673 2674 2702
f 2673 2702 2701
f 2674 2675 2703
f 2674 2703 2702
f 2675 2676 2704
f 2675 2704 2703
f 2677 2678 2706
f 2677 2706 2705
f 2678 2679 2707
f 2678 2707 2706
f 2679 2680 2708
f 2679 2708 2707
f 2680 2681 2709
f 2680 2709 2708
f 2681 2682 2710
f 2681 2710 2709
f 2682 2683 2711
f 2682 2711 2710
f 2683 2684 2712
f 2683 2712 2711
f 2684 2685 2713
f 2684 2713 2712
f 2685 2686 2714
f 2685 2714 2713
f 2686 2687 2715
f 2686 2715 2714
f 2687 2688 2716
f 2687 2716 2715
f 2688 2689 2717
f 2688 2717 2716
f 2689 2690 2718
f 2689 2718 2717
f 2690 2691 2719
f 2690 2719 2718
f 2691 2692 2720
f 2691 2720 2719
f 2692 2693 2721
f 2692 2721 2720
f 2693 2694 2722
f 2693 2722 2721
f 2694 2695 2723
f 2694 2723 2722
f 2695 2696 2724
f 2695 2724 2723
f 2696 2697 2725
f 2696 2725 2724
f 2697 2698 2726
f 2697 2726 2725
f 2698 2699 2727
f 2698 2727 2726
f 2699 2700 2728
f 2699 2728 2727
f 2700 2701 2729
f 2700 2729 2728
f 2701 2702 2730
f 2701 2730 2729
f 2702 2703 2731
f 2702 2731 2730
f 2703 2704 2732
f 2703 2732 2731
f 2705 2706 2734
f 2705 2734 2733
f 2706 2707 2735
f 2706 2735 2734
f 2707 2708 2736
f 2707 2736 2735
f 2708 2709 2737
f 2708 2737 2736
f 2709 2710 2738
f 2709 2738 2737
f 2710 2711 2739
f 2710 2739 2738
f 2711 2712 2740
f 2711 2740 2739
f 2712 2713 2741
f 2712 2741 2740
f 2713 2714 2742
f 2713 2742 2741
f 2714 2715 2743
f 2714 2743 2742
f 2715 2716 2744
f 2715 2744 2743
f 2716 2717 2745
f 2716 2745 2744
f 2717 2718 2746
f 2717 2746 2745
f 2718 2719 2747
f 2718 2747 2746
f 2719 2720 2748
f 2719 2748 2747
f 2720 2721 2749
f 2720 2749 2748
f 2721 2722 2750
f 2721 2750 2749
f 2722 2723 2751
f 2722 2751 2750
f 2723 2724 2752
f 2723 2752 2751
f 2724 2725 2753
f 2724 2753 2752
f 2725 2726 2754
f 2725 2754 2753
f 2726 2727 2755
f 2726 2755 2754
f 2727 2728 2756
f 2727 2756 2755
f 2728 2729 2757
f 2728 2757 2756
f 2729 2730 2758
f 2729 2758 2757
f 2730 2731 2759
f 2730 2759 2758
f 2731 2732 2760
f 2731 2760 2759
f 2733 2734 2762
f 2733 2762 2761
f 2734 2735 2763
f 2734 2763 2762
f 2735 2736 2764
f 2735 2764 2763
f 2736 2737 2765
f 2736 2765 2764
f 2737 2738 2766
f 2737 2766 2765
f 2738 2739 2767
f 2738 2767 2766
f 2739 2740 2768
f 2739 2768 2767
f 2740 2741 2769
f 2740 2769 2768
f 2741 2742 2770
f 2741 2770 2769
f 2742 2743 2771
f 2742 2771 2770
f 2743 2744 2772
f 2743 2772 2771
f 2744 2745 2773
f 2744 2773 2772
f 2745 2746 2774
f 2745 2774 2773
f 2746 2747 2775
f 2746 2775 2774
f 2747 2748 2776
f 2747 2776 2775
f 2748 2749 2777
f 2748 2777 2776
f 2749 2750 2778
f 2749 2778 2777
f 2750 2751 2779
f 2750 2779 2778
f 2751 2752 2780
f 2751 2780 2779
f 2752 2753 2781
f 2752 2781 2780
f 2753 2754 2782
f 2753 2782 2781
f 2754 2755 2783
f 2754 2783 2782
f 2755 2756 2784
f 2755 2784 2783
f 2756 2757 2785
f 2756 2785 2784
f 2757 2758 2786
f 2757 2786 2785
f 2758 2759 2787
f 2758 2787 2786
f 2759 2760 2788
f 2759 2788 2787
f 2761 2762 2790
f 2761 2790 2789
f 2762 2763 2791
f 2762 2791 2790
f 2763 2764 2792
f 2763 2792 2791
f 2764 2765 2793
f 2764 2793 2792
f 2765 2766 2794
f 2765 2794 2793
f 2766 2767 2795
f 2766 2795 2794
f 2767 2768 2796
f 2767 2796 2795
f 2768 2769 2797
f 2768 2797 2796
f 2769 2770 2798
f 2769 2798 2797
f 2770 2771 2799
f 2770 2799 2798
f 2771 2772 2800
f 2771 2800 2799
f 2772 2773 2801
f 2772 2801 2800
f 2773 2774 2802
f 2773 2802 2801
f 2774 2775 2803
f 2774 2803 2802
f 2775 2776 2804
f 2775 2804 2803
f 2776 2777 2805
f 2776 2805 2804
f 2777 2778 2806
f 2777 2806 2805
f 2778 2779 2807
f 2778 2807 2806
f 2779 2780 2808
f 2779 2808 2807
f 2780 2781 2809
f 2780 2809 2808
f 2781 2782 2810
f 2781 2810 2809
f 2782 2783 2811
f 2782 2811 2810
f 2783 2784 2812
f 2783 2812 2811
f 2784 2785 2813
f 2784 2813 2812
f 2785 2786 2814
f 2785 2814 2813
f 2786 2787 2815
f 2786 2815 2814
f 2787 2788 2816
f 2787 2816 2815
f 2789 2790 2818
f 2789 2818 2817
f 2790 2791 2819
f 2790 2819 2818
f 2791 2792 2820
f 2791 2820 2819
f 2792 2793 2821
f 2792 2821 2820
f 2793 2794 2822
f 2793 2822 2821
f 2794 2795 2823
f 2794 2823 2822
f 2795 2796 2824
f 2795 2824 2823
f 2796 2797 2825
f 2796 2825 2824
f 2797 2798 2826
f 2797 2826 2825
f 2798 2799 2827
f 2798 2827 2826
f 2799 2800 2828
f 2799 2828 2827
f 2800 2801 2829
f 2800 2829 2828
f 2801 2802 2830
f 2801 2830 2829
f 2802 2803 2831
f 2802 2831 2830
f 2803 2804 2832
f 2803 2832 2831
f 2804 2805 2833
f 2804 2833 2832
f 2805 2806 2834
f 2805 2834 2833
f 2806 2807 2835
f 2806 2835 2834
f 2807 2808 2836
f 2807 2836 2835
f 2808 2809 2837
f 2808 2837 2836
f 2809 2810 2838
f 2809 2838 2837
f 2810 2811 2839
f 2810 2839 2838
f 2811 2812 2840
f 2811 2840 2839
f 2812 2813 2841
f 2812 2841 2840
f 2813 2814 2842
f 2813 2842 2841
f 2814 2815 2843
f 2814 2843 2842
f 2815 2816 2844
f 2815 2844 2843
f 2817 2818 2846
f 2817 2846 2845
f 2818 2819 2847
f 2818 2847 2846
f 2819 2820 2848
f 2819 2848 2847
f 2820 2821 2849
f 2820 2849 2848
f 2821 2822 2850
f 2821 2850 2849
f 2822 2823 2851
f 2822 2851 2850
f 2823 2824 2852
f 2823 2852 2851
f 2824 2825 2853
f 2824 2853 2852
f 2825 2826 2854
f 2825 2854 2853
f 2826 2827 2855
f 2826 2855 2854
f 2827 2828 2856
f 2827 2856 2855
f 2828 2829 2857
f 2828 2857 2856
f 2829 2830 2858
f 2829 2858 2857
f 2830 2831 2859
f 2830 2859 2858
f 2831 2832 2860
f 2831 2860 2859
f 2832 2833 2861
f 2832 2861 2860
f 2833 2834 2862
f 2833 2862 2861
f 2834 2835 2863
f 2834 2863 2862
f 2835 2836 2864
f 2835 2864 2863
f 2836 2837 2865
f 2836 2865 2864
f 2837 2838 2866
f 2837 2866 2865
f 2838 2839 2867
f 2838 2867 2866
f 2839 2840 2868
f 2839 2868 2867
f 2840 2841 2869
f 2840 2869 2868
f 2841 2842 2870
f 2841 2870 2869
f 2842 2843 2871
f 2842 2871 2870
f 2843 2844 2872
f 2843 2872 2871
f 2845 2846 2874
f 2845 2874 2873
f 2846 2847 2875
f 2846 2875 2874
f 2847 2848 2876
f 2847 2876 2875
f 2848 2849 2877
f 2848 2877 2876
f 2849 2850 2878
f 2849 2878 2877
f 2850 2851 2879
f 2850 2879 2878
f 2851 2852 2880
f 2851 2880 2879
f 2852 2853 2881
f 2852 2881 2880
f 2853 2854 2882
f 2853 2882 2881
f 2854 2855 2883
f 2854 2883 2882
f 2855 2856 2884
f 2855 2884 2883
f 2856 2857 2885
f 2856 2885 2884
f 2857 2858 2886
f 2857 2886 2885
f 2858 2859 2887
f 2858 2887 2886
f 2859 2860 2888
f 2859 2888 2887
f 2860 2861 2889
f 2860 2889 2888
f 2861 2862 2890
f 2861 2890 2889
f 2862 2863 2891
f 2862 2891 2890
f 2863 2864 2892
f 2863 2892 2891
f 2864 2865 2893
f 2864 2893 2892
f 2865 2866 2894
f 2865 2894 2893
f 2866 2867 2895
f 2866 2895 2894
f 2867 2868 2896
f 2867 2896 2895
f 2868 2869 2897
f 2868 2897 2896
f 2869 2870 2898
f 2869 2898 2897
f 2870 2871 2899
f 2870 2899 2898
f 2871 2872 2900
f 2871 2900 2899
f 2873 2874 2902
f 2873 2902 2901
f 2874 2875 2903
f 2874 2903 2902
f 2875 2876 2904
f 2875 2904 2903
f 2876 2877 2905
f 2876 2905 2904
f 2877 2878 2906
f 2877 2906 2905
f 2878 2879 2907
f 2878 2907 2906
f 2879 2880 2908
f 2879 2908 2907
f 2880 2881 2909
f 2880 2909 2908
f 2881 2882 2910
f 2881 2910 2909
f 2882 2883 2911
f 2882 2911 2910
f 2883 2884 2912
f 2883 2912 2911
f 2884 2885 2913
f 2884 2913 2912
f 2885 2886 2914
f 2885 2914 2913
f 2886 2887 2915
f 2886 2915 2914
f 2887 2888 2916
f 2887 2916 2915
f 2888 2889 2917
f 2888 2917 2916
f 2889 2890 2918
f 2889 2918 2917
f 2890 2891 2919
f 2890 2919 2918
f 2891 2892 2920
f 2891 2920 2919
f 2892 2893 2921
f 2892 2921 2920
f 2893 2894 2922
f 2893 2922 2921
f 2894 2895 2923
f 2894 2923 2922
f 2895 2896 2924
f 2895 2924 2923
f 2896 2897 2925
f 2896 2925 2924
f 2897 2898 2926
f 2897 2926 2925
f 2898 2899 2927
f 2898 2927 2926
f 2899 2900 2928
f 2899 2928 2927
f 2901 2902 2930
f 2901 2930 2929
f 2902 2903 2931
f 2902 2931 2930
f 2903 2904 2932
f 2903 2932 2931
f 2904 2905 2933
f 2904 2933 2932
f 2905 2906 2934
f 2905 2934 2933
f 2906 2907 2935
f 2906 2935 2934
f 2907 2908 2936
f 2907 2936 2935
f 2908 2909 2937
f 2908 2937 2936
f 2909 2910 2938
f 2909 2938 2937
f 2910 2911 2939
f 2910 2939 2938
f 2911 2912 2940
f 2911 2940 2939
f 2912 2913 2941
f 2912 2941 2940
f 2913 2914 2942
f 2913 2942 2941
f 2914 2915 2943
f 2914 2943 2942
f 2915 2916 2944
f 2915 2944 2943
f 2916 2917 2945
f 2916 2945 2944
f 2917 2918 2946
f 2917 2946 2945
f 2918 2919 2947
f 2918 2947 2946
f 2919 2920 2948
f 2919 2948 2947
f 2920 2921 2949
f 2920 2949 2948
f 2921 2922 2950
f 2921 2950 2949
f 2922 2923 2951
f 2922 2951 2950
f 2923 2924 2952
f 2923 2952 2951
f 2924 2925 2953
f 2924 2953 2952
f 2925 2926 2954
f 2925 2954 2953
f 2926 2927 2955
f 2926 2955 2954
f 2927 2928 2956
f 2927 2956 2955
f 2929 2930 2958
f 2929 2958 2957
f 2930 2931 2959
f 2930 2959 2958
f 2931 2932 2960
f 2931 2960 2959
f 2932 2933 2961
f 2932 2961 2960
f 2933 2934 2962
f 2933 2962 2961
f 2934 2935 2963
f 2934 2963 2962
f 2935 2936 2964
f 2935 2964 2963
f 2936 2937 2965
f 2936 2965 2964
f 2937 2938 2966
f 2937 2966 2965
f 2938 2939 2967
f 2938 2967 2966
f 2939 2940 2968
f 2939 2968 2967
f 2940 2941 2969
f 2940 2969 2968
f 2941 2942 2970
f 2941 2970 2969
f 2942 2943 2971
f 2942 2971 2970
f 2943 2944 2972
f 2943 2972 2971
f 2944 2945 2973
f 2944 2973 2972
f 2945 2946 2974
f 2945 2974 2973
f 2946 2947 2975
f 2946 2975 2974
f 2947 2948 2976
f 2947 2976 2975
f 2948 2949 2977
f 2948 2977 2976
f 2949 2950 2978
f 2949 2978 2977
f 2950 2951 2979
f 2950 2979 2978
f 2951 2952 2980
f 2951 2980 2979
f 2952 2953 2981
f 2952 2981 2980
f 2953 2954 2982
f 2953 2982 2981
f 2954 2955 2983
f 2954 2983 2982
f 2955 2956 2984
f 2955 2984 2983
f 2957 2958 2986
f 2957 2986 2985
f 2958 2959 2987
f 2958 2987 2986
f 2959 2960 2988
f 2959 2988 2987
f 2960 2961 2989
f 2960 2989 2988
f 2961 2962 2990
f 2961 2990 2989
f 2962 2963 2991
f 2962 2991 2990
f 2963 2964 2992
f 2963 2992 2991
f 2964 2965 2993
f 2964 2993 2992
f 2965 2966 2994
f 2965 2994 2993
f 2966 2967 2995
f 2966 2995 2994
f 2967 2968 2996
f 2967 2996 2995
f 2968 2969 2997
f 2968 2997 2996
f 2969 2970 2998
f 2969 2998 2997
f 2970 2971 2999
f 2970 2999 2998
f 2971 2972 3000
f 2971 3000 2999
f 2972 2973 3001
f 2972 3001 3000
f 2973 2974 3002
f 2973 3002 3001
f 2974 2975 3003
f 2974 3003 3002
f 2975 2976 3004
f 2975 3004 3003
f 2976 2977 3005
f 2976 3005 3004
f 2977 2978 3006
f 2977 3006 3005
f 2978 2979 3007
f 2978 3007 3006
f 2979 2980 3008
f 2979 3008 3007
f 2980 2981 3009
f 2980 3009 3008
f 2981 2982 3010
f 2981 3010 3009
f 2982 2983 3011
f 2982 3011 3010
f 2983 2984 3012
f 2983 3012 3011
f 2985 2986 3014
f 2985 3014 3013
f 2986 2987 3015
f 2986 3015 3014
f 2987 2988 3016
f 2987 3016 3015
f 2988 2989 3017
f 2988 3017 3016
f 2989 2990 3018
f 2989 3018 3017
f 2990 2991 3019
f 2990 3019 3018
f 2991 2992 3020
f 2991 3020 3019
f 2992 2993 3021
f 2992 3021 3020
f 2993 2994 3022
f 2993 3022 3021
f 2994 2995 3023
f 2994 3023 3022
f 2995 2996 3024
f 2995 3024 3023
f 2996 2997 3025
f 2996 3025 3024
f 2997 2998 3026
f 2997 3026 3025
f 2998 2999 3027
f 2998 3027 3026
f 2999 3000 3028
f 2999 3028 3027
f 3000 3001 3029
f 3000 3029 3028
f 3001 3002 3030
f 3001 3030 3029
f 3002 3003 3031
f 3002 3031 3030
f 3003 3004 3032
f 3003 3032 3031
f 3004 3005 3033
f 3004 3033 3032
f 3005 3006 3034
f 3005 3034 3033
f 3006 3007 3035
f 3006 3035 3034
f 3007 3008 3036
f 3007 3036 3035
f 3008 3009 3037
f 3008 3037 3036
f 3009 3010 3038
f 3009 3038 3037
f 3010 3011 3039
f 3010 3039 3038
f 3011 3012 3040
f 3011 3040 3039
f 3013 3014 3042
f 3013 3042 3041
f 3014 3015 3043
f 3014 3043 3042
f 3015 3016 3044
f 3015 3044 3043
f 3016 3017 3045
f 3016 3045 3044
f 3017 3018 3046
f 3017 3046 3045
f 3018 3019 3047
f 3018 3047 3046
f 3019 3020 3048
f 3019 3048 3047
f 3020 3021 3049
f 3020 3049 3048
f 3021 3022 3050
f 3021 3050 3049
f 3022 3023 3051
f 3022 3051 3050
f 3023 3024 3052
f 3023 3052 3051
f 3024 3025 3053
f 3024 3053 3052
f 3025 3026 3054
f 3025 3054 3053
f 3026 3027 3055
f 3026 3055 3054
f 3027 3028 3056
f 3027 3056 3055
f 3028 3029 3057
f 3028 3057 3056
f 3029 3030 3058
f 3029 3058 3057
f 3030 3031 3059
f 3030 3059 3058
f 3031 3032 3060
f 3031 3060 3059
f 3032 3033 3061
f 3032 3061 3060
f 3033 3034 3062
f 3033 3062 3061
f 3034 3035 3063
f 3034 3063 3062
f 3035 3036 3064
f 3035 3064 3063
f 3036 3037 3065
f 3036 3065 3064
f 3037 3038 3066
f 3037 3066 3065
f 3038 3039 3067
f 3038 3067 3066
f 3039 3040 3068
f 3039 3068 3067
f 3041 3042 3070
f 3041 3070 3069
f 3042 3043 3071
f 3042 3071 3070
f 3043 3044 3072
f 3043 3072 3071
f 3044 3045 3073
f 3044 3073 3072
f 3045 3046 3074
f 3045 3074 3073
f 3046 3047 3075
f 3046 3075 3074
f 3047 3048 3076
f 3047 3076 3075
f 3048 3049 3077
f 3048 3077 3076
f 3049 3050 3078
f 3049 3078 3077
f 3050 3051 3079
f 3050 3079 3078
f 3051 3052 3080
f 3051 3080 3079
f 3052 3053 3081
f 3052 3081 3080
f 3053 3054 3082
f 3053 3082 3081
f 3054 3055 3083
f 3054 3083 3082
f 3055 3056 3084
f 3055 3084 3083
f 3056 3057 3085
f 3056 3085 3084
f 3057 3058 3086
f 3057 3086 3085
f 3058 3059 3087
f 3058 3087 3086
f 3059 3060 3088
f 3059 3088 3087
f 3060 3061 3089
f 3060 3089 3088
f 3061 3062 3090
f 3061 3090 3089
f 3062 3063 3091
f 3062 3091 3090
f 3063 3064 3092
f 3063 3092 3091
f 3064 3065 3093
f 3064 3093 3092
f 3065 3066 3094
f 3065 3094 3093
f 3066 3067 3095
f 3066 3095 3094
f 3067 3068 3096
f 3067 3096 3095
f 3069 3070 3098
f 3069 3098 3097
f 3070 3071 3099
f 3070 3099 3098
f 3071 3072 3100
f 3071 3100 3099
f 3072 3073 3101
f 3072 3101 3100
f 3073 3074 3102
f 3073 3102 3101
f 3074 3075 3103
f 3074 3103 3102
f 3075 3076 3104
f 3075 3104 3103
f 3076 3077 3105
f 3076 3105 3104
f 3077 3078 3106
f 3077 3106 3105
f 3078 3079 3107
f 3078 3107 3106
f 3079 3080 3108
f 3079 3108 3107
f 3080 3081 3109
f 3080 3109 3108
f 3081 3082 3110
f 3081 3110 3109
f 3082 3083 3111
f 3082 3111 3110
f 3083 3084 3112
f 3083 3112 3111
f 3084 3085 3113
f 3084 3113 3112
f 3085 3086 3114
f 3085 3114 3113
f 3086 3087 3115
f 3086 3115 3114
f 3087 3088 3116
f 3087 3116 3115
f 3088 3089 3117
f 3088 3117 3116
f 3089 3090 3118
f 3089 3118 3117
f 3090 3091 3119
f 3090 3119 3118
f 3091 3092 3120
f 3091 3120 3119
f 3092 3093 3121
f 3092 3121 3120
f 3093 3094 3122
f 3093 3122 3121
f 3094 3095 3123
f 3094 3123 3122
f 3095 3096 3124
f 3095 3124 3123
f 3097 3098 3126
f 3097 3126 3125
f 3098 3099 3127
f 3098 3127 3126
f 3099 3100 3128
f 3099 3128 3127
f 3100 3101 3129
f 3100 3129 3128
f 3101 3102 3130
f 3101 3130 3129
f 3102 3103 3131
f 3102 3131 3130
f 3103 3104 3132
f 3103 3132 3131
f 3104 3105 3133
f 3104 3133 3132
f 3105 3106 3134
f 3105 3134 3133
f 3106 3107 3135
f 3106 3135 3134
f 3107 3108 3136
f 3107 3136 3135
f 3108 3109 3137
f 3108 3137 3136
f 3109 3110 3138
f 3109 3138 3137
f 3110 3111 3139
f 3110 3139 3138
f 3111 3112 3140
f 3111 3140 3139
f 3112 3113 3141
f 3112 3141 3140
f 3113 3114 3142
f 3113 3142 3141
f 3114 3115 3143
f 3114 3143 3142
f 3115 3116 3144
f 3115 3144 3143
f 3116 3117 3145
f 3116 3145 3144
f 3117 3118 3146
f 3117 3146 3145
f 3118 3119 3147
f 3118 3147 3146
f 3119 3120 3148
f 3119 3148 3147
f 3120 3121 3149
f 3120 3149 3148
f 3121 3122 3150
f 3121 3150 3149
f 3122 3123 3151
f 3122 3151 3150
f 3123 3124 3152
f 3123 3152 3151
f 3125 3126 3154
f 3125 3154 3153
f 3126 3127 3155
f 3126 3155 3154
f 3127 3128 3156
f 3127 3156 3155
f 3128 3129 3157
f 3128 3157 3156
f 3129 3130 3158
f 3129 3158 3157
f 3130 3131 3159
f 3130 3159 3158
f 3131 3132 3160
f 3131 3160 3159
f 3132 3133 3161
f 3132 3161 3160
f 3133 3134 3162
f 3133 3162 3161
f 3134 3135 3163
f 3134 3163 3162
f 3135 3136 3164
f 3135 3164 3163
f 3136 3137 3165
f 3136 3165 3164
f 3137 3138 3166
f 3137 3166 3165
f 3138 3139 3167
f 3138 3167 3166
f 3139 3140 3168
f 3139 3168 3167
f 3140 3141 3169
f 3140 3169 3168
f 3141 3142 3170
f 3141 3170 3169
f 3142 3143 3171
f 3142 3171 3170
f 3143 3144 3172
f 3143 3172 3171
f 3144 3145 3173
f 3144 3173 3172
f 3145 3146 3174
f 3145 3174 3173
f 3146 3147 3175
f 3146 3175 3174
f 3147 3148 3176
f 3147 3176 3175
f 3148 3149 3177
f 3148 3177 3176
f 3149 3150 3178
f 3149 3178 3177
f 3150 3151 3179
f 3150 3179 3178
f 3151 3152 3180
f 3151 3180 3179
f 3153 3154 3182
f 3153 3182 3181
f 3154 3155 3183
f 3154 3183 3182
f 3155 3156 3184
f 3155 3184 3183
f 3156 3157 3185
f 3156 3185 3184
f 3157 3158 3186
f 3157 3186 3185
f 3158 3159 3187
f 3158 3187 3186
f 3159 3160 3188
f 3159 3188 3187
f 3160 3161 3189
f 3160 3189 3188
f 3161 3162 3190
f 3161 3190 3189
f 3162 3163 3191
f 3162 3191 3190
f 3163 3164 3192
f 3163 3192 3191
f 3164 3165 3193
f 3164 3193 3192
f 3165 3166 3194
f 3165 3194 3193
f 3166 3167 3195
f 3166 3195 3194
f 3167 3168 3196
f 3167 3196 3195
f 3168 3169 3197
f 3168 3197 3196
f 3169 3170 3198
f 3169 3198 3197
f 3170 3171 3199
f 3170 3199 3198
f 3171 3172 3200
f 3171 3200 3199
f 3172 3173 3201
f 3172 3201 3200
f 3173 3174 3202
f 3173 3202 3201
f 3174 3175 3203
f 3174 3203 3202
f 3175 3176 3204
f 3175 3204 3203
f 3176 3177 3205
f 3176 3205 3204
f 3177 3178 3206
f 3177 3206 3205
f 3178 3179 3207
f 3178 3207 3206
f 3179 3180 3208
f 3179 3208 3207
f 3181 3182 3210
f 3181 3210 3209
f 3182 3183 3211
f 3182 3211 3210
f 3183 3184 3212
f 3183 3212 3211
f 3184 3185 3213
f 3184 3213 3212
f 3185 3186 3214
f 3185 3214 3213
f 3186 3187 3215
f 3186 3215 3214
f 3187 3188 3216
f 3187 3216 3215
f 3188 3189 3217
f 3188 3217 3216
f 3189 3190 3218
f 3189 3218 3217
f 3190 3191 3219
f 3190 3219 3218
f 3191 3192 3220
f 3191 3220 3219
f 3192 3193 3221
f 3192 3221 3220
f 3193 3194 3222
f 3193 3222 3221
f 3194 3195 3223
f 3194 3223 3222
f 3195 3196 3224
f 3195 3224 3223
f 3196 3197 3225
f 3196 3225 3224
f 3197 3198 3226
f 3197 3226 3225
f 3198 3199 3227
f 3198 3227 3226
f 3199 3200 3228
f 3199 3228 3227
f 3200 3201 3229
f 3200 3229 3228
f 3201 3202 3230
f 3201 3230 3229
f 3202 3203 3231
f 3202 3231 3230
f 3203 3204 3232
f 3203 3232 3231
f 3204 3205 3233
f 3204 3233 3232
f 3205 3206 3234
f 3205 3234 3233
f 3206 3207 3235
f 3206 3235 3234
f 3207 3208 3236
f 3207 3236 3235
f 3209 3210 3238
f 3209 3238 3237
f 3210 3211 3239
f 3210 3239 3238
f 3211 3212 3240
f 3211 3240 3239
f 3212 3213 3241
f 3212 3241 3240
f 3213 3214 3242
f 3213 3242 3241
f 3214 3215 3243
f 3214 3243 3242
f 3215 3216 3244
f 3215 3244 3243
f 3216 3217 3245
f 3216 3245 3244
f 3217 3218 3246
f 3217 3246 3245
f 3218 3219 3247
f 3218 3247 3246
f 3219 3220 3248
f 3219 3248 3247
f 3220 3221 3249
f 3220 3249 3248
f 3221 3222 3250
f 3221 3250 3249
f 3222 3223 3251
f 3222 3251 3250
f 3223 3224 3252
f 3223 3252 3251
f 3224 3225 3253
f 3224 3253 3252
f 3225 3226 3254
f 3225 3254 3253
f 3226 3227 3255
f 3226 3255 3254
f 3227 3228 3256
f 3227 3256 3255
f 3228 3229 3257
f 3228 3257 3256
f 3229 3230 3258
f 3229 3258 3257
f 3230 3231 3259
f 3230 3259 3258
f 3231 3232 3260
f 3231 3260 3259
f 3232 3233 3261
f 3232 3261 3260
f 3233 3234 3262
f 3233 3262 3261
f 3234 3235 3263
f 3234 3263 3262
f 3235 3236 3264
f 3235 3264 3263
f 3237 3238 3266
f 3237 3266 3265
f 3238 3239 3267
f 3238 3267 3266
f 3239 3240 3268
f 3239 3268 3267
f 3240 3241 3269
f 3240 3269 3268
f 3241 3242 3270
f 3241 3270 3269
f 3242 3243 3271
f 3242 3271 3270
f 3243 3244 3272
f 3243 3272 3271
f 3244 3245 3273
f 3244 3273 3272
f 3245 3246 3274
f 3245 3274 3273
f 3246 3247 3275
f 3246 3275 3274
f 3247 3248 3276
f 3247 3276 3275
f 3248 3249 3277
f 3248 3277 3276
f 3249 3250 3278
f 3249 3278 3277
f 3250 3251 3279
f 3250 3279 3278
f 3251 3252 3280
f 3251 3280 3279
f 3252 3253 3281
f 3252 3281 3280
f 3253 3254 3282
f 3253 3282 3281
f 3254 3255 3283
f 3254 3283 3282
f 3255 3256 3284
f 3255 3284 3283
f 3256 3257 3285
f 3256 3285 3284
f 3257 3258 3286
f 3257 3286 3285
f 3258 3259 3287
f 3258 3287 3286
f 3259 3260 3288
f 3259 3288 3287
f 3260 3261 3289
f 3260 3289 3288
f 3261 3262 3290
f 3261 3290 3289
f 3262 3263 3291
f 3262 3291 3290
f 3263 3264 3292
f 3263 3292 3291
f 3265 3266 3294
f 3265 3294 3293
f 3266 3267 3295
f 3266 3295 3294
f 3267 3268 3296
f 3267 3296 3295
f 3268 3269 3297
f 3268 3297 3296
f 3269 3270 3298
f 3269 3298 3297
f 3270 3271 3299
f 3270 3299 3298
f 3271 3272 3300
f 3271 3300 3299
f 3272 3273 3301
f 3272 3301 3300
f 3273 3274 3302
f 3273 3302 3301
f 3274 3275 3303
f 3274 3303 3302
f 3275 3276 3304
f 3275 3304 3303
f 3276 3277 3305
f 3276 3305 3304
f 3277 3278 3306
f 3277 3306 3305
f 3278 3279 3307
f 3278 3307 3306
f 3279 3280 3308
f 3279 3308 3307
f 3280 3281 3309
f 3280 3309 3308
f 3281 3282 3310
f 3281 3310 3309
f 3282 3283 3311
f 3282 3311 3310
f 3283 3284 3312
f 3283 3312 3311
f 3284 3285 3313
f 3284 3313 3312
f 3285 3286 3314
f 3285 3314 3313
f 3286 3287 3315
f 3286 3315 3314
f 3287 3288 3316
f 3287 3316 3315
f 3288 3289 3317
f 3288 3317 3316
f 3289 3290 3318
f 3289 3318 3317
f 3290 3291 3319
f 3290 3319 3318
f 3291 3292 3320
f 3291 3320 3319
f 3293 3294 3322
f 3293 3322 3321
f 3294 3295 3323
f 3294 3323 3322
f 3295 3296 3324
f 3295 3324 3323
f 3296 3297 3325
f 3296 3325 3324
f 3297 3298 3326
f 3297 3326 3325
f 3298 3299 3327
f 3298 3327 3326
f 3299 3300 3328
f 3299 3328 3327
f 3300 3301 3329
f 3300 3329 3328
f 3301 3302 3330
f 3301 3330 3329
f 3302 3303 3331
f 3302 3331 3330
f 3303 3304 3332
f 3303 3332 3331
f 3304 3305 3333
f 3304 3333 3332
f 3305 3306 3334
f 3305 3334 3333
f 3306 3307 3335
f 3306 3335 3334
f 3307 3308 3336
f 3307 3336 3335
f 3308 3309 3337
f 3308 3337 3336
f 3309 3310 3338
f 3309 3338 3337
f 3310 3311 3339
f 3310 3339 3338
f 3311 3312 3340
f 3311 3340 3339
f 3312 3313 3341
f 3312 3341 3340
f 3313 3314 3342
f 3313 3342 3341
f 3314 3315 3343
f 3314 3343 3342
f 3315 3316 3344
f 3315 3344 3343
f 3316 3317 3345
f 3316 3345 3344
f 3317 3318 3346
f 3317 3346 3345
f 3318 3319 3347
f 3318 3347 3346
f 3319 3320 3348
f 3319 3348 3347
f 3321 3322 3350
f 3321 3350 3349
f 3322 3323 3351
f 3322 3351 3350
f 3323 3324 3352
f 3323 3352 3351
f 3324 3325 3353
f 3324 3353 3352
f 3325 3326 3354
f 3325 3354 3353
f 3326 3327 3355
f 3326 3355 3354
f 3327 3328 3356
f 3327 3356 3355
f 3328 3329 3357
f 3328 3357 3356
f 3329 3330 3358
f 3329 3358 3357
f 3330 3331 3359
f 3330 3359 3358
f 3331 3332 3360
f 3331 3360 3359
f 3332 3333 3361
f 3332 3361 3360
f 3333 3334 3362
f 3333 3362 3361
f 3334 3335 3363
f 3334 3363 3362
f 3335 3336 3364
f 3335 3364 3363
f 3336 3337 3365
f 3336 3365 3364
f 3337 3338 3366
f 3337 3366 3365
f 3338 3339 3367
f 3338 3367 3366
f 3339 3340 3368
f 3339 3368 3367
f 3340 3341 3369
f 3340 3369 3368
f 3341 3342 3370
f 3341 3370 3369
f 3342 3343 3371
f 3342 3371 3370
f 3343 3344 3372
f 3343 3372 3371
f 3344 3345 3373
f 3344 3373 3372
f 3345 3346 3374
f 3345 3374 3373
f 3346 3347 3375
f 3346 3375 3374
f 3347 3348 3376
f 3347 3376 3375
f 3349 3350 3378
f 3349 3378 3377
f 3350 3351 3379
f 3350 3379 3378
f 3351 3352 3380
f 3351 3380 3379
f 3352 3353 3381
f 3352 3381 3380
f 3353 3354 3382
f 3353 3382 3381
f 3354 3355 3383
f 3354 3383 3382
f 3355 3356 3384
f 3355 3384 3383
f 3356 3357 3385
f 3356 3385 3384
f 3357 3358 3386
f 3357 3386 3385
f 3358 3359 3387
f 3358 3387 3386
f 3359 3360 3388
f 3359 3388 3387
f 3360 3361 3389
f 3360 3389 3388
f 3361 3362 3390
f 3361 3390 3389
f 3362 3363 3391
f 3362 3391 3390
f 3363 3364 3392
f 3363 3392 3391
f 3364 3365 3393
f 3364 3393 3392
f 3365 3366 3394
f 3365 3394 3393
f 3366 3367 3395
f 3366 3395 3394
f 3367 3368 3396
f 3367 3396 3395
f 3368 3369 3397
f 3368 3397 3396
f 3369 3370 3398
f 3369 3398 3397
f 3370 3371 3399
f 3370 3399 3398
f 3371 3372 3400
f 3371 3400 3399
f 3372 3373 3401
f 3372 3401 3400
f 3373 3374 3402
f 3373 3402 3401
f 3374 3375 3403
f 3374 3403 3402
f 3375 3376 3404
f 3375 3404 3403
f 3377 3378 3406
f 3377 3406 3405
f 3378 3379 3407
f 3378 3407 3406
f 3379 3380 3408
f 3379 3408 3407
f 3380 3381 3409
f 3380 3409 3408
f 3381 3382 3410
f 3381 3410 3409
f 3382 3383 3411
f 3382 3411 3410
f 3383 3384 3412
f 3383 3412 3411
f 3384 3385 3413
f 3384 3413 3412
f 3385 3386 3414
f 3385 3414 3413
f 3386 3387 3415
f 3386 3415 3414
f 3387 3388 3416
f 3387 3416 3415
f 3388 3389 3417
f 3388 3417 3416
f 3389 3390 3418
f 3389 3418 3417
f 3390 3391 3419
f 3390 3419 3418
f 3391 3392 3420
f 3391 3420 3419
f 3392 3393 3421
f 3392 3421 3420
f 3393 3394 3422
f 3393 3422 3421
f 3394 3395 3423
f 3394 3423 3422
f 3395 3396 3424
f 3395 3424 3423
f 3396 3397 3425
f 3396 3425 3424
f 3397 3398 3426
f 3397 3426 3425
f 3398 3399 3427
f 3398 3427 3426
f 3399 3400 3428
f 3399 3428 3427
f 3400 3401 3429
f 3400 3429 3428
f 3401 3402 3430
f 3401 3430 3429
f 3402 3403 3431
f 3402 3431 3430
f 3403 3404 3432
f 3403 3432 3431
f 3405 3406 2594
f 3405 2594 2593
f 3406 3407 2595
f 3406 2595 2594
f 3407 3408 2596
f 3407 2596 2595
f 3408 3409 2597
f 3408 2597 2596
f 3409 3410 2598
f 3409 2598 2597
f 3410 3411 2599
f 3410 2599 2598
f 3411 3412 2600
f 3411 2600 2599
f 3412 3413 2601
f 3412 2601 2600
f 3413 3414 2602
f 3413 2602 2601
f 3414 3415 2603
f 3414 2603 2602
f 3415 3416 2604
f 3415 2604 2603
f 3416 3417 2605
f 3416 2605 2604
f 3417 3418 2606
f 3417 2606 2605
f 3418 3419 2607
f 3418 2607 2606
f 3419 3420 2608
f 3419 2608 2607
f 3420 3421 2609
f 3420 2609 2608
f 3421 3422 2610
f 3421 2610 2609
f 3422 3423 2611
f 3422 2611 2610
f 3423 3424 2612
f 3423 2612 2611
f 3424 3425 2613
f 3424 2613 2612
f 3425 3426 2614
f 3425 2614 2613
f 3426 3427 2615
f 3426 2615 2614
f 3427 3428 2616
f 3427 2616 2615
f 3428 3429 2617
f 3428 2617 2616
f 3429 3430 2618
f 3429 2618 2617
f 3430 3431 2619
f 3430 2619 2618
f 3431 3432 2620
f 3431 2620 2619
f 3435 3463 3433
f 3463 3491 3433
f 3491 3519 3433
f 3519 3547 3433
f 3547 3575 3433
f 3575 3603 3433
f 3603 3631 3433
f 3631 3659 3433
f 3659 3687 3433
f 3687 3715 3433
f 3715 3743 3433
f 3743 3771 3433
f 3771 3799 3433
f 3799 3827 3433
f 3827 3855 3433
f 3855 3883 3433
f 3883 3911 3433
f 3911 3939 3433
f 3939 3967 3433
f 3967 3995 3433
f 3995 4023 3433
f 4023 4051 3433
f 4051 4079 3433
f 4079 4107 3433
f 4107 4135 3433
f 4135 4163 3433
f 4163 4191 3433
f 4191 4219 3433
f 4219 4247 3433
f 4247 3435 3433
f 3462 3434 3490
f 3490 3434 3518
f 3518 3434 3546
f 3546 3434 3574
f 3574 3434 3602
f 3602 3434 3630
f 3630 3434 3658
f 3658 3434 3686
f 3686 3434 3714
f 3714 3434 3742
f 3742 3434 3770
f 3770 3434 3798
f 3798 3434 3826
f 3826 3434 3854
f 3854 3434 3882
f 3882 3434 3910
f 3910 3434 3938
f 3938 3434 3966
f 3966 3434 3994
f 3994 3434 4022
f 4022 3434 4050
f 4050 3434 4078
f 4078 3434 4106
f 4106 3434 4134
f 4134 3434 4162
f 4162 3434 4190
f 4190 3434 4218
f 4218 3434 4246
f 4246 3434 4274
f 4274 3434 3462
f 3435 3436 3464
f 3435 3464 3463
f 3436 3437 3465
f 3436 3465 3464
f 3437 3438 3466
f 3437 3466 3465
f 3438 3439 3467
f 3438 3467 3466
f 3439 3440 3468
f 3439 3468 3467
f 3440 3441 3469
f 3440 3469 3468
f 3441 3442 3470
f 3441 3470 3469
f 3442 3443 3471
f 3442 3471 3470
f 3443 3444 3472
f 3443 3472 3471
f 3444 3445 3473
f 3444 3473 3472
f 3445 3446 3474
f 3445 3474 3473
f 3446 3447 3475
f 3446 3475 3474
f 3447 3448 3476
f 3447 3476 3475
f 3448 3449 3477
f 3448 3477 3476
f 3449 3450 3478
f 3449 3478 3477
f 3450 3451 3479
f 3450 3479 3478
f 3451 3452 3480
f 3451 3480 3479
f 3452 3453 3481
f 3452 3481 3480
f 3453 3454 3482
f 3453 3482 3481
f 3454 3455 3483
f 3454 3483 3482
f 3455 3456 3484
f 3455 3484 3483
f 3456 3457 3485
f 3456 3485 3484
f 3457 3458 3486
f 3457 3486 3485
f 3458 3459 3487
f 3458 3487 3486
f 3459 3460 3488
f 3459 3488 3487
f 3460 3461 3489
f 3460 3489 3488
f 3461 3462 3490
f 3461 3490 3489
f 3463 3464 3492
f 3463 3492 3491
f 3464 3465 3493
f 3464 3493 3492
f 3465 3466 3494
f 3465 3494 3493
f 3466 3467 3495
f 3466 3495 3494
f 3467 3468 3496
f 3467 3496 3495
f 3468 3469 3497
f 3468 3497 3496
f 3469 3470 3498
f 3469 3498 3497
f 3470 3471 3499
f 3470 3499 3498
f 3471 3472 3500
f 3471 3500 3499
f 3472 3473 3501
f 3472 3501 3500
f 3473 3474 3502
f 3473 3502 3501
f 3474 3475 3503
f 3474 3503 3502
f 3475 3476 3504
f 3475 3504 3503
f 3476 3477 3505
f 3476 3505 3504
f 3477 3478 3506
f 3477 3506 3505
f 3478 3479 3507
f 3478 3507 3506
f 3479 3480 3508
f 3479 3508 3507
f 3480 3481 3509
f 3480 3509 3508
f 3481 3482 3510
f 3481 3510 3509
f 3482 3483 3511
f 3482 3511 3510
f 3483 3484 3512
f 3483 3512 3511
f 3484 3485 3513
f 3484 3513 3512
f 3485 3486 3514
f 3485 3514 3513
f 3486 3487 3515
f 3486 3515 3514
f 3487 3488 3516
f 3487 3516 3515
f 3488 3489 3517
f 3488 3517 3516
f 3489 3490 3518
f 3489 3518 3517
f 3491 3492 3520
f 3491 3520 3519
f 3492 3493 3521
f 3492 3521 3520
f 3493 3494 3522
f 3493 3522 3521
f 3494 3495 3523
f 3494 3523 3522
f 3495 3496 3524
f 3495 3524 3523
f 3496 3497 3525
f 3496 3525 3524
f 3497 3498 3526
f 3497 3526 3525
f 3498 3499 3527
f 3498 3527 3526
f 3499 3500 3528
f 3499 3528 3527
f 3500 3501 3529
f 3500 3529 3528
f 3501 3502 3530
f 3501 3530 3529
f 3502 3503 3531
f 3502 3531 3530
f 3503 3504 3532
f 3503 3532 3531
f 3504 3505 3533
f 3504 3533 3532
f 3505 3506 3534
f 3505 3534 3533
f 3506 3507 3535
f 3506 3535 3534
f 3507 3508 3536
f 3507 3536 3535
f 3508 3509 3537
f 3508 3537 3536
f 3509 3510 3538
f 3509 3538 3537
f 3510 3511 3539
f 3510 3539 3538
f 3511 3512 3540
f 3511 3540 3539
f 3512 3513 3541
f 3512 3541 3540
f 3513 3514 3542
f 3513 3542 3541
f 3514 3515 3543
f 3514 3543 3542
f 3515 3516 3544
f 3515 3544 3543
f 3516 3517 3545
f 3516 3545 3544
f 3517 3518 3546
f 3517 3546 3545
f 3519 3520 3548
f 3519 3548 3547
f 3520 3521 3549
f 3520 3549 3548
f 3521 3522 3550
f 3521 3550 3549
f 3522 3523 3551
f 3522 3551 3550
f 3523 3524 3552
f 3523 3552 3551
f 3524 3525 3553
f 3524 3553 3552
f 3525 3526 3554
f 3525 3554 3553
f 3526 3527 3555
f 3526 3555 3554
f 3527 3528 3556
f 3527 3556 3555
f 3528 3529 3557
f 3528 3557 3556
f 3529 3530 3558
f 3529 3558 3557
f 3530 3531 3559
f 3530 3559 3558
f 3531 3532 3560
f 3531 3560 3559
f 3532 3533 3561
f 3532 3561 3560
f 3533 3534 3562
f 3533 3562 3561
f 3534 3535 3563
f 3534 3563 3562
f 3535 3536 3564
f 3535 3564 3563
f 3536 3537 3565
f 3536 3565 3564
f 3537 3538 3566
f 3537 3566 3565
f 3538 3539 3567
f 3538 3567 3566
f 3539 3540 3568
f 3539 3568 3567
f 3540 3541 3569
f 3540 3569 3568
f 3541 3542 3570
f 3541 3570 3569
f 3542 3543 3571
f 3542 3571 3570
f 3543 3544 3572
f 3543 3572 3571
f 3544 3545 3573
f 3544 3573 3572
f 3545 3546 3574
f 3545 3574 3573
f 3547 3548 3576
f 3547 3576 3575
f 3548 3549 3577
f 3548 3577 3576
f 3549 3550 3578
f 3549 3578 3577
f 3550 3551 3579
f 3550 3579 3578
f 3551 3552 3580
f 3551 3580 3579
f 3552 3553 3581
f 3552 3581 3580
f 3553 3554 3582
f 3553 3582 3581
f 3554 3555 3583
f 3554 3583 3582
f 3555 3556 3584
f 3555 3584 3583
f 3556 3557 3585
f 3556 3585 3584
f 3557 3558 3586
f 3557 3586 3585
f 3558 3559 3587
f 3558 3587 3586
f 3559 3560 3588
f 3559 3588 3587
f 3560 3561 3589
f 3560 3589 3588
f 3561 3562 3590
f 3561 3590 3589
f 3562 3563 3591
f 3562 3591 3590
f 3563 3564 3592
f 3563 3592 3591
f 3564 3565 3593
f 3564 3593 3592
f 3565 3566 3594
f 3565 3594 3593
f 3566 3567 3595
f 3566 3595 3594
f 3567 3568 3596
f 3567 3596 3595
f 3568 3569 3597
f 3568 3597 3596
f 3569 3570 3598
f 3569 3598 3597
f 3570 3571 3599
f 3570 3599 3598
f 3571 3572 3600
f 3571 3600 3599
f 3572 3573 3601
f 3572 3601 3600
f 3573 3574 3602
f 3573 3602 3601
f 3575 3576 3604
f 3575 3604 3603
f 3576 3577 3605
f 3576 3605 3604
f 3577 3578 3606
f 3577 3606 3605
f 3578 3579 3607
f 3578 3607 3606
f 3579 3580 3608
f 3579 3608 3607
f 3580 3581 3609
f 3580 3609 3608
f 3581 3582 3610
f 3581 3610 3609
f 3582 3583 3611
f 3582 3611 3610
f 3583 3584 3612
f 3583 3612 3611
f 3584 3585 3613
f 3584 3613 3612
f 3585 3586 3614
f 3585 3614 3613
f 3586 3587 3615
f 3586 3615 3614
f 3587 3588 3616
f 3587 3616 3615
f 3588 3589 3617
f 3588 3617 3616
f 3589 3590 3618
f 3589 3618 3617
f 3590 3591 3619
f 3590 3619 3618
f 3591 3592 3620
f 3591 3620 3619
f 3592 3593 3621
f 3592 3621 3620
f 3593 3594 3622
f 3593 3622 3621
f 3594 3595 3623
f 3594 3623 3622
f 3595 3596 3624
f 3595 3624 3623
f 3596 3597 3625
f 3596 3625 3624
f 3597 3598 3626
f 3597 3626 3625
f 3598 3599 3627
f 3598 3627 3626
f 3599 3600 3628
f 3599 3628 3627
f 3600 3601 3629
f 3600 3629 3628
f 3601 3602 3630
f 3601 3630 3629
f 3603 3604 3632
f 3603 3632 3631
f 3604 3605 3633
f 3604 3633 3632
f 3605 3606 3634
f 3605 3634 3633
f 3606 3607 3635
f 3606 3635 3634
f 3607 3608 3636
f 3607 3636 3635
f 3608 3609 3637
f 3608 3637 3636
f 3609 3610 3638
f 3609 3638 3637
f 3610 3611 3639
f 3610 3639 3638
f 3611 3612 3640
f 3611 3640 3639
f 3612 3613 3641
f 3612 3641 3640
f 3613 3614 3642
f 3613 3642 3641
f 3614 3615 3643
f 3614 3643 3642
f 3615 3616 3644
f 3615 3644 3643
f 3616 3617 3645
f 3616 3645 3644
f 3617 3618 3646
f 3617 3646 3645
f 3618 3619 3647
f 3618 3647 3646
f 3619 3620 3648
f 3619 3648 3647
f 3620 3621 3649
f 3620 3649 3648
f 3621 3622 3650
f 3621 3650 3649
f 3622 3623 3651
f 3622 3651 3650
f 3623 3624 3652
f 3623 3652 3651
f 3624 3625 3653
f 3624 3653 3652
f 3625 3626 3654
f 3625 3654 3653
f 3626 3627 3655
f 3626 3655 3654
f 3627 3628 3656
f 3627 3656 3655
f 3628 3629 3657
f 3628 3657 3656
f 3629 3630 3658
f 3629 3658 3657
f 3631 3632 3660
f 3631 3660 3659
f 3632 3633 3661
f 3632 3661 3660
f 3633 3634 3662
f 3633 3662 3661
f 3634 3635 3663
f 3634 3663 3662
f 3635 3636 3664
f 3635 3664 3663
f 3636 3637 3665
f 3636 3665 3664
f 3637 3638 3666
f 3637 3666 3665
f 3638 3639 3667
f 3638 3667 3666
f 3639 3640 3668
f 3639 3668 3667
f 3640 3641 3669
f 3640 3669 3668
f 3641 3642 3670
f 3641 3670 3669
f 3642 3643 3671
f 3642 3671 3670
f 3643 3644 3672
f 3643 3672 3671
f 3644 3645 3673
f 3644 3673 3672
f 3645 3646 3674
f 3645 3674 3673
f 3646 3647 3675
f 3646 3675 3674
f 3647 3648 3676
f 3647 3676 3675
f 3648 3649 3677
f 3648 3677 3676
f 3649 3650 3678
f 3649 3678 3677
f 3650 3651 3679
f 3650 3679 3678
f 3651 3652 3680
f 3651 3680 3679
f 3652 3653 3681
f 3652 3681 3680
f 3653 3654 3682
f 3653 3682 3681
f 3654 3655 3683
f 3654 3683 3682
f 3655 3656 3684
f 3655 3684 3683
f 3656 3657 3685
f 3656 3685 3684
f 3657 3658 3686
f 3657 3686 3685
f 3659 3660 3688
f 3659 3688 3687
f 3660 3661 3689
f 3660 3689 3688
f 3661 3662 3690
f 3661 3690 3689
f 3662 3663 3691
f 3662 3691 3690
f 3663 3664 3692
f 3663 3692 3691
f 3664 3665 3693
f 3664 3693 3692
f 3665 3666 3694
f 3665 3694 3693
f 3666 3667 3695
f 3666 3695 3694
f 3667 3668 3696
f 3667 3696 3695
f 3668 3669 3697
f 3668 3697 3696
f 3669 3670 3698
f 3669 3698 3697
f 3670 3671 3699
f 3670 3699 3698
f 3671 3672 3700
f 3671 3700 3699
f 3672 3673 3701
f 3672 3701 3700
f 3673 3674 3702
f 3673 3702 3701
f 3674 3675 3703
f 3674 3703 3702
f 3675 3676 3704
f 3675 3704 3703
f 3676 3677 3705
f 3676 3705 3704
f 3677 3678 3706
f 3677 3706 3705
f 3678 3679 3707
f 3678 3707 3706
f 3679 3680 3708
f 3679 3708 3707
f 3680 3681 3709
f 3680 3709 3708
f 3681 3682 3710
f 3681 3710 3709
f 3682 3683 3711
f 3682 3711 3710
f 3683 3684 3712
f 3683 3712 3711
f 3684 3685 3713
f 3684 3713 3712
f 3685 3686 3714
f 3685 3714 3713
f 3687 3688 3716
f 3687 3716 3715
f 3688 3689 3717
f 3688 3717 3716
f 3689 3690 3718
f 3689 3718 3717
f 3690 3691 3719
f 3690 3719 3718
f 3691 3692 3720
f 3691 3720 3719
f 3692 3693 3721
f 3692 3721 3720
f 3693 3694 3722
f 3693 3722 3721
f 3694 3695 3723
f 3694 3723 3722
f 3695 3696 3724
f 3695 3724 3723
f 3696 3697 3725
f 3696 3725 3724
f 3697 3698 3726
f 3697 3726 3725
f 3698 3699 3727
f 3698 3727 3726
f 3699 3700 3728
f 3699 3728 3727
f 3700 3701 3729
f 3700 3729 3728
f 3701 3702 3730
f 3701 3730 3729
f 3702 3703 3731
f 3702 3731 3730
f 3703 3704 3732
f 3703 3732 3731
f 3704 3705 3733
f 3704 3733 3732
f 3705 3706 3734
f 3705 3734 3733
f 3706 3707 3735
f 3706 3735 3734
f 3707 3708 3736
f 3707 3736 3735
f 3708 3709 3737
f 3708 3737 3736
f 3709 3710 3738
f 3709 3738 3737
f 3710 3711 3739
f 3710 3739 3738
f 3711 3712 3740
f 3711 3740 3739
f 3712 3713 3741
f 3712 3741 3740
f 3713 3714 3742
f 3713 3742 3741
f 3715 3716 3744
f 3715 3744 3743
f 3716 3717 3745
f 3716 3745 3744
f 3717 3718 3746
f 3717 3746 3745
f 3718 3719 3747
f 3718 3747 3746
f 3719 3720 3748
f 3719 3748 3747
f 3720 3721 3749
f 3720 3749 3748
f 3721 3722 3750
f 3721 3750 3749
f 3722 3723 3751
f 3722 3751 3750
f 3723 3724 3752
f 3723 3752 3751
f 3724 3725 3753
f 3724 3753 3752
f 3725 3726 3754
f 3725 3754 3753
f 3726 3727 3755
f 3726 3755 3754
f 3727 3728 3756
f 3727 3756 3755
f 3728 3729 3757
f 3728 3757 3756
f 3729 3730 3758
f 3729 3758 3757
f 3730 3731 3759
f 3730 3759 3758
f 3731 3732 3760
f 3731 3760 3759
f 3732 3733 3761
f 3732 3761 3760
f 3733 3734 3762
f 3733 3762 3761
f 3734 3735 3763
f 3734 3763 3762
f 3735 3736 3764
f 3735 3764 3763
f 3736 3737 3765
f 3736 3765 3764
f 3737 3738 3766
f 3737 3766 3765
f 3738 3739 3767
f 3738 3767 3766
f 3739 3740 3768
f 3739 3768 3767
f 3740 3741 3769
f 3740 3769 3768
f 3741 3742 3770
f 3741 3770 3769
f 3743 3744 3772
f 3743 3772 3771
f 3744 3745 3773
f 3744 3773 3772
f 3745 3746 3774
f 3745 3774 3773
f 3746 3747 3775
f 3746 3775 3774
f 3747 3748 3776
f 3747 3776 3775
f 3748 3749 3777
f 3748 3777 3776
f 3749 3750 3778
f 3749 3778 3777
f 3750 3751 3779
f 3750 3779 3778
f 3751 3752 3780
f 3751 3780 3779
f 3752 3753 3781
f 3752 3781 3780
f 3753 3754 3782
f 3753 3782 3781
f 3754 3755 3783
f 3754 3783 3782
f 3755 3756 3784
f 3755 3784 3783
f 3756 3757 3785
f 3756 3785 3784
f 3757 3758 3786
f 3757 3786 3785
f 3758 3759 3787
f 3758 3787 3786
f 3759 3760 3788
f 3759 3788 3787
f 3760 3761 3789
f 3760 3789 3788
f 3761 3762 3790
f 3761 3790 3789
f 3762 3763 3791
f 3762 3791 3790
f 3763 3764 3792
f 3763 3792 3791
f 3764 3765 3793
f 3764 3793 3792
f 3765 3766 3794
f 3765 3794 3793
f 3766 3767 3795
f 3766 3795 3794
f 3767 3768 3796
f 3767 3796 3795
f 3768 3769 3797
f 3768 3797 3796
f 3769 3770 3798
f 3769 3798 3797
f 3771 3772 3800
f 3771 3800 3799
f 3772 3773 3801
f 3772 3801 3800
f 3773 3774 3802
f 3773 3802 3801
f 3774 3775 3803
f 3774 3803 3802
f 3775 3776 3804
f 3775 3804 3803
f 3776 3777 3805
f 3776 3805 3804
f 3777 3778 3806
f 3777 3806 3805
f 3778 3779 3807
f 3778 3807 3806
f 3779 3780 3808
f 3779 3808 3807
f 3780 3781 3809
f 3780 3809 3808
f 3781 3782 3810
f 3781 3810 3809
f 3782 3783 3811
f 3782 3811 3810
f 3783 3784 3812
f 3783 3812 3811
f 3784 3785 3813
f 3784 3813 3812
f 3785 3786 3814
f 3785 3814 3813
f 3786 3787 3815
f 3786 3815 3814
f 3787 3788 3816
f 3787 3816 3815
f 3788 3789 3817
f 3788 3817 3816
f 3789 3790 3818
f 3789 3818 3817
f 3790 3791 3819
f 3790 3819 3818
f 3791 3792 3820
f 3791 3820 3819
f 3792 3793 3821
f 3792 3821 3820
f 3793 3794 3822
f 3793 3822 3821
f 3794 3795 3823
f 3794 3823 3822
f 3795 3796 3824
f 3795 3824 3823
f 3796 3797 3825
f 3796 3825 3824
f 3797 3798 3826
f 3797 3826 3825
f 3799 3800 3828
f 3799 3828 3827
f 3800 3801 3829
f 3800 3829 3828
f 3801 3802 3830
f 3801 3830 3829
f 3802 3803 3831
f 3802 3831 3830
f 3803 3804 3832
f 3803 3832 3831
f 3804 3805 3833
f 3804 3833 3832
f 3805 3806 3834
f 3805 3834 3833
f 3806 3807 3835
f 3806 3835 3834
f 3807 3808 3836
f 3807 3836 3835
f 3808 3809 3837
f 3808 3837 3836
f 3809 3810 3838
f 3809 3838 3837
f 3810 3811 3839
f 3810 3839 3838
f 3811 3812 3840
f 3811 3840 3839
f 3812 3813 3841
f 3812 3841 3840
f 3813 3814 3842
f 3813 3842 3841
f 3814 3815 3843
f 3814 3843 3842
f 3815 3816 3844
f 3815 3844 3843
f 3816 3817 3845
f 3816 3845 3844
f 3817 3818 3846
f 3817 3846 3845
f 3818 3819 3847
f 3818 3847 3846
f 3819 3820 3848
f 3819 3848 3847
f 3820 3821 3849
f 3820 3849 3848
f 3821 3822 3850
f 3821 3850 3849
f 3822 3823 3851
f 3822 3851 3850
f 3823 3824 3852
f 3823 3852 3851
f 3824 3825 3853
f 3824 3853 3852
f 3825 3826 3854
f 3825 3854 3853
f 3827 3828 3856
f 3827 3856 3855
f 3828 3829 3857
f 3828 3857 3856
f 3829 3830 3858
f 3829 3858 3857
f 3830 3831 3859
f 3830 3859 3858
f 3831 3832 3860
f 3831 3860 3859
f 3832 3833 3861
f 3832 3861 3860
f 3833 3834 3862
f 3833 3862 3861
f 3834 3835 3863
f 3834 3863 3862
f 3835 3836 3864
f 3835 3864 3863
f 3836 3837 3865
f 3836 3865 3864
f 3837 3838 3866
f 3837 3866 3865
f 3838 3839 3867
f 3838 3867 3866
f 3839 3840 3868
f 3839 3868 3867
f 3840 3841 3869
f 3840 3869 3868
f 3841 3842 3870
f 3841 3870 3869
f 3842 3843 3871
f 3842 3871 3870
f 3843 3844 3872
f 3843 3872 3871
f 3844 3845 3873
f 3844 3873 3872
f 3845 3846 3874
f 3845 3874 3873
f 3846 3847 3875
f 3846 3875 3874
f 3847 3848 3876
f 3847 3876 3875
f 3848 3849 3877
f 3848 3877 3876
f 3849 3850 3878
f 3849 3878 3877
f 3850 3851 3879
f 3850 3879 3878
f 3851 3852 3880
f 3851 3880 3879
f 3852 3853 3881
f 3852 3881 3880
f 3853 3854 3882
f 3853 3882 3881
f 3855 3856 3884
f 3855 3884 3883
f 3856 3857 3885
f 3856 3885 3884
f 3857 3858 3886
f 3857 3886 3885
f 3858 3859 3887
f 3858 3887 3886
f 3859 3860 3888
f 3859 3888 3887
f 3860 3861 3889
f 3860 3889 3888
f 3861 3862 3890
f 3861 3890 3889
f 3862 3863 3891
f 3862 3891 3890
f 3863 3864 3892
f 3863 3892 3891
f 3864 3865 3893
f 3864 3893 3892
f 3865 3866 3894
f 3865 3894 3893
f 3866 3867 3895
f 3866 3895 3894
f 3867 3868 3896
f 3867 3896 3895
f 3868 3869 3897
f 3868 3897 3896
f 3869 3870 3898
f 3869 3898 3897
f 3870 3871 3899
f 3870 3899 3898
f 3871 3872 3900
f 3871 3900 3899
f 3872 3873 3901
f 3872 3901 3900
f 3873 3874 3902
f 3873 3902 3901
f 3874 3875 3903
f 3874 3903 3902
f 3875 3876 3904
f 3875 3904 3903
f 3876 3877 3905
f 3876 3905 3904
f 3877 3878 3906
f 3877 3906 3905
f 3878 3879 3907
f 3878 3907 3906
f 3879 3880 3908
f 3879 3908 3907
f 3880 3881 3909
f 3880 3909 3908
f 3881 3882 3910
f 3881 3910 3909
f 3883 3884 3912
f 3883 3912 3911
f 3884 3885 3913
f 3884 3913 3912
f 3885 3886 3914
f 3885 3914 3913
f 3886 3887 3915
f 3886 3915 3914
f 3887 3888 3916
f 3887 3916 3915
f 3888 3889 3917
f 3888 3917 3916
f 3889 3890 3918
f 3889 3918 3917
f 3890 3891 3919
f 3890 3919 3918
f 3891 3892 3920
f 3891 3920 3919
f 3892 3893 3921
f 3892 3921 3920
f 3893 3894 3922
f 3893 3922 3921
f 3894 3895 3923
f 3894 3923 3922
f 3895 3896 3924
f 3895 3924 3923
f 3896 3897 3925
f 3896 3925 3924
f 3897 3898 3926
f 3897 3926 3925
f 3898 3899 3927
f 3898 3927 3926
f 3899 3900 3928
f 3899 3928 3927
f 3900 3901 3929
f 3900 3929 3928
f 3901 3902 3930
f 3901 3930 3929
f 3902 3903 3931
f 3902 3931 3930
f 3903 3904 3932
f 3903 3932 3931
f 3904 3905 3933
f 3904 3933 3932
f 3905 3906 3934
f 3905 3934 3933
f 3906 3907 3935
f 3906 3935 3934
f 3907 3908 3936
f 3907 3936 3935
f 3908 3909 3937
f 3908 3937 3936
f 3909 3910 3938
f 3909 3938 3937
f 3911 3912 3940
f 3911 3940 3939
f 3912 3913 3941
f 3912 3941 3940
f 3913 3914 3942
f 3913 3942 3941
f 3914 3915 3943
f 3914 3943 3942
f 3915 3916 3944
f 3915 3944 3943
f 3916 3917 3945
f 3916 3945 3944
f 3917 3918 3946
f 3917 3946 3945
f 3918 3919 3947
f 3918 3947 3946
f 3919 3920 3948
f 3919 3948 3947
f 3920 3921 3949
f 3920 3949 3948
f 3921 3922 3950
f 3921 3950 3949
f 3922 3923 3951
f 3922 3951 3950
f 3923 3924 3952
f 3923 3952 3951
f 3924 3925 3953
f 3924 3953 3952
f 3925 3926 3954
f 3925 3954 3953
f 3926 3927 3955
f 3926 3955 3954
f 3927 3928 3956
f 3927 3956 3955
f 3928 3929 3957
f 3928 3957 3956
f 3929 3930 3958
f 3929 3958 3957
f 3930 3931 3959
f 3930 3959 3958
f 3931 3932 3960
f 3931 3960 3959
f 3932 3933 3961
f 3932 3961 3960
f 3933 3934 3962
f 3933 3962 3961
f 3934 3935 3963
f 3934 3963 3962
f 3935 3936 3964
f 3935 3964 3963
f 3936 3937 3965
f 3936 3965 3964
f 3937 3938 3966
f 3937 3966 3965
f 3939 3940 3968
f 3939 3968 3967
f 3940 3941 3969
f 3940 3969 3968
f 3941 3942 3970
f 3941 3970 3969
f 3942 3943 3971
f 3942 3971 3970
f 3943 3944 3972
f 3943 3972 3971
f 3944 3945 3973
f 3944 3973 3972
f 3945 3946 3974
f 3945 3974 3973
f 3946 3947 3975
f 3946 3975 3974
f 3947 3948 3976
f 3947 3976 3975
f 3948 3949 3977
f 3948 3977 3976
f 3949 3950 3978
f 3949 3978 3977
f 3950 3951 3979
f 3950 3979 3978
f 3951 3952 3980
f 3951 3980 3979
f 3952 3953 3981
f 3952 3981 3980
f 3953 3954 3982
f 3953 3982 3981
f 3954 3955 3983
f 3954 3983 3982
f 3955 3956 3984
f 3955 3984 3983
f 3956 3957 3985
f 3956 3985 3984
f 3957 3958 3986
f 3957 3986 3985
f 3958 3959 3987
f 3958 3987 3986
f 3959 3960 3988
f 3959 3988 3987
f 3960 3961 3989
f 3960 3989 3988
f 3961 3962 3990
f 3961 3990 3989
f 3962 3963 3991
f 3962 3991 3990
f 3963 3964 3992
f 3963 3992 3991
f 3964 3965 3993
f 3964 3993 3992
f 3965 3966 3994
f 3965 3994 3993
f 3967 3968 3996
f 3967 3996 3995
f 3968 3969 3997
f 3968 3997 3996
f 3969 3970 3998
f 3969 3998 3997
f 3970 3971 3999
f 3970 3999 3998
f 3971 3972 4000
f 3971 4000 3999
f 3972 3973 4001
f 3972 4001 4000
f 3973 3974 4002
f 3973 4002 4001
f 3974 3975 4003
f 3974 4003 4002
f 3975 3976 4004
f 3975 4004 4003
f 3976 3977 4005
f 3976 4005 4004
f 3977 3978 4006
f 3977 4006 4005
f 3978 3979 4007
f 3978 4007 4006
f 3979 3980 4008
f 3979 4008 4007
f 3980 3981 4009
f 3980 4009 4008
f 3981 3982 4010
f 3981 4010 4009
f 3982 3983 4011
f 3982 4011 4010
f 3983 3984 4012
f 3983 4012 4011
f 3984 3985 4013
f 3984 4013 4012
f 3985 3986 4014
f 3985 4014 4013
f 3986 3987 4015
f 3986 4015 4014
f 3987 3988 4016
f 3987 4016 4015
f 3988 3989 4017
f 3988 4017 4016
f 3989 3990 4018
f 3989 4018 4017
f 3990 3991 4019
f 3990 4019 4018
f 3991 3992 4020
f 3991 4020 4019
f 3992 3993 4021
f 3992 4021 4020
f 3993 3994 4022
f 3993 4022 4021
f 3995 3996 4024
f 3995 4024 4023
f 3996 3997 4025
f 3996 4025 4024
f 3997 3998 4026
f 3997 4026 4025
f 3998 3999 4027
f 3998 4027 4026
f 3999 4000 4028
f 3999 4028 4027
f 4000 4001 4029
f 4000 4029 4028
f 4001 4002 4030
f 4001 4030 4029
f 4002 4003 4031
f 4002 4031 4030
f 4003 4004 4032
f 4003 4032 4031
f 4004 4005 4033
f 4004 4033 4032
f 4005 4006 4034
f 4005 4034 4033
f 4006 4007 4035
f 4006 4035 4034
f 4007 4008 4036
f 4007 4036 4035
f 4008 4009 4037
f 4008 4037 4036
f 4009 4010 4038
f 4009 4038 4037
f 4010 4011 4039
f 4010 4039 4038
f 4011 4012 4040
f 4011 4040 4039
f 4012 4013 4041
f 4012 4041 4040
f 4013 4014 4042
f 4013 4042 4041
f 4014 4015 4043
f 4014 4043 4042
f 4015 4016 4044
f 4015 4044 4043
f 4016 4017 4045
f 4016 4045 4044
f 4017 4018 4046
f 4017 4046 4045
f 4018 4019 4047
f 4018 4047 4046
f 4019 4020 4048
f 4019 4048 4047
f 4020 4021 4049
f 4020 4049 4048
f 4021 4022 4050
f 4021 4050 4049
f 4023 4024 4052
f 4023 4052 4051
f 4024 4025 4053
f 4024 4053 4052
f 4025 4026 4054
f 4025 4054 4053
f 4026 4027 4055
f 4026 4055 4054
f 4027 4028 4056
f 4027 4056 4055
f 4028 4029 4057
f 4028 4057 4056
f 4029 4030 4058
f 4029 4058 4057
f 4030 4031 4059
f 4030 4059 4058
f 4031 4032 4060
f 4031 4060 4059
f 4032 4033 4061
f 4032 4061 4060
f 4033 4034 4062
f 4033 4062 4061
f 4034 4035 4063
f 4034 4063 4062
f 4035 4036 4064
f 4035 4064 4063
f 4036 4037 4065
f 4036 4065 4064
f 4037 4038 4066
f 4037 4066 4065
f 4038 4039 4067
f 4038 4067 4066
f 4039 4040 4068
f 4039 4068 4067
f 4040 4041 4069
f 4040 4069 4068
f 4041 4042 4070
f 4041 4070 4069
f 4042 4043 4071
f 4042 4071 4070
f 4043 4044 4072
f 4043 4072 4071
f 4044 4045 4073
f 4044 4073 4072
f 4045 4046 4074
f 4045 4074 4073
f 4046 4047 4075
f 4046 4075 4074
f 4047 4048 4076
f 4047 4076 4075
f 4048 4049 4077
f 4048 4077 4076
f 4049 4050 4078
f 4049 4078 4077
f 4051 4052 4080
f 4051 4080 4079
f 4052 4053 4081
f 4052 4081 4080
f 4053 4054 4082
f 4053 4082 4081
f 4054 4055 4083
f 4054 4083 4082
f 4055 4056 4084
f 4055 4084 4083
f 4056 4057 4085
f 4056 4085 4084
f 4057 4058 4086
f 4057 4086 4085
f 4058 4059 4087
f 4058 4087 4086
f 4059 4060 4088
f 4059 4088 4087
f 4060 4061 4089
f 4060 4089 4088
f 4061 4062 4090
f 4061 4090 4089
f 4062 4063 4091
f 4062 4091 4090
f 4063 4064 4092
f 4063 4092 4091
f 4064 4065 4093
f 4064 4093 4092
f 4065 4066 4094
f 4065 4094 4093
f 4066 4067 4095
f 4066 4095 4094
f 4067 4068 4096
f 4067 4096 4095
f 4068 4069 4097
f 4068 4097 4096
f 4069 4070 4098
f 4069 4098 4097
f 4070 4071 4099
f 4070 4099 4098
f 4071 4072 4100
f 4071 4100 4099
f 4072 4073 4101
f 4072 4101 4100
f 4073 4074 4102
f 4073 4102 4101
f 4074 4075 4103
f 4074 4103 4102
f 4075 4076 4104
f 4075 4104 4103
f 4076 4077 4105
f 4076 4105 4104
f 4077 4078 4106
f 4077 4106 4105
f 4079 4080 4108
f 4079 4108 4107
f 4080 4081 4109
f 4080 4109 4108
f 4081 4082 4110
f 4081 4110 4109
f 4082 4083 4111
f 4082 4111 4110
f 4083 4084 4112
f 4083 4112 4111
f 4084 4085 4113
f 4084 4113 4112
f 4085 4086 4114
f 4085 4114 4113
f 4086 4087 4115
f 4086 4115 4114
f 4087 4088 4116
f 4087 4116 4115
f 4088 4089 4117
f 4088 4117 4116
f 4089 4090 4118
f 4089 4118 4117
f 4090 4091 4119
f 4090 4119 4118
f 4091 4092 4120
f 4091 4120 4119
f 4092 4093 4121
f 4092 4121 4120
f 4093 4094 4122
f 4093 4122 4121
f 4094 4095 4123
f 4094 4123 4122
f 4095 4096 4124
f 4095 4124 4123
f 4096 4097 4125
f 4096 4125 4124
f 4097 4098 4126
f 4097 4126 4125
f 4098 4099 4127
f 4098 4127 4126
f 4099 4100 4128
f 4099 4128 4127
f 4100 4101 4129
f 4100 4129 4128
f 4101 4102 4130
f 4101 4130 4129
f 4102 4103 4131
f 4102 4131 4130
f 4103 4104 4132
f 4103 4132 4131
f 4104 4105 4133
f 4104 4133 4132
f 4105 4106 4134
f 4105 4134 4133
f 4107 4108 4136
f 4107 4136 4135
f 4108 4109 4137
f 4108 4137 4136
f 4109 4110 4138
f 4109 4138 4137
f 4110 4111 4139
f 4110 4139 4138
f 4111 4112 4140
f 4111 4140 4139
f 4112 4113 4141
f 4112 4141 4140
f 4113 4114 4142
f 4113 4142 4141
f 4114 4115 4143
f 4114 4143 4142
f 4115 4116 4144
f 4115 4144 4143
f 4116 4117 4145
f 4116 4145 4144
f 4117 4118 4146
f 4117 4146 4145
f 4118 4119 4147
f 4118 4147 4146
f 4119 4120 4148
f 4119 4148 4147
f 4120 4121 4149
f 4120 4149 4148
f 4121 4122 4150
f 4121 4150 4149
f 4122 4123 4151
f 4122 4151 4150
f 4123 4124 4152
f 4123 4152 4151
f 4124 4125 4153
f 4124 4153 4152
f 4125 4126 4154
f 4125 4154 4153
f 4126 4127 4155
f 4126 4155 4154
f 4127 4128 4156
f 4127 4156 4155
f 4128 4129 4157
f 4128 4157 4156
f 4129 4130 4158
f 4129 4158 4157
f 4130 4131 4159
f 4130 4159 4158
f 4131 4132 4160
f 4131 4160 4159
f 4132 4133 4161
f 4132 4161 4160
f 4133 4134 4162
f 4133 4162 4161
f 4135 4136 4164
f 4135 4164 4163
f 4136 4137 4165
f 4136 4165 4164
f 4137 4138 4166
f 4137 4166 4165
f 4138 4139 4167
f 4138 4167 4166
f 4139 4140 4168
f 4139 4168 4167
f 4140 4141 4169
f 4140 4169 4168
f 4141 4142 4170
f 4141 4170 4169
f 4142 4143 4171
f 4142 4171 4170
f 4143 4144 4172
f 4143 4172 4171
f 4144 4145 4173
f 4144 4173 4172
f 4145 4146 4174
f 4145 4174 4173
f 4146 4147 4175
f 4146 4175 4174
f 4147 4148 4176
f 4147 4176 4175
f 4148 4149 4177
f 4148 4177 4176
f 4149 4150 4178
f 4149 4178 4177
f 4150 4151 4179
f 4150 4179 4178
f 4151 4152 4180
f 4151 4180 4179
f 4152 4153 4181
f 4152 4181 4180
f 4153 4154 4182
f 4153 4182 4181
f 4154 4155 4183
f 4154 4183 4182
f 4155 4156 4184
f 4155 4184 4183
f 4156 4157 4185
f 4156 4185 4184
f 4157 4158 4186
f 4157 4186 4185
f 4158 4159 4187
f 4158 4187 4186
f 4159 4160 4188
f 4159 4188 4187
f 4160 4161 4189
f 4160 4189 4188
f 4161 4162 4190
f 4161 4190 4189
f 4163 4164 4192
f 4163 4192 4191
f 4164 4165 4193
f 4164 4193 4192
f 4165 4166 4194
f 4165 4194 4193
f 4166 4167 4195
f 4166 4195 4194
f 4167 4168 4196
f 4167 4196 4195
f 4168 4169 4197
f 4168 4197 4196
f 4169 4170 4198
f 4169 4198 4197
f 4170 4171 4199
f 4170 4199 4198
f 4171 4172 4200
f 4171 4200 4199
f 4172 4173 4201
f 4172 4201 4200
f 4173 4174 4202
f 4173 4202 4201
f 4174 4175 4203
f 4174 4203 4202
f 4175 4176 4204
f 4175 4204 4203
f 4176 4177 4205
f 4176 4205 4204
f 4177 4178 4206
f 4177 4206 4205
f 4178 4179 4207
f 4178 4207 4206
f 4179 4180 4208
f 4179 4208 4207
f 4180 4181 4209
f 4180 4209 4208
f 4181 4182 4210
f 4181 4210 4209
f 4182 4183 4211
f 4182 4211 4210
f 4183 4184 4212
f 4183 4212 4211
f 4184 4185 4213
f 4184 4213 4212
f 4185 4186 4214
f 4185 4214 4213
f 4186 4187 4215
f 4186 4215 4214
f 4187 4188 4216
f 4187 4216 4215
f 4188 4189 4217
f 4188 4217 4216
f 4189 4190 4218
f 4189 4218 4217
f 4191 4192 4220
f 4191 4220 4219
f 4192 4193 4221
f 4192 4221 4220
f 4193 4194 4222
f 4193 4222 4221
f 4194 4195 4223
f 4194 4223 4222
f 4195 4196 4224
f 4195 4224 4223
f 4196 4197 4225
f 4196 4225 4224
f 4197 4198 4226
f 4197 4226 4225
f 4198 4199 4227
f 4198 4227 4226
f 4199 4200 4228
f 4199 4228 4227
f 4200 4201 4229
f 4200 4229 4228
f 4201 4202 4230
f 4201 4230 4229
f 4202 4203 4231
f 4202 4231 4230
f 4203 4204 4232
f 4203 4232 4231
f 4204 4205 4233
f 4204 4233 4232
f 4205 4206 4234
f 4205 4234 4233
f 4206 4207 4235
f 4206 4235 4234
f 4207 4208 4236
f 4207 4236 4235
f 4208 4209 4237
f 4208 4237 4236
f 4209 4210 4238
f 4209 4238 4237
f 4210 4211 4239
f 4210 4239 4238
f 4211 4212 4240
f 4211 4240 4239
f 4212 4213 4241
f 4212 4241 4240
f 4213 4214 4242
f 4213 4242 4241
f 4214 4215 4243
f 4214 4243 4242
f 4215 4216 4244
f 4215 4244 4243
f 4216 4217 4245
f 4216 4245 4244
f 4217 4218 4246
f 4217 4246 4245
f 4219 4220 4248
f 4219 4248 4247
f 4220 4221 4249
f 4220 4249 4248
f 4221 4222 4250
f 4221 4250 4249
f 4222 4223 4251
f 4222 4251 4250
f 4223 4224 4252
f 4223 4252 4251
f 4224 4225 4253
f 4224 4253 4252
f 4225 4226 4254
f 4225 4254 4253
f 4226 4227 4255
f 4226 4255 4254
f 4227 4228 4256
f 4227 4256 4255
f 4228 4229 4257
f 4228 4257 4256
f 4229 4230 4258
f 4229 4258 4257
f 4230 4231 4259
f 4230 4259 4258
f 4231 4232 4260
f 4231 4260 4259
f 4232 4233 4261
f 4232 4261 4260
f 4233 4234 4262
f 4233 4262 4261
f 4234 4235 4263
f 4234 4263 4262
f 4235 4236 4264
f 4235 4264 4263
f 4236 4237 4265
f 4236 4265 4264
f 4237 4238 4266
f 4237 4266 4265
f 4238 4239 4267
f 4238 4267 4266
f 4239 4240 4268
f 4239 4268 4267
f 4240 4241 4269
f 4240 4269 4268
f 4241 4242 4270
f 4241 4270 4269
f 4242 4243 4271
f 4242 4271 4270
f 4243 4244 4272
f 4243 4272 4271
f 4244 4245 4273
f 4244 4273 4272
f 4245 4246 4274
f 4245 4274 4273
f 4247 4248 3436
f 4247 3436 3435
f 4248 4249 3437
f 4248 3437 3436
f 4249 4250 3438
f 4249 3438 3437
f 4250 4251 3439
f 4250 3439 3438
f 4251 4252 3440
f 4251 3440 3439
f 4252 4253 3441
f 4252 3441 3440
f 4253 4254 3442
f 4253 3442 3441
f 4254 4255 3443
f 4254 3443 3442
f 4255 4256 3444
f 4255 3444 3443
f 4256 4257 3445
f 4256 3445 3444
f 4257 4258 3446
f 4257 3446 3445
f 4258 4259 3447
f 4258 3447 3446
f 4259 4260 3448
f 4259 3448 3447
f 4260 4261 3449
f 4260 3449 3448
f 4261 4262 3450
f 4261 3450 3449
f 4262 4263 3451
f 4262 3451 3450
f 4263 4264 3452
f 4263 3452 3451
f 4264 4265 3453
f 4264 3453 3452
f 4265 4266 3454
f 4265 3454 3453
f 4266 4267 3455
f 4266 3455 3454
f 4267 4268 3456
f 4267 3456 3455
f 4268 4269 3457
f 4268 3457 3456
f 4269 4270 3458
f 4269 3458 3457
f 4270 4271 3459
f 4270 3459 3458
f 4271 4272 3460
f 4271 3460 3459
f 4272 4273 3461
f 4272 3461 3460
f 4273 4274 3462
f 4273 3462 3461
f 4277 4305 4275
f 4305 4333 4275
f 4333 4361 4275
f 4361 4389 4275
f 4389 4417 4275
f 4417 4445 4275
f 4445 4473 4275
f 4473 4501 4275
f 4501 4529 4275
f 4529 4557 4275
f 4557 4585 4275
f 4585 4613 4275
f 4613 4641 4275
f 4641 4669 4275
f 4669 4697 4275
f 4697 4725 4275
f 4725 4753 4275
f 4753 4781 4275
f 4781 4809 4275
f 4809 4837 4275
f 4837 4865 4275
f 4865 4893 4275
f 4893 4921 4275
f 4921 4949 4275
f 4949 4977 4275
f 4977 5005 4275
f 5005 5033 4275
f 5033 5061 4275
f 5061 5089 4275
f 5089 4277 4275
f 4304 4276 4332
f 4332 4276 4360
f 4360 4276 4388
f 4388 4276 4416
f 4416 4276 4444
f 4444 4276 4472
f 4472 4276 4500
f 4500 4276 4528
f 4528 4276 4556
f 4556 4276 4584
f 4584 4276 4612
f 4612 4276 4640
f 4640 4276 4668
f 4668 4276 4696
f 4696 4276 4724
f 4724 4276 4752
f 4752 4276 4780
f 4780 4276 4808
f 4808 4276 4836
f 4836 4276 4864
f 4864 4276 4892
f 4892 4276 4920
f 4920 4276 4948
f 4948 4276 4976
f 4976 4276 5004
f 5004 4276 5032
f 5032 4276 5060
f 5060 4276 5088
f 5088 4276 5116
f 5116 4276 4304
f 4277 4278 4306
f 4277 4306 4305
f 4278 4279 4307
f 4278 4307 4306
f 4279 4280 4308
f 4279 4308 4307
f 4280 4281 4309
f 4280 4309 4308
f 4281 4282 4310
f 4281 4310 4309
f 4282 4283 4311
f 4282 4311 4310
f 4283 4284 4312
f 4283 4312 4311
f 4284 4285 4313
f 4284 4313 4312
f 4285 4286 4314
f 4285 4314 4313
f 4286 4287 4315
f 4286 4315 4314
f 4287 4288 4316
f 4287 4316 4315
f 4288 4289 4317
f 4288 4317 4316
f 4289 4290 4318
f 4289 4318 4317
f 4290 4291 4319
f 4290 4319 4318
f 4291 4292 4320
f 4291 4320 4319
f 4292 4293 4321
f 4292 4321 4320
f 4293 4294 4322
f 4293 4322 4321
f 4294 4295 4323
f 4294 4323 4322
f 4295 4296 4324
f 4295 4324 4323
f 4296 4297 4325
f 4296 4325 4324
f 4297 4298 4326
f 4297 4326 4325
f 4298 4299 4327
f 4298 4327 4326
f 4299 4300 4328
f 4299 4328 4327
f 4300 4301 4329
f 4300 4329 4328
f 4301 4302 4330
f 4301 4330 4329
f 4302 4303 4331
f 4302 4331 4330
f 4303 4304 4332
f 4303 4332 4331
f 4305 4306 4334
f 4305 4334 4333
f 4306 4307 4335
f 4306 4335 4334
f 4307 4308 4336
f 4307 4336 4335
f 4308 4309 4337
f 4308 4337 4336
f 4309 4310 4338
f 4309 4338 4337
f 4310 4311 4339
f 4310 4339 4338
f 4311 4312 4340
f 4311 4340 4339
f 4312 4313 4341
f 4312 4341 4340
f 4313 4314 4342
f 4313 4342 4341
f 4314 4315 4343
f 4314 4343 4342
f 4315 4316 4344
f 4315 4344 4343
f 4316 4317 4345
f 4316 4345 4344
f 4317 4318 4346
f 4317 4346 4345
f 4318 4319 4347
f 4318 4347 4346
f 4319 4320 4348
f 4319 4348 4347
f 4320 4321 4349
f 4320 4349 4348
f 4321 4322 4350
f 4321 4350 4349
f 4322 4323 4351
f 4322 4351 4350
f 4323 4324 4352
f 4323 4352 4351
f 4324 4325 4353
f 4324 4353 4352
f 4325 4326 4354
f 4325 4354 4353
f 4326 4327 4355
f 4326 4355 4354
f 4327 4328 4356
f 4327 4356 4355
f 4328 4329 4357
f 4328 4357 4356
f 4329 4330 4358
f 4329 4358 4357
f 4330 4331 4359
f 4330 4359 4358
f 4331 4332 4360
f 4331 4360 4359
f 4333 4334 4362
f 4333 4362 4361
f 4334 4335 4363
f 4334 4363 4362
f 4335 4336 4364
f 4335 4364 4363
f 4336 4337 4365
f 4336 4365 4364
f 4337 4338 4366
f 4337 4366 4365
f 4338 4339 4367
f 4338 4367 4366
f 4339 4340 4368
f 4339 4368 4367
f 4340 4341 4369
f 4340 4369 4368
f 4341 4342 4370
f 4341 4370 4369
f 4342 4343 4371
f 4342 4371 4370
f 4343 4344 4372
f 4343 4372 4371
f 4344 4345 4373
f 4344 4373 4372
f 4345 4346 4374
f 4345 4374 4373
f 4346 4347 4375
f 4346 4375 4374
f 4347 4348 4376
f 4347 4376 4375
f 4348 4349 4377
f 4348 4377 4376
f 4349 4350 4378
f 4349 4378 4377
f 4350 4351 4379
f 4350 4379 4378
f 4351 4352 4380
f 4351 4380 4379
f 4352 4353 4381
f 4352 4381 4380
f 4353 4354 4382
f 4353 4382 4381
f 4354 4355 4383
f 4354 4383 4382
f 4355 4356 4384
f 4355 4384 4383
f 4356 4357 4385
f 4356 4385 4384
f 4357 4358 4386
f 4357 4386 4385
f 4358 4359 4387
f 4358 4387 4386
f 4359 4360 4388
f 4359 4388 4387
f 4361 4362 4390
f 4361 4390 4389
f 4362 4363 4391
f 4362 4391 4390
f 4363 4364 4392
f 4363 4392 4391
f 4364 4365 4393
f 4364 4393 4392
f 4365 4366 4394
f 4365 4394 4393
f 4366 4367 4395
f 4366 4395 4394
f 4367 4368 4396
f 4367 4396 4395
f 4368 4369 4397
f 4368 4397 4396
f 4369 4370 4398
f 4369 4398 4397
f 4370 4371 4399
f 4370 4399 4398
f 4371 4372 4400
f 4371 4400 4399
f 4372 4373 4401
f 4372 4401 4400
f 4373 4374 4402
f 4373 4402 4401
f 4374 4375 4403
f 4374 4403 4402
f 4375 4376 4404
f 4375 4404 4403
f 4376 4377 4405
f 4376 4405 4404
f 4377 4378 4406
f 4377 4406 4405
f 4378 4379 4407
f 4378 4407 4406
f 4379 4380 4408
f 4379 4408 4407
f 4380 4381 4409
f 4380 4409 4408
f 4381 4382 4410
f 4381 4410 4409
f 4382 4383 4411
f 4382 4411 4410
f 4383 4384 4412
f 4383 4412 4411
f 4384 4385 4413
f 4384 4413 4412
f 4385 4386 4414
f 4385 4414 4413
f 4386 4387 4415
f 4386 4415 4414
f 4387 4388 4416
f 4387 4416 4415
f 4389 4390 4418
f 4389 4418 4417
f 4390 4391 4419
f 4390 4419 4418
f 4391 4392 4420
f 4391 4420 4419
f 4392 4393 4421
f 4392 4421 4420
f 4393 4394 4422
f 4393 4422 4421
f 4394 4395 4423
f 4394 4423 4422
f 4395 4396 4424
f 4395 4424 4423
f 4396 4397 4425
f 4396 4425 4424
f 4397 4398 4426
f 4397 4426 4425
f 4398 4399 4427
f 4398 4427 4426
f 4399 4400 4428
f 4399 4428 4427
f 4400 4401 4429
f 4400 4429 4428
f 4401 4402 4430
f 4401 4430 4429
f 4402 4403 4431
f 4402 4431 4430
f 4403 4404 4432
f 4403 4432 4431
f 4404 4405 4433
f 4404 4433 4432
f 4405 4406 4434
f 4405 4434 4433
f 4406 4407 4435
f 4406 4435 4434
f 4407 4408 4436
f 4407 4436 4435
f 4408 4409 4437
f 4408 4437 4436
f 4409 4410 4438
f 4409 4438 4437
f 4410 4411 4439
f 4410 4439 4438
f 4411 4412 4440
f 4411 4440 4439
f 4412 4413 4441
f 4412 4441 4440
f 4413 4414 4442
f 4413 4442 4441
f 4414 4415 4443
f 4414 4443 4442
f 4415 4416 4444
f 4415 4444 4443
f 4417 4418 4446
f 4417 4446 4445
f 4418 4419 4447
f 4418 4447 4446
f 4419 4420 4448
f 4419 4448 4447
f 4420 4421 4449
f 4420 4449 4448
f 4421 4422 4450
f 4421 4450 4449
f 4422 4423 4451
f 4422 4451 4450
f 4423 4424 4452
f 4423 4452 4451
f 4424 4425 4453
f 4424 4453 4452
f 4425 4426 4454
f 4425 4454 4453
f 4426 4427 4455
f 4426 4455 4454
f 4427 4428 4456
f 4427 4456 4455
f 4428 4429 4457
f 4428 4457 4456
f 4429 4430 4458
f 4429 4458 4457
f 4430 4431 4459
f 4430 4459 4458
f 4431 4432 4460
f 4431 4460 4459
f 4432 4433 4461
f 4432 4461 4460
f 4433 4434 4462
f 4433 4462 4461
f 4434 4435 4463
f 4434 4463 4462
f 4435 4436 4464
f 4435 4464 4463
f 4436 4437 4465
f 4436 4465 4464
f 4437 4438 4466
f 4437 4466 4465
f 4438 4439 4467
f 4438 4467 4466
f 4439 4440 4468
f 4439 4468 4467
f 4440 4441 4469
f 4440 4469 4468
f 4441 4442 4470
f 4441 4470 4469
f 4442 4443 4471
f 4442 4471 4470
f 4443 4444 4472
f 4443 4472 4471
f 4445 4446 4474
f 4445 4474 4473
f 4446 4447 4475
f 4446 4475 4474
f 4447 4448 4476
f 4447 4476 4475
f 4448 4449 4477
f 4448 4477 4476
f 4449 4450 4478
f 4449 4478 4477
f 4450 4451 4479
f 4450 4479 4478
f 4451 4452 4480
f 4451 4480 4479
f 4452 4453 4481
f 4452 4481 4480
f 4453 4454 4482
f 4453 4482 4481
f 4454 4455 4483
f 4454 4483 4482
f 4455 4456 4484
f 4455 4484 4483
f 4456 4457 4485
f 4456 4485 4484
f 4457 4458 4486
f 4457 4486 4485
f 4458 4459 4487
f 4458 4487 4486
f 4459 4460 4488
f 4459 4488 4487
f 4460 4461 4489
f 4460 4489 4488
f 4461 4462 4490
f 4461 4490 4489
f 4462 4463 4491
f 4462 4491 4490
f 4463 4464 4492
f 4463 4492 4491
f 4464 4465 4493
f 4464 4493 4492
f 4465 4466 4494
f 4465 4494 4493
f 4466 4467 4495
f 4466 4495 4494
f 4467 4468 4496
f 4467 4496 4495
f 4468 4469 4497
f 4468 4497 4496
f 4469 4470 4498
f 4469 4498 4497
f 4470 4471 4499
f 4470 4499 4498
f 4471 4472 4500
f 4471 4500 4499
f 4473 4474 4502
f 4473 4502 4501
f 4474 4475 4503
f 4474 4503 4502
f 4475 4476 4504
f 4475 4504 4503
f 4476 4477 4505
f 4476 4505 4504
f 4477 4478 4506
f 4477 4506 4505
f 4478 4479 4507
f 4478 4507 4506
f 4479 4480 4508
f 4479 4508 4507
f 4480 4481 4509
f 4480 4509 4508
f 4481 4482 4510
f 4481 4510 4509
f 4482 4483 4511
f 4482 4511 4510
f 4483 4484 4512
f 4483 4512 4511
f 4484 4485 4513
f 4484 4513 4512
f 4485 4486 4514
f 4485 4514 4513
f 4486 4487 4515
f 4486 4515 4514
f 4487 4488 4516
f 4487 4516 4515
f 4488 4489 4517
f 4488 4517 4516
f 4489 4490 4518
f 4489 4518 4517
f 4490 4491 4519
f 4490 4519 4518
f 4491 4492 4520
f 4491 4520 4519
f 4492 4493 4521
f 4492 4521 4520
f 4493 4494 4522
f 4493 4522 4521
f 4494 4495 4523
f 4494 4523 4522
f 4495 4496 4524
f 4495 4524 4523
f 4496 4497 4525
f 4496 4525 4524
f 4497 4498 4526
f 4497 4526 4525
f 4498 4499 4527
f 4498 4527 4526
f 4499 4500 4528
f 4499 4528 4527
f 4501 4502 4530
f 4501 4530 4529
f 4502 4503 4531
f 4502 4531 4530
f 4503 4504 4532
f 4503 4532 4531
f 4504 4505 4533
f 4504 4533 4532
f 4505 4506 4534
f 4505 4534 4533
f 4506 4507 4535
f 4506 4535 4534
f 4507 4508 4536
f 4507 4536 4535
f 4508 4509 4537
f 4508 4537 4536
f 4509 4510 4538
f 4509 4538 4537
f 4510 4511 4539
f 4510 4539 4538
f 4511 4512 4540
f 4511 4540 4539
f 4512 4513 4541
f 4512 4541 4540
f 4513 4514 4542
f 4513 4542 4541
f 4514 4515 4543
f 4514 4543 4542
f 4515 4516 4544
f 4515 4544 4543
f 4516 4517 4545
f 4516 4545 4544
f 4517 4518 4546
f 4517 4546 4545
f 4518 4519 4547
f 4518 4547 4546
f 4519 4520 4548
f 4519 4548 4547
f 4520 4521 4549
f 4520 4549 4548
f 4521 4522 4550
f 4521 4550 4549
f 4522 4523 4551
f 4522 4551 4550
f 4523 4524 4552
f 4523 4552 4551
f 4524 4525 4553
f 4524 4553 4552
f 4525 4526 4554
f 4525 4554 4553
f 4526 4527 4555
f 4526 4555 4554
f 4527 4528 4556
f 4527 4556 4555
f 4529 4530 4558
f 4529 4558 4557
f 4530 4531 4559
f 4530 4559 4558
f 4531 4532 4560
f 4531 4560 4559
f 4532 4533 4561
f 4532 4561 4560
f 4533 4534 4562
f 4533 4562 4561
f 4534 4535 4563
f 4534 4563 4562
f 4535 4536 4564
f 4535 4564 4563
f 4536 4537 4565
f 4536 4565 4564
f 4537 4538 4566
f 4537 4566 4565
f 4538 4539 4567
f 4538 4567 4566
f 4539 4540 4568
f 4539 4568 4567
f 4540 4541 4569
f 4540 4569 4568
f 4541 4542 4570
f 4541 4570 4569
f 4542 4543 4571
f 4542 4571 4570
f 4543 4544 4572
f 4543 4572 4571
f 4544 4545 4573
f 4544 4573 4572
f 4545 4546 4574
f 4545 4574 4573
f 4546 4547 4575
f 4546 4575 4574
f 4547 4548 4576
f 4547 4576 4575
f 4548 4549 4577
f 4548 4577 4576
f 4549 4550 4578
f 4549 4578 4577
f 4550 4551 4579
f 4550 4579 4578
f 4551 4552 4580
f 4551 4580 4579
f 4552 4553 4581
f 4552 4581 4580
f 4553 4554 4582
f 4553 4582 4581
f 4554 4555 4583
f 4554 4583 4582
f 4555 4556 4584
f 4555 4584 4583
f 4557 4558 4586
f 4557 4586 4585
f 4558 4559 4587
f 4558 4587 4586
f 4559 4560 4588
f 4559 4588 4587
f 4560 4561 4589
f 4560 4589 4588
f 4561 4562 4590
f 4561 4590 4589
f 4562 4563 4591
f 4562 4591 4590
f 4563 4564 4592
f 4563 4592 4591
f 4564 4565 4593
f 4564 4593 4592
f 4565 4566 4594
f 4565 4594 4593
f 4566 4567 4595
f 4566 4595 4594
f 4567 4568 4596
f 4567 4596 4595
f 4568 4569 4597
f 4568 4597 4596
f 4569 4570 4598
f 4569 4598 4597
f 4570 4571 4599
f 4570 4599 4598
f 4571 4572 4600
f 4571 4600 4599
f 4572 4573 4601
f 4572 4601 4600
f 4573 4574 4602
f 4573 4602 4601
f 4574 4575 4603
f 4574 4603 4602
f 4575 4576 4604
f 4575 4604 4603
f 4576 4577 4605
f 4576 4605 4604
f 4577 4578 4606
f 4577 4606 4605
f 4578 4579 4607
f 4578 4607 4606
f 4579 4580 4608
f 4579 4608 4607
f 4580 4581 4609
f 4580 4609 4608
f 4581 4582 4610
f 4581 4610 4609
f 4582 4583 4611
f 4582 4611 4610
f 4583 4584 4612
f 4583 4612 4611
f 4585 4586 4614
f 4585 4614 4613
f 4586 4587 4615
f 4586 4615 4614
f 4587 4588 4616
f 4587 4616 4615
f 4588 4589 4617
f 4588 4617 4616
f 4589 4590 4618
f 4589 4618 4617
f 4590 4591 4619
f 4590 4619 4618
f 4591 4592 4620
f 4591 4620 4619
f 4592 4593 4621
f 4592 4621 4620
f 4593 4594 4622
f 4593 4622 4621
f 4594 4595 4623
f 4594 4623 4622
f 4595 4596 4624
f 4595 4624 4623
f 4596 4597 4625
f 4596 4625 4624
f 4597 4598 4626
f 4597 4626 4625
f 4598 4599 4627
f 4598 4627 4626
f 4599 4600 4628
f 4599 4628 4627
f 4600 4601 4629
f 4600 4629 4628
f 4601 4602 4630
f 4601 4630 4629
f 4602 4603 4631
f 4602 4631 4630
f 4603 4604 4632
f 4603 4632 4631
f 4604 4605 4633
f 4604 4633 4632
f 4605 4606 4634
f 4605 4634 4633
f 4606 4607 4635
f 4606 4635 4634
f 4607 4608 4636
f 4607 4636 4635
f 4608 4609 4637
f 4608 4637 4636
f 4609 4610 4638
f 4609 4638 4637
f 4610 4611 4639
f 4610 4639 4638
f 4611 4612 4640
f 4611 4640 4639
f 4613 4614 4642
f 4613 4642 4641
f 4614 4615 4643
f 4614 4643 4642
f 4615 4616 4644
f 4615 4644 4643
f 4616 4617 4645
f 4616 4645 4644
f 4617 4618 4646
f 4617 4646 4645
f 4618 4619 4647
f 4618 4647 4646
f 4619 4620 4648
f 4619 4648 4647
f 4620 4621 4649
f 4620 4649 4648
f 4621 4622 4650
f 4621 4650 4649
f 4622 4623 4651
f 4622 4651 4650
f 4623 4624 4652
f 4623 4652 4651
f 4624 4625 4653
f 4624 4653 4652
f 4625 4626 4654
f 4625 4654 4653
f 4626 4627 4655
f 4626 4655 4654
f 4627 4628 4656
f 4627 4656 4655
f 4628 4629 4657
f 4628 4657 4656
f 4629 4630 4658
f 4629 4658 4657
f 4630 4631 4659
f 4630 4659 4658
f 4631 4632 4660
f 4631 4660 4659
f 4632 4633 4661
f 4632 4661 4660
f 4633 4634 4662
f 4633 4662 4661
f 4634 4635 4663
f 4634 4663 4662
f 4635 4636 4664
f 4635 4664 4663
f 4636 4637 4665
f 4636 4665 4664
f 4637 4638 4666
f 4637 4666 4665
f 4638 4639 4667
f 4638 4667 4666
f 4639 4640 4668
f 4639 4668 4667
f 4641 4642 4670
f 4641 4670 4669
f 4642 4643 4671
f 4642 4671 4670
f 4643 4644 4672
f 4643 4672 4671
f 4644 4645 4673
f 4644 4673 4672
f 4645 4646 4674
f 4645 4674 4673
f 4646 4647 4675
f 4646 4675 4674
f 4647 4648 4676
f 4647 4676 4675
f 4648 4649 4677
f 4648 4677 4676
f 4649 4650 4678
f 4649 4678 4677
f 4650 4651 4679
f 4650 4679 4678
f 4651 4652 4680
f 4651 4680 4679
f 4652 4653 4681
f 4652 4681 4680
f 4653 4654 4682
f 4653 4682 4681
f 4654 4655 4683
f 4654 4683 4682
f 4655 4656 4684
f 4655 4684 4683
f 4656 4657 4685
f 4656 4685 4684
f 4657 4658 4686
f 4657 4686 4685
f 4658 4659 4687
f 4658 4687 4686
f 4659 4660 4688
f 4659 4688 4687
f 4660 4661 4689
f 4660 4689 4688
f 4661 4662 4690
f 4661 4690 4689
f 4662 4663 4691
f 4662 4691 4690
f 4663 4664 4692
f 4663 4692 4691
f 4664 4665 4693
f 4664 4693 4692
f 4665 4666 4694
f 4665 4694 4693
f 4666 4667 4695
f 4666 4695 4694
f 4667 4668 4696
f 4667 4696 4695
f 4669 4670 4698
f 4669 4698 4697
f 4670 4671 4699
f 4670 4699 4698
f 4671 4672 4700
f 4671 4700 4699
f 4672 4673 4701
f 4672 4701 4700
f 4673 4674 4702
f 4673 4702 4701
f 4674 4675 4703
f 4674 4703 4702
f 4675 4676 4704
f 4675 4704 4703
f 4676 4677 4705
f 4676 4705 4704
f 4677 4678 4706
f 4677 4706 4705
f 4678 4679 4707
f 4678 4707 4706
f 4679 4680 4708
f 4679 4708 4707
f 4680 4681 4709
f 4680 4709 4708
f 4681 4682 4710
f 4681 4710 4709
f 4682 4683 4711
f 4682 4711 4710
f 4683 4684 4712
f 4683 4712 4711
f 4684 4685 4713
f 4684 4713 4712
f 4685 4686 4714
f 4685 4714 4713
f 4686 4687 4715
f 4686 4715 4714
f 4687 4688 4716
f 4687 4716 4715
f 4688 4689 4717
f 4688 4717 4716
f 4689 4690 4718
f 4689 4718 4717
f 4690 4691 4719
f 4690 4719 4718
f 4691 4692 4720
f 4691 4720 4719
f 4692 4693 4721
f 4692 4721 4720
f 4693 4694 4722
f 4693 4722 4721
f 4694 4695 4723
f 4694 4723 4722
f 4695 4696 4724
f 4695 4724 4723
f 4697 4698 4726
f 4697 4726 4725
f 4698 4699 4727
f 4698 4727 4726
f 4699 4700 4728
f 4699 4728 4727
f 4700 4701 4729
f 4700 4729 4728
f 4701 4702 4730
f 4701 4730 4729
f 4702 4703 4731
f 4702 4731 4730
f 4703 4704 4732
f 4703 4732 4731
f 4704 4705 4733
f 4704 4733 4732
f 4705 4706 4734
f 4705 4734 4733
f 4706 4707 4735
f 4706 4735 4734
f 4707 4708 4736
f 4707 4736 4735
f 4708 4709 4737
f 4708 4737 4736
f 4709 4710 4738
f 4709 4738 4737
f 4710 4711 4739
f 4710 4739 4738
f 4711 4712 4740
f 4711 4740 4739
f 4712 4713 4741
f 4712 4741 4740
f 4713 4714 4742
f 4713 4742 4741
f 4714 4715 4743
f 4714 4743 4742
f 4715 4716 4744
f 4715 4744 4743
f 4716 4717 4745
f 4716 4745 4744
f 4717 4718 4746
f 4717 4746 4745
f 4718 4719 4747
f 4718 4747 4746
f 4719 4720 4748
f 4719 4748 4747
f 4720 4721 4749
f 4720 4749 4748
f 4721 4722 4750
f 4721 4750 4749
f 4722 4723 4751
f 4722 4751 4750
f 4723 4724 4752
f 4723 4752 4751
f 4725 4726 4754
f 4725 4754 4753
f 4726 4727 4755
f 4726 4755 4754
f 4727 4728 4756
f 4727 4756 4755
f 4728 4729 4757
f 4728 4757 4756
f 4729 4730 4758
f 4729 4758 4757
f 4730 4731 4759
f 4730 4759 4758
f 4731 4732 4760
f 4731 4760 4759
f 4732 4733 4761
f 4732 4761 4760
f 4733 4734 4762
f 4733 4762 4761
f 4734 4735 4763
f 4734 4763 4762
f 4735 4736 4764
f 4735 4764 4763
f 4736 4737 4765
f 4736 4765 4764
f 4737 4738 4766
f 4737 4766 4765
f 4738 4739 4767
f 4738 4767 4766
f 4739 4740 4768
f 4739 4768 4767
f 4740 4741 4769
f 4740 4769 4768
f 4741 4742 4770
f 4741 4770 4769
f 4742 4743 4771
f 4742 4771 4770
f 4743 4744 4772
f 4743 4772 4771
f 4744 4745 4773
f 4744 4773 4772
f 4745 4746 4774
f 4745 4774 4773
f 4746 4747 4775
f 4746 4775 4774
f 4747 4748 4776
f 4747 4776 4775
f 4748 4749 4777
f 4748 4777 4776
f 4749 4750 4778
f 4749 4778 4777
f 4750 4751 4779
f 4750 4779 4778
f 4751 4752 4780
f 4751 4780 4779
f 4753 4754 4782
f 4753 4782 4781
f 4754 4755 4783
f 4754 4783 4782
f 4755 4756 4784
f 4755 4784 4783
f 4756 4757 4785
f 4756 4785 4784
f 4757 4758 4786
f 4757 4786 4785
f 4758 4759 4787
f 4758 4787 4786
f 4759 4760 4788
f 4759 4788 4787
f 4760 4761 4789
f 4760 4789 4788
f 4761 4762 4790
f 4761 4790 4789
f 4762 4763 4791
f 4762 4791 4790
f 4763 4764 4792
f 4763 4792 4791
f 4764 4765 4793
f 4764 4793 4792
f 4765 4766 4794
f 4765 4794 4793
f 4766 4767 4795
f 4766 4795 4794
f 4767 4768 4796
f 4767 4796 4795
f 4768 4769 4797
f 4768 4797 4796
f 4769 4770 4798
f 4769 4798 4797
f 4770 4771 4799
f 4770 4799 4798
f 4771 4772 4800
f 4771 4800 4799
f 4772 4773 4801
f 4772 4801 4800
f 4773 4774 4802
f 4773 4802 4801
f 4774 4775 4803
f 4774 4803 4802
f 4775 4776 4804
f 4775 4804 4803
f 4776 4777 4805
f 4776 4805 4804
f 4777 4778 4806
f 4777 4806 4805
f 4778 4779 4807
f 4778 4807 4806
f 4779 4780 4808
f 4779 4808 4807
f 4781 4782 4810
f 4781 4810 4809
f 4782 4783 4811
f 4782 4811 4810
f 4783 4784 4812
f 4783 4812 4811
f 4784 4785 4813
f 4784 4813 4812
f 4785 4786 4814
f 4785 4814 4813
f 4786 4787 4815
f 4786 4815 4814
f 4787 4788 4816
f 4787 4816 4815
f 4788 4789 4817
f 4788 4817 4816
f 4789 4790 4818
f 4789 4818 4817
f 4790 4791 4819
f 4790 4819 4818
f 4791 4792 4820
f 4791 4820 4819
f 4792 4793 4821
f 4792 4821 4820
f 4793 4794 4822
f 4793 4822 4821
f 4794 4795 4823
f 4794 4823 4822
f 4795 4796 4824
f 4795 4824 4823
f 4796 4797 4825
f 4796 4825 4824
f 4797 4798 4826
f 4797 4826 4825
f 4798 4799 4827
f 4798 4827 4826
f 4799 4800 4828
f 4799 4828 4827
f 4800 4801 4829
f 4800 4829 4828
f 4801 4802 4830
f 4801 4830 4829
f 4802 4803 4831
f 4802 4831 4830
f 4803 4804 4832
f 4803 4832 4831
f 4804 4805 4833
f 4804 4833 4832
f 4805 4806 4834
f 4805 4834 4833
f 4806 4807 4835
f 4806 4835 4834
f 4807 4808 4836
f 4807 4836 4835
f 4809 4810 4838
f 4809 4838 4837
f 4810 4811 4839
f 4810 4839 4838
f 4811 4812 4840
f 4811 4840 4839
f 4812 4813 4841
f 4812 4841 4840
f 4813 4814 4842
f 4813 4842 4841
f 4814 4815 4843
f 4814 4843 4842
f 4815 4816 4844
f 4815 4844 4843
f 4816 4817 4845
f 4816 4845 4844
f 4817 4818 4846
f 4817 4846 4845
f 4818 4819 4847
f 4818 4847 4846
f 4819 4820 4848
f 4819 4848 4847
f 4820 4821 4849
f 4820 4849 4848
f 4821 4822 4850
f 4821 4850 4849
f 4822 4823 4851
f 4822 4851 4850
f 4823 4824 4852
f 4823 4852 4851
f 4824 4825 4853
f 4824 4853 4852
f 4825 4826 4854
f 4825 4854 4853
f 4826 4827 4855
f 4826 4855 4854
f 4827 4828 4856
f 4827 4856 4855
f 4828 4829 4857
f 4828 4857 4856
f 4829 4830 4858
f 4829 4858 4857
f 4830 4831 4859
f 4830 4859 4858
f 4831 4832 4860
f 4831 4860 4859
f 4832 4833 4861
f 4832 4861 4860
f 4833 4834 4862
f 4833 4862 4861
f 4834 4835 4863
f 4834 4863 4862
f 4835 4836 4864
f 4835 4864 4863
f 4837 4838 4866
f 4837 4866 4865
f 4838 4839 4867
f 4838 4867 4866
f 4839 4840 4868
f 4839 4868 4867
f 4840 4841 4869
f 4840 4869 4868
f 4841 4842 4870
f 4841 4870 4869
f 4842 4843 4871
f 4842 4871 4870
f 4843 4844 4872
f 4843 4872 4871
f 4844 4845 4873
f 4844 4873 4872
f 4845 4846 4874
f 4845 4874 4873
f 4846 4847 4875
f 4846 4875 4874
f 4847 4848 4876
f 4847 4876 4875
f 4848 4849 4877
f 4848 4877 4876
f 4849 4850 4878
f 4849 4878 4877
f 4850 4851 4879
f 4850 4879 4878
f 4851 4852 4880
f 4851 4880 4879
f 4852 4853 4881
f 4852 4881 4880
f 4853 4854 4882
f 4853 4882 4881
f 4854 4855 4883
f 4854 4883 4882
f 4855 4856 4884
f 4855 4884 4883
f 4856 4857 4885
f 4856 4885 4884
f 4857 4858 4886
f 4857 4886 4885
f 4858 4859 4887
f 4858 4887 4886
f 4859 4860 4888
f 4859 4888 4887
f 4860 4861 4889
f 4860 4889 4888
f 4861 4862 4890
f 4861 4890 4889
f 4862 4863 4891
f 4862 4891 4890
f 4863 4864 4892
f 4863 4892 4891
f 4865 4866 4894
f 4865 4894 4893
f 4866 4867 4895
f 4866 4895 4894
f 4867 4868 4896
f 4867 4896 4895
f 4868 4869 4897
f 4868 4897 4896
f 4869 4870 4898
f 4869 4898 4897
f 4870 4871 4899
f 4870 4899 4898
f 4871 4872 4900
f 4871 4900 4899
f 4872 4873 4901
f 4872 4901 4900
f 4873 4874 4902
f 4873 4902 4901
f 4874 4875 4903
f 4874 4903 4902
f 4875 4876 4904
f 4875 4904 4903
f 4876 4877 4905
f 4876 4905 4904
f 4877 4878 4906
f 4877 4906 4905
f 4878 4879 4907
f 4878 4907 4906
f 4879 4880 4908
f 4879 4908 4907
f 4880 4881 4909
f 4880 4909 4908
f 4881 4882 4910
f 4881 4910 4909
f 4882 4883 4911
f 4882 4911 4910
f 4883 4884 4912
f 4883 4912 4911
f 4884 4885 4913
f 4884 4913 4912
f 4885 4886 4914
f 4885 4914 4913
f 4886 4887 4915
f 4886 4915 4914
f 4887 4888 4916
f 4887 4916 4915
f 4888 4889 4917
f 4888 4917 4916
f 4889 4890 4918
f 4889 4918 4917
f 4890 4891 4919
f 4890 4919 4918
f 4891 4892 4920
f 4891 4920 4919
f 4893 4894 4922
f 4893 4922 4921
f 4894 4895 4923
f 4894 4923 4922
f 4895 4896 4924
f 4895 4924 4923
f 4896 4897 4925
f 4896 4925 4924
f 4897 4898 4926
f 4897 4926 4925
f 4898 4899 4927
f 4898 4927 4926
f 4899 4900 4928
f 4899 4928 4927
f 4900 4901 4929
f 4900 4929 4928
f 4901 4902 4930
f 4901 4930 4929
f 4902 4903 4931
f 4902 4931 4930
f 4903 4904 4932
f 4903 4932 4931
f 4904 4905 4933
f 4904 4933 4932
f 4905 4906 4934
f 4905 4934 4933
f 4906 4907 4935
f 4906 4935 4934
f 4907 4908 4936
f 4907 4936 4935
f 4908 4909 4937
f 4908 4937 4936
f 4909 4910 4938
f 4909 4938 4937
f 4910 4911 4939
f 4910 4939 4938
f 4911 4912 4940
f 4911 4940 4939
f 4912 4913 4941
f 4912 4941 4940
f 4913 4914 4942
f 4913 4942 4941
f 4914 4915 4943
f 4914 4943 4942
f 4915 4916 4944
f 4915 4944 4943
f 4916 4917 4945
f 4916 4945 4944
f 4917 4918 4946
f 4917 4946 4945
f 4918 4919 4947
f 4918 4947 4946
f 4919 4920 4948
f 4919 4948 4947
f 4921 4922 4950
f 4921 4950 4949
f 4922 4923 4951
f 4922 4951 4950
f 4923 4924 4952
f 4923 4952 4951
f 4924 4925 4953
f 4924 4953 4952
f 4925 4926 4954
f 4925 4954 4953
f 4926 4927 4955
f 4926 4955 4954
f 4927 4928 4956
f 4927 4956 4955
f 4928 4929 4957
f 4928 4957 4956
f 4929 4930 4958
f 4929 4958 4957
f 4930 4931 4959
f 4930 4959 4958
f 4931 4932 4960
f 4931 4960 4959
f 4932 4933 4961
f 4932 4961 4960
f 4933 4934 4962
f 4933 4962 4961
f 4934 4935 4963
f 4934 4963 4962
f 4935 4936 4964
f 4935 4964 4963
f 4936 4937 4965
f 4936 4965 4964
f 4937 4938 4966
f 4937 4966 4965
f 4938 4939 4967
f 4938 4967 4966
f 4939 4940 4968
f 4939 4968 4967
f 4940 4941 4969
f 4940 4969 4968
f 4941 4942 4970
f 4941 4970 4969
f 4942 4943 4971
f 4942 4971 4970
f 4943 4944 4972
f 4943 4972 4971
f 4944 4945 4973
f 4944 4973 4972
f 4945 4946 4974
f 4945 4974 4973
f 4946 4947 4975
f 4946 4975 4974
f 4947 4948 4976
f 4947 4976 4975
f 4949 4950 4978
f 4949 4978 4977
f 4950 4951 4979
f 4950 4979 4978
f 4951 4952 4980
f 4951 4980 4979
f 4952 4953 4981
f 4952 4981 4980
f 4953 4954 4982
f 4953 4982 4981
f 4954 4955 4983
f 4954 4983 4982
f 4955 4956 4984
f 4955 4984 4983
f 4956 4957 4985
f 4956 4985 4984
f 4957 4958 4986
f 4957 4986 4985
f 4958 4959 4987
f 4958 4987 4986
f 4959 4960 4988
f 4959 4988 4987
f 4960 4961 4989
f 4960 4989 4988
f 4961 4962 4990
f 4961 4990 4989
f 4962 4963 4991
f 4962 4991 4990
f 4963 4964 4992
f 4963 4992 4991
f 4964 4965 4993
f 4964 4993 4992
f 4965 4966 4994
f 4965 4994 4993
f 4966 4967 4995
f 4966 4995 4994
f 4967 4968 4996
f 4967 4996 4995
f 4968 4969 4997
f 4968 4997 4996
f 4969 4970 4998
f 4969 4998 4997
f 4970 4971 4999
f 4970 4999 4998
f 4971 4972 5000
f 4971 5000 4999
f 4972 4973 5001
f 4972 5001 5000
f 4973 4974 5002
f 4973 5002 5001
f 4974 4975 5003
f 4974 5003 5002
f 4975 4976 5004
f 4975 5004 5003
f 4977 4978 5006
f 4977 5006 5005
f 4978 4979 5007
f 4978 5007 5006
f 4979 4980 5008
f 4979 5008 5007
f 4980 4981 5009
f 4980 5009 5008
f 4981 4982 5010
f 4981 5010 5009
f 4982 4983 5011
f 4982 5011 5010
f 4983 4984 5012
f 4983 5012 5011
f 4984 4985 5013
f 4984 5013 5012
f 4985 4986 5014
f 4985 5014 5013
f 4986 4987 5015
f 4986 5015 5014
f 4987 4988 5016
f 4987 5016 5015
f 4988 4989 5017
f 4988 5017 5016
f 4989 4990 5018
f 4989 5018 5017
f 4990 4991 5019
f 4990 5019 5018
f 4991 4992 5020
f 4991 5020 5019
f 4992 4993 5021
f 4992 5021 5020
f 4993 4994 5022
f 4993 5022 5021
f 4994 4995 5023
f 4994 5023 5022
f 4995 4996 5024
f 4995 5024 5023
f 4996 4997 5025
f 4996 5025 5024
f 4997 4998 5026
f 4997 5026 5025
f 4998 4999 5027
f 4998 5027 5026
f 4999 5000 5028
f 4999 5028 5027
f 5000 5001 5029
f 5000 5029 5028
f 5001 5002 5030
f 5001 5030 5029
f 5002 5003 5031
f 5002 5031 5030
f 5003 5004 5032
f 5003 5032 5031
f 5005 5006 5034
f 5005 5034 5033
f 5006 5007 5035
f 5006 5035 5034
f 5007 5008 5036
f 5007 5036 5035
f 5008 5009 5037
f 5008 5037 5036
f 5009 5010 5038
f 5009 5038 5037
f 5010 5011 5039
f 5010 5039 5038
f 5011 5012 5040
f 5011 5040 5039
f 5012 5013 5041
f 5012 5041 5040
f 5013 5014 5042
f 5013 5042 5041
f 5014 5015 5043
f 5014 5043 5042
f 5015 5016 5044
f 5015 5044 5043
f 5016 5017 5045
f 5016 5045 5044
f 5017 5018 5046
f 5017 5046 5045
f 5018 5019 5047
f 5018 5047 5046
f 5019 5020 5048
f 5019 5048 5047
f 5020 5021 5049
f 5020 5049 5048
f 5021 5022 5050
f 5021 5050 5049
f 5022 5023 5051
f 5022 5051 5050
f 5023 5024 5052
f 5023 5052 5051
f 5024 5025 5053
f 5024 5053 5052
f 5025 5026 5054
f 5025 5054 5053
f 5026 5027 5055
f 5026 5055 5054
f 5027 5028 5056
f 5027 5056 5055
f 5028 5029 5057
f 5028 5057 5056
f 5029 5030 5058
f 5029 5058 5057
f 5030 5031 5059
f 5030 5059 5058
f 5031 5032 5060
f 5031 5060 5059
f 5033 5034 5062
f 5033 5062 5061
f 5034 5035 5063
f 5034 5063 5062
f 5035 5036 5064
f 5035 5064 5063
f 5036 5037 5065
f 5036 5065 5064
f 5037 5038 5066
f 5037 5066 5065
f 5038 5039 5067
f 5038 5067 5066
f 5039 5040 5068
f 5039 5068 5067
f 5040 5041 5069
f 5040 5069 5068
f 5041 5042 5070
f 5041 5070 5069
f 5042 5043 5071
f 5042 5071 5070
f 5043 5044 5072
f 5043 5072 5071
f 5044 5045 5073
f 5044 5073 5072
f 5045 5046 5074
f 5045 5074 5073
f 5046 5047 5075
f 5046 5075 5074
f 5047 5048 5076
f 5047 5076 5075
f 5048 5049 5077
f 5048 5077 5076
f 5049 5050 5078
f 5049 5078 5077
f 5050 5051 5079
f 5050 5079 5078
f 5051 5052 5080
f 5051 5080 5079
f 5052 5053 5081
f 5052 5081 5080
f 5053 5054 5082
f 5053 5082 5081
f 5054 5055 5083
f 5054 5083 5082
f 5055 5056 5084
f 5055 5084 5083
f 5056 5057 5085
f 5056 5085 5084
f 5057 5058 5086
f 5057 5086 5085
f 5058 5059 5087
f 5058 5087 5086
f 5059 5060 5088
f 5059 5088 5087
f 5061 5062 5090
f 5061 5090 5089
f 5062 5063 5091
f 5062 5091 5090
f 5063 5064 5092
f 5063 5092 5091
f 5064 5065 5093
f 5064 5093 5092
f 5065 5066 5094
f 5065 5094 5093
f 5066 5067 5095
f 5066 5095 5094
f 5067 5068 5096
f 5067 5096 5095
f 5068 5069 5097
f 5068 5097 5096
f 5069 5070 5098
f 5069 5098 5097
f 5070 5071 5099
f 5070 5099 5098
f 5071 5072 5100
f 5071 5100 5099
f 5072 5073 5101
f 5072 5101 5100
f 5073 5074 5102
f 5073 5102 5101
f 5074 5075 5103
f 5074 5103 5102
f 5075 5076 5104
f 5075 5104 5103
f 5076 5077 5105
f 5076 5105 5104
f 5077 5078 5106
f 5077 5106 5105
f 5078 5079 5107
f 5078 5107 5106
f 5079 5080 5108
f 5079 5108 5107
f 5080 5081 5109
f 5080 5109 5108
f 5081 5082 5110
f 5081 5110 5109
f 5082 5083 5111
f 5082 5111 5110
f 5083 5084 5112
f 5083 5112 5111
f 5084 5085 5113
f 5084 5113 5112
f 5085 5086 5114
f 5085 5114 5113
f 5086 5087 5115
f 5086 5115 5114
f 5087 5088 5116
f 5087 5116 5115
f 5089 5090 4278
f 5089 4278 4277
f 5090 5091 4279
f 5090 4279 4278
f 5091 5092 4280
f 5091 4280 4279
f 5092 5093 4281
f 5092 4281 4280
f 5093 5094 4282
f 5093 4282 4281
f 5094 5095 4283
f 5094 4283 4282
f 5095 5096 4284
f 5095 4284 4283
f 5096 5097 4285
f 5096 4285 4284
f 5097 5098 4286
f 5097 4286 4285
f 5098 5099 4287
f 5098 4287 4286
f 5099 5100 4288
f 5099 4288 4287
f 5100 5101 4289
f 5100 4289 4288
f 5101 5102 4290
f 5101 4290 4289
f 5102 5103 4291
f 5102 4291 4290
f 5103 5104 4292
f 5103 4292 4291
f 5104 5105 4293
f 5104 4293 4292
f 5105 5106 4294
f 5105 4294 4293
f 5106 5107 4295
f 5106 4295 4294
f 5107 5108 4296
f 5107 4296 4295
f 5108 5109 4297
f 5108 4297 4296
f 5109 5110 4298
f 5109 4298 4297
f 5110 5111 4299
f 5110 4299 4298
f 5111 5112 4300
f 5111 4300 4299
f 5112 5113 4301
f 5112 4301 4300
f 5113 5114 4302
f 5113 4302 4301
f 5114 5115 4303
f 5114 4303 4302
f 5115 5116 4304
f 5115 4304 4303
f 5119 5147 5117
f 5147 5175 5117
f 5175 5203 5117
f 5203 5231 5117
f 5231 5259 5117
f 5259 5287 5117
f 5287 5315 5117
f 5315 5343 5117
f 5343 5371 5117
f 5371 5399 5117
f 5399 5427 5117
f 5427 5455 5117
f 5455 5483 5117
f 5483 5511 5117
f 5511 5539 5117
f 5539 5567 5117
f 5567 5595 5117
f 5595 5623 5117
f 5623 5651 5117
f 5651 5679 5117
f 5679 5707 5117
f 5707 5735 5117
f 5735 5763 5117
f 5763 5791 5117
f 5791 5819 5117
f 5819 5847 5117
f 5847 5875 5117
f 5875 5903 5117
f 5903 5931 5117
f 5931 5119 5117
f 5146 5118 5174
f 5174 5118 5202
f 5202 5118 5230
f 5230 5118 5258
f 5258 5118 5286
f 5286 5118 5314
f 5314 5118 5342
f 5342 5118 5370
f 5370 5118 5398
f 5398 5118 5426
f 5426 5118 5454
f 5454 5118 5482
f 5482 5118 5510
f 5510 5118 5538
f 5538 5118 5566
f 5566 5118 5594
f 5594 5118 5622
f 5622 5118 5650
f 5650 5118 5678
f 5678 5118 5706
f 5706 5118 5734
f 5734 5118 5762
f 5762 5118 5790
f 5790 5118 5818
f 5818 5118 5846
f 5846 5118 5874
f 5874 5118 5902
f 5902 5118 5930
f 5930 5118 5958
f 5958 5118 5146
f 5119 5120 5148
f 5119 5148 5147
f 5120 5121 5149
f 5120 5149 5148
f 5121 5122 5150
f 5121 5150 5149
f 5122 5123 5151
f 5122 5151 5150
f 5123 5124 5152
f 5123 5152 5151
f 5124 5125 5153
f 5124 5153 5152
f 5125 5126 5154
f 5125 5154 5153
f 5126 5127 5155
f 5126 5155 5154
f 5127 5128 5156
f 5127 5156 5155
f 5128 5129 5157
f 5128 5157 5156
f 5129 5130 5158
f 5129 5158 5157
f 5130 5131 5159
f 5130 5159 5158
f 5131 5132 5160
f 5131 5160 5159
f 5132 5133 5161
f 5132 5161 5160
f 5133 5134 5162
f 5133 5162 5161
f 5134 5135 5163
f 5134 5163 5162
f 5135 5136 5164
f 5135 5164 5163
f 5136 5137 5165
f 5136 5165 5164
f 5137 5138 5166
f 5137 5166 5165
f 5138 5139 5167
f 5138 5167 5166
f 5139 5140 5168
f 5139 5168 5167
f 5140 5141 5169
f 5140 5169 5168
f 5141 5142 5170
f 5141 5170 5169
f 5142 5143 5171
f 5142 5171 5170
f 5143 5144 5172
f 5143 5172 5171
f 5144 5145 5173
f 5144 5173 5172
f 5145 5146 5174
f 5145 5174 5173
f 5147 5148 5176
f 5147 5176 5175
f 5148 5149 5177
f 5148 5177 5176
f 5149 5150 5178
f 5149 5178 5177
f 5150 5151 5179
f 5150 5179 5178
f 5151 5152 5180
f 5151 5180 5179
f 5152 5153 5181
f 5152 5181 5180
f 5153 5154 5182
f 5153 5182 5181
f 5154 5155 5183
f 5154 5183 5182
f 5155 5156 5184
f 5155 5184 5183
f 5156 5157 5185
f 5156 5185 5184
f 5157 5158 5186
f 5157 5186 5185
f 5158 5159 5187
f 5158 5187 5186
f 5159 5160 5188
f 5159 5188 5187
f 5160 5161 5189
f 5160 5189 5188
f 5161 5162 5190
f 5161 5190 5189
f 5162 5163 5191
f 5162 5191 5190
f 5163 5164 5192
f 5163 5192 5191
f 5164 5165 5193
f 5164 5193 5192
f 5165 5166 5194
f 5165 5194 5193
f 5166 5167 5195
f 5166 5195 5194
f 5167 5168 5196
f 5167 5196 5195
f 5168 5169 5197
f 5168 5197 5196
f 5169 5170 5198
f 5169 5198 5197
f 5170 5171 5199
f 5170 5199 5198
f 5171 5172 5200
f 5171 5200 5199
f 5172 5173 5201
f 5172 5201 5200
f 5173 5174 5202
f 5173 5202 5201
f 5175 5176 5204
f 5175 5204 5203
f 5176 5177 5205
f 5176 5205 5204
f 5177 5178 5206
f 5177 5206 5205
f 5178 5179 5207
f 5178 5207 5206
f 5179 5180 5208
f 5179 5208 5207
f 5180 5181 5209
f 5180 5209 5208
f 5181 5182 5210
f 5181 5210 5209
f 5182 5183 5211
f 5182 5211 5210
f 5183 5184 5212
f 5183 5212 5211
f 5184 5185 5213
f 5184 5213 5212
f 5185 5186 5214
f 5185 5214 5213
f 5186 5187 5215
f 5186 5215 5214
f 5187 5188 5216
f 5187 5216 5215
f 5188 5189 5217
f 5188 5217 5216
f 5189 5190 5218
f 5189 5218 5217
f 5190 5191 5219
f 5190 5219 5218
f 5191 5192 5220
f 5191 5220 5219
f 5192 5193 5221
f 5192 5221 5220
f 5193 5194 5222
f 5193 5222 5221
f 5194 5195 5223
f 5194 5223 5222
f 5195 5196 5224
f 5195 5224 5223
f 5196 5197 5225
f 5196 5225 5224
f 5197 5198 5226
f 5197 5226 5225
f 5198 5199 5227
f 5198 5227 5226
f 5199 5200 5228
f 5199 5228 5227
f 5200 5201 5229
f 5200 5229 5228
f 5201 5202 5230
f 5201 5230 5229
f 5203 5204 5232
f 5203 5232 5231
f 5204 5205 5233
f 5204 5233 5232
f 5205 5206 5234
f 5205 5234 5233
f 5206 5207 5235
f 5206 5235 5234
f 5207 5208 5236
f 5207 5236 5235
f 5208 5209 5237
f 5208 5237 5236
f 5209 5210 5238
f 5209 5238 5237
f 5210 5211 5239
f 5210 5239 5238
f 5211 5212 5240
f 5211 5240 5239
f 5212 5213 5241
f 5212 5241 5240
f 5213 5214 5242
f 5213 5242 5241
f 5214 5215 5243
f 5214 5243 5242
f 5215 5216 5244
f 5215 5244 5243
f 5216 5217 5245
f 5216 5245 5244
f 5217 5218 5246
f 5217 5246 5245
f 5218 5219 5247
f 5218 5247 5246
f 5219 5220 5248
f 5219 5248 5247
f 5220 5221 5249
f 5220 5249 5248
f 5221 5222 5250
f 5221 5250 5249
f 5222 5223 5251
f 5222 5251 5250
f 5223 5224 5252
f 5223 5252 5251
f 5224 5225 5253
f 5224 5253 5252
f 5225 5226 5254
f 5225 5254 5253
f 5226 5227 5255
f 5226 5255 5254
f 5227 5228 5256
f 5227 5256 5255
f 5228 5229 5257
f 5228 5257 5256
f 5229 5230 5258
f 5229 5258 5257
f 5231 5232 5260
f 5231 5260 5259
f 5232 5233 5261
f 5232 5261 5260
f 5233 5234 5262
f 5233 5262 5261
f 5234 5235 5263
f 5234 5263 5262
f 5235 5236 5264
f 5235 5264 5263
f 5236 5237 5265
f 5236 5265 5264
f 5237 5238 5266
f 5237 5266 5265
f 5238 5239 5267
f 5238 5267 5266
f 5239 5240 5268
f 5239 5268 5267
f 5240 5241 5269
f 5240 5269 5268
f 5241 5242 5270
f 5241 5270 5269
f 5242 5243 5271
f 5242 5271 5270
f 5243 5244 5272
f 5243 5272 5271
f 5244 5245 5273
f 5244 5273 5272
f 5245 5246 5274
f 5245 5274 5273
f 5246 5247 5275
f 5246 5275 5274
f 5247 5248 5276
f 5247 5276 5275
f 5248 5249 5277
f 5248 5277 5276
f 5249 5250 5278
f 5249 5278 5277
f 5250 5251 5279
f 5250 5279 5278
f 5251 5252 5280
f 5251 5280 5279
f 5252 5253 5281
f 5252 5281 5280
f 5253 5254 5282
f 5253 5282 5281
f 5254 5255 5283
f 5254 5283 5282
f 5255 5256 5284
f 5255 5284 5283
f 5256 5257 5285
f 5256 5285 5284
f 5257 5258 5286
f 5257 5286 5285
f 5259 5260 5288
f 5259 5288 5287
f 5260 5261 5289
f 5260 5289 5288
f 5261 5262 5290
f 5261 5290 5289
f 5262 5263 5291
f 5262 5291 5290
f 5263 5264 5292
f 5263 5292 5291
f 5264 5265 5293
f 5264 5293 5292
f 5265 5266 5294
f 5265 5294 5293
f 5266 5267 5295
f 5266 5295 5294
f 5267 5268 5296
f 5267 5296 5295
f 5268 5269 5297
f 5268 5297 5296
f 5269 5270 5298
f 5269 5298 5297
f 5270 5271 5299
f 5270 5299 5298
f 5271 5272 5300
f 5271 5300 5299
f 5272 5273 5301
f 5272 5301 5300
f 5273 5274 5302
f 5273 5302 5301
f 5274 5275 5303
f 5274 5303 5302
f 5275 5276 5304
f 5275 5304 5303
f 5276 5277 5305
f 5276 5305 5304
f 5277 5278 5306
f 5277 5306 5305
f 5278 5279 5307
f 5278 5307 5306
f 5279 5280 5308
f 5279 5308 5307
f 5280 5281 5309
f 5280 5309 5308
f 5281 5282 5310
f 5281 5310 5309
f 5282 5283 5311
f 5282 5311 5310
f 5283 5284 5312
f 5283 5312 5311
f 5284 5285 5313
f 5284 5313 5312
f 5285 5286 5314
f 5285 5314 5313
f 5287 5288 5316
f 5287 5316 5315
f 5288 5289 5317
f 5288 5317 5316
f 5289 5290 5318
f 5289 5318 5317
f 5290 5291 5319
f 5290 5319 5318
f 5291 5292 5320
f 5291 5320 5319
f 5292 5293 5321
f 5292 5321 5320
f 5293 5294 5322
f 5293 5322 5321
f 5294 5295 5323
f 5294 5323 5322
f 5295 5296 5324
f 5295 5324 5323
f 5296 5297 5325
f 5296 5325 5324
f 5297 5298 5326
f 5297 5326 5325
f 5298 5299 5327
f 5298 5327 5326
f 5299 5300 5328
f 5299 5328 5327
f 5300 5301 5329
f 5300 5329 5328
f 5301 5302 5330
f 5301 5330 5329
f 5302 5303 5331
f 5302 5331 5330
f 5303 5304 5332
f 5303 5332 5331
f 5304 5305 5333
f 5304 5333 5332
f 5305 5306 5334
f 5305 5334 5333
f 5306 5307 5335
f 5306 5335 5334
f 5307 5308 5336
f 5307 5336 5335
f 5308 5309 5337
f 5308 5337 5336
f 5309 5310 5338
f 5309 5338 5337
f 5310 5311 5339
f 5310 5339 5338
f 5311 5312 5340
f 5311 5340 5339
f 5312 5313 5341
f 5312 5341 5340
f 5313 5314 5342
f 5313 5342 5341
f 5315 5316 5344
f 5315 5344 5343
f 5316 5317 5345
f 5316 5345 5344
f 5317 5318 5346
f 5317 5346 5345
f 5318 5319 5347
f 5318 5347 5346
f 5319 5320 5348
f 5319 5348 5347
f 5320 5321 5349
f 5320 5349 5348
f 5321 5322 5350
f 5321 5350 5349
f 5322 5323 5351
f 5322 5351 5350
f 5323 5324 5352
f 5323 5352 5351
f 5324 5325 5353
f 5324 5353 5352
f 5325 5326 5354
f 5325 5354 5353
f 5326 5327 5355
f 5326 5355 5354
f 5327 5328 5356
f 5327 5356 5355
f 5328 5329 5357
f 5328 5357 5356
f 5329 5330 5358
f 5329 5358 5357
f 5330 5331 5359
f 5330 5359 5358
f 5331 5332 5360
f 5331 5360 5359
f 5332 5333 5361
f 5332 5361 5360
f 5333 5334 5362
f 5333 5362 5361
f 5334 5335 5363
f 5334 5363 5362
f 5335 5336 5364
f 5335 5364 5363
f 5336 5337 5365
f 5336 5365 5364
f 5337 5338 5366
f 5337 5366 5365
f 5338 5339 5367
f 5338 5367 5366
f 5339 5340 5368
f 5339 5368 5367
f 5340 5341 5369
f 5340 5369 5368
f 5341 5342 5370
f 5341 5370 5369
f 5343 5344 5372
f 5343 5372 5371
f 5344 5345 5373
f 5344 5373 5372
f 5345 5346 5374
f 5345 5374 5373
f 5346 5347 5375
f 5346 5375 5374
f 5347 5348 5376
f 5347 5376 5375
f 5348 5349 5377
f 5348 5377 5376
f 5349 5350 5378
f 5349 5378 5377
f 5350 5351 5379
f 5350 5379 5378
f 5351 5352 5380
f 5351 5380 5379
f 5352 5353 5381
f 5352 5381 5380
f 5353 5354 5382
f 5353 5382 5381
f 5354 5355 5383
f 5354 5383 5382
f 5355 5356 5384
f 5355 5384 5383
f 5356 5357 5385
f 5356 5385 5384
f 5357 5358 5386
f 5357 5386 5385
f 5358 5359 5387
f 5358 5387 5386
f 5359 5360 5388
f 5359 5388 5387
f 5360 5361 5389
f 5360 5389 5388
f 5361 5362 5390
f 5361 5390 5389
f 5362 5363 5391
f 5362 5391 5390
f 5363 5364 5392
f 5363 5392 5391
f 5364 5365 5393
f 5364 5393 5392
f 5365 5366 5394
f 5365 5394 5393
f 5366 5367 5395
f 5366 5395 5394
f 5367 5368 5396
f 5367 5396 5395
f 5368 5369 5397
f 5368 5397 5396
f 5369 5370 5398
f 5369 5398 5397
f 5371 5372 5400
f 5371 5400 5399
f 5372 5373 5401
f 5372 5401 5400
f 5373 5374 5402
f 5373 5402 5401
f 5374 5375 5403
f 5374 5403 5402
f 5375 5376 5404
f 5375 5404 5403
f 5376 5377 5405
f 5376 5405 5404
f 5377 5378 5406
f 5377 5406 5405
f 5378 5379 5407
f 5378 5407 5406
f 5379 5380 5408
f 5379 5408 5407
f 5380 5381 5409
f 5380 5409 5408
f 5381 5382 5410
f 5381 5410 5409
f 5382 5383 5411
f 5382 5411 5410
f 5383 5384 5412
f 5383 5412 5411
f 5384 5385 5413
f 5384 5413 5412
f 5385 5386 5414
f 5385 5414 5413
f 5386 5387 5415
f 5386 5415 5414
f 5387 5388 5416
f 5387 5416 5415
f 5388 5389 5417
f 5388 5417 5416
f 5389 5390 5418
f 5389 5418 5417
f 5390 5391 5419
f 5390 5419 5418
f 5391 5392 5420
f 5391 5420 5419
f 5392 5393 5421
f 5392 5421 5420
f 5393 5394 5422
f 5393 5422 5421
f 5394 5395 5423
f 5394 5423 5422
f 5395 5396 5424
f 5395 5424 5423
f 5396 5397 5425
f 5396 5425 5424
f 5397 5398 5426
f 5397 5426 5425
f 5399 5400 5428
f 5399 5428 5427
f 5400 5401 5429
f 5400 5429 5428
f 5401 5402 5430
f 5401 5430 5429
f 5402 5403 5431
f 5402 5431 5430
f 5403 5404 5432
f 5403 5432 5431
f 5404 5405 5433
f 5404 5433 5432
f 5405 5406 5434
f 5405 5434 5433
f 5406 5407 5435
f 5406 5435 5434
f 5407 5408 5436
f 5407 5436 5435
f 5408 5409 5437
f 5408 5437 5436
f 5409 5410 5438
f 5409 5438 5437
f 5410 5411 5439
f 5410 5439 5438
f 5411 5412 5440
f 5411 5440 5439
f 5412 5413 5441
f 5412 5441 5440
f 5413 5414 5442
f 5413 5442 5441
f 5414 5415 5443
f 5414 5443 5442
f 5415 5416 5444
f 5415 5444 5443
f 5416 5417 5445
f 5416 5445 5444
f 5417 5418 5446
f 5417 5446 5445
f 5418 5419 5447
f 5418 5447 5446
f 5419 5420 5448
f 5419 5448 5447
f 5420 5421 5449
f 5420 5449 5448
f 5421 5422 5450
f 5421 5450 5449
f 5422 5423 5451
f 5422 5451 5450
f 5423 5424 5452
f 5423 5452 5451
f 5424 5425 5453
f 5424 5453 5452
f 5425 5426 5454
f 5425 5454 5453
f 5427 5428 5456
f 5427 5456 5455
f 5428 5429 5457
f 5428 5457 5456
f 5429 5430 5458
f 5429 5458 5457
f 5430 5431 5459
f 5430 5459 5458
f 5431 5432 5460
f 5431 5460 5459
f 5432 5433 5461
f 5432 5461 5460
f 5433 5434 5462
f 5433 5462 5461
f 5434 5435 5463
f 5434 5463 5462
f 5435 5436 5464
f 5435 5464 5463
f 5436 5437 5465
f 5436 5465 5464
f 5437 5438 5466
f 5437 5466 5465
f 5438 5439 5467
f 5438 5467 5466
f 5439 5440 5468
f 5439 5468 5467
f 5440 5441 5469
f 5440 5469 5468
f 5441 5442 5470
f 5441 5470 5469
f 5442 5443 5471
f 5442 5471 5470
f 5443 5444 5472
f 5443 5472 5471
f 5444 5445 5473
f 5444 5473 5472
f 5445 5446 5474
f 5445 5474 5473
f 5446 5447 5475
f 5446 5475 5474
f 5447 5448 5476
f 5447 5476 5475
f 5448 5449 5477
f 5448 5477 5476
f 5449 5450 5478
f 5449 5478 5477
f 5450 5451 5479
f 5450 5479 5478
f 5451 5452 5480
f 5451 5480 5479
f 5452 5453 5481
f 5452 5481 5480
f 5453 5454 5482
f 5453 5482 5481
f 5455 5456 5484
f 5455 5484 5483
f 5456 5457 5485
f 5456 5485 5484
f 5457 5458 5486
f 5457 5486 5485
f 5458 5459 5487
f 5458 5487 5486
f 5459 5460 5488
f 5459 5488 5487
f 5460 5461 5489
f 5460 5489 5488
f 5461 5462 5490
f 5461 5490 5489
f 5462 5463 5491
f 5462 5491 5490
f 5463 5464 5492
f 5463 5492 5491
f 5464 5465 5493
f 5464 5493 5492
f 5465 5466 5494
f 5465 5494 5493
f 5466 5467 5495
f 5466 5495 5494
f 5467 5468 5496
f 5467 5496 5495
f 5468 5469 5497
f 5468 5497 5496
f 5469 5470 5498
f 5469 5498 5497
f 5470 5471 5499
f 5470 5499 5498
f 5471 5472 5500
f 5471 5500 5499
f 5472 5473 5501
f 5472 5501 5500
f 5473 5474 5502
f 5473 5502 5501
f 5474 5475 5503
f 5474 5503 5502
f 5475 5476 5504
f 5475 5504 5503
f 5476 5477 5505
f 5476 5505 5504
f 5477 5478 5506
f 5477 5506 5505
f 5478 5479 5507
f 5478 5507 5506
f 5479 5480 5508
f 5479 5508 5507
f 5480 5481 5509
f 5480 5509 5508
f 5481 5482 5510
f 5481 5510 5509
f 5483 5484 5512
f 5483 5512 5511
f 5484 5485 5513
f 5484 5513 5512
f 5485 5486 5514
f 5485 5514 5513
f 5486 5487 5515
f 5486 5515 5514
f 5487 5488 5516
f 5487 5516 5515
f 5488 5489 5517
f 5488 5517 5516
f 5489 5490 5518
f 5489 5518 5517
f 5490 5491 5519
f 5490 5519 5518
f 5491 5492 5520
f 5491 5520 5519
f 5492 5493 5521
f 5492 5521 5520
f 5493 5494 5522
f 5493 5522 5521
f 5494 5495 5523
f 5494 5523 5522
f 5495 5496 5524
f 5495 5524 5523
f 5496 5497 5525
f 5496 5525 5524
f 5497 5498 5526
f 5497 5526 5525
f 5498 5499 5527
f 5498 5527 5526
f 5499 5500 5528
f 5499 5528 5527
f 5500 5501 5529
f 5500 5529 5528
f 5501 5502 5530
f 5501 5530 5529
f 5502 5503 5531
f 5502 5531 5530
f 5503 5504 5532
f 5503 5532 5531
f 5504 5505 5533
f 5504 5533 5532
f 5505 5506 5534
f 5505 5534 5533
f 5506 5507 5535
f 5506 5535 5534
f 5507 5508 5536
f 5507 5536 5535
f 5508 5509 5537
f 5508 5537 5536
f 5509 5510 5538
f 5509 5538 5537
f 5511 5512 5540
f 5511 5540 5539
f 5512 5513 5541
f 5512 5541 5540
f 5513 5514 5542
f 5513 5542 5541
f 5514 5515 5543
f 5514 5543 5542
f 5515 5516 5544
f 5515 5544 5543
f 5516 5517 5545
f 5516 5545 5544
f 5517 5518 5546
f 5517 5546 5545
f 5518 5519 5547
f 5518 5547 5546
f 5519 5520 5548
f 5519 5548 5547
f 5520 5521 5549
f 5520 5549 5548
f 5521 5522 5550
f 5521 5550 5549
f 5522 5523 5551
f 5522 5551 5550
f 5523 5524 5552
f 5523 5552 5551
f 5524 5525 5553
f 5524 5553 5552
f 5525 5526 5554
f 5525 5554 5553
f 5526 5527 5555
f 5526 5555 5554
f 5527 5528 5556
f 5527 5556 5555
f 5528 5529 5557
f 5528 5557 5556
f 5529 5530 5558
f 5529 5558 5557
f 5530 5531 5559
f 5530 5559 5558
f 5531 5532 5560
f 5531 5560 5559
f 5532 5533 5561
f 5532 5561 5560
f 5533 5534 5562
f 5533 5562 5561
f 5534 5535 5563
f 5534 5563 5562
f 5535 5536 5564
f 5535 5564 5563
f 5536 5537 5565
f 5536 5565 5564
f 5537 5538 5566
f 5537 5566 5565
f 5539 5540 5568
f 5539 5568 5567
f 5540 5541 5569
f 5540 5569 5568
f 5541 5542 5570
f 5541 5570 5569
f 5542 5543 5571
f 5542 5571 5570
f 5543 5544 5572
f 5543 5572 5571
f 5544 5545 5573
f 5544 5573 5572
f 5545 5546 5574
f 5545 5574 5573
f 5546 5547 5575
f 5546 5575 5574
f 5547 5548 5576
f 5547 5576 5575
f 5548 5549 5577
f 5548 5577 5576
f 5549 5550 5578
f 5549 5578 5577
f 5550 5551 5579
f 5550 5579 5578
f 5551 5552 5580
f 5551 5580 5579
f 5552 5553 5581
f 5552 5581 5580
f 5553 5554 5582
f 5553 5582 5581
f 5554 5555 5583
f 5554 5583 5582
f 5555 5556 5584
f 5555 5584 5583
f 5556 5557 5585
f 5556 5585 5584
f 5557 5558 5586
f 5557 5586 5585
f 5558 5559 5587
f 5558 5587 5586
f 5559 5560 5588
f 5559 5588 5587
f 5560 5561 5589
f 5560 5589 5588
f 5561 5562 5590
f 5561 5590 5589
f 5562 5563 5591
f 5562 5591 5590
f 5563 5564 5592
f 5563 5592 5591
f 5564 5565 5593
f 5564 5593 5592
f 5565 5566 5594
f 5565 5594 5593
f 5567 5568 5596
f 5567 5596 5595
f 5568 5569 5597
f 5568 5597 5596
f 5569 5570 5598
f 5569 5598 5597
f 5570 5571 5599
f 5570 5599 5598
f 5571 5572 5600
f 5571 5600 5599
f 5572 5573 5601
f 5572 5601 5600
f 5573 5574 5602
f 5573 5602 5601
f 5574 5575 5603
f 5574 5603 5602
f 5575 5576 5604
f 5575 5604 5603
f 5576 5577 5605
f 5576 5605 5604
f 5577 5578 5606
f 5577 5606 5605
f 5578 5579 5607
f 5578 5607 5606
f 5579 5580 5608
f 5579 5608 5607
f 5580 5581 5609
f 5580 5609 5608
f 5581 5582 5610
f 5581 5610 5609
f 5582 5583 5611
f 5582 5611 5610
f 5583 5584 5612
f 5583 5612 5611
f 5584 5585 5613
f 5584 5613 5612
f 5585 5586 5614
f 5585 5614 5613
f 5586 5587 5615
f 5586 5615 5614
f 5587 5588 5616
f 5587 5616 5615
f 5588 5589 5617
f 5588 5617 5616
f 5589 5590 5618
f 5589 5618 5617
f 5590 5591 5619
f 5590 5619 5618
f 5591 5592 5620
f 5591 5620 5619
f 5592 5593 5621
f 5592 5621 5620
f 5593 5594 5622
f 5593 5622 5621
f 5595 5596 5624
f 5595 5624 5623
f 5596 5597 5625
f 5596 5625 5624
f 5597 5598 5626
f 5597 5626 5625
f 5598 5599 5627
f 5598 5627 5626
f 5599 5600 5628
f 5599 5628 5627
f 5600 5601 5629
f 5600 5629 5628
f 5601 5602 5630
f 5601 5630 5629
f 5602 5603 5631
f 5602 5631 5630
f 5603 5604 5632
f 5603 5632 5631
f 5604 5605 5633
f 5604 5633 5632
f 5605 5606 5634
f 5605 5634 5633
f 5606 5607 5635
f 5606 5635 5634
f 5607 5608 5636
f 5607 5636 5635
f 5608 5609 5637
f 5608 5637 5636
f 5609 5610 5638
f 5609 5638 5637
f 5610 5611 5639
f 5610 5639 5638
f 5611 5612 5640
f 5611 5640 5639
f 5612 5613 5641
f 5612 5641 5640
f 5613 5614 5642
f 5613 5642 5641
f 5614 5615 5643
f 5614 5643 5642
f 5615 5616 5644
f 5615 5644 5643
f 5616 5617 5645
f 5616 5645 5644
f 5617 5618 5646
f 5617 5646 5645
f 5618 5619 5647
f 5618 5647 5646
f 5619 5620 5648
f 5619 5648 5647
f 5620 5621 5649
f 5620 5649 5648
f 5621 5622 5650
f 5621 5650 5649
f 5623 5624 5652
f 5623 5652 5651
f 5624 5625 5653
f 5624 5653 5652
f 5625 5626 5654
f 5625 5654 5653
f 5626 5627 5655
f 5626 5655 5654
f 5627 5628 5656
f 5627 5656 5655
f 5628 5629 5657
f 5628 5657 5656
f 5629 5630 5658
f 5629 5658 5657
f 5630 5631 5659
f 5630 5659 5658
f 5631 5632 5660
f 5631 5660 5659
f 5632 5633 5661
f 5632 5661 5660
f 5633 5634 5662
f 5633 5662 5661
f 5634 5635 5663
f 5634 5663 5662
f 5635 5636 5664
f 5635 5664 5663
f 5636 5637 5665
f 5636 5665 5664
f 5637 5638 5666
f 5637 5666 5665
f 5638 5639 5667
f 5638 5667 5666
f 5639 5640 5668
f 5639 5668 5667
f 5640 5641 5669
f 5640 5669 5668
f 5641 5642 5670
f 5641 5670 5669
f 5642 5643 5671
f 5642 5671 5670
f 5643 5644 5672
f 5643 5672 5671
f 5644 5645 5673
f 5644 5673 5672
f 5645 5646 5674
f 5645 5674 5673
f 5646 5647 5675
f 5646 5675 5674
f 5647 5648 5676
f 5647 5676 5675
f 5648 5649 5677
f 5648 5677 5676
f 5649 5650 5678
f 5649 5678 5677
f 5651 5652 5680
f 5651 5680 5679
f 5652 5653 5681
f 5652 5681 5680
f 5653 5654 5682
f 5653 5682 5681
f 5654 5655 5683
f 5654 5683 5682
f 5655 5656 5684
f 5655 5684 5683
f 5656 5657 5685
f 5656 5685 5684
f 5657 5658 5686
f 5657 5686 5685
f 5658 5659 5687
f 5658 5687 5686
f 5659 5660 5688
f 5659 5688 5687
f 5660 5661 5689
f 5660 5689 5688
f 5661 5662 5690
f 5661 5690 5689
f 5662 5663 5691
f 5662 5691 5690
f 5663 5664 5692
f 5663 5692 5691
f 5664 5665 5693
f 5664 5693 5692
f 5665 5666 5694
f 5665 5694 5693
f 5666 5667 5695
f 5666 5695 5694
f 5667 5668 5696
f 5667 5696 5695
f 5668 5669 5697
f 5668 5697 5696
f 5669 5670 5698
f 5669 5698 5697
f 5670 5671 5699
f 5670 5699 5698
f 5671 5672 5700
f 5671 5700 5699
f 5672 5673 5701
f 5672 5701 5700
f 5673 5674 5702
f 5673 5702 5701
f 5674 5675 5703
f 5674 5703 5702
f 5675 5676 5704
f 5675 5704 5703
f 5676 5677 5705
f 5676 5705 5704
f 5677 5678 5706
f 5677 5706 5705
f 5679 5680 5708
f 5679 5708 5707
f 5680 5681 5709
f 5680 5709 5708
f 5681 5682 5710
f 5681 5710 5709
f 5682 5683 5711
f 5682 5711 5710
f 5683 5684 5712
f 5683 5712 5711
f 5684 5685 5713
f 5684 5713 5712
f 5685 5686 5714
f 5685 5714 5713
f 5686 5687 5715
f 5686 5715 5714
f 5687 5688 5716
f 5687 5716 5715
f 5688 5689 5717
f 5688 5717 5716
f 5689 5690 5718
f 5689 5718 5717
f 5690 5691 5719
f 5690 5719 5718
f 5691 5692 5720
f 5691 5720 5719
f 5692 5693 5721
f 5692 5721 5720
f 5693 5694 5722
f 5693 5722 5721
f 5694 5695 5723
f 5694 5723 5722
f 5695 5696 5724
f 5695 5724 5723
f 5696 5697 5725
f 5696 5725 5724
f 5697 5698 5726
f 5697 5726 5725
f 5698 5699 5727
f 5698 5727 5726
f 5699 5700 5728
f 5699 5728 5727
f 5700 5701 5729
f 5700 5729 5728
f 5701 5702 5730
f 5701 5730 5729
f 5702 5703 5731
f 5702 5731 5730
f 5703 5704 5732
f 5703 5732 5731
f 5704 5705 5733
f 5704 5733 5732
f 5705 5706 5734
f 5705 5734 5733
f 5707 5708 5736
f 5707 5736 5735
f 5708 5709 5737
f 5708 5737 5736
f 5709 5710 5738
f 5709 5738 5737
f 5710 5711 5739
f 5710 5739 5738
f 5711 5712 5740
f 5711 5740 5739
f 5712 5713 5741
f 5712 5741 5740
f 5713 5714 5742
f 5713 5742 5741
f 5714 5715 5743
f 5714 5743 5742
f 5715 5716 5744
f 5715 5744 5743
f 5716 5717 5745
f 5716 5745 5744
f 5717 5718 5746
f 5717 5746 5745
f 5718 5719 5747
f 5718 5747 5746
f 5719 5720 5748
f 5719 5748 5747
f 5720 5721 5749
f 5720 5749 5748
f 5721 5722 5750
f 5721 5750 5749
f 5722 5723 5751
f 5722 5751 5750
f 5723 5724 5752
f 5723 5752 5751
f 5724 5725 5753
f 5724 5753 5752
f 5725 5726 5754
f 5725 5754 5753
f 5726 5727 5755
f 5726 5755 5754
f 5727 5728 5756
f 5727 5756 5755
f 5728 5729 5757
f 5728 5757 5756
f 5729 5730 5758
f 5729 5758 5757
f 5730 5731 5759
f 5730 5759 5758
f 5731 5732 5760
f 5731 5760 5759
f 5732 5733 5761
f 5732 5761 5760
f 5733 5734 5762
f 5733 5762 5761
f 5735 5736 5764
f 5735 5764 5763
f 5736 5737 5765
f 5736 5765 5764
f 5737 5738 5766
f 5737 5766 5765
f 5738 5739 5767
f 5738 5767 5766
f 5739 5740 5768
f 5739 5768 5767
f 5740 5741 5769
f 5740 5769 5768
f 5741 5742 5770
f 5741 5770 5769
f 5742 5743 5771
f 5742 5771 5770
f 5743 5744 5772
f 5743 5772 5771
f 5744 5745 5773
f 5744 5773 5772
f 5745 5746 5774
f 5745 5774 5773
f 5746 5747 5775
f 5746 5775 5774
f 5747 5748 5776
f 5747 5776 5775
f 5748 5749 5777
f 5748 5777 5776
f 5749 5750 5778
f 5749 5778 5777
f 5750 5751 5779
f 5750 5779 5778
f 5751 5752 5780
f 5751 5780 5779
f 5752 5753 5781
f 5752 5781 5780
f 5753 5754 5782
f 5753 5782 5781
f 5754 5755 5783
f 5754 5783 5782
f 5755 5756 5784
f 5755 5784 5783
f 5756 5757 5785
f 5756 5785 5784
f 5757 5758 5786
f 5757 5786 5785
f 5758 5759 5787
f 5758 5787 5786
f 5759 5760 5788
f 5759 5788 5787
f 5760 5761 5789
f 5760 5789 5788
f 5761 5762 5790
f 5761 5790 5789
f 5763 5764 5792
f 5763 5792 5791
f 5764 5765 5793
f 5764 5793 5792
f 5765 5766 5794
f 5765 5794 5793
f 5766 5767 5795
f 5766 5795 5794
f 5767 5768 5796
f 5767 5796 5795
f 5768 5769 5797
f 5768 5797 5796
f 5769 5770 5798
f 5769 5798 5797
f 5770 5771 5799
f 5770 5799 5798
f 5771 5772 5800
f 5771 5800 5799
f 5772 5773 5801
f 5772 5801 5800
f 5773 5774 5802
f 5773 5802 5801
f 5774 5775 5803
f 5774 5803 5802
f 5775 5776 5804
f 5775 5804 5803
f 5776 5777 5805
f 5776 5805 5804
f 5777 5778 5806
f 5777 5806 5805
f 5778 5779 5807
f 5778 5807 5806
f 5779 5780 5808
f 5779 5808 5807
f 5780 5781 5809
f 5780 5809 5808
f 5781 5782 5810
f 5781 5810 5809
f 5782 5783 5811
f 5782 5811 5810
f 5783 5784 5812
f 5783 5812 5811
f 5784 5785 5813
f 5784 5813 5812
f 5785 5786 5814
f 5785 5814 5813
f 5786 5787 5815
f 5786 5815 5814
f 5787 5788 5816
f 5787 5816 5815
f 5788 5789 5817
f 5788 5817 5816
f 5789 5790 5818
f 5789 5818 5817
f 5791 5792 5820
f 5791 5820 5819
f 5792 5793 5821
f 5792 5821 5820
f 5793 5794 5822
f 5793 5822 5821
f 5794 5795 5823
f 5794 5823 5822
f 5795 5796 5824
f 5795 5824 5823
f 5796 5797 5825
f 5796 5825 5824
f 5797 5798 5826
f 5797 5826 5825
f 5798 5799 5827
f 5798 5827 5826
f 5799 5800 5828
f 5799 5828 5827
f 5800 5801 5829
f 5800 5829 5828
f 5801 5802 5830
f 5801 5830 5829
f 5802 5803 5831
f 5802 5831 5830
f 5803 5804 5832
f 5803 5832 5831
f 5804 5805 5833
f 5804 5833 5832
f 5805 5806 5834
f 5805 5834 5833
f 5806 5807 5835
f 5806 5835 5834
f 5807 5808 5836
f 5807 5836 5835
f 5808 5809 5837
f 5808 5837 5836
f 5809 5810 5838
f 5809 5838 5837
f 5810 5811 5839
f 5810 5839 5838
f 5811 5812 5840
f 5811 5840 5839
f 5812 5813 5841
f 5812 5841 5840
f 5813 5814 5842
f 5813 5842 5841
f 5814 5815 5843
f 5814 5843 5842
f 5815 5816 5844
f 5815 5844 5843
f 5816 5817 5845
f 5816 5845 5844
f 5817 5818 5846
f 5817 5846 5845
f 5819 5820 5848
f 5819 5848 5847
f 5820 5821 5849
f 5820 5849 5848
f 5821 5822 5850
f 5821 5850 5849
f 5822 5823 5851
f 5822 5851 5850
f 5823 5824 5852
f 5823 5852 5851
f 5824 5825 5853
f 5824 5853 5852
f 5825 5826 5854
f 5825 5854 5853
f 5826 5827 5855
f 5826 5855 5854
f 5827 5828 5856
f 5827 5856 5855
f 5828 5829 5857
f 5828 5857 5856
f 5829 5830 5858
f 5829 5858 5857
f 5830 5831 5859
f 5830 5859 5858
f 5831 5832 5860
f 5831 5860 5859
f 5832 5833 5861
f 5832 5861 5860
f 5833 5834 5862
f 5833 5862 5861
f 5834 5835 5863
f 5834 5863 5862
f 5835 5836 5864
f 5835 5864 5863
f 5836 5837 5865
f 5836 5865 5864
f 5837 5838 5866
f 5837 5866 5865
f 5838 5839 5867
f 5838 5867 5866
f 5839 5840 5868
f 5839 5868 5867
f 5840 5841 5869
f 5840 5869 5868
f 5841 5842 5870
f 5841 5870 5869
f 5842 5843 5871
f 5842 5871 5870
f 5843 5844 5872
f 5843 5872 5871
f 5844 5845 5873
f 5844 5873 5872
f 5845 5846 5874
f 5845 5874 5873
f 5847 5848 5876
f 5847 5876 5875
f 5848 5849 5877
f 5848 5877 5876
f 5849 5850 5878
f 5849 5878 5877
f 5850 5851 5879
f 5850 5879 5878
f 5851 5852 5880
f 5851 5880 5879
f 5852 5853 5881
f 5852 5881 5880
f 5853 5854 5882
f 5853 5882 5881
f 5854 5855 5883
f 5854 5883 5882
f 5855 5856 5884
f 5855 5884 5883
f 5856 5857 5885
f 5856 5885 5884
f 5857 5858 5886
f 5857 5886 5885
f 5858 5859 5887
f 5858 5887 5886
f 5859 5860 5888
f 5859 5888 5887
f 5860 5861 5889
f 5860 5889 5888
f 5861 5862 5890
f 5861 5890 5889
f 5862 5863 5891
f 5862 5891 5890
f 5863 5864 5892
f 5863 5892 5891
f 5864 5865 5893
f 5864 5893 5892
f 5865 5866 5894
f 5865 5894 5893
f 5866 5867 5895
f 5866 5895 5894
f 5867 5868 5896
f 5867 5896 5895
f 5868 5869 5897
f 5868 5897 5896
f 5869 5870 5898
f 5869 5898 5897
f 5870 5871 5899
f 5870 5899 5898
f 5871 5872 5900
f 5871 5900 5899
f 5872 5873 5901
f 5872 5901 5900
f 5873 5874 5902
f 5873 5902 5901
f 5875 5876 5904
f 5875 5904 5903
f 5876 5877 5905
f 5876 5905 5904
f 5877 5878 5906
f 5877 5906 5905
f 5878 5879 5907
f 5878 5907 5906
f 5879 5880 5908
f 5879 5908 5907
f 5880 5881 5909
f 5880 5909 5908
f 5881 5882 5910
f 5881 5910 5909
f 5882 5883 5911
f 5882 5911 5910
f 5883 5884 5912
f 5883 5912 5911
f 5884 5885 5913
f 5884 5913 5912
f 5885 5886 5914
f 5885 5914 5913
f 5886 5887 5915
f 5886 5915 5914
f 5887 5888 5916
f 5887 5916 5915
f 5888 5889 5917
f 5888 5917 5916
f 5889 5890 5918
f 5889 5918 5917
f 5890 5891 5919
f 5890 5919 5918
f 5891 5892 5920
f 5891 5920 5919
f 5892 5893 5921
f 5892 5921 5920
f 5893 5894 5922
f 5893 5922 5921
f 5894 5895 5923
f 5894 5923 5922
f 5895 5896 5924
f 5895 5924 5923
f 5896 5897 5925
f 5896 5925 5924
f 5897 5898 5926
f 5897 5926 5925
f 5898 5899 5927
f 5898 5927 5926
f 5899 5900 5928
f 5899 5928 5927
f 5900 5901 5929
f 5900 5929 5928
f 5901 5902 5930
f 5901 5930 5929
f 5903 5904 5932
f 5903 5932 5931
f 5904 5905 5933
f 5904 5933 5932
f 5905 5906 5934
f 5905 5934 5933
f 5906 5907 5935
f 5906 5935 5934
f 5907 5908 5936
f 5907 5936 5935
f 5908 5909 5937
f 5908 5937 5936
f 5909 5910 5938
f 5909 5938 5937
f 5910 5911 5939
f 5910 5939 5938
f 5911 5912 5940
f 5911 5940 5939
f 5912 5913 5941
f 5912 5941 5940
f 5913 5914 5942
f 5913 5942 5941
f 5914 5915 5943
f 5914 5943 5942
f 5915 5916 5944
f 5915 5944 5943
f 5916 5917 5945
f 5916 5945 5944
f 5917 5918 5946
f 5917 5946 5945
f 5918 5919 5947
f 5918 5947 5946
f 5919 5920 5948
f 5919 5948 5947
f 5920 5921 5949
f 5920 5949 5948
f 5921 5922 5950
f 5921 5950 5949
f 5922 5923 5951
f 5922 5951 5950
f 5923 5924 5952
f 5923 5952 5951
f 5924 5925 5953
f 5924 5953 5952
f 5925 5926 5954
f 5925 5954 5953
f 5926 5927 5955
f 5926 5955 5954
f 5927 5928 5956
f 5927 5956 5955
f 5928 5929 5957
f 5928 5957 5956
f 5929 5930 5958
f 5929 5958 5957
f 5931 5932 5120
f 5931 5120 5119
f 5932 5933 5121
f 5932 5121 5120
f 5933 5934 5122
f 5933 5122 5121
f 5934 5935 5123
f 5934 5123 5122
f 5935 5936 5124
f 5935 5124 5123
f 5936 5937 5125
f 5936 5125 5124
f 5937 5938 5126
f 5937 5126 5125
f 5938 5939 5127
f 5938 5127 5126
f 5939 5940 5128
f 5939 5128 5127
f 5940 5941 5129
f 5940 5129 5128
f 5941 5942 5130
f 5941 5130 5129
f 5942 5943 5131
f 5942 5131 5130
f 5943 5944 5132
f 5943 5132 5131
f 5944 5945 5133
f 5944 5133 5132
f 5945 5946 5134
f 5945 5134 5133
f 5946 5947 5135
f 5946 5135 5134
f 5947 5948 5136
f 5947 5136 5135
f 5948 5949 5137
f 5948 5137 5136
f 5949 5950 5138
f 5949 5138 5137
f 5950 5951 5139
f 5950 5139 5138
f 5951 5952 5140
f 5951 5140 5139
f 5952 5953 5141
f 5952 5141 5140
f 5953 5954 5142
f 5953 5142 5141
f 5954 5955 5143
f 5954 5143 5142
f 5955 5956 5144
f 5955 5144 5143
f 5956 5957 5145
f 5956 5145 5144
f 5957 5958 5146
f 5957 5146 5145
f 5961 5989 5959
f 5989 6017 5959
f 6017 6045 5959
f 6045 6073 5959
f 6073 6101 5959
f 6101 6129 5959
f 6129 6157 5959
f 6157 6185 5959
f 6185 6213 5959
f 6213 6241 5959
f 6241 6269 5959
f 6269 6297 5959
f 6297 6325 5959
f 6325 6353 5959
f 6353 6381 5959
f 6381 6409 5959
f 6409 6437 5959
f 6437 6465 5959
f 6465 6493 5959
f 6493 6521 5959
f 6521 6549 5959
f 6549 6577 5959
f 6577 6605 5959
f 6605 6633 5959
f 6633 6661 5959
f 6661 6689 5959
f 6689 6717 5959
f 6717 6745 5959
f 6745 6773 5959
f 6773 5961 5959
f 5988 5960 6016
f 6016 5960 6044
f 6044 5960 6072
f 6072 5960 6100
f 6100 5960 6128
f 6128 5960 6156
f 6156 5960 6184
f 6184 5960 6212
f 6212 5960 6240
f 6240 5960 6268
f 6268 5960 6296
f 6296 5960 6324
f 6324 5960 6352
f 6352 5960 6380
f 6380 5960 6408
f 6408 5960 6436
f 6436 5960 6464
f 6464 5960 6492
f 6492 5960 6520
f 6520 5960 6548
f 6548 5960 6576
f 6576 5960 6604
f 6604 5960 6632
f 6632 5960 6660
f 6660 5960 6688
f 6688 5960 6716
f 6716 5960 6744
f 6744 5960 6772
f 6772 5960 6800
f 6800 5960 5988
f 5961 5962 5990
f 5961 5990 5989
f 5962 5963 5991
f 5962 5991 5990
f 5963 5964 5992
f 5963 5992 5991
f 5964 5965 5993
f 5964 5993 5992
f 5965 5966 5994
f 5965 5994 5993
f 5966 5967 5995
f 5966 5995 5994
f 5967 5968 5996
f 5967 5996 5995
f 5968 5969 5997
f 5968 5997 5996
f 5969 5970 5998
f 5969 5998 5997
f 5970 5971 5999
f 5970 5999 5998
f 5971 5972 6000
f 5971 6000 5999
f 5972 5973 6001
f 5972 6001 6000
f 5973 5974 6002
f 5973 6002 6001
f 5974 5975 6003
f 5974 6003 6002
f 5975 5976 6004
f 5975 6004 6003
f 5976 5977 6005
f 5976 6005 6004
f 5977 5978 6006
f 5977 6006 6005
f 5978 5979 6007
f 5978 6007 6006
f 5979 5980 6008
f 5979 6008 6007
f 5980 5981 6009
f 5980 6009 6008
f 5981 5982 6010
f 5981 6010 6009
f 5982 5983 6011
f 5982 6011 6010
f 5983 5984 6012
f 5983 6012 6011
f 5984 5985 6013
f 5984 6013 6012
f 5985 5986 6014
f 5985 6014 6013
f 5986 5987 6015
f 5986 6015 6014
f 5987 5988 6016
f 5987 6016 6015
f 5989 5990 6018
f 5989 6018 6017
f 5990 5991 6019
f 5990 6019 6018
f 5991 5992 6020
f 5991 6020 6019
f 5992 5993 6021
f 5992 6021 6020
f 5993 5994 6022
f 5993 6022 6021
f 5994 5995 6023
f 5994 6023 6022
f 5995 5996 6024
f 5995 6024 6023
f 5996 5997 6025
f 5996 6025 6024
f 5997 5998 6026
f 5997 6026 6025
f 5998 5999 6027
f 5998 6027 6026
f 5999 6000 6028
f 5999 6028 6027
f 6000 6001 6029
f 6000 6029 6028
f 6001 6002 6030
f 6001 6030 6029
f 6002 6003 6031
f 6002 6031 6030
f 6003 6004 6032
f 6003 6032 6031
f 6004 6005 6033
f 6004 6033 6032
f 6005 6006 6034
f 6005 6034 6033
f 6006 6007 6035
f 6006 6035 6034
f 6007 6008 6036
f 6007 6036 6035
f 6008 6009 6037
f 6008 6037 6036
f 6009 6010 6038
f 6009 6038 6037
f 6010 6011 6039
f 6010 6039 6038
f 6011 6012 6040
f 6011 6040 6039
f 6012 6013 6041
f 6012 6041 6040
f 6013 6014 6042
f 6013 6042 6041
f 6014 6015 6043
f 6014 6043 6042
f 6015 6016 6044
f 6015 6044 6043
f 6017 6018 6046
f 6017 6046 6045
f 6018 6019 6047
f 6018 6047 6046
f 6019 6020 6048
f 6019 6048 6047
f 6020 6021 6049
f 6020 6049 6048
f 6021 6022 6050
f 6021 6050 6049
f 6022 6023 6051
f 6022 6051 6050
f 6023 6024 6052
f 6023 6052 6051
f 6024 6025 6053
f 6024 6053 6052
f 6025 6026 6054
f 6025 6054 6053
f 6026 6027 6055
f 6026 6055 6054
f 6027 6028 6056
f 6027 6056 6055
f 6028 6029 6057
f 6028 6057 6056
f 6029 6030 6058
f 6029 6058 6057
f 6030 6031 6059
f 6030 6059 6058
f 6031 6032 6060
f 6031 6060 6059
f 6032 6033 6061
f 6032 6061 6060
f 6033 6034 6062
f 6033 6062 6061
f 6034 6035 6063
f 6034 6063 6062
f 6035 6036 6064
f 6035 6064 6063
f 6036 6037 6065
f 6036 6065 6064
f 6037 6038 6066
f 6037 6066 6065
f 6038 6039 6067
f 6038 6067 6066
f 6039 6040 6068
f 6039 6068 6067
f 6040 6041 6069
f 6040 6069 6068
f 6041 6042 6070
f 6041 6070 6069
f 6042 6043 6071
f 6042 6071 6070
f 6043 6044 6072
f 6043 6072 6071
f 6045 6046 6074
f 6045 6074 6073
f 6046 6047 6075
f 6046 6075 6074
f 6047 6048 6076
f 6047 6076 6075
f 6048 6049 6077
f 6048 6077 6076
f 6049 6050 6078
f 6049 6078 6077
f 6050 6051 6079
f 6050 6079 6078
f 6051 6052 6080
f 6051 6080 6079
f 6052 6053 6081
f 6052 6081 6080
f 6053 6054 6082
f 6053 6082 6081
f 6054 6055 6083
f 6054 6083 6082
f 6055 6056 6084
f 6055 6084 6083
f 6056 6057 6085
f 6056 6085 6084
f 6057 6058 6086
f 6057 6086 6085
f 6058 6059 6087
f 6058 6087 6086
f 6059 6060 6088
f 6059 6088 6087
f 6060 6061 6089
f 6060 6089 6088
f 6061 6062 6090
f 6061 6090 6089
f 6062 6063 6091
f 6062 6091 6090
f 6063 6064 6092
f 6063 6092 6091
f 6064 6065 6093
f 6064 6093 6092
f 6065 6066 6094
f 6065 6094 6093
f 6066 6067 6095
f 6066 6095 6094
f 6067 6068 6096
f 6067 6096 6095
f 6068 6069 6097
f 6068 6097 6096
f 6069 6070 6098
f 6069 6098 6097
f 6070 6071 6099
f 6070 6099 6098
f 6071 6072 6100
f 6071 6100 6099
f 6073 6074 6102
f 6073 6102 6101
f 6074 6075 6103
f 6074 6103 6102
f 6075 6076 6104
f 6075 6104 6103
f 6076 6077 6105
f 6076 6105 6104
f 6077 6078 6106
f 6077 6106 6105
f 6078 6079 6107
f 6078 6107 6106
f 6079 6080 6108
f 6079 6108 6107
f 6080 6081 6109
f 6080 6109 6108
f 6081 6082 6110
f 6081 6110 6109
f 6082 6083 6111
f 6082 6111 6110
f 6083 6084 6112
f 6083 6112 6111
f 6084 6085 6113
f 6084 6113 6112
f 6085 6086 6114
f 6085 6114 6113
f 6086 6087 6115
f 6086 6115 6114
f 6087 6088 6116
f 6087 6116 6115
f 6088 6089 6117
f 6088 6117 6116
f 6089 6090 6118
f 6089 6118 6117
f 6090 6091 6119
f 6090 6119 6118
f 6091 6092 6120
f 6091 6120 6119
f 6092 6093 6121
f 6092 6121 6120
f 6093 6094 6122
f 6093 6122 6121
f 6094 6095 6123
f 6094 6123 6122
f 6095 6096 6124
f 6095 6124 6123
f 6096 6097 6125
f 6096 6125 6124
f 6097 6098 6126
f 6097 6126 6125
f 6098 6099 6127
f 6098 6127 6126
f 6099 6100 6128
f 6099 6128 6127
f 6101 6102 6130
f 6101 6130 6129
f 6102 6103 6131
f 6102 6131 6130
f 6103 6104 6132
f 6103 6132 6131
f 6104 6105 6133
f 6104 6133 6132
f 6105 6106 6134
f 6105 6134 6133
f 6106 6107 6135
f 6106 6135 6134
f 6107 6108 6136
f 6107 6136 6135
f 6108 6109 6137
f 6108 6137 6136
f 6109 6110 6138
f 6109 6138 6137
f 6110 6111 6139
f 6110 6139 6138
f 6111 6112 6140
f 6111 6140 6139
f 6112 6113 6141
f 6112 6141 6140
f 6113 6114 6142
f 6113 6142 6141
f 6114 6115 6143
f 6114 6143 6142
f 6115 6116 6144
f 6115 6144 6143
f 6116 6117 6145
f 6116 6145 6144
f 6117 6118 6146
f 6117 6146 6145
f 6118 6119 6147
f 6118 6147 6146
f 6119 6120 6148
f 6119 6148 6147
f 6120 6121 6149
f 6120 6149 6148
f 6121 6122 6150
f 6121 6150 6149
f 6122 6123 6151
f 6122 6151 6150
f 6123 6124 6152
f 6123 6152 6151
f 6124 6125 6153
f 6124 6153 6152
f 6125 6126 6154
f 6125 6154 6153
f 6126 6127 6155
f 6126 6155 6154
f 6127 6128 6156
f 6127 6156 6155
f 6129 6130 6158
f 6129 6158 6157
f 6130 6131 6159
f 6130 6159 6158
f 6131 6132 6160
f 6131 6160 6159
f 6132 6133 6161
f 6132 6161 6160
f 6133 6134 6162
f 6133 6162 6161
f 6134 6135 6163
f 6134 6163 6162
f 6135 6136 6164
f 6135 6164 6163
f 6136 6137 6165
f 6136 6165 6164
f 6137 6138 6166
f 6137 6166 6165
f 6138 6139 6167
f 6138 6167 6166
f 6139 6140 6168
f 6139 6168 6167
f 6140 6141 6169
f 6140 6169 6168
f 6141 6142 6170
f 6141 6170 6169
f 6142 6143 6171
f 6142 6171 6170
f 6143 6144 6172
f 6143 6172 6171
f 6144 6145 6173
f 6144 6173 6172
f 6145 6146 6174
f 6145 6174 6173
f 6146 6147 6175
f 6146 6175 6174
f 6147 6148 6176
f 6147 6176 6175
f 6148 6149 6177
f 6148 6177 6176
f 6149 6150 6178
f 6149 6178 6177
f 6150 6151 6179
f 6150 6179 6178
f 6151 6152 6180
f 6151 6180 6179
f 6152 6153 6181
f 6152 6181 6180
f 6153 6154 6182
f 6153 6182 6181
f 6154 6155 6183
f 6154 6183 6182
f 6155 6156 6184
f 6155 6184 6183
f 6157 6158 6186
f 6157 6186 6185
f 6158 6159 6187
f 6158 6187 6186
f 6159 6160 6188
f 6159 6188 6187
f 6160 6161 6189
f 6160 6189 6188
f 6161 6162 6190
f 6161 6190 6189
f 6162 6163 6191
f 6162 6191 6190
f 6163 6164 6192
f 6163 6192 6191
f 6164 6165 6193
f 6164 6193 6192
f 6165 6166 6194
f 6165 6194 6193
f 6166 6167 6195
f 6166 6195 6194
f 6167 6168 6196
f 6167 6196 6195
f 6168 6169 6197
f 6168 6197 6196
f 6169 6170 6198
f 6169 6198 6197
f 6170 6171 6199
f 6170 6199 6198
f 6171 6172 6200
f 6171 6200 6199
f 6172 6173 6201
f 6172 6201 6200
f 6173 6174 6202
f 6173 6202 6201
f 6174 6175 6203
f 6174 6203 6202
f 6175 6176 6204
f 6175 6204 6203
f 6176 6177 6205
f 6176 6205 6204
f 6177 6178 6206
f 6177 6206 6205
f 6178 6179 6207
f 6178 6207 6206
f 6179 6180 6208
f 6179 6208 6207
f 6180 6181 6209
f 6180 6209 6208
f 6181 6182 6210
f 6181 6210 6209
f 6182 6183 6211
f 6182 6211 6210
f 6183 6184 6212
f 6183 6212 6211
f 6185 6186 6214
f 6185 6214 6213
f 6186 6187 6215
f 6186 6215 6214
f 6187 6188 6216
f 6187 6216 6215
f 6188 6189 6217
f 6188 6217 6216
f 6189 6190 6218
f 6189 6218 6217
f 6190 6191 6219
f 6190 6219 6218
f 6191 6192 6220
f 6191 6220 6219
f 6192 6193 6221
f 6192 6221 6220
f 6193 6194 6222
f 6193 6222 6221
f 6194 6195 6223
f 6194 6223 6222
f 6195 6196 6224
f 6195 6224 6223
f 6196 6197 6225
f 6196 6225 6224
f 6197 6198 6226
f 6197 6226 6225
f 6198 6199 6227
f 6198 6227 6226
f 6199 6200 6228
f 6199 6228 6227
f 6200 6201 6229
f 6200 6229 6228
f 6201 6202 6230
f 6201 6230 6229
f 6202 6203 6231
f 6202 6231 6230
f 6203 6204 6232
f 6203 6232 6231
f 6204 6205 6233
f 6204 6233 6232
f 6205 6206 6234
f 6205 6234 6233
f 6206 6207 6235
f 6206 6235 6234
f 6207 6208 6236
f 6207 6236 6235
f 6208 6209 6237
f 6208 6237 6236
f 6209 6210 6238
f 6209 6238 6237
f 6210 6211 6239
f 6210 6239 6238
f 6211 6212 6240
f 6211 6240 6239
f 6213 6214 6242
f 6213 6242 6241
f 6214 6215 6243
f 6214 6243 6242
f 6215 6216 6244
f 6215 6244 6243
f 6216 6217 6245
f 6216 6245 6244
f 6217 6218 6246
f 6217 6246 6245
f 6218 6219 6247
f 6218 6247 6246
f 6219 6220 6248
f 6219 6248 6247
f 6220 6221 6249
f 6220 6249 6248
f 6221 6222 6250
f 6221 6250 6249
f 6222 6223 6251
f 6222 6251 6250
f 6223 6224 6252
f 6223 6252 6251
f 6224 6225 6253
f 6224 6253 6252
f 6225 6226 6254
f 6225 6254 6253
f 6226 6227 6255
f 6226 6255 6254
f 6227 6228 6256
f 6227 6256 6255
f 6228 6229 6257
f 6228 6257 6256
f 6229 6230 6258
f 6229 6258 6257
f 6230 6231 6259
f 6230 6259 6258
f 6231 6232 6260
f 6231 6260 6259
f 6232 6233 6261
f 6232 6261 6260
f 6233 6234 6262
f 6233 6262 6261
f 6234 6235 6263
f 6234 6263 6262
f 6235 6236 6264
f 6235 6264 6263
f 6236 6237 6265
f 6236 6265 6264
f 6237 6238 6266
f 6237 6266 6265
f 6238 6239 6267
f 6238 6267 6266
f 6239 6240 6268
f 6239 6268 6267
f 6241 6242 6270
f 6241 6270 6269
f 6242 6243 6271
f 6242 6271 6270
f 6243 6244 6272
f 6243 6272 6271
f 6244 6245 6273
f 6244 6273 6272
f 6245 6246 6274
f 6245 6274 6273
f 6246 6247 6275
f 6246 6275 6274
f 6247 6248 6276
f 6247 6276 6275
f 6248 6249 6277
f 6248 6277 6276
f 6249 6250 6278
f 6249 6278 6277
f 6250 6251 6279
f 6250 6279 6278
f 6251 6252 6280
f 6251 6280 6279
f 6252 6253 6281
f 6252 6281 6280
f 6253 6254 6282
f 6253 6282 6281
f 6254 6255 6283
f 6254 6283 6282
f 6255 6256 6284
f 6255 6284 6283
f 6256 6257 6285
f 6256 6285 6284
f 6257 6258 6286
f 6257 6286 6285
f 6258 6259 6287
f 6258 6287 6286
f 6259 6260 6288
f 6259 6288 6287
f 6260 6261 6289
f 6260 6289 6288
f 6261 6262 6290
f 6261 6290 6289
f 6262 6263 6291
f 6262 6291 6290
f 6263 6264 6292
f 6263 6292 6291
f 6264 6265 6293
f 6264 6293 6292
f 6265 6266 6294
f 6265 6294 6293
f 6266 6267 6295
f 6266 6295 6294
f 6267 6268 6296
f 6267 6296 6295
f 6269 6270 6298
f 6269 6298 6297
f 6270 6271 6299
f 6270 6299 6298
f 6271 6272 6300
f 6271 6300 6299
f 6272 6273 6301
f 6272 6301 6300
f 6273 6274 6302
f 6273 6302 6301
f 6274 6275 6303
f 6274 6303 6302
f 6275 6276 6304
f 6275 6304 6303
f 6276 6277 6305
f 6276 6305 6304
f 6277 6278 6306
f 6277 6306 6305
f 6278 6279 6307
f 6278 6307 6306
f 6279 6280 6308
f 6279 6308 6307
f 6280 6281 6309
f 6280 6309 6308
f 6281 6282 6310
f 6281 6310 6309
f 6282 6283 6311
f 6282 6311 6310
f 6283 6284 6312
f 6283 6312 6311
f 6284 6285 6313
f 6284 6313 6312
f 6285 6286 6314
f 6285 6314 6313
f 6286 6287 6315
f 6286 6315 6314
f 6287 6288 6316
f 6287 6316 6315
f 6288 6289 6317
f 6288 6317 6316
f 6289 6290 6318
f 6289 6318 6317
f 6290 6291 6319
f 6290 6319 6318
f 6291 6292 6320
f 6291 6320 6319
f 6292 6293 6321
f 6292 6321 6320
f 6293 6294 6322
f 6293 6322 6321
f 6294 6295 6323
f 6294 6323 6322
f 6295 6296 6324
f 6295 6324 6323
f 6297 6298 6326
f 6297 6326 6325
f 6298 6299 6327
f 6298 6327 6326
f 6299 6300 6328
f 6299 6328 6327
f 6300 6301 6329
f 6300 6329 6328
f 6301 6302 6330
f 6301 6330 6329
f 6302 6303 6331
f 6302 6331 6330
f 6303 6304 6332
f 6303 6332 6331
f 6304 6305 6333
f 6304 6333 6332
f 6305 6306 6334
f 6305 6334 6333
f 6306 6307 6335
f 6306 6335 6334
f 6307 6308 6336
f 6307 6336 6335
f 6308 6309 6337
f 6308 6337 6336
f 6309 6310 6338
f 6309 6338 6337
f 6310 6311 6339
f 6310 6339 6338
f 6311 6312 6340
f 6311 6340 6339
f 6312 6313 6341
f 6312 6341 6340
f 6313 6314 6342
f 6313 6342 6341
f 6314 6315 6343
f 6314 6343 6342
f 6315 6316 6344
f 6315 6344 6343
f 6316 6317 6345
f 6316 6345 6344
f 6317 6318 6346
f 6317 6346 6345
f 6318 6319 6347
f 6318 6347 6346
f 6319 6320 6348
f 6319 6348 6347
f 6320 6321 6349
f 6320 6349 6348
f 6321 6322 6350
f 6321 6350 6349
f 6322 6323 6351
f 6322 6351 6350
f 6323 6324 6352
f 6323 6352 6351
f 6325 6326 6354
f 6325 6354 6353
f 6326 6327 6355
f 6326 6355 6354
f 6327 6328 6356
f 6327 6356 6355
f 6328 6329 6357
f 6328 6357 6356
f 6329 6330 6358
f 6329 6358 6357
f 6330 6331 6359
f 6330 6359 6358
f 6331 6332 6360
f 6331 6360 6359
f 6332 6333 6361
f 6332 6361 6360
f 6333 6334 6362
f 6333 6362 6361
f 6334 6335 6363
f 6334 6363 6362
f 6335 6336 6364
f 6335 6364 6363
f 6336 6337 6365
f 6336 6365 6364
f 6337 6338 6366
f 6337 6366 6365
f 6338 6339 6367
f 6338 6367 6366
f 6339 6340 6368
f 6339 6368 6367
f 6340 6341 6369
f 6340 6369 6368
f 6341 6342 6370
f 6341 6370 6369
f 6342 6343 6371
f 6342 6371 6370
f 6343 6344 6372
f 6343 6372 6371
f 6344 6345 6373
f 6344 6373 6372
f 6345 6346 6374
f 6345 6374 6373
f 6346 6347 6375
f 6346 6375 6374
f 6347 6348 6376
f 6347 6376 6375
f 6348 6349 6377
f 6348 6377 6376
f 6349 6350 6378
f 6349 6378 6377
f 6350 6351 6379
f 6350 6379 6378
f 6351 6352 6380
f 6351 6380 6379
f 6353 6354 6382
f 6353 6382 6381
f 6354 6355 6383
f 6354 6383 6382
f 6355 6356 6384
f 6355 6384 6383
f 6356 6357 6385
f 6356 6385 6384
f 6357 6358 6386
f 6357 6386 6385
f 6358 6359 6387
f 6358 6387 6386
f 6359 6360 6388
f 6359 6388 6387
f 6360 6361 6389
f 6360 6389 6388
f 6361 6362 6390
f 6361 6390 6389
f 6362 6363 6391
f 6362 6391 6390
f 6363 6364 6392
f 6363 6392 6391
f 6364 6365 6393
f 6364 6393 6392
f 6365 6366 6394
f 6365 6394 6393
f 6366 6367 6395
f 6366 6395 6394
f 6367 6368 6396
f 6367 6396 6395
f 6368 6369 6397
f 6368 6397 6396
f 6369 6370 6398
f 6369 6398 6397
f 6370 6371 6399
f 6370 6399 6398
f 6371 6372 6400
f 6371 6400 6399
f 6372 6373 6401
f 6372 6401 6400
f 6373 6374 6402
f 6373 6402 6401
f 6374 6375 6403
f 6374 6403 6402
f 6375 6376 6404
f 6375 6404 6403
f 6376 6377 6405
f 6376 6405 6404
f 6377 6378 6406
f 6377 6406 6405
f 6378 6379 6407
f 6378 6407 6406
f 6379 6380 6408
f 6379 6408 6407
f 6381 6382 6410
f 6381 6410 6409
f 6382 6383 6411
f 6382 6411 6410
f 6383 6384 6412
f 6383 6412 6411
f 6384 6385 6413
f 6384 6413 6412
f 6385 6386 6414
f 6385 6414 6413
f 6386 6387 6415
f 6386 6415 6414
f 6387 6388 6416
f 6387 6416 6415
f 6388 6389 6417
f 6388 6417 6416
f 6389 6390 6418
f 6389 6418 6417
f 6390 6391 6419
f 6390 6419 6418
f 6391 6392 6420
f 6391 6420 6419
f 6392 6393 6421
f 6392 6421 6420
f 6393 6394 6422
f 6393 6422 6421
f 6394 6395 6423
f 6394 6423 6422
f 6395 6396 6424
f 6395 6424 6423
f 6396 6397 6425
f 6396 6425 6424
f 6397 6398 6426
f 6397 6426 6425
f 6398 6399 6427
f 6398 6427 6426
f 6399 6400 6428
f 6399 6428 6427
f 6400 6401 6429
f 6400 6429 6428
f 6401 6402 6430
f 6401 6430 6429
f 6402 6403 6431
f 6402 6431 6430
f 6403 6404 6432
f 6403 6432 6431
f 6404 6405 6433
f 6404 6433 6432
f 6405 6406 6434
f 6405 6434 6433
f 6406 6407 6435
f 6406 6435 6434
f 6407 6408 6436
f 6407 6436 6435
f 6409 6410 6438
f 6409 6438 6437
f 6410 6411 6439
f 6410 6439 6438
f 6411 6412 6440
f 6411 6440 6439
f 6412 6413 6441
f 6412 6441 6440
f 6413 6414 6442
f 6413 6442 6441
f 6414 6415 6443
f 6414 6443 6442
f 6415 6416 6444
f 6415 6444 6443
f 6416 6417 6445
f 6416 6445 6444
f 6417 6418 6446
f 6417 6446 6445
f 6418 6419 6447
f 6418 6447 6446
f 6419 6420 6448
f 6419 6448 6447
f 6420 6421 6449
f 6420 6449 6448
f 6421 6422 6450
f 6421 6450 6449
f 6422 6423 6451
f 6422 6451 6450
f 6423 6424 6452
f 6423 6452 6451
f 6424 6425 6453
f 6424 6453 6452
f 6425 6426 6454
f 6425 6454 6453
f 6426 6427 6455
f 6426 6455 6454
f 6427 6428 6456
f 6427 6456 6455
f 6428 6429 6457
f 6428 6457 6456
f 6429 6430 6458
f 6429 6458 6457
f 6430 6431 6459
f 6430 6459 6458
f 6431 6432 6460
f 6431 6460 6459
f 6432 6433 6461
f 6432 6461 6460
f 6433 6434 6462
f 6433 6462 6461
f 6434 6435 6463
f 6434 6463 6462
f 6435 6436 6464
f 6435 6464 6463
f 6437 6438 6466
f 6437 6466 6465
f 6438 6439 6467
f 6438 6467 6466
f 6439 6440 6468
f 6439 6468 6467
f 6440 6441 6469
f 6440 6469 6468
f 6441 6442 6470
f 6441 6470 6469
f 6442 6443 6471
f 6442 6471 6470
f 6443 6444 6472
f 6443 6472 6471
f 6444 6445 6473
f 6444 6473 6472
f 6445 6446 6474
f 6445 6474 6473
f 6446 6447 6475
f 6446 6475 6474
f 6447 6448 6476
f 6447 6476 6475
f 6448 6449 6477
f 6448 6477 6476
f 6449 6450 6478
f 6449 6478 6477
f 6450 6451 6479
f 6450 6479 6478
f 6451 6452 6480
f 6451 6480 6479
f 6452 6453 6481
f 6452 6481 6480
f 6453 6454 6482
f 6453 6482 6481
f 6454 6455 6483
f 6454 6483 6482
f 6455 6456 6484
f 6455 6484 6483
f 6456 6457 6485
f 6456 6485 6484
f 6457 6458 6486
f 6457 6486 6485
f 6458 6459 6487
f 6458 6487 6486
f 6459 6460 6488
f 6459 6488 6487
f 6460 6461 6489
f 6460 6489 6488
f 6461 6462 6490
f 6461 6490 6489
f 6462 6463 6491
f 6462 6491 6490
f 6463 6464 6492
f 6463 6492 6491
f 6465 6466 6494
f 6465 6494 6493
f 6466 6467 6495
f 6466 6495 6494
f 6467 6468 6496
f 6467 6496 6495
f 6468 6469 6497
f 6468 6497 6496
f 6469 6470 6498
f 6469 6498 6497
f 6470 6471 6499
f 6470 6499 6498
f 6471 6472 6500
f 6471 6500 6499
f 6472 6473 6501
f 6472 6501 6500
f 6473 6474 6502
f 6473 6502 6501
f 6474 6475 6503
f 6474 6503 6502
f 6475 6476 6504
f 6475 6504 6503
f 6476 6477 6505
f 6476 6505 6504
f 6477 6478 6506
f 6477 6506 6505
f 6478 6479 6507
f 6478 6507 6506
f 6479 6480 6508
f 6479 6508 6507
f 6480 6481 6509
f 6480 6509 6508
f 6481 6482 6510
f 6481 6510 6509
f 6482 6483 6511
f 6482 6511 6510
f 6483 6484 6512
f 6483 6512 6511
f 6484 6485 6513
f 6484 6513 6512
f 6485 6486 6514
f 6485 6514 6513
f 6486 6487 6515
f 6486 6515 6514
f 6487 6488 6516
f 6487 6516 6515
f 6488 6489 6517
f 6488 6517 6516
f 6489 6490 6518
f 6489 6518 6517
f 6490 6491 6519
f 6490 6519 6518
f 6491 6492 6520
f 6491 6520 6519
f 6493 6494 6522
f 6493 6522 6521
f 6494 6495 6523
f 6494 6523 6522
f 6495 6496 6524
f 6495 6524 6523
f 6496 6497 6525
f 6496 6525 6524
f 6497 6498 6526
f 6497 6526 6525
f 6498 6499 6527
f 6498 6527 6526
f 6499 6500 6528
f 6499 6528 6527
f 6500 6501 6529
f 6500 6529 6528
f 6501 6502 6530
f 6501 6530 6529
f 6502 6503 6531
f 6502 6531 6530
f 6503 6504 6532
f 6503 6532 6531
f 6504 6505 6533
f 6504 6533 6532
f 6505 6506 6534
f 6505 6534 6533
f 6506 6507 6535
f 6506 6535 6534
f 6507 6508 6536
f 6507 6536 6535
f 6508 6509 6537
f 6508 6537 6536
f 6509 6510 6538
f 6509 6538 6537
f 6510 6511 6539
f 6510 6539 6538
f 6511 6512 6540
f 6511 6540 6539
f 6512 6513 6541
f 6512 6541 6540
f 6513 6514 6542
f 6513 6542 6541
f 6514 6515 6543
f 6514 6543 6542
f 6515 6516 6544
f 6515 6544 6543
f 6516 6517 6545
f 6516 6545 6544
f 6517 6518 6546
f 6517 6546 6545
f 6518 6519 6547
f 6518 6547 6546
f 6519 6520 6548
f 6519 6548 6547
f 6521 6522 6550
f 6521 6550 6549
f 6522 6523 6551
f 6522 6551 6550
f 6523 6524 6552
f 6523 6552 6551
f 6524 6525 6553
f 6524 6553 6552
f 6525 6526 6554
f 6525 6554 6553
f 6526 6527 6555
f 6526 6555 6554
f 6527 6528 6556
f 6527 6556 6555
f 6528 6529 6557
f 6528 6557 6556
f 6529 6530 6558
f 6529 6558 6557
f 6530 6531 6559
f 6530 6559 6558
f 6531 6532 6560
f 6531 6560 6559
f 6532 6533 6561
f 6532 6561 6560
f 6533 6534 6562
f 6533 6562 6561
f 6534 6535 6563
f 6534 6563 6562
f 6535 6536 6564
f 6535 6564 6563
f 6536 6537 6565
f 6536 6565 6564
f 6537 6538 6566
f 6537 6566 6565
f 6538 6539 6567
f 6538 6567 6566
f 6539 6540 6568
f 6539 6568 6567
f 6540 6541 6569
f 6540 6569 6568
f 6541 6542 6570
f 6541 6570 6569
f 6542 6543 6571
f 6542 6571 6570
f 6543 6544 6572
f 6543 6572 6571
f 6544 6545 6573
f 6544 6573 6572
f 6545 6546 6574
f 6545 6574 6573
f 6546 6547 6575
f 6546 6575 6574
f 6547 6548 6576
f 6547 6576 6575
f 6549 6550 6578
f 6549 6578 6577
f 6550 6551 6579
f 6550 6579 6578
f 6551 6552 6580
f 6551 6580 6579
f 6552 6553 6581
f 6552 6581 6580
f 6553 6554 6582
f 6553 6582 6581
f 6554 6555 6583
f 6554 6583 6582
f 6555 6556 6584
f 6555 6584 6583
f 6556 6557 6585
f 6556 6585 6584
f 6557 6558 6586
f 6557 6586 6585
f 6558 6559 6587
f 6558 6587 6586
f 6559 6560 6588
f 6559 6588 6587
f 6560 6561 6589
f 6560 6589 6588
f 6561 6562 6590
f 6561 6590 6589
f 6562 6563 6591
f 6562 6591 6590
f 6563 6564 6592
f 6563 6592 6591
f 6564 6565 6593
f 6564 6593 6592
f 6565 6566 6594
f 6565 6594 6593
f 6566 6567 6595
f 6566 6595 6594
f 6567 6568 6596
f 6567 6596 6595
f 6568 6569 6597
f 6568 6597 6596
f 6569 6570 6598
f 6569 6598 6597
f 6570 6571 6599
f 6570 6599 6598
f 6571 6572 6600
f 6571 6600 6599
f 6572 6573 6601
f 6572 6601 6600
f 6573 6574 6602
f 6573 6602 6601
f 6574 6575 6603
f 6574 6603 6602
f 6575 6576 6604
f 6575 6604 6603
f 6577 6578 6606
f 6577 6606 6605
f 6578 6579 6607
f 6578 6607 6606
f 6579 6580 6608
f 6579 6608 6607
f 6580 6581 6609
f 6580 6609 6608
f 6581 6582 6610
f 6581 6610 6609
f 6582 6583 6611
f 6582 6611 6610
f 6583 6584 6612
f 6583 6612 6611
f 6584 6585 6613
f 6584 6613 6612
f 6585 6586 6614
f 6585 6614 6613
f 6586 6587 6615
f 6586 6615 6614
f 6587 6588 6616
f 6587 6616 6615
f 6588 6589 6617
f 6588 6617 6616
f 6589 6590 6618
f 6589 6618 6617
f 6590 6591 6619
f 6590 6619 6618
f 6591 6592 6620
f 6591 6620 6619
f 6592 6593 6621
f 6592 6621 6620
f 6593 6594 6622
f 6593 6622 6621
f 6594 6595 6623
f 6594 6623 6622
f 6595 6596 6624
f 6595 6624 6623
f 6596 6597 6625
f 6596 6625 6624
f 6597 6598 6626
f 6597 6626 6625
f 6598 6599 6627
f 6598 6627 6626
f 6599 6600 6628
f 6599 6628 6627
f 6600 6601 6629
f 6600 6629 6628
f 6601 6602 6630
f 6601 6630 6629
f 6602 6603 6631
f 6602 6631 6630
f 6603 6604 6632
f 6603 6632 6631
f 6605 6606 6634
f 6605 6634 6633
f 6606 6607 6635
f 6606 6635 6634
f 6607 6608 6636
f 6607 6636 6635
f 6608 6609 6637
f 6608 6637 6636
f 6609 6610 6638
f 6609 6638 6637
f 6610 6611 6639
f 6610 6639 6638
f 6611 6612 6640
f 6611 6640 6639
f 6612 6613 6641
f 6612 6641 6640
f 6613 6614 6642
f 6613 6642 6641
f 6614 6615 6643
f 6614 6643 6642
f 6615 6616 6644
f 6615 6644 6643
f 6616 6617 6645
f 6616 6645 6644
f 6617 6618 6646
f 6617 6646 6645
f 6618 6619 6647
f 6618 6647 6646
f 6619 6620 6648
f 6619 6648 6647
f 6620 6621 6649
f 6620 6649 6648
f 6621 6622 6650
f 6621 6650 6649
f 6622 6623 6651
f 6622 6651 6650
f 6623 6624 6652
f 6623 6652 6651
f 6624 6625 6653
f 6624 6653 6652
f 6625 6626 6654
f 6625 6654 6653
f 6626 6627 6655
f 6626 6655 6654
f 6627 6628 6656
f 6627 6656 6655
f 6628 6629 6657
f 6628 6657 6656
f 6629 6630 6658
f 6629 6658 6657
f 6630 6631 6659
f 6630 6659 6658
f 6631 6632 6660
f 6631 6660 6659
f 6633 6634 6662
f 6633 6662 6661
f 6634 6635 6663
f 6634 6663 6662
f 6635 6636 6664
f 6635 6664 6663
f 6636 6637 6665
f 6636 6665 6664
f 6637 6638 6666
f 6637 6666 6665
f 6638 6639 6667
f 6638 6667 6666
f 6639 6640 6668
f 6639 6668 6667
f 6640 6641 6669
f 6640 6669 6668
f 6641 6642 6670
f 6641 6670 6669
f 6642 6643 6671
f 6642 6671 6670
f 6643 6644 6672
f 6643 6672 6671
f 6644 6645 6673
f 6644 6673 6672
f 6645 6646 6674
f 6645 6674 6673
f 6646 6647 6675
f 6646 6675 6674
f 6647 6648 6676
f 6647 6676 6675
f 6648 6649 6677
f 6648 6677 6676
f 6649 6650 6678
f 6649 6678 6677
f 6650 6651 6679
f 6650 6679 6678
f 6651 6652 6680
f 6651 6680 6679
f 6652 6653 6681
f 6652 6681 6680
f 6653 6654 6682
f 6653 6682 6681
f 6654 6655 6683
f 6654 6683 6682
f 6655 6656 6684
f 6655 6684 6683
f 6656 6657 6685
f 6656 6685 6684
f 6657 6658 6686
f 6657 6686 6685
f 6658 6659 6687
f 6658 6687 6686
f 6659 6660 6688
f 6659 6688 6687
f 6661 6662 6690
f 6661 6690 6689
f 6662 6663 6691
f 6662 6691 6690
f 6663 6664 6692
f 6663 6692 6691
f 6664 6665 6693
f 6664 6693 6692
f 6665 6666 6694
f 6665 6694 6693
f 6666 6667 6695
f 6666 6695 6694
f 6667 6668 6696
f 6667 6696 6695
f 6668 6669 6697
f 6668 6697 6696
f 6669 6670 6698
f 6669 6698 6697
f 6670 6671 6699
f 6670 6699 6698
f 6671 6672 6700
f 6671 6700 6699
f 6672 6673 6701
f 6672 6701 6700
f 6673 6674 6702
f 6673 6702 6701
f 6674 6675 6703
f 6674 6703 6702
f 6675 6676 6704
f 6675 6704 6703
f 6676 6677 6705
f 6676 6705 6704
f 6677 6678 6706
f 6677 6706 6705
f 6678 6679 6707
f 6678 6707 6706
f 6679 6680 6708
f 6679 6708 6707
f 6680 6681 6709
f 6680 6709 6708
f 6681 6682 6710
f 6681 6710 6709
f 6682 6683 6711
f 6682 6711 6710
f 6683 6684 6712
f 6683 6712 6711
f 6684 6685 6713
f 6684 6713 6712
f 6685 6686 6714
f 6685 6714 6713
f 6686 6687 6715
f 6686 6715 6714
f 6687 6688 6716
f 6687 6716 6715
f 6689 6690 6718
f 6689 6718 6717
f 6690 6691 6719
f 6690 6719 6718
f 6691 6692 6720
f 6691 6720 6719
f 6692 6693 6721
f 6692 6721 6720
f 6693 6694 6722
f 6693 6722 6721
f 6694 6695 6723
f 6694 6723 6722
f 6695 6696 6724
f 6695 6724 6723
f 6696 6697 6725
f 6696 6725 6724
f 6697 6698 6726
f 6697 6726 6725
f 6698 6699 6727
f 6698 6727 6726
f 6699 6700 6728
f 6699 6728 6727
f 6700 6701 6729
f 6700 6729 6728
f 6701 6702 6730
f 6701 6730 6729
f 6702 6703 6731
f 6702 6731 6730
f 6703 6704 6732
f 6703 6732 6731
f 6704 6705 6733
f 6704 6733 6732
f 6705 6706 6734
f 6705 6734 6733
f 6706 6707 6735
f 6706 6735 6734
f 6707 6708 6736
f 6707 6736 6735
f 6708 6709 6737
f 6708 6737 6736
f 6709 6710 6738
f 6709 6738 6737
f 6710 6711 6739
f 6710 6739 6738
f 6711 6712 6740
f 6711 6740 6739
f 6712 6713 6741
f 6712 6741 6740
f 6713 6714 6742
f 6713 6742 6741
f 6714 6715 6743
f 6714 6743 6742
f 6715 6716 6744
f 6715 6744 6743
f 6717 6718 6746
f 6717 6746 6745
f 6718 6719 6747
f 6718 6747 6746
f 6719 6720 6748
f 6719 6748 6747
f 6720 6721 6749
f 6720 6749 6748
f 6721 6722 6750
f 6721 6750 6749
f 6722 6723 6751
f 6722 6751 6750
f 6723 6724 6752
f 6723 6752 6751
f 6724 6725 6753
f 6724 6753 6752
f 6725 6726 6754
f 6725 6754 6753
f 6726 6727 6755
f 6726 6755 6754
f 6727 6728 6756
f 6727 6756 6755
f 6728 6729 6757
f 6728 6757 6756
f 6729 6730 6758
f 6729 6758 6757
f 6730 6731 6759
f 6730 6759 6758
f 6731 6732 6760
f 6731 6760 6759
f 6732 6733 6761
f 6732 6761 6760
f 6733 6734 6762
f 6733 6762 6761
f 6734 6735 6763
f 6734 6763 6762
f 6735 6736 6764
f 6735 6764 6763
f 6736 6737 6765
f 6736 6765 6764
f 6737 6738 6766
f 6737 6766 6765
f 6738 6739 6767
f 6738 6767 6766
f 6739 6740 6768
f 6739 6768 6767
f 6740 6741 6769
f 6740 6769 6768
f 6741 6742 6770
f 6741 6770 6769
f 6742 6743 6771
f 6742 6771 6770
f 6743 6744 6772
f 6743 6772 6771
f 6745 6746 6774
f 6745 6774 6773
f 6746 6747 6775
f 6746 6775 6774
f 6747 6748 6776
f 6747 6776 6775
f 6748 6749 6777
f 6748 6777 6776
f 6749 6750 6778
f 6749 6778 6777
f 6750 6751 6779
f 6750 6779 6778
f 6751 6752 6780
f 6751 6780 6779
f 6752 6753 6781
f 6752 6781 6780
f 6753 6754 6782
f 6753 6782 6781
f 6754 6755 6783
f 6754 6783 6782
f 6755 6756 6784
f 6755 6784 6783
f 6756 6757 6785
f 6756 6785 6784
f 6757 6758 6786
f 6757 6786 6785
f 6758 6759 6787
f 6758 6787 6786
f 6759 6760 6788
f 6759 6788 6787
f 6760 6761 6789
f 6760 6789 6788
f 6761 6762 6790
f 6761 6790 6789
f 6762 6763 6791
f 6762 6791 6790
f 6763 6764 6792
f 6763 6792 6791
f 6764 6765 6793
f 6764 6793 6792
f 6765 6766 6794
f 6765 6794 6793
f 6766 6767 6795
f 6766 6795 6794
f 6767 6768 6796
f 6767 6796 6795
f 6768 6769 6797
f 6768 6797 6796
f 6769 6770 6798
f 6769 6798 6797
f 6770 6771 6799
f 6770 6799 6798
f 6771 6772 6800
f 6771 6800 6799
f 6773 6774 5962
f 6773 5962 5961
f 6774 6775 5963
f 6774 5963 5962
f 6775 6776 5964
f 6775 5964 5963
f 6776 6777 5965
f 6776 5965 5964
f 6777 6778 5966
f 6777 5966 5965
f 6778 6779 5967
f 6778 5967 5966
f 6779 6780 5968
f 6779 5968 5967
f 6780 6781 5969
f 6780 5969 5968
f 6781 6782 5970
f 6781 5970 5969
f 6782 6783 5971
f 6782 5971 5970
f 6783 6784 5972
f 6783 5972 5971
f 6784 6785 5973
f 6784 5973 5972
f 6785 6786 5974
f 6785 5974 5973
f 6786 6787 5975
f 6786 5975 5974
f 6787 6788 5976
f 6787 5976 5975
f 6788 6789 5977
f 6788 5977 5976
f 6789 6790 5978
f 6789 5978 5977
f 6790 6791 5979
f 6790 5979 5978
f 6791 6792 5980
f 6791 5980 5979
f 6792 6793 5981
f 6792 5981 5980
f 6793 6794 5982
f 6793 5982 5981
f 6794 6795 5983
f 6794 5983 5982
f 6795 6796 5984
f 6795 5984 5983
f 6796 6797 5985
f 6796 5985 5984
f 6797 6798 5986
f 6797 5986 5985
f 6798 6799 5987
f 6798 5987 5986
f 6799 6800 5988
f 6799 5988 5987
